Date,Date,ShipmentId,Hub Name,Seller name,seller id,Status,Zone,LIB,Casper id,Partner Name,WM name,MH,RCA,PH Name,BagId,Shipment Status,Bag status,Bag Receive time,GM
26-09-2026,26-09-2026,FMPC6524942342,SahibabadHub_DEL_PL,GALAXY ENTERPRISES +919810994502,011710fa76f54dda,received_at_mh,North,LMA,1.00E+11,Greenteck Logistics and Mobility Pvt Ltd,SawanKumar,Motherhub_DIC,Missort,SahibabadHub_DEL_PL,PH-B4-DELDIC-42002396,expected,OPENED,26-09-2026 03:24,Arvind Bansal (DNCR)
26-09-2026,26-09-2026,FMPP4294748562,SahibabadHub_DEL_PL,TRIMBAKESHWAR INTERNATIONAL +918115449539,e343b40205764d98,received_at_mh,North,LMA,1.00E+11,Greenteck Logistics and Mobility Pvt Ltd,SawanKumar,Motherhub_DIC,Missort,SahibabadHub_DEL_PL,PH-B4-DELDIC-42002396,expected,OPENED,26-09-2026 03:24,Arvind Bansal (DNCR)
26-09-2026,26-09-2026,FMPP4296040451,SahibabadHub_DEL_PL,MARK E-COMM +919599882734,8e53515ccd264653,received_at_mh,North,LMA,1.00E+11,Greenteck Logistics and Mobility Pvt Ltd,SawanKumar,Motherhub_DIC,Missort,SahibabadHub_DEL_PL,PH-B4-DELDIC-42002396,expected,OPENED,26-09-2026 03:24,Arvind Bansal (DNCR)
26-09-2026,26-09-2026,FMPC6525887227,SahibabadHub_DEL_PL,Biva International +918882514292,1161636356e747f9,received_at_mh,North,LMA,1.00E+11,Greenteck Logistics and Mobility Pvt Ltd,SawanKumar,Motherhub_DIC,Missort,SahibabadHub_DEL_PL,PH-B4-DELDIC-42002396,expected,OPENED,26-09-2026 03:24,Arvind Bansal (DNCR)
26-09-2026,26-09-2026,FMPC6524818573,SahibabadHub_DEL_PL,MARK E-COMM +919599882734,8e53515ccd264653,received_at_mh,North,LMA,1.00E+11,Greenteck Logistics and Mobility Pvt Ltd,SawanKumar,Motherhub_DIC,Missort,SahibabadHub_DEL_PL,PH-B4-DELDIC-42002396,expected,OPENED,26-09-2026 03:24,Arvind Bansal (DNCR)
26-09-2026,26-09-2026,FMPC6524872654,SahibabadHub_DEL_PL,MARK E-COMM +919599882734,8e53515ccd264653,received_at_mh,North,LMA,1.00E+11,Greenteck Logistics and Mobility Pvt Ltd,SawanKumar,Motherhub_DIC,Missort,SahibabadHub_DEL_PL,PH-B4-DELDIC-42002396,expected,OPENED,26-09-2026 03:24,Arvind Bansal (DNCR)
26-09-2026,26-09-2026,FMPC6525701026,SahibabadHub_DEL_PL,GALAXY ENTERPRISES +919810994502,011710fa76f54dda,received_at_mh,North,LMA,1.00E+11,Greenteck Logistics and Mobility Pvt Ltd,SawanKumar,Motherhub_DIC,Missort,SahibabadHub_DEL_PL,PH-B4-DELDIC-42002396,expected,OPENED,26-09-2026 03:24,Arvind Bansal (DNCR)
26-09-2026,26-09-2026,FMPC6528936969,VKIAHub_JAI_PL,RCR FOODS +917014121125,8bef3489ba63408c,received_at_mh,North,LMA,1.00E+11,#N/A,#N/A,Motherhub_JAI_BTS,BRSNR,VKIAHub_JAI_PL,PH-B3-JAIBTS-23995598,expected,OPENED,25-09-2026 23:02,Akash Sharma
26-09-2026,26-09-2026,FMPC6529693474,Motibaghhub_DEL_PL,Realtime Logistics +919818446816,6c6b9d2cb2e14ca9,dispatched_to_mh,North,TRUEFLEX,981845,TRUEFLEX,#N/A,Motherhub_DIC,BRSNR,Motibaghhub_DEL_PL,PH-B1-DELDIC-42129372,expected,OPENED,25-09-2026 22:35,Arvind Bansal (DNCR)
26-09-2026,26-09-2026,FMPP4294459921,VastralHub_ADI_PL,CURVE ENTERPRISE +919586686691,9c5c39fe45da43f2,received_at_mh,West,LMA,1.00E+11,Princy Enterprise,ValmikiBhaveshkumar,Motherhub_ABD,BRSNR,VastralHub_ADI_PL,PH-ZO-AHDABD-16799066,expected,OPENED,26-09-2026 09:39,Ankur Sinha
26-09-2026,26-09-2026,FMPC6528404653,ChandigarhRoadSplitHub_LUH_PL,SKYBRIGHT +917784855000,84695f6f152f4b58,received_at_mh,North,TRUEFLEX,730536,TRUEFLEX,DamanpreetSingh,Motherhub_LUH,Mixbagging,ChandigarhRoadSplitHub_LUH_PL,PH-B5-LUHLUH-4962906,expected,OPENED,25-09-2026 23:09,Loveleen Singh
26-09-2026,26-09-2026,FMPP4296561356,ChandigarhRoadSplitHub_LUH_PL,KARVI FASHIONS +918826600140,26424472c6c04fe7,received_at_mh,North,LMA,1.00E+11,Vxpress,Manoj,Motherhub_LUH,BRSNR,ChandigarhRoadSplitHub_LUH_PL,PH-B5-LUHLUH-4955338,expected,OPENED,25-09-2026 23:08,Loveleen Singh
26-09-2026,26-09-2026,FMPC6527486944,BurariHub_DEL_PL,Radharajeshwari Store +919266109391,61fd6b8b3c424c2f,received_at_mh,North,TRUEFLEX,592378,TRUEFLEX,Abhishek,Motherhub_DIC,BRSNR,BurariHub_DEL_PL,PH-B1-DELDIC-42129988,expected,OPENED,26-09-2026 00:13,Arvind Bansal (DNCR)
26-09-2026,26-09-2026,FMPC6528680263,ChandigarhRoadSplitHub_LUH_PL,Men Rocks Private Limited +918894384745,6abec88ddaf64be8,dispatched_to_mh,North,LMA,1.00E+11,#N/A,#N/A,Motherhub_LUH,BRSNR,ChandigarhRoadSplitHub_LUH_PL,PH-B5-LUHLUH-4964990,expected,OPENED,26-09-2026 00:12,Loveleen Singh
26-09-2026,26-09-2026,FMPP4297715826,ChandigarhRoadSplitHub_LUH_PL,SUKHPAL TRADERS +917710358591,5cda2ce1506b4180,dispatched_to_mh,North,LMA,1.00E+11,AADIYOGI LOGISTIC PRIVATE LIMITED,Mani,Motherhub_LUH,BRSNR,ChandigarhRoadSplitHub_LUH_PL,PH-B5-LUHLUH-4964867,expected,OPENED,25-09-2026 23:07,Loveleen Singh
26-09-2026,26-09-2026,FMPP4297897105,ChandigarhRoadSplitHub_LUH_PL,TRIWORLD FASHIONS LIMITED +918146681100,58afbc17cb84436d,dispatched_to_mh,North,LMA,1.00E+11,#N/A,#N/A,Motherhub_LUH,BRSNR,ChandigarhRoadSplitHub_LUH_PL,PH-B5-LUHLUH-4951928,expected,OPENED,25-09-2026 22:43,Loveleen Singh
26-09-2026,26-09-2026,FMPP4297867387,ChandigarhRoadSplitHub_LUH_PL,Trendmovers International +918283909958,79f7ad561377401d,dispatched_to_mh,North,LMA,1.00E+11,Vxpress,Anshul,Motherhub_LUH,BRSNR,ChandigarhRoadSplitHub_LUH_PL,PH-B5-LUHLUH-4964927,expected,OPENED,25-09-2026 22:57,Loveleen Singh
26-09-2026,26-09-2026,FMPC6526947863,ChandigarhRoadSplitHub_LUH_PL,TRISHA ENTERPRISES +917888689381,9b20e3aa48c24844,dispatched_to_mh,North,LMA,1.00E+11,SUSAH SUPPLY CHAIN AND NETWORK PRIVATE LIMITED,HarinderpreetSingh,Motherhub_LUH,BRSNR,ChandigarhRoadSplitHub_LUH_PL,PH-B5-LUHLUH-4962871,expected,OPENED,25-09-2026 22:58,Loveleen Singh
26-09-2026,26-09-2026,MYEC1120440880,ChandigarhRoadSplitHub_LUH_PL,MYE : K.K.CLOTHING_PPMP_PICC 8360335734,MYE_1dd21c1d083390fa5818d9aa59910799,dispatched_to_mh,North,LMA,1.00E+11,IPC MANPOWER PVT LTD,AmanYadav,Motherhub_LUH,BRSNR,ChandigarhRoadSplitHub_LUH_PL,PH-B5-LUHLUH-4951718,expected,OPENED,25-09-2026 22:50,Loveleen Singh
26-09-2026,26-09-2026,FMPP4297910435,ChandigarhRoadSplitHub_LUH_PL,KARVI FASHIONS +918826600140,26424472c6c04fe7,received_at_mh,North,LMA,1.00E+11,Vxpress,Manoj,Motherhub_LUH,BRSNR,ChandigarhRoadSplitHub_LUH_PL,PH-B5-LUHLUH-4955338,expected,OPENED,25-09-2026 23:08,Loveleen Singh
26-09-2026,26-09-2026,FMPP4297655034,ChandigarhRoadSplitHub_LUH_PL,ARYAN INTERNATIONAL +918847551194,3bc0e63343204fd6,dispatched_to_mh,North,LMA,1.00E+11,IPC MANPOWER PVT LTD,AmanYadav,Motherhub_LUH,BRSNR,ChandigarhRoadSplitHub_LUH_PL,PH-B5-LUHLUH-4951718,expected,OPENED,25-09-2026 22:50,Loveleen Singh
26-09-2026,26-09-2026,FMPP4297701730,ChandigarhRoadSplitHub_LUH_PL,RR fashion +919646041131,f201f3e554534982,dispatched_to_mh,North,LMA,1.00E+11,#N/A,#N/A,Motherhub_LUH,BRSNR,ChandigarhRoadSplitHub_LUH_PL,PH-B5-LUHLUH-4962701,expected,OPENED,25-09-2026 23:08,Loveleen Singh
26-09-2026,26-09-2026,FMPP4297970231,ChandigarhRoadSplitHub_LUH_PL,KARVI FASHIONS +918826600140,26424472c6c04fe7,received_at_mh,North,LMA,1.00E+11,Vxpress,Manoj,Motherhub_LUH,BRSNR,ChandigarhRoadSplitHub_LUH_PL,PH-B5-LUHLUH-4955338,expected,OPENED,25-09-2026 23:08,Loveleen Singh
26-09-2026,26-09-2026,FMPP4297871450,ChandigarhRoadSplitHub_LUH_PL,PALKIN KNITWEAR +917889229361,b9543a9225e34079,dispatched_to_mh,North,EKART,4304655,EKART,,Motherhub_LUH,BRSNR,ChandigarhRoadSplitHub_LUH_PL,PH-B5-LUHLUH-4965080,expected,OPENED,25-09-2026 23:20,Loveleen Singh
26-09-2026,26-09-2026,MYEP1137534079,ChandigarhRoadSplitHub_LUH_PL,MYE : K.K.CLOTHING_PPMP_PICC 8360335734,MYE_1dd21c1d083390fa5818d9aa59910799,dispatched_to_mh,North,LMA,1.00E+11,IPC MANPOWER PVT LTD,AmanYadav,Motherhub_LUH,BRSNR,ChandigarhRoadSplitHub_LUH_PL,PH-B5-LUHLUH-4951718,expected,OPENED,25-09-2026 22:50,Loveleen Singh
26-09-2026,26-09-2026,FMPC6529033633,ChandigarhRoadSplitHub_LUH_PL,Duke fashions India Limited +919888558700,017e730d84bc4526,received_at_mh,North,LMA,1.00E+11,Vxpress,Manoj,Motherhub_LUH,BRSNR,ChandigarhRoadSplitHub_LUH_PL,PH-B5-LUHLUH-4966395,expected,OPENED,25-09-2026 23:28,Loveleen Singh
26-09-2026,26-09-2026,FMPC6528223709,ChandigarhRoadSplitHub_LUH_PL,ARYAN INTERNATIONAL +918847551194,3bc0e63343204fd6,dispatched_to_mh,North,LMA,1.00E+11,IPC MANPOWER PVT LTD,AmanYadav,Motherhub_LUH,BRSNR,ChandigarhRoadSplitHub_LUH_PL,PH-B5-LUHLUH-4951718,expected,OPENED,25-09-2026 22:50,Loveleen Singh
26-09-2026,26-09-2026,FMPC6526848753,ChandigarhRoadSplitHub_LUH_PL,SOMA TRADING COMPANY +919814773255,57cb118746dc420d,received_at_mh,North,LMA,1.00E+11,WHEELEY,KulwinderSingh,Motherhub_LUH,BRSNR,ChandigarhRoadSplitHub_LUH_PL,PH-B5-LUHLUH-4964391,expected,OPENED,25-09-2026 22:57,Loveleen Singh
26-09-2026,26-09-2026,CMDP0005625156,ChandigarhRoadSplitHub_LUH_PL,CMD : Ayaan Enterprises 9417647600,CMD_ced18d7db6bc9d76223515cba0645325,received_at_mh,North,LMA,1.00E+11,AADIYOGI LOGISTIC PRIVATE LIMITED,Mani,Motherhub_LUH,BRSNR,ChandigarhRoadSplitHub_LUH_PL,PH-B5-LUHLUH-4959371,expected,OPENED,25-09-2026 23:13,Loveleen Singh
26-09-2026,26-09-2026,FMPP4296661250,ChandigarhRoadSplitHub_LUH_PL,TRU E BIKES PRIVATE LIMITED +917087084646,d39cffdeca3940e6,received_at_mh,North,LMA,1.00E+11,#N/A,#N/A,Motherhub_LUH,Mixbagging,ChandigarhRoadSplitHub_LUH_PL,PH-B5-LUHLUH-4951916,expected,OPENED,25-09-2026 23:09,Loveleen Singh
26-09-2026,26-09-2026,FMPC6528738470,ChandigarhRoadSplitHub_LUH_PL,SHIV PRINTING +917986001631,eec59a46302e4656,dispatched_to_mh,North,LMA,1.00E+11,SUSAH SUPPLY CHAIN AND NETWORK PRIVATE LIMITED,HarinderpreetSingh,Motherhub_LUH,BRSNR,ChandigarhRoadSplitHub_LUH_PL,PH-B5-LUHLUH-4962870,expected,OPENED,25-09-2026 23:00,Loveleen Singh
26-09-2026,26-09-2026,SRSP6591751281,ChandigarhRoadHub_LUH_PL,SRS : Karandeep Singh 8727036667,SRS_c34e4317daa426e3c410b616adb82794,received_at_mh,North,LMA,1.00E+11,WHEELEY,Rohan K,Motherhub_LUH,BRSNR,ChandigarhRoadHub_LUH_PL,PH-B5-LUHLUH-4949441,expected,OPENED,25-09-2026 21:20,Loveleen Singh
26-09-2026,26-09-2026,FMPC6528664840,ChandigarhRoadHub_LUH_PL,JINDAL ENTERPRISES +919878127771,94f8d298735a4087,received_at_mh,North,LMA,1.00E+11,WHEELEY,Ravi,Motherhub_LUH,BRSNR,ChandigarhRoadHub_LUH_PL,PH-B5-LUHLUH-4963997,expected,OPENED,25-09-2026 21:42,Loveleen Singh
26-09-2026,26-09-2026,FMPC6528449910,ChandigarhRoadHub_LUH_PL,BIKES WORLD +919878588350,23fa9a96c5b24bbf,received_at_mh,North,LMA,1.00E+11,WHEELEY,Ravi,Motherhub_LUH,BRSNR,ChandigarhRoadHub_LUH_PL,PH-B5-LUHLUH-4963997,expected,OPENED,25-09-2026 21:42,Loveleen Singh
26-09-2026,26-09-2026,FMPC6527464408,ChandigarhRoadHub_LUH_PL,M. S. HOSIERY +919216601900,1244096514c84178,received_at_mh,North,LMA,1.00E+11,WHEELEY,Ravi,Motherhub_LUH,BRSNR,ChandigarhRoadHub_LUH_PL,PH-B5-LUHLUH-4963997,expected,OPENED,25-09-2026 21:42,Loveleen Singh
26-09-2026,26-09-2026,FMPC6528571329,ChandigarhRoadHub_LUH_PL,SAS Collections +919888369368,65b615f3c718405b,received_at_mh,North,LMA,1.00E+11,WHEELEY,Rohan K,Motherhub_LUH,BRSNR,ChandigarhRoadHub_LUH_PL,PH-B5-LUHLUH-4963005,expected,OPENED,25-09-2026 21:22,Loveleen Singh
26-09-2026,26-09-2026,FMPP4297844227,ChandigarhRoadHub_LUH_PL,SAS Collections +919888369368,65b615f3c718405b,received_at_mh,North,LMA,1.00E+11,WHEELEY,Rohan K,Motherhub_LUH,BRSNR,ChandigarhRoadHub_LUH_PL,PH-B5-LUHLUH-4963005,expected,OPENED,25-09-2026 21:22,Loveleen Singh
26-09-2026,26-09-2026,FMPC6527447368,ChandigarhRoadHub_LUH_PL,AMAIRA FASHION +919780956111,3e694bae395d4d32,dispatched_to_mh,North,LMA,1.00E+11,WHEELEY,DharmpreetSingh,Motherhub_LUH,BRSNR,ChandigarhRoadHub_LUH_PL,PH-B5-LUHLUH-4965356,expected,OPENED,25-09-2026 21:41,Loveleen Singh
26-09-2026,26-09-2026,FMPC6529260668,ChandigarhRoadHub_LUH_PL,RANG MANCH FASHION PRIVATE LIMITED +916239741214,b05ec1f1a8ab42a6,dispatched_to_mh,North,LMA,1.00E+11,WHEELEY,RahulKumar,Motherhub_LUH,BRSNR,ChandigarhRoadHub_LUH_PL,PH-B5-LUHLUH-4963129,expected,OPENED,25-09-2026 22:52,Loveleen Singh
26-09-2026,26-09-2026,FHHP4002250116,ChandigarhRoadHub_LUH_PL,FHH : SHIP JS ABHI 9623385976,FHH_8d2f18029afb1369df0b0b7b1cd54478,received_at_mh,North,LMA,1.00E+11,WHEELEY,GurpreetSingh,Motherhub_LUH,BRSNR,ChandigarhRoadHub_LUH_PL,PH-B5-LUHLUH-4959542,expected,OPENED,25-09-2026 21:37,Loveleen Singh
26-09-2026,26-09-2026,MYEC1119791718,ChandigarhRoadHub_LUH_PL,MYE : STYLESOURCE PRIVATE LIMITED PPMP 6284544723,MYE_b773e15f1f77226fb094820c5dda1b2c,dispatched_to_mh,North,LMA,1.00E+11,Loadshare,Vijay,Motherhub_LUH,BRSNR,ChandigarhRoadHub_LUH_PL,PH-B5-LUHLUH-4966400,expected,OPENED,25-09-2026 22:46,Loveleen Singh
26-09-2026,26-09-2026,FMPP4297737994,ChandigarhRoadHub_LUH_PL,Pinnacle Fashion And Retail +919915595737,5b3a4fcad8574be8,dispatched_to_mh,North,LMA,1.00E+11,WHEELEY,Ravi,Motherhub_LUH,BRSNR,ChandigarhRoadHub_LUH_PL,PH-B5-LUHLUH-4962948,expected,OPENED,25-09-2026 21:39,Loveleen Singh
26-09-2026,26-09-2026,FMPC6527704280,ChandigarhRoadHub_LUH_PL,SHARMA COLLECTION +919501213046,03be89c2cb414eaf,received_at_mh,North,LMA,1.00E+11,WHEELEY,Ravi,Motherhub_LUH,BRSNR,ChandigarhRoadHub_LUH_PL,PH-B5-LUHLUH-4963999,expected,OPENED,25-09-2026 21:42,Loveleen Singh
26-09-2026,26-09-2026,FMPC6528654602,ChandigarhRoadHub_LUH_PL,JINDAL ENTERPRISES +919878127771,94f8d298735a4087,received_at_mh,North,LMA,1.00E+11,WHEELEY,Ravi,Motherhub_LUH,BRSNR,ChandigarhRoadHub_LUH_PL,PH-B5-LUHLUH-4963997,expected,OPENED,25-09-2026 21:42,Loveleen Singh
26-09-2026,26-09-2026,FMPC6527532125,ChandigarhRoadHub_LUH_PL,K.K. ENTERPRISE +919877553279,2f2f1cefbad34639,received_at_mh,North,LMA,1.00E+11,WHEELEY,Abhay,Motherhub_LUH,BRSNR,ChandigarhRoadHub_LUH_PL,PH-B5-LUHLUH-4965369,expected,OPENED,25-09-2026 22:43,Loveleen Singh
26-09-2026,26-09-2026,FMPC6528401491,ChandigarhRoadHub_LUH_PL,BIKES WORLD +919878588350,23fa9a96c5b24bbf,received_at_mh,North,LMA,1.00E+11,WHEELEY,Ravi,Motherhub_LUH,BRSNR,ChandigarhRoadHub_LUH_PL,PH-B5-LUHLUH-4963997,expected,OPENED,25-09-2026 21:42,Loveleen Singh
26-09-2026,26-09-2026,FMPC6529053043,HoodiHub_BLR_PL,PROBEROS TRADING PRIVATE LIMITED 8884028325,c5d3c385a0ba4418,received_at_mh,South,LMA,3962137,#N/A,#N/A,Motherhub_ANJ,BRSNR,HoodiHub_BLR_PL,PH-B6-BLRANJ-1951481,expected,OPENED,26-09-2026 02:10,Anwar Babu Maldar
26-09-2026,26-09-2026,FMPC6529636597,HoodiHub_BLR_PL,INKOCEAN TECHNOLOGIES PRIVATE LIMITED +919044130526,0025c1c4fc44405f,dispatched_to_mh,South,LMA,1.00E+11,#N/A,#N/A,Motherhub_ANJ,BRSNR,HoodiHub_BLR_PL,PH-B6-BLRANJ-1938178,expected,OPENED,26-09-2026 02:08,Anwar Babu Maldar
26-09-2026,26-09-2026,LFSC0000131114,KalyanNagarHub_BLR_PL,LFS : 7057-LS-LANDMARK ONLINE INDIA 9676765116,LFS_19afb9494e1cd229738335699e8fceed,dispatched_to_mh,South,EKART,3596975,EKART,,Motherhub_ANJ,BRSNR,KalyanNagarHub_BLR_PL,PH-B6-BLRANJ-2074749,expected,OPENED,26-09-2026 01:28,Anwar Babu Maldar
26-09-2026,26-09-2026,MYEP1137469293,KalyanNagarHub_BLR_PL,MYE : Forever New Bangalore Forum Mall Omni 7892518875,MYE_1f97ec721520d01d3b45c3a8753f2884,dispatched_to_mh,South,EKART,4060499,EKART,,Motherhub_ANJ,BRSNR,KalyanNagarHub_BLR_PL,PH-B6-BLRANJ-2093274,expected,OPENED,26-09-2026 01:30,Anwar Babu Maldar
26-09-2026,26-09-2026,FMPC6528982366,KalyanNagarHub_BLR_PL,M/s Mintalkindia +917795396510,b5741bb322764041,dispatched_to_mh,South,EKART,4386733,EKART,,Motherhub_ANJ,BRSNR,KalyanNagarHub_BLR_PL,PH-B6-BLRANJ-2092949,expected,OPENED,26-09-2026 01:28,Anwar Babu Maldar
26-09-2026,26-09-2026,FMPC6528986718,KanakpuraRdHub_BLR_PL,The One Store +917204441444,5a6ba2b3d6ee40ee,dispatched_to_mh,South,LMA,1.00E+11,WERCATALYST VENTURES PVT LTD,Shivashankar,Motherhub_ANJ,BRSNR,KanakpuraRdHub_BLR_PL,PH-B6-BLRANJ-2035883,expected,OPENED,26-09-2026 02:59,Anwar Babu Maldar
26-09-2026,26-09-2026,FMPC6528280097,KengeriHub_BLR_PL,CHANDANA APPARELS +919740848281,c24fbf50d3c148bc,dispatched_to_mh,South,EKART,4234980,EKART,,Motherhub_ANJ,BRSNR,KengeriHub_BLR_PL,PH-B6-BLRANJ-2091948,expected,OPENED,26-09-2026 02:07,Anwar Babu Maldar
26-09-2026,26-09-2026,MSHC0000533131,NelamangalaHub_BLR_PL,MSH : Manash Bangalore Warehouse - FC 7022126514,MSH_00419a76cd6dfce0be0034cd41bf32ce,dispatched_to_mh,South,EKART,4286297,EKART,,Motherhub_ANJ,BRSNR,NelamangalaHub_BLR_PL,PH-B6-BLRANJ-2093707,expected,OPENED,26-09-2026 01:33,Anwar Babu Maldar
26-09-2026,26-09-2026,FMPC6527317886,YelahankaHub_BLR_PL,ArNature +919148593555,9175bfba22394e2c,dispatched_to_mh,South,EKART,3687479,EKART,,Motherhub_ANJ,BRSNR,YelahankaHub_BLR_PL,PH-B6-BLRANJ-2083613,expected,OPENED,26-09-2026 02:58,Anwar Babu Maldar
26-09-2026,26-09-2026,FMPC6527144402,Yashwantpurahub_BLR_PL,E-Mobi Accs +918277783616,a0e2c7d362f04bd3,dispatched_to_mh,South,EKART,4061014,EKART,,Motherhub_ANJ,BRSNR,Yashwantpurahub_BLR_PL,PH-B6-BLRANJ-2073560,expected,OPENED,26-09-2026 00:45,Anwar Babu Maldar
26-09-2026,26-09-2026,MYEP1137546386,Alipur_DEL_PL,MYE : MOD WAVES COSMETICS LLP-delhi_PPMP_PICP 9650064602,MYE_3facf75de751999dd4d5d2253b2f3b55,received_at_mh,North,TRUEFLEX,970686,TRUEFLEX,#N/A,Motherhub_DIC,BRSNR,Alipur_DEL_PL,PH-B1-DELDIC-41855873,expected,OPENED,25-09-2026 22:09,Arvind Bansal (DNCR)
26-09-2026,26-09-2026,MYEP1137496675,Alipur_DEL_PL,MYE : MARS COSMETICS PRIVATE LIMITED DELHI PPMP 9717571927,MYE_9b943364a5ca3c9c37100c4d0d2e51da,received_at_mh,North,LMA,1.00E+11,Loadshare,SachinKumar,Motherhub_DIC,BRSNR,Alipur_DEL_PL,PH-B4-DELDIC-41745855,expected,OPENED,25-09-2026 23:31,Arvind Bansal (DNCR)
26-09-2026,26-09-2026,FMPC6527411039,BawanaHub_DEL_PL,AFIFA GARMENTS +919650641799,03e831d7e8874efc,dispatched_to_mh,North,LMA,1.00E+11,WHEELEY,ANKUSH,Motherhub_DIC,BRSNR,BawanaHub_DEL_PL,PH-B6-DELDIC-42150249,expected,OPENED,25-09-2026 23:22,Arvind Bansal (DNCR)
26-09-2026,26-09-2026,MYEC1120316056,BawanaHub_DEL_PL,MYE : SHREE KRISHNA INDUSTRIES DELHI PPMP 8587873500,MYE_839897c1308d6673006c61a6fd4b9d20,dispatched_to_mh,North,LMA,1.00E+11,Loadshare,ABHISHEK,Motherhub_DIC,BRSNR,BawanaHub_DEL_PL,PH-B4-DELDIC-42148832,expected,OPENED,25-09-2026 23:18,Arvind Bansal (DNCR)
26-09-2026,26-09-2026,FMPP4298208654,BallabhgarhHub_Del_PL,The Blue Box +918384077001,6a08ee0a9ec34fce,dispatched_to_mh,North,EKART,2397920,EKART,,Motherhub_DIC,BRSNR,BallabhgarhHub_Del_PL,PH-B4-DELDIC-42031924,expected,OPENED,26-09-2026 01:53,Arvind Bansal (DNCR)
26-09-2026,26-09-2026,FMPP4296937943,BallabhgarhHub_Del_PL,GLOBALFLEX +919211262701,663fdc5500194096,received_at_mh,North,EKART,4250358,EKART,,Motherhub_DIC,BRSNR,BallabhgarhHub_Del_PL,PH-B4-DELDIC-42110550,expected,OPENED,26-09-2026 01:57,Arvind Bansal (DNCR)
26-09-2026,26-09-2026,FMPP4298224574,BawanaHub_DEL_PL,BIGTIME ENTERPRISES +919582490075,f5061327c0884998,received_at_mh,North,LMA,1.00E+11,Sitics,Ankit,Motherhub_DIC,BRSNR,BawanaHub_DEL_PL,PH-B6-DELDIC-42102195,expected,OPENED,25-09-2026 21:59,Arvind Bansal (DNCR)
26-09-2026,26-09-2026,FMPP4297735441,BawanaHub_DEL_PL,MAA SHARDA ENTERPRISES +918882225510,321bf60b458b4e21,received_at_mh,North,LMA,1.00E+11,SHIFTWAY LOGISTICS PVT LTD,Akhilesh,Motherhub_DIC,BRSNR,BawanaHub_DEL_PL,PH-B4-DELDIC-42080759,expected,OPENED,25-09-2026 23:52,Arvind Bansal (DNCR)
26-09-2026,26-09-2026,FMPC6528395402,BallabhgarhHub_Del_PL,PERFECT SALES INDIA +917838702014,74b2488c1c3a47ad,dispatched_to_mh,North,EKART,3698227,EKART,,Motherhub_DIC,BRSNR,BallabhgarhHub_Del_PL,PH-B4-DELDIC-42022880,expected,OPENED,26-09-2026 01:50,Arvind Bansal (DNCR)
26-09-2026,26-09-2026,FMPC6528670009,BawanaHub_DEL_PL,SHREYANK TRADERS +919990967002,9c4c72d9ac644df2,dispatched_to_mh,North,TRUEFLEX,1268066,TRUEFLEX,VikashKumar,Motherhub_DIC,BRSNR,BawanaHub_DEL_PL,PH-B4-DELDIC-42161541,expected,OPENED,25-09-2026 23:40,Arvind Bansal (DNCR)
26-09-2026,26-09-2026,FMPP4298722290,Alipur_DEL_PL,AARAV ENTERPRISES +919211110079,885cbea13da64e57,received_at_mh,North,LMA,1.00E+11,WHEELEY,AmarKumar,Motherhub_DIC,BRSNR,Alipur_DEL_PL,PH-B1-DELDIC-42123001,expected,OPENED,25-09-2026 23:37,Arvind Bansal (DNCR)
26-09-2026,26-09-2026,FMPC6528298017,Alipur_DEL_PL,SHRI JI +917982054922,6054f3be8b5f4611,received_at_mh,North,LMA,1.00E+11,WHEELEY,AmarKumar,Motherhub_DIC,BRSNR,Alipur_DEL_PL,PH-B1-DELDIC-42123001,expected,OPENED,25-09-2026 23:37,Arvind Bansal (DNCR)
26-09-2026,26-09-2026,FMPC6528948359,BawanaHub_DEL_PL,I CARE INC +919310572000,00da421de7cb4961,received_at_mh,North,LMA,1.00E+11,Sitics,Ankit,Motherhub_DIC,BRSNR,BawanaHub_DEL_PL,PH-B6-DELDIC-42102195,expected,OPENED,25-09-2026 21:59,Arvind Bansal (DNCR)
26-09-2026,26-09-2026,FMPP4298468563,BawanaHub_DEL_PL,KDS HOSIERY +918287771546,862293a49fa94e30,dispatched_to_mh,North,TRUEFLEX,1268066,TRUEFLEX,VikashKumar,Motherhub_DIC,BRSNR,BawanaHub_DEL_PL,PH-B4-DELDIC-42159748,expected,OPENED,25-09-2026 23:35,Arvind Bansal (DNCR)
26-09-2026,26-09-2026,FMPC6529708367,Alipur_DEL_PL,HAMILTON SCIENCES PRIVATE LIMITED +919205658383,dcb3b526e1d34a21,dispatched_to_mh,North,LMA,1.00E+11,Loadshare,SachinKumar,Motherhub_DIC,BRSNR,Alipur_DEL_PL,PH-B4-DELDIC-42078886,expected,OPENED,25-09-2026 23:31,Arvind Bansal (DNCR)
26-09-2026,26-09-2026,FMPC6529107714,Alipur_DEL_PL,RAJPUT ENTERPRISE +917678201261,c855b98ab75a45de,received_at_mh,North,LMA,1.00E+11,WHEELEY,AmarKumar,Motherhub_DIC,BRSNR,Alipur_DEL_PL,PH-B4-DELDIC-42143368,expected,OPENED,25-09-2026 23:34,Arvind Bansal (DNCR)
26-09-2026,26-09-2026,FMPP4297351205,BallabhgarhHub_Del_PL,J.S.S Traders +918882678405,d8eea5483699498a,received_at_mh,North,EKART,3940523,EKART,,Motherhub_DIC,BRSNR,BallabhgarhHub_Del_PL,PH-B1-DELDIC-42083477,expected,OPENED,26-09-2026 01:51,Arvind Bansal (DNCR)
26-09-2026,26-09-2026,MYEP1137532541,BawanaHub_DEL_PL,MYE : NASH & HAMES PRIVATE LIMITED_PPMP_HMHV 8287848221,MYE_1fc08390c2fb63fd22a9b6f93cc83b95,dispatched_to_mh,North,LMA,1.00E+11,AADIYOGI LOGISTIC PRIVATE LIMITED,Sovit,Motherhub_DIC,BRSNR,BawanaHub_DEL_PL,PH-B4-DELDIC-39899746,expected,OPENED,25-09-2026 23:44,Arvind Bansal (DNCR)
26-09-2026,26-09-2026,FMPC6525963378,BawanaHub_DEL_PL,SHREE KRISHNA INDUSTRIES +918587873500,f14407f67ac94589,dispatched_to_mh,North,LMA,1.00E+11,Loadshare,ABHISHEK,Motherhub_DIC,BRSNR,BawanaHub_DEL_PL,PH-B6-DELDIC-42149149,expected,OPENED,25-09-2026 23:36,Arvind Bansal (DNCR)
26-09-2026,26-09-2026,FMPP4296728703,Alipur_DEL_PL,RITIK SHARMA +918750334529,3e06236dfc8343e1,received_at_mh,North,LMA,1.00E+11,WHEELEY,Rajnit,Motherhub_DIC,BRSNR,Alipur_DEL_PL,PH-B1-DELDIC-42122972,expected,OPENED,25-09-2026 22:16,Arvind Bansal (DNCR)
26-09-2026,26-09-2026,FMPC6528591805,Alipur_DEL_PL,M.H Industries 9934099390,1d81ea9ae3714e11,dispatched_to_mh,North,LMA,1.00E+11,#N/A,#N/A,Motherhub_DIC,BRSNR,Alipur_DEL_PL,PH-B6-DELDIC-42119678,expected,OPENED,25-09-2026 23:35,Arvind Bansal (DNCR)
26-09-2026,26-09-2026,FMPC6527224971,BawanaHub_DEL_PL,Veertical +919911415588,7234c46f4db54b77,dispatched_to_mh,North,LMA,1.00E+11,SHIFTWAY LOGISTICS PVT LTD,Akhilesh,Motherhub_DIC,BRSNR,BawanaHub_DEL_PL,PH-B4-DELDIC-42136744,expected,OPENED,25-09-2026 22:15,Arvind Bansal (DNCR)
26-09-2026,26-09-2026,FMPC6529494288,BawanaHub_DEL_PL,KDS HOSIERY +918287771546,862293a49fa94e30,dispatched_to_mh,North,TRUEFLEX,1268066,TRUEFLEX,VikashKumar,Motherhub_DIC,BRSNR,BawanaHub_DEL_PL,PH-B6-DELDIC-41907852,expected,OPENED,26-09-2026 00:01,Arvind Bansal (DNCR)
26-09-2026,26-09-2026,FMPC6527431711,Alipur_DEL_PL,Shivam Enterprises 9953829373,85c78b545edb4265,dispatched_to_mh,North,LMA,1.00E+11,WHEELEY,AmarKumar,Motherhub_DIC,BRSNR,Alipur_DEL_PL,PH-B6-DELDIC-41744332,expected,OPENED,25-09-2026 23:35,Arvind Bansal (DNCR)
26-09-2026,26-09-2026,FMPC6528823963,BawanaHub_DEL_PL,III Industries +919319165522,3c64576bbe754ef4,dispatched_to_mh,North,LMA,1.00E+11,Sitics,Ankit,Motherhub_DIC,BRSNR,BawanaHub_DEL_PL,PH-B6-DELDIC-42102195,expected,OPENED,25-09-2026 21:59,Arvind Bansal (DNCR)
26-09-2026,26-09-2026,FMPC6527586715,BawanaHub_DEL_PL,SHREYANK TRADERS +919990967002,9c4c72d9ac644df2,dispatched_to_mh,North,TRUEFLEX,1268066,TRUEFLEX,VikashKumar,Motherhub_DIC,BRSNR,BawanaHub_DEL_PL,PH-B4-DELDIC-42161541,expected,OPENED,25-09-2026 23:40,Arvind Bansal (DNCR)
26-09-2026,26-09-2026,FMPC6528352124,Alipur_DEL_PL,VISHAL GARMENTS +919899513768,4943d547b97946c3,received_at_mh,North,LMA,1.00E+11,#N/A,#N/A,Motherhub_DIC,BRSNR,Alipur_DEL_PL,PH-B1-DELDIC-42122976,expected,OPENED,25-09-2026 23:32,Arvind Bansal (DNCR)
26-09-2026,26-09-2026,FMPC6527043410,Alipur_DEL_PL,VSAKSH +918470953706,0d5a52b4cd9d4836,received_at_mh,North,LMA,1.00E+11,#N/A,#N/A,Motherhub_DIC,BRSNR,Alipur_DEL_PL,PH-B6-DELDIC-42119678,expected,OPENED,25-09-2026 23:35,Arvind Bansal (DNCR)
26-09-2026,26-09-2026,FMPC6528703626,BawanaHub_DEL_PL,SHREYANK TRADERS +919990967002,9c4c72d9ac644df2,dispatched_to_mh,North,TRUEFLEX,1268066,TRUEFLEX,VikashKumar,Motherhub_DIC,BRSNR,BawanaHub_DEL_PL,PH-B4-DELDIC-42161541,expected,OPENED,25-09-2026 23:40,Arvind Bansal (DNCR)
26-09-2026,26-09-2026,FMPC6529824705,Alipur_DEL_PL,AARAV ENTERPRISES +919211110079,885cbea13da64e57,received_at_mh,North,LMA,1.00E+11,WHEELEY,AmarKumar,Motherhub_DIC,BRSNR,Alipur_DEL_PL,PH-B4-DELDIC-42143369,expected,OPENED,25-09-2026 23:37,Arvind Bansal (DNCR)
26-09-2026,26-09-2026,FMPC6524284958,BawanaHub_DEL_PL,NIKHIL ENTERPRISE +919953534049,d24ac019d48d4fbc,dispatched_to_mh,North,LMA,1.00E+11,WHEELEY,ANKUSH,Motherhub_DIC,BRSNR,BawanaHub_DEL_PL,PH-B4-DELDIC-42150211,expected,OPENED,25-09-2026 23:21,Arvind Bansal (DNCR)
26-09-2026,26-09-2026,MYEP1137546452,Alipur_DEL_PL,MYE : MOD WAVES COSMETICS LLP-delhi_PPMP_PICP 9650064602,MYE_3facf75de751999dd4d5d2253b2f3b55,received_at_mh,North,TRUEFLEX,970686,TRUEFLEX,#N/A,Motherhub_DIC,BRSNR,Alipur_DEL_PL,PH-B1-DELDIC-41855873,expected,OPENED,25-09-2026 22:09,Arvind Bansal (DNCR)
26-09-2026,26-09-2026,FMPC6529699990,Alipur_DEL_PL,M.H Industries 9934099390,1d81ea9ae3714e11,dispatched_to_mh,North,LMA,1.00E+11,#N/A,#N/A,Motherhub_DIC,BRSNR,Alipur_DEL_PL,PH-B4-DELDIC-42033515,expected,OPENED,25-09-2026 23:35,Arvind Bansal (DNCR)
26-09-2026,26-09-2026,FMPC6529106563,Alipur_DEL_PL,RAJPUT ENTERPRISE +917678201261,c855b98ab75a45de,received_at_mh,North,LMA,1.00E+11,WHEELEY,AmarKumar,Motherhub_DIC,BRSNR,Alipur_DEL_PL,PH-B6-DELDIC-42119705,expected,OPENED,25-09-2026 22:05,Arvind Bansal (DNCR)
26-09-2026,26-09-2026,FMPP4297662990,BallabhgarhHub_Del_PL,AS Enterprises +917982899969,f9d372e6bc2a43e9,dispatched_to_mh,North,EKART,3238973,EKART,,Motherhub_DIC,BRSNR,BallabhgarhHub_Del_PL,PH-B6-DELDIC-39049976,expected,OPENED,26-09-2026 01:59,Arvind Bansal (DNCR)
26-09-2026,26-09-2026,FMPP4296962266,BallabhgarhHub_Del_PL,M/S PALIKA HERBAL +918290140848,7b4d614d98d24f02,dispatched_to_mh,North,LMA,1.00E+11,Greenteck Logistics and Mobility Pvt Ltd,PrakashJha,Motherhub_DIC,BRSNR,BallabhgarhHub_Del_PL,PH-B1-DELDIC-42138580,expected,OPENED,26-09-2026 01:54,Arvind Bansal (DNCR)
26-09-2026,26-09-2026,FMPC6529751534,BawanaHub_DEL_PL,M/S GARVIT ENTERPRISES +919711784232,f254656174b74598,dispatched_to_mh,North,LMA,1.00E+11,MyBox Logistics,Himanshu,Motherhub_DIC,BRSNR,BawanaHub_DEL_PL,PH-B1-DELDIC-42140663,expected,OPENED,25-09-2026 23:55,Arvind Bansal (DNCR)
26-09-2026,26-09-2026,FMPC6527537771,Alipur_DEL_PL,VISHAL GARMENTS +919899513768,4943d547b97946c3,received_at_mh,North,LMA,1.00E+11,#N/A,#N/A,Motherhub_DIC,BRSNR,Alipur_DEL_PL,PH-B1-DELDIC-42122976,expected,OPENED,25-09-2026 23:32,Arvind Bansal (DNCR)
26-09-2026,26-09-2026,MYEC1120455703,BawanaHub_DEL_PL,MYE : NASH & HAMES PRIVATE LIMITED_PPMP_HMHV 8287848221,MYE_1fc08390c2fb63fd22a9b6f93cc83b95,dispatched_to_mh,North,LMA,1.00E+11,AADIYOGI LOGISTIC PRIVATE LIMITED,Sovit,Motherhub_DIC,BRSNR,BawanaHub_DEL_PL,PH-B6-DELDIC-40141221,expected,OPENED,25-09-2026 23:37,Arvind Bansal (DNCR)
26-09-2026,26-09-2026,FMPP4297893067,BawanaHub_DEL_PL,SHREYANK TRADERS +919990967002,9c4c72d9ac644df2,dispatched_to_mh,North,TRUEFLEX,1268066,TRUEFLEX,VikashKumar,Motherhub_DIC,BRSNR,BawanaHub_DEL_PL,PH-B4-DELDIC-42161541,expected,OPENED,25-09-2026 23:40,Arvind Bansal (DNCR)
26-09-2026,26-09-2026,MYEC1120404238,Alipur_DEL_PL,MYE : MARS COSMETICS PRIVATE LIMITED DELHI PPMP 9717571927,MYE_9b943364a5ca3c9c37100c4d0d2e51da,received_at_mh,North,LMA,1.00E+11,Loadshare,SachinKumar,Motherhub_DIC,BRSNR,Alipur_DEL_PL,PH-B6-DELDIC-41924833,expected,OPENED,25-09-2026 23:33,Arvind Bansal (DNCR)
26-09-2026,26-09-2026,FMPP4297828461,Alipur_DEL_PL,AMREEN ENTERPRISES +919354852474,cc48bfe9382048e3,dispatched_to_mh,North,LMA,1.00E+11,#N/A,#N/A,Motherhub_DIC,BRSNR,Alipur_DEL_PL,PH-B1-DELDIC-42121589,expected,OPENED,25-09-2026 22:18,Arvind Bansal (DNCR)
26-09-2026,26-09-2026,MYEP1137522837,BawanaHub_DEL_PL,MYE : GRD COSMETICS INDUSTRIES-delhi_PPMP_RSTU 9354565279,MYE_32a1f10ff05cbb5b6c1671a095709c0a,dispatched_to_mh,North,LMA,1.00E+11,Loadshare,ABHISHEK,Motherhub_DIC,BRSNR,BawanaHub_DEL_PL,PH-B4-DELDIC-42148832,expected,OPENED,25-09-2026 23:18,Arvind Bansal (DNCR)
26-09-2026,26-09-2026,FMPP4298619570,BawanaHub_DEL_PL,A ONE ENTERPRISES +919812928190,e7126029844f4425,received_at_mh,North,LMA,1.00E+11,WHEELEY,Ritik,Motherhub_DIC,BRSNR,BawanaHub_DEL_PL,PH-B6-DELDIC-41512705,expected,OPENED,25-09-2026 23:36,Arvind Bansal (DNCR)
26-09-2026,26-09-2026,FMPC6528589036,Alipur_DEL_PL,M.H Industries 9934099390,1d81ea9ae3714e11,dispatched_to_mh,North,LMA,1.00E+11,#N/A,#N/A,Motherhub_DIC,BRSNR,Alipur_DEL_PL,PH-B6-DELDIC-42119678,expected,OPENED,25-09-2026 23:35,Arvind Bansal (DNCR)
26-09-2026,26-09-2026,FMPC6527791548,BallabhgarhHub_Del_PL,RP Enterprises +917982905508,a71ba635a4c041e5,dispatched_to_mh,North,EKART,4300608,EKART,,Motherhub_DIC,BRSNR,BallabhgarhHub_Del_PL,PH-B6-DELDIC-42154376,expected,OPENED,26-09-2026 01:58,Arvind Bansal (DNCR)
26-09-2026,26-09-2026,FMPP4298305209,Chhatarpur_DEL_PL,HOUSE OF ZEAL PRIVATE LIMITED +917982532593,40a87c2b00164bd9,received_at_mh,North,LMA,4344508,#N/A,#N/A,Motherhub_DIC,BRSNR,Chhatarpur_DEL_PL,PH-B6-DELDIC-42125978,expected,OPENED,26-09-2026 01:23,Arvind Bansal (DNCR)
26-09-2026,26-09-2026,FMPC6526766985,BurariHub_DEL_PL,FZ fashion +918744851352,5a5b759f9ba04b11,received_at_mh,North,TRUEFLEX,688405,TRUEFLEX,ShivamShivam,Motherhub_DIC,BRSNR,BurariHub_DEL_PL,PH-B6-DELDIC-42131878,expected,OPENED,26-09-2026 01:00,Arvind Bansal (DNCR)
26-09-2026,26-09-2026,FMPC6527792078,BurariHub_DEL_PL,Pradeep soft toys creation +918960623502,e1e85d38f5fb4405,received_at_mh,North,LMA,1.00E+11,#N/A,#N/A,Motherhub_DIC,BRSNR,BurariHub_DEL_PL,PH-B6-DELDIC-42138775,expected,OPENED,26-09-2026 00:45,Arvind Bansal (DNCR)
26-09-2026,26-09-2026,FMPP4298509063,BudhViharHub_DEL_PL,DENIM LOOK +919013351437,bade9e004aa64e1a,received_at_mh,North,TRUEFLEX,940336,TRUEFLEX,#N/A,Motherhub_DIC,BRSNR,BudhViharHub_DEL_PL,PH-B6-DELDIC-41755494,expected,OPENED,26-09-2026 03:11,Arvind Bansal (DNCR)
26-09-2026,26-09-2026,MYEC1120393182,Chhatarpur_DEL_PL,MYE : FULTON BRANDS PRIVATE LIMITED-delhi_PPMP_ISSD 8851900609,MYE_ef4ce66901e328d070a4a4b04f869130,received_at_mh,North,LMA,4344508,#N/A,#N/A,Motherhub_DIC,BRSNR,Chhatarpur_DEL_PL,PH-B6-DELDIC-42125978,expected,OPENED,26-09-2026 01:23,Arvind Bansal (DNCR)
26-09-2026,26-09-2026,FMPC6527733766,BudhViharHub_DEL_PL,DENIM LOOK +919013351437,bade9e004aa64e1a,received_at_mh,North,TRUEFLEX,940336,TRUEFLEX,#N/A,Motherhub_DIC,BRSNR,BudhViharHub_DEL_PL,PH-B6-DELDIC-41755494,expected,OPENED,26-09-2026 03:11,Arvind Bansal (DNCR)
26-09-2026,26-09-2026,FMPP4297787121,BurariHub_DEL_PL,G.N.ENTERPRISES +917011903033,7d5515fb127643ec,received_at_mh,North,LMA,1.00E+11,SUSAH SUPPLY CHAIN AND NETWORK PRIVATE LIMITED,Ashu,Motherhub_DIC,BRSNR,BurariHub_DEL_PL,PH-B6-DELDIC-42103192,expected,OPENED,26-09-2026 00:44,Arvind Bansal (DNCR)
26-09-2026,26-09-2026,FMPC6528631310,BudhViharHub_DEL_PL,DENIM LOOK +919013351437,bade9e004aa64e1a,received_at_mh,North,TRUEFLEX,940336,TRUEFLEX,#N/A,Motherhub_DIC,BRSNR,BudhViharHub_DEL_PL,PH-B6-DELDIC-41755494,expected,OPENED,26-09-2026 03:11,Arvind Bansal (DNCR)
26-09-2026,26-09-2026,FMPC6527619156,BudhViharHub_DEL_PL,JD ENTERPRISES +917859993821,cf41ed4c4e544aab,dispatched_to_mh,North,TRUEFLEX,679400,TRUEFLEX,PurshotamJha,Motherhub_DIC,BRSNR,BudhViharHub_DEL_PL,PH-B6-DELDIC-42146862,expected,OPENED,26-09-2026 00:47,Arvind Bansal (DNCR)
26-09-2026,26-09-2026,FMPP4298142799,BudhViharHub_DEL_PL,DENIM LOOK +919013351437,bade9e004aa64e1a,received_at_mh,North,TRUEFLEX,940336,TRUEFLEX,#N/A,Motherhub_DIC,BRSNR,BudhViharHub_DEL_PL,PH-B6-DELDIC-41755494,expected,OPENED,26-09-2026 03:11,Arvind Bansal (DNCR)
26-09-2026,26-09-2026,FMPC6529111982,BudhViharHub_DEL_PL,DENIM LOOK +919013351437,bade9e004aa64e1a,received_at_mh,North,TRUEFLEX,940336,TRUEFLEX,#N/A,Motherhub_DIC,BRSNR,BudhViharHub_DEL_PL,PH-B6-DELDIC-41755494,expected,OPENED,26-09-2026 03:11,Arvind Bansal (DNCR)
26-09-2026,26-09-2026,FMPC6527358849,BudhViharHub_DEL_PL,DENIM LOOK +919013351437,bade9e004aa64e1a,received_at_mh,North,TRUEFLEX,940336,TRUEFLEX,#N/A,Motherhub_DIC,BRSNR,BudhViharHub_DEL_PL,PH-B6-DELDIC-41755494,expected,OPENED,26-09-2026 03:11,Arvind Bansal (DNCR)
26-09-2026,26-09-2026,FMPC6529717398,BudhViharHub_DEL_PL,AMAN ENTERPRISES +918447776109,3ec064b87cdf4782,received_at_mh,North,LMA,1.00E+11,WHEELEY,Vivek,Motherhub_DIC,BRSNR,BudhViharHub_DEL_PL,PH-B6-DELDIC-41852899,expected,OPENED,26-09-2026 00:54,Arvind Bansal (DNCR)
26-09-2026,26-09-2026,FMPP4298708713,BudhViharHub_DEL_PL,DENIM LOOK +919013351437,bade9e004aa64e1a,received_at_mh,North,TRUEFLEX,940336,TRUEFLEX,#N/A,Motherhub_DIC,BRSNR,BudhViharHub_DEL_PL,PH-B6-DELDIC-41755494,expected,OPENED,26-09-2026 03:11,Arvind Bansal (DNCR)
26-09-2026,26-09-2026,FMPP4298398558,BurariHub_DEL_PL,NETIZEN TRADING CO. +918010633788,d994f517d2f64207,received_at_mh,North,LMA,1.00E+11,AADIYOGI LOGISTIC PRIVATE LIMITED,ArjunKumar,Motherhub_DIC,BRSNR,BurariHub_DEL_PL,PH-B6-DELDIC-42131883,expected,OPENED,26-09-2026 00:47,Arvind Bansal (DNCR)
26-09-2026,26-09-2026,FMPC6527387650,BurariHub_DEL_PL,RAHDEEP CONCEPT +919319044728,c24144870360486c,received_at_mh,North,TRUEFLEX,641692,TRUEFLEX,VikashKumar,Motherhub_DIC,BRSNR,BurariHub_DEL_PL,PH-B6-DELDIC-41953086,expected,OPENED,26-09-2026 00:10,Arvind Bansal (DNCR)
26-09-2026,26-09-2026,FMPC6529860855,BudhViharHub_DEL_PL,BAZLER +918368088606,23eb788706e242aa,received_at_mh,North,LMA,1.00E+11,WHEELEY,Vivek,Motherhub_DIC,BRSNR,BudhViharHub_DEL_PL,PH-B1-DELDIC-41852486,expected,OPENED,26-09-2026 00:54,Arvind Bansal (DNCR)
26-09-2026,26-09-2026,FMPP4297006821,BurariHub_DEL_PL,REBOOT FASHIONS +917428836110,8c226a37da274ebe,dispatched_to_mh,North,TRUEFLEX,613465,TRUEFLEX,Ravinder,Motherhub_DIC,BRSNR,BurariHub_DEL_PL,PH-B1-DELDIC-41547427,expected,OPENED,26-09-2026 00:14,Arvind Bansal (DNCR)
26-09-2026,26-09-2026,FMPP4297007447,BudhViharHub_DEL_PL,DENIM LOOK +919013351437,bade9e004aa64e1a,received_at_mh,North,TRUEFLEX,940336,TRUEFLEX,#N/A,Motherhub_DIC,BRSNR,BudhViharHub_DEL_PL,PH-B6-DELDIC-41755494,expected,OPENED,26-09-2026 03:11,Arvind Bansal (DNCR)
26-09-2026,26-09-2026,FMPC6528752764,BudhViharHub_DEL_PL,DENIM LOOK +919013351437,bade9e004aa64e1a,received_at_mh,North,TRUEFLEX,940336,TRUEFLEX,#N/A,Motherhub_DIC,BRSNR,BudhViharHub_DEL_PL,PH-B6-DELDIC-41755494,expected,OPENED,26-09-2026 03:11,Arvind Bansal (DNCR)
26-09-2026,26-09-2026,FMPP4298127087,BurariHub_DEL_PL,Universe Factory +919810360672,3c13539d4fe0474b,dispatched_to_mh,North,TRUEFLEX,1241637,TRUEFLEX,PrinceKumar,Motherhub_DIC,BRSNR,BurariHub_DEL_PL,PH-B6-DELDIC-42133868,expected,OPENED,26-09-2026 02:50,Arvind Bansal (DNCR)
26-09-2026,26-09-2026,FMPP4293744256,BudhViharHub_DEL_PL,HP STAR +918700942740,1920596fe1a44307,dispatched_to_mh,North,TRUEFLEX,890962,TRUEFLEX,MadanMadan,Motherhub_DIC,BRSNR,BudhViharHub_DEL_PL,PH-B6-DELDIC-40933965,expected,OPENED,26-09-2026 01:56,Arvind Bansal (DNCR)
26-09-2026,26-09-2026,FMPC6529232849,BurariHub_DEL_PL,Pradeep soft toys creation +918960623502,e1e85d38f5fb4405,received_at_mh,North,LMA,1.00E+11,#N/A,#N/A,Motherhub_DIC,BRSNR,BurariHub_DEL_PL,PH-B6-DELDIC-42138775,expected,OPENED,26-09-2026 00:45,Arvind Bansal (DNCR)
26-09-2026,26-09-2026,FMPC6527805426,BudhViharHub_DEL_PL,VARSHNEY GARDENING +919354601571,c9b21923f98142d6,dispatched_to_mh,North,TRUEFLEX,912382,TRUEFLEX,PratoshKumar,Motherhub_DIC,BRSNR,BudhViharHub_DEL_PL,PH-B6-DELDIC-42129081,expected,OPENED,25-09-2026 23:41,Arvind Bansal (DNCR)
26-09-2026,26-09-2026,FMPC6529232875,BurariHub_DEL_PL,Pradeep soft toys creation +918960623502,e1e85d38f5fb4405,received_at_mh,North,LMA,1.00E+11,#N/A,#N/A,Motherhub_DIC,BRSNR,BurariHub_DEL_PL,PH-B6-DELDIC-42138775,expected,OPENED,26-09-2026 00:45,Arvind Bansal (DNCR)
26-09-2026,26-09-2026,FMPP4297879676,BudhViharHub_DEL_PL,DENIM LOOK +919013351437,bade9e004aa64e1a,received_at_mh,North,TRUEFLEX,940336,TRUEFLEX,#N/A,Motherhub_DIC,BRSNR,BudhViharHub_DEL_PL,PH-B6-DELDIC-41755494,expected,OPENED,26-09-2026 03:11,Arvind Bansal (DNCR)
26-09-2026,26-09-2026,SRAC0053161891,Chhatarpur_DEL_PL,SRA : Kasaa Hues 8076801148,SRA_89d5fad32b0f47ccaf41a996638e9adf,dispatched_to_mh,North,LMA,2394759,#N/A,#N/A,Motherhub_DIC,BRSNR,Chhatarpur_DEL_PL,PH-B1-DELDIC-42120943,expected,OPENED,26-09-2026 01:13,Arvind Bansal (DNCR)
26-09-2026,26-09-2026,FMPP4297264858,BudhViharHub_DEL_PL,Riddhi Siddhi Enterprises +917011732332,3b378b99a86d4b8e,dispatched_to_mh,North,TRUEFLEX,679400,TRUEFLEX,PurshotamJha,Motherhub_DIC,BRSNR,BudhViharHub_DEL_PL,PH-B1-DELDIC-42146494,expected,OPENED,25-09-2026 23:18,Arvind Bansal (DNCR)
26-09-2026,26-09-2026,FMPP4297918876,BudhViharHub_DEL_PL,DENIM LOOK +919013351437,bade9e004aa64e1a,received_at_mh,North,TRUEFLEX,940336,TRUEFLEX,#N/A,Motherhub_DIC,BRSNR,BudhViharHub_DEL_PL,PH-B6-DELDIC-41755494,expected,OPENED,26-09-2026 03:11,Arvind Bansal (DNCR)
26-09-2026,26-09-2026,FMPP4297484405,BurariHub_DEL_PL,FZ fashion +918744851352,5a5b759f9ba04b11,received_at_mh,North,TRUEFLEX,688405,TRUEFLEX,ShivamShivam,Motherhub_DIC,BRSNR,BurariHub_DEL_PL,PH-B6-DELDIC-42131878,expected,OPENED,26-09-2026 01:00,Arvind Bansal (DNCR)
26-09-2026,26-09-2026,FMPC6529671883,BijwasanHub_DEL_PL,SMBBR SERVICES PRIVATE LIMITED +919873232703,2ff6bfc1d7da4bcc,received_at_mh,North,LMA,1.00E+11,RAMEZO ENTERPRISES,RajKumar,Motherhub_DIC,BRSNR,BijwasanHub_DEL_PL,PH-B6-DELDIC-41560589,expected,OPENED,25-09-2026 21:00,Arvind Bansal (DNCR)
26-09-2026,26-09-2026,FMPC6528640954,BudhViharHub_DEL_PL,DENIM LOOK +919013351437,bade9e004aa64e1a,received_at_mh,North,TRUEFLEX,940336,TRUEFLEX,#N/A,Motherhub_DIC,BRSNR,BudhViharHub_DEL_PL,PH-B6-DELDIC-41755494,expected,OPENED,26-09-2026 03:11,Arvind Bansal (DNCR)
26-09-2026,26-09-2026,FMPP4297387615,BurariHub_DEL_PL,Pradeep soft toys creation +918960623502,e1e85d38f5fb4405,received_at_mh,North,LMA,1.00E+11,#N/A,#N/A,Motherhub_DIC,BRSNR,BurariHub_DEL_PL,PH-B4-DELDIC-42138442,expected,OPENED,26-09-2026 00:44,Arvind Bansal (DNCR)
26-09-2026,26-09-2026,FMPC6527510176,BurariHub_DEL_PL,Universe Factory +919810360672,3c13539d4fe0474b,dispatched_to_mh,North,TRUEFLEX,1241637,TRUEFLEX,PrinceKumar,Motherhub_DIC,BRSNR,BurariHub_DEL_PL,PH-B1-DELDIC-42134671,expected,OPENED,26-09-2026 00:57,Arvind Bansal (DNCR)
26-09-2026,26-09-2026,FMPP4298409954,BurariHub_DEL_PL,JUST ETHNIC +918506979337,5745b24b81584f24,received_at_mh,North,TRUEFLEX,613465,TRUEFLEX,Ravinder,Motherhub_DIC,BRSNR,BurariHub_DEL_PL,PH-B6-DELDIC-41700917,expected,OPENED,26-09-2026 00:09,Arvind Bansal (DNCR)
26-09-2026,26-09-2026,FMPC6528673509,BudhViharHub_DEL_PL,DENIM LOOK +919013351437,bade9e004aa64e1a,received_at_mh,North,TRUEFLEX,940336,TRUEFLEX,#N/A,Motherhub_DIC,BRSNR,BudhViharHub_DEL_PL,PH-B6-DELDIC-41755494,expected,OPENED,26-09-2026 03:11,Arvind Bansal (DNCR)
26-09-2026,26-09-2026,FMPC6528344913,BudhViharHub_DEL_PL,DENIM LOOK +919013351437,bade9e004aa64e1a,received_at_mh,North,TRUEFLEX,940336,TRUEFLEX,#N/A,Motherhub_DIC,BRSNR,BudhViharHub_DEL_PL,PH-B6-DELDIC-41755494,expected,OPENED,26-09-2026 03:11,Arvind Bansal (DNCR)
26-09-2026,26-09-2026,FMPC6529097832,BurariHub_DEL_PL,Pradeep soft toys creation +918960623502,e1e85d38f5fb4405,received_at_mh,North,LMA,1.00E+11,#N/A,#N/A,Motherhub_DIC,BRSNR,BurariHub_DEL_PL,PH-B6-DELDIC-42138775,expected,OPENED,26-09-2026 00:45,Arvind Bansal (DNCR)
26-09-2026,26-09-2026,FMPC6529593712,BudhViharHub_DEL_PL,DENIM LOOK +919013351437,bade9e004aa64e1a,received_at_mh,North,TRUEFLEX,940336,TRUEFLEX,#N/A,Motherhub_DIC,BRSNR,BudhViharHub_DEL_PL,PH-B6-DELDIC-41755494,expected,OPENED,26-09-2026 03:11,Arvind Bansal (DNCR)
26-09-2026,26-09-2026,FMPC6528702901,BurariHub_DEL_PL,RAHDEEP CONCEPT +919319044728,c24144870360486c,received_at_mh,North,TRUEFLEX,641692,TRUEFLEX,VikashKumar,Motherhub_DIC,BRSNR,BurariHub_DEL_PL,PH-B6-DELDIC-41953086,expected,OPENED,26-09-2026 00:10,Arvind Bansal (DNCR)
26-09-2026,26-09-2026,FMPC6528477285,BurariHub_DEL_PL,Pradeep soft toys creation +918960623502,e1e85d38f5fb4405,received_at_mh,North,LMA,1.00E+11,#N/A,#N/A,Motherhub_DIC,BRSNR,BurariHub_DEL_PL,PH-B6-DELDIC-42138775,expected,OPENED,26-09-2026 00:45,Arvind Bansal (DNCR)
26-09-2026,26-09-2026,FMPP4298389627,BudhViharHub_DEL_PL,DENIM LOOK +919013351437,bade9e004aa64e1a,received_at_mh,North,TRUEFLEX,940336,TRUEFLEX,#N/A,Motherhub_DIC,BRSNR,BudhViharHub_DEL_PL,PH-B6-DELDIC-41755494,expected,OPENED,26-09-2026 03:11,Arvind Bansal (DNCR)
26-09-2026,26-09-2026,FMPC6529786610,BudhViharHub_DEL_PL,DENIM LOOK +919013351437,bade9e004aa64e1a,received_at_mh,North,TRUEFLEX,940336,TRUEFLEX,#N/A,Motherhub_DIC,BRSNR,BudhViharHub_DEL_PL,PH-B6-DELDIC-41755494,expected,OPENED,26-09-2026 03:11,Arvind Bansal (DNCR)
26-09-2026,26-09-2026,FMPC6529233304,BurariHub_DEL_PL,Pradeep soft toys creation +918960623502,e1e85d38f5fb4405,received_at_mh,North,LMA,1.00E+11,#N/A,#N/A,Motherhub_DIC,BRSNR,BurariHub_DEL_PL,PH-B6-DELDIC-42138775,expected,OPENED,26-09-2026 00:45,Arvind Bansal (DNCR)
26-09-2026,26-09-2026,FMPP4298619506,BurariHub_DEL_PL,G.N.ENTERPRISES +917011903033,7d5515fb127643ec,received_at_mh,North,LMA,1.00E+11,SUSAH SUPPLY CHAIN AND NETWORK PRIVATE LIMITED,Ashu,Motherhub_DIC,BRSNR,BurariHub_DEL_PL,PH-B6-DELDIC-42103192,expected,OPENED,26-09-2026 00:44,Arvind Bansal (DNCR)
26-09-2026,26-09-2026,FMPC6528444621,BurariHub_DEL_PL,Dress Collection +918076065177,0f30cbdf52424933,received_at_mh,North,LMA,1.00E+11,#N/A,#N/A,Motherhub_DIC,BRSNR,BurariHub_DEL_PL,PH-B4-DELDIC-42138442,expected,OPENED,26-09-2026 00:44,Arvind Bansal (DNCR)
26-09-2026,26-09-2026,FMPP4296968480,BurariHub_DEL_PL,Satpal Trading Co. +918766336050,807076d5170b4147,received_at_mh,North,LMA,1.00E+11,#N/A,#N/A,Motherhub_DIC,BRSNR,BurariHub_DEL_PL,PH-B6-DELDIC-42138775,expected,OPENED,26-09-2026 00:45,Arvind Bansal (DNCR)
26-09-2026,26-09-2026,FMPC6528949565,BudhViharHub_DEL_PL,BROSIS +918587826060,9ee3642ec84f4134,dispatched_to_mh,North,TRUEFLEX,926214,TRUEFLEX,ASHOK,Motherhub_DIC,BRSNR,BudhViharHub_DEL_PL,PH-B4-DELDIC-42169321,expected,OPENED,26-09-2026 01:09,Arvind Bansal (DNCR)
26-09-2026,26-09-2026,SDLC1078629988,BudhViharHub_DEL_PL,SDL : ZAZBI FASHION 9911038647,SDL_a8b18ea66cfa99a7de6af277c2505bab,dispatched_to_mh,North,LMA,1.00E+11,SHIFTWAY LOGISTICS PVT LTD,Abdulla,Motherhub_DIC,BRSNR,BudhViharHub_DEL_PL,PH-B4-DELDIC-40965053,expected,OPENED,25-09-2026 22:13,Arvind Bansal (DNCR)
26-09-2026,26-09-2026,FMPC6523497398,Chhatarpur_DEL_PL,Brothers Digital Hub +919871964551,a85684133c0e4fc2,dispatched_to_mh,North,LMA,4186973,#N/A,#N/A,Motherhub_DIC,BRSNR,Chhatarpur_DEL_PL,PH-B4-DELDIC-41734899,expected,OPENED,26-09-2026 01:10,Arvind Bansal (DNCR)
26-09-2026,26-09-2026,FMPP4297219392,BudhViharHub_DEL_PL,DENIM LOOK +919013351437,bade9e004aa64e1a,received_at_mh,North,TRUEFLEX,940336,TRUEFLEX,#N/A,Motherhub_DIC,BRSNR,BudhViharHub_DEL_PL,PH-B6-DELDIC-41755494,expected,OPENED,26-09-2026 03:11,Arvind Bansal (DNCR)
26-09-2026,26-09-2026,FMPP4297870309,BudhViharHub_DEL_PL,JINDAL TRADING CO. +919625711881,54858751366d4eaf,dispatched_to_mh,North,LMA,1.00E+11,SHIFTWAY LOGISTICS PVT LTD,Shivam,Motherhub_DIC,BRSNR,BudhViharHub_DEL_PL,PH-B1-DELDIC-42134662,expected,OPENED,26-09-2026 01:06,Arvind Bansal (DNCR)
26-09-2026,26-09-2026,FMPP4297785429,BurariHub_DEL_PL,G.N.ENTERPRISES +917011903033,7d5515fb127643ec,received_at_mh,North,LMA,1.00E+11,SUSAH SUPPLY CHAIN AND NETWORK PRIVATE LIMITED,Ashu,Motherhub_DIC,BRSNR,BurariHub_DEL_PL,PH-B6-DELDIC-42103192,expected,OPENED,26-09-2026 00:44,Arvind Bansal (DNCR)
26-09-2026,26-09-2026,FMPC6527127055,BurariHub_DEL_PL,PINWHEEL PUBLICATIONS +918595797810,9067384fff7b437c,received_at_mh,North,LMA,1.00E+11,#N/A,#N/A,Motherhub_DIC,BRSNR,BurariHub_DEL_PL,PH-B6-DELDIC-42138778,expected,OPENED,26-09-2026 01:01,Arvind Bansal (DNCR)
26-09-2026,26-09-2026,FMPC6525689213,BudhViharHub_DEL_PL,JD ENTERPRISES +917859993821,cf41ed4c4e544aab,dispatched_to_mh,North,TRUEFLEX,679400,TRUEFLEX,PurshotamJha,Motherhub_DIC,BRSNR,BudhViharHub_DEL_PL,PH-B1-DELDIC-42146494,expected,OPENED,25-09-2026 23:18,Arvind Bansal (DNCR)
26-09-2026,26-09-2026,FMPC6527379256,BudhViharHub_DEL_PL,DENIM LOOK +919013351437,bade9e004aa64e1a,received_at_mh,North,TRUEFLEX,940336,TRUEFLEX,#N/A,Motherhub_DIC,BRSNR,BudhViharHub_DEL_PL,PH-B6-DELDIC-41755494,expected,OPENED,26-09-2026 03:11,Arvind Bansal (DNCR)
26-09-2026,26-09-2026,FMPC6529354485,BudhViharHub_DEL_PL,DENIM LOOK +919013351437,bade9e004aa64e1a,received_at_mh,North,TRUEFLEX,940336,TRUEFLEX,#N/A,Motherhub_DIC,BRSNR,BudhViharHub_DEL_PL,PH-B6-DELDIC-41755494,expected,OPENED,26-09-2026 03:11,Arvind Bansal (DNCR)
26-09-2026,26-09-2026,FMPC6528341968,BurariHub_DEL_PL,KRISHNA CREATION +917042668206,9ba1496a9a234a92,received_at_mh,North,LMA,1.00E+11,#N/A,#N/A,Motherhub_DIC,BRSNR,BurariHub_DEL_PL,PH-B6-DELDIC-42138775,expected,OPENED,26-09-2026 00:45,Arvind Bansal (DNCR)
26-09-2026,26-09-2026,FMPC6528681590,BudhViharHub_DEL_PL,DENIM LOOK +919013351437,bade9e004aa64e1a,received_at_mh,North,TRUEFLEX,940336,TRUEFLEX,#N/A,Motherhub_DIC,BRSNR,BudhViharHub_DEL_PL,PH-B6-DELDIC-41755494,expected,OPENED,26-09-2026 03:11,Arvind Bansal (DNCR)
26-09-2026,26-09-2026,FMPP4297441304,BurariHub_DEL_PL,Satpal Trading Co. +918766336050,807076d5170b4147,received_at_mh,North,LMA,1.00E+11,#N/A,#N/A,Motherhub_DIC,BRSNR,BurariHub_DEL_PL,PH-B6-DELDIC-42138775,expected,OPENED,26-09-2026 00:45,Arvind Bansal (DNCR)
26-09-2026,26-09-2026,FMPC6528257093,BurariHub_DEL_PL,KRISHNA CREATION +917042668206,9ba1496a9a234a92,received_at_mh,North,LMA,1.00E+11,#N/A,#N/A,Motherhub_DIC,BRSNR,BurariHub_DEL_PL,PH-B4-DELDIC-42138442,expected,OPENED,26-09-2026 00:44,Arvind Bansal (DNCR)
26-09-2026,26-09-2026,FMPP4298820225,BudhViharHub_DEL_PL,DENIM LOOK +919013351437,bade9e004aa64e1a,received_at_mh,North,TRUEFLEX,940336,TRUEFLEX,#N/A,Motherhub_DIC,BRSNR,BudhViharHub_DEL_PL,PH-B6-DELDIC-41755494,expected,OPENED,26-09-2026 03:11,Arvind Bansal (DNCR)
26-09-2026,26-09-2026,FMPC6527845861,BudhViharHub_DEL_PL,Riddhi Siddhi Enterprises +917011732332,3b378b99a86d4b8e,dispatched_to_mh,North,TRUEFLEX,679400,TRUEFLEX,PurshotamJha,Motherhub_DIC,BRSNR,BudhViharHub_DEL_PL,PH-B6-DELDIC-42146862,expected,OPENED,26-09-2026 00:47,Arvind Bansal (DNCR)
26-09-2026,26-09-2026,FMPC6528734182,BudhViharHub_DEL_PL,DENIM LOOK +919013351437,bade9e004aa64e1a,received_at_mh,North,TRUEFLEX,940336,TRUEFLEX,#N/A,Motherhub_DIC,BRSNR,BudhViharHub_DEL_PL,PH-B6-DELDIC-41755494,expected,OPENED,26-09-2026 03:11,Arvind Bansal (DNCR)
26-09-2026,26-09-2026,FMPC6529161157,BijwasanHub_DEL_PL,NOVASHERE TRADING +919625788789,572f27615e2d4ad8,received_at_mh,North,LMA,1.00E+11,Greenteck Logistics and Mobility Pvt Ltd,RohanKumar,Motherhub_DIC,BRSNR,BijwasanHub_DEL_PL,PH-B4-DELDIC-41754004,expected,OPENED,25-09-2026 21:06,Arvind Bansal (DNCR)
26-09-2026,26-09-2026,FMPC6526773236,BurariHub_DEL_PL,Pradeep soft toys creation +918960623502,e1e85d38f5fb4405,received_at_mh,North,LMA,1.00E+11,#N/A,#N/A,Motherhub_DIC,BRSNR,BurariHub_DEL_PL,PH-B1-DELDIC-42137419,expected,OPENED,26-09-2026 01:00,Arvind Bansal (DNCR)
26-09-2026,26-09-2026,FMPP4297922020,BudhViharHub_DEL_PL,DENIM LOOK +919013351437,bade9e004aa64e1a,received_at_mh,North,TRUEFLEX,940336,TRUEFLEX,#N/A,Motherhub_DIC,BRSNR,BudhViharHub_DEL_PL,PH-B6-DELDIC-41755494,expected,OPENED,26-09-2026 03:11,Arvind Bansal (DNCR)
26-09-2026,26-09-2026,FMPC6528664395,BudhViharHub_DEL_PL,DENIM LOOK +919013351437,bade9e004aa64e1a,received_at_mh,North,TRUEFLEX,940336,TRUEFLEX,#N/A,Motherhub_DIC,BRSNR,BudhViharHub_DEL_PL,PH-B6-DELDIC-41755494,expected,OPENED,26-09-2026 03:11,Arvind Bansal (DNCR)
26-09-2026,26-09-2026,FMPC6527208603,BurariHub_DEL_PL,H.R.S.BROTHERS +919821914841,bb042d40f6b54aa8,dispatched_to_mh,North,TRUEFLEX,613465,TRUEFLEX,Ravinder,Motherhub_DIC,BRSNR,BurariHub_DEL_PL,PH-B1-DELDIC-41463336,expected,OPENED,26-09-2026 00:47,Arvind Bansal (DNCR)
26-09-2026,26-09-2026,FMPC6527704216,BudhViharHub_DEL_PL,DENIM LOOK +919013351437,bade9e004aa64e1a,received_at_mh,North,TRUEFLEX,940336,TRUEFLEX,#N/A,Motherhub_DIC,BRSNR,BudhViharHub_DEL_PL,PH-B6-DELDIC-41755494,expected,OPENED,26-09-2026 03:11,Arvind Bansal (DNCR)
26-09-2026,26-09-2026,FMPC6528597413,BudhViharHub_DEL_PL,Rahul Enterprises +918010638541,4e1e008c66e1487a,dispatched_to_mh,North,TRUEFLEX,679400,TRUEFLEX,PurshotamJha,Motherhub_DIC,BRSNR,BudhViharHub_DEL_PL,PH-B6-DELDIC-42095491,expected,OPENED,26-09-2026 01:21,Arvind Bansal (DNCR)
26-09-2026,26-09-2026,FMPP4298717185,BudhViharHub_DEL_PL,DENIM LOOK +919013351437,bade9e004aa64e1a,received_at_mh,North,TRUEFLEX,940336,TRUEFLEX,#N/A,Motherhub_DIC,BRSNR,BudhViharHub_DEL_PL,PH-B6-DELDIC-41755494,expected,OPENED,26-09-2026 03:11,Arvind Bansal (DNCR)
26-09-2026,26-09-2026,FMPC6528282909,BurariHub_DEL_PL,NETIZEN TRADING CO. +918010633788,d994f517d2f64207,received_at_mh,North,LMA,1.00E+11,AADIYOGI LOGISTIC PRIVATE LIMITED,ArjunKumar,Motherhub_DIC,BRSNR,BurariHub_DEL_PL,PH-B6-DELDIC-42131883,expected,OPENED,26-09-2026 00:47,Arvind Bansal (DNCR)
26-09-2026,26-09-2026,FMPC6528017610,BurariHub_DEL_PL,STEELHAVEN INDIA +919667542869,fb3eb82308f84e02,received_at_mh,North,TRUEFLEX,592378,TRUEFLEX,Abhishek,Motherhub_DIC,BRSNR,BurariHub_DEL_PL,PH-B6-DELDIC-42131844,expected,OPENED,26-09-2026 00:10,Arvind Bansal (DNCR)
26-09-2026,26-09-2026,FMPC6527845902,BudhViharHub_DEL_PL,Riddhi Siddhi Enterprises +917011732332,3b378b99a86d4b8e,dispatched_to_mh,North,TRUEFLEX,679400,TRUEFLEX,PurshotamJha,Motherhub_DIC,BRSNR,BudhViharHub_DEL_PL,PH-B4-DELDIC-42146765,expected,OPENED,25-09-2026 23:18,Arvind Bansal (DNCR)
26-09-2026,26-09-2026,FMPC6529479403,Chhatarpur_DEL_PL,SHREYA FASHION +919582999804,664f17c0be9f4c20,received_at_mh,North,LMA,4229320,#N/A,#N/A,Motherhub_DIC,BRSNR,Chhatarpur_DEL_PL,PH-B6-DELDIC-42127990,expected,OPENED,26-09-2026 01:24,Arvind Bansal (DNCR)
26-09-2026,26-09-2026,FMPC6527860023,BurariHub_DEL_PL,Pradeep soft toys creation +918960623502,e1e85d38f5fb4405,received_at_mh,North,LMA,1.00E+11,#N/A,#N/A,Motherhub_DIC,BRSNR,BurariHub_DEL_PL,PH-B1-DELDIC-42137419,expected,OPENED,26-09-2026 01:00,Arvind Bansal (DNCR)
26-09-2026,26-09-2026,FMPC6528259937,BurariHub_DEL_PL,KRISHNA CREATION +917042668206,9ba1496a9a234a92,received_at_mh,North,LMA,1.00E+11,#N/A,#N/A,Motherhub_DIC,BRSNR,BurariHub_DEL_PL,PH-B6-DELDIC-42138775,expected,OPENED,26-09-2026 00:45,Arvind Bansal (DNCR)
26-09-2026,26-09-2026,FMPC6529733767,BudhViharHub_DEL_PL,DENIM LOOK +919013351437,bade9e004aa64e1a,received_at_mh,North,TRUEFLEX,940336,TRUEFLEX,#N/A,Motherhub_DIC,BRSNR,BudhViharHub_DEL_PL,PH-B6-DELDIC-41755494,expected,OPENED,26-09-2026 03:11,Arvind Bansal (DNCR)
26-09-2026,26-09-2026,FMPP4298509043,BudhViharHub_DEL_PL,DENIM LOOK +919013351437,bade9e004aa64e1a,received_at_mh,North,TRUEFLEX,940336,TRUEFLEX,#N/A,Motherhub_DIC,BRSNR,BudhViharHub_DEL_PL,PH-B6-DELDIC-41755494,expected,OPENED,26-09-2026 03:11,Arvind Bansal (DNCR)
26-09-2026,26-09-2026,FMPP4297680624,BudhViharHub_DEL_PL,DENIM LOOK +919013351437,bade9e004aa64e1a,received_at_mh,North,TRUEFLEX,940336,TRUEFLEX,#N/A,Motherhub_DIC,BRSNR,BudhViharHub_DEL_PL,PH-B6-DELDIC-41755494,expected,OPENED,26-09-2026 03:11,Arvind Bansal (DNCR)
26-09-2026,26-09-2026,FMPC6529790943,BudhViharHub_DEL_PL,DENIM LOOK +919013351437,bade9e004aa64e1a,received_at_mh,North,TRUEFLEX,940336,TRUEFLEX,#N/A,Motherhub_DIC,BRSNR,BudhViharHub_DEL_PL,PH-B6-DELDIC-41755494,expected,OPENED,26-09-2026 03:11,Arvind Bansal (DNCR)
26-09-2026,26-09-2026,FMPC6527828768,BurariHub_DEL_PL,NAVICA LIFESTYLE +917065556570,bee9f64c2e684316,received_at_mh,North,TRUEFLEX,1236736,TRUEFLEX,JaiSaxena,Motherhub_DIC,BRSNR,BurariHub_DEL_PL,PH-B6-DELDIC-42139769,expected,OPENED,26-09-2026 00:37,Arvind Bansal (DNCR)
26-09-2026,26-09-2026,FMPP4297949284,BudhViharHub_DEL_PL,DENIM LOOK +919013351437,bade9e004aa64e1a,received_at_mh,North,TRUEFLEX,940336,TRUEFLEX,#N/A,Motherhub_DIC,BRSNR,BudhViharHub_DEL_PL,PH-B6-DELDIC-41755494,expected,OPENED,26-09-2026 03:11,Arvind Bansal (DNCR)
26-09-2026,26-09-2026,FMPC6528642963,BudhViharHub_DEL_PL,DENIM LOOK +919013351437,bade9e004aa64e1a,received_at_mh,North,TRUEFLEX,940336,TRUEFLEX,#N/A,Motherhub_DIC,BRSNR,BudhViharHub_DEL_PL,PH-B6-DELDIC-41755494,expected,OPENED,26-09-2026 03:11,Arvind Bansal (DNCR)
26-09-2026,26-09-2026,FMPC6527444902,BurariHub_DEL_PL,Universe Factory +919810360672,3c13539d4fe0474b,dispatched_to_mh,North,TRUEFLEX,1241637,TRUEFLEX,PrinceKumar,Motherhub_DIC,BRSNR,BurariHub_DEL_PL,PH-B4-DELDIC-42134297,expected,OPENED,26-09-2026 00:53,Arvind Bansal (DNCR)
26-09-2026,26-09-2026,FMPC6528265533,BurariHub_DEL_PL,Pradeep soft toys creation +918960623502,e1e85d38f5fb4405,received_at_mh,North,LMA,1.00E+11,#N/A,#N/A,Motherhub_DIC,BRSNR,BurariHub_DEL_PL,PH-B6-DELDIC-42138775,expected,OPENED,26-09-2026 00:45,Arvind Bansal (DNCR)
26-09-2026,26-09-2026,FMPC6528708313,BudhViharHub_DEL_PL,DENIM LOOK +919013351437,bade9e004aa64e1a,received_at_mh,North,TRUEFLEX,940336,TRUEFLEX,#N/A,Motherhub_DIC,BRSNR,BudhViharHub_DEL_PL,PH-B6-DELDIC-41755494,expected,OPENED,26-09-2026 03:11,Arvind Bansal (DNCR)
26-09-2026,26-09-2026,FMPC6527435252,BudhViharHub_DEL_PL,DENIM LOOK +919013351437,bade9e004aa64e1a,received_at_mh,North,TRUEFLEX,940336,TRUEFLEX,#N/A,Motherhub_DIC,BRSNR,BudhViharHub_DEL_PL,PH-B6-DELDIC-41755494,expected,OPENED,26-09-2026 03:11,Arvind Bansal (DNCR)
26-09-2026,26-09-2026,FMPP4297759017,BudhViharHub_DEL_PL,ARSHAD +919899515238,faa9e19821ac482d,received_at_mh,North,LMA,1.00E+11,AADIYOGI LOGISTIC PRIVATE LIMITED,Monu,Motherhub_DIC,BRSNR,BudhViharHub_DEL_PL,PH-B6-DELDIC-42147650,expected,OPENED,25-09-2026 22:11,Arvind Bansal (DNCR)
26-09-2026,26-09-2026,FMPP4298820425,BudhViharHub_DEL_PL,DENIM LOOK +919013351437,bade9e004aa64e1a,received_at_mh,North,TRUEFLEX,940336,TRUEFLEX,#N/A,Motherhub_DIC,BRSNR,BudhViharHub_DEL_PL,PH-B6-DELDIC-41755494,expected,OPENED,26-09-2026 03:11,Arvind Bansal (DNCR)
26-09-2026,26-09-2026,FMPC6528749068,BudhViharHub_DEL_PL,DENIM LOOK +919013351437,bade9e004aa64e1a,received_at_mh,North,TRUEFLEX,940336,TRUEFLEX,#N/A,Motherhub_DIC,BRSNR,BudhViharHub_DEL_PL,PH-B6-DELDIC-41755494,expected,OPENED,26-09-2026 03:11,Arvind Bansal (DNCR)
26-09-2026,26-09-2026,FMPC6528281578,BurariHub_DEL_PL,NAVICA LIFESTYLE +917065556570,bee9f64c2e684316,received_at_mh,North,TRUEFLEX,1236736,TRUEFLEX,JaiSaxena,Motherhub_DIC,BRSNR,BurariHub_DEL_PL,PH-B1-DELDIC-42140106,expected,OPENED,26-09-2026 00:44,Arvind Bansal (DNCR)
26-09-2026,26-09-2026,FMPC6527693724,BurariHub_DEL_PL,G.N.ENTERPRISES +917011903033,7d5515fb127643ec,received_at_mh,North,LMA,1.00E+11,SUSAH SUPPLY CHAIN AND NETWORK PRIVATE LIMITED,Ashu,Motherhub_DIC,BRSNR,BurariHub_DEL_PL,PH-B6-DELDIC-42103192,expected,OPENED,26-09-2026 00:44,Arvind Bansal (DNCR)
26-09-2026,26-09-2026,FMPC6528385098,BudhViharHub_DEL_PL,DENIM LOOK +919013351437,bade9e004aa64e1a,received_at_mh,North,TRUEFLEX,940336,TRUEFLEX,#N/A,Motherhub_DIC,BRSNR,BudhViharHub_DEL_PL,PH-B6-DELDIC-41755494,expected,OPENED,26-09-2026 03:11,Arvind Bansal (DNCR)
26-09-2026,26-09-2026,FMPC6529756511,BudhViharHub_DEL_PL,DENIM LOOK +919013351437,bade9e004aa64e1a,received_at_mh,North,TRUEFLEX,940336,TRUEFLEX,#N/A,Motherhub_DIC,BRSNR,BudhViharHub_DEL_PL,PH-B6-DELDIC-41755494,expected,OPENED,26-09-2026 03:11,Arvind Bansal (DNCR)
26-09-2026,26-09-2026,FMPC6529817872,BudhViharHub_DEL_PL,DENIM LOOK +919013351437,bade9e004aa64e1a,received_at_mh,North,TRUEFLEX,940336,TRUEFLEX,#N/A,Motherhub_DIC,BRSNR,BudhViharHub_DEL_PL,PH-B6-DELDIC-41755494,expected,OPENED,26-09-2026 03:11,Arvind Bansal (DNCR)
26-09-2026,26-09-2026,FMPC6527414142,BudhViharHub_DEL_PL,EYNK RETAILS PRIVATE LIMITED +918595532001,f7853ec511414415,dispatched_to_mh,North,TRUEFLEX,747894,TRUEFLEX,AnshuShah,Motherhub_DIC,BRSNR,BudhViharHub_DEL_PL,PH-B1-DELDIC-41998286,expected,OPENED,25-09-2026 23:42,Arvind Bansal (DNCR)
26-09-2026,26-09-2026,FMPC6529753794,BudhViharHub_DEL_PL,DENIM LOOK +919013351437,bade9e004aa64e1a,received_at_mh,North,TRUEFLEX,940336,TRUEFLEX,#N/A,Motherhub_DIC,BRSNR,BudhViharHub_DEL_PL,PH-B6-DELDIC-41755494,expected,OPENED,26-09-2026 03:11,Arvind Bansal (DNCR)
26-09-2026,26-09-2026,FMPC6527531277,BudhViharHub_DEL_PL,Yotech +918920550742,b3c4e5e1d05a42b4,dispatched_to_mh,North,LMA,1.00E+11,WHEELEY,Vivek,Motherhub_DIC,BRSNR,BudhViharHub_DEL_PL,PH-B1-DELDIC-41852486,expected,OPENED,26-09-2026 00:54,Arvind Bansal (DNCR)
26-09-2026,26-09-2026,FMPC6528720840,BudhViharHub_DEL_PL,DENIM LOOK +919013351437,bade9e004aa64e1a,received_at_mh,North,TRUEFLEX,940336,TRUEFLEX,#N/A,Motherhub_DIC,BRSNR,BudhViharHub_DEL_PL,PH-B6-DELDIC-41755494,expected,OPENED,26-09-2026 03:11,Arvind Bansal (DNCR)
26-09-2026,26-09-2026,FMPC6528361313,BudhViharHub_DEL_PL,FloatFit +919540113561,678f87f7e27e4a1d,dispatched_to_mh,North,TRUEFLEX,706346,TRUEFLEX,VivekKumar,Motherhub_DIC,BRSNR,BudhViharHub_DEL_PL,PH-B1-DELDIC-42143040,expected,OPENED,25-09-2026 22:16,Arvind Bansal (DNCR)
26-09-2026,26-09-2026,FMPC6523792561,BudhViharHub_DEL_PL,Riddhi Siddhi Enterprises +917011732332,3b378b99a86d4b8e,dispatched_to_mh,North,TRUEFLEX,679400,TRUEFLEX,PurshotamJha,Motherhub_DIC,BRSNR,BudhViharHub_DEL_PL,PH-B4-DELDIC-42146765,expected,OPENED,25-09-2026 23:18,Arvind Bansal (DNCR)
26-09-2026,26-09-2026,FMPC6527499812,Chhatarpur_DEL_PL,HKJ +918882102236,dd14e672f19e49f5,dispatched_to_mh,North,LMA,1.00E+11,Greenteck Logistics and Mobility Pvt Ltd,VikasSharma,Motherhub_DIC,BRSNR,Chhatarpur_DEL_PL,PH-B1-DELDIC-42147104,expected,OPENED,26-09-2026 01:09,Arvind Bansal (DNCR)
26-09-2026,26-09-2026,FMPP4297867797,BudhViharHub_DEL_PL,DENIM LOOK +919013351437,bade9e004aa64e1a,received_at_mh,North,TRUEFLEX,940336,TRUEFLEX,#N/A,Motherhub_DIC,BRSNR,BudhViharHub_DEL_PL,PH-B6-DELDIC-41755494,expected,OPENED,26-09-2026 03:11,Arvind Bansal (DNCR)
26-09-2026,26-09-2026,FMPC6528852747,BurariHub_DEL_PL,Pradeep soft toys creation +918960623502,e1e85d38f5fb4405,received_at_mh,North,LMA,1.00E+11,#N/A,#N/A,Motherhub_DIC,BRSNR,BurariHub_DEL_PL,PH-B4-DELDIC-42138442,expected,OPENED,26-09-2026 00:44,Arvind Bansal (DNCR)
26-09-2026,26-09-2026,MYEP1137552937,BurariHub_DEL_PL,MYE : SAKSHI TRADERS-delhi_PPMP_PSES 9958508180,MYE_90b7389a7c2c0d0cfd3b8cabda64d3c7,dispatched_to_mh,North,TRUEFLEX,592319,TRUEFLEX,Tushar,Motherhub_DIC,BRSNR,BurariHub_DEL_PL,PH-B6-DELDIC-42126994,expected,OPENED,26-09-2026 00:16,Arvind Bansal (DNCR)
26-09-2026,26-09-2026,FMPP4298697083,BudhViharHub_DEL_PL,DENIM LOOK +919013351437,bade9e004aa64e1a,received_at_mh,North,TRUEFLEX,940336,TRUEFLEX,#N/A,Motherhub_DIC,BRSNR,BudhViharHub_DEL_PL,PH-B6-DELDIC-41755494,expected,OPENED,26-09-2026 03:11,Arvind Bansal (DNCR)
26-09-2026,26-09-2026,FMPP4297979387,BurariHub_DEL_PL,MAA KAMLA TRADERS +917836005467,6db1ad62ca654ba1,dispatched_to_mh,North,LMA,1.00E+11,#N/A,#N/A,Motherhub_DIC,BRSNR,BurariHub_DEL_PL,PH-B6-DELDIC-42138778,expected,OPENED,26-09-2026 01:01,Arvind Bansal (DNCR)
26-09-2026,26-09-2026,FMPP4298257268,BudhViharHub_DEL_PL,DENIM LOOK +919013351437,bade9e004aa64e1a,received_at_mh,North,TRUEFLEX,940336,TRUEFLEX,#N/A,Motherhub_DIC,BRSNR,BudhViharHub_DEL_PL,PH-B6-DELDIC-41755494,expected,OPENED,26-09-2026 03:11,Arvind Bansal (DNCR)
26-09-2026,26-09-2026,FMPC6528673446,BudhViharHub_DEL_PL,Dev Enterprises +919560247321,df2cca08ab124429,received_at_mh,North,TRUEFLEX,711197,TRUEFLEX,AbhishekKumar Sah,Motherhub_DIC,BRSNR,BudhViharHub_DEL_PL,PH-B6-DELDIC-41660528,expected,OPENED,25-09-2026 23:22,Arvind Bansal (DNCR)
26-09-2026,26-09-2026,FMPP4298708863,BudhViharHub_DEL_PL,DENIM LOOK +919013351437,bade9e004aa64e1a,received_at_mh,North,TRUEFLEX,940336,TRUEFLEX,#N/A,Motherhub_DIC,BRSNR,BudhViharHub_DEL_PL,PH-B6-DELDIC-41755494,expected,OPENED,26-09-2026 03:11,Arvind Bansal (DNCR)
26-09-2026,26-09-2026,MYEC1120437690,BudhViharHub_DEL_PL,MYE : BEAUTY AND HEALTH_DELHI_PPMP_EMNA 8287126530,MYE_2b0f7cded94635e3110e4d138e59b72d,dispatched_to_mh,North,LMA,1.00E+11,WHEELEY,AryanKumar,Motherhub_DIC,BRSNR,BudhViharHub_DEL_PL,PH-B1-DELDIC-42144405,expected,OPENED,25-09-2026 23:45,Arvind Bansal (DNCR)
26-09-2026,26-09-2026,FMPC6527204763,Chhatarpur_DEL_PL,TOYBOX +918700353168,68d7c0de474e44c0,received_at_mh,North,LMA,1.00E+11,Greenteck Logistics and Mobility Pvt Ltd,VikasSharma,Motherhub_DIC,BRSNR,Chhatarpur_DEL_PL,PH-B1-DELDIC-42147101,expected,OPENED,26-09-2026 01:15,Arvind Bansal (DNCR)
26-09-2026,26-09-2026,SDLC1078629990,BudhViharHub_DEL_PL,SDL : ZAZBI FASHION 9911038647,SDL_a8b18ea66cfa99a7de6af277c2505bab,dispatched_to_mh,North,LMA,1.00E+11,SHIFTWAY LOGISTICS PVT LTD,Abdulla,Motherhub_DIC,BRSNR,BudhViharHub_DEL_PL,PH-B1-DELDIC-38390765,expected,OPENED,25-09-2026 22:14,Arvind Bansal (DNCR)
26-09-2026,26-09-2026,FMPC6528272845,BurariHub_DEL_PL,Pradeep soft toys creation +918960623502,e1e85d38f5fb4405,received_at_mh,North,LMA,1.00E+11,#N/A,#N/A,Motherhub_DIC,BRSNR,BurariHub_DEL_PL,PH-B6-DELDIC-42138775,expected,OPENED,26-09-2026 00:45,Arvind Bansal (DNCR)
26-09-2026,26-09-2026,FMPC6529596287,BijwasanHub_DEL_PL,SMBBR SERVICES PRIVATE LIMITED +919873232703,2ff6bfc1d7da4bcc,received_at_mh,North,LMA,1.00E+11,RAMEZO ENTERPRISES,RajKumar,Motherhub_DIC,BRSNR,BijwasanHub_DEL_PL,PH-B6-DELDIC-41560589,expected,OPENED,25-09-2026 21:00,Arvind Bansal (DNCR)
26-09-2026,26-09-2026,FMPC6527439921,BudhViharHub_DEL_PL,DENIM LOOK +919013351437,bade9e004aa64e1a,received_at_mh,North,TRUEFLEX,940336,TRUEFLEX,#N/A,Motherhub_DIC,BRSNR,BudhViharHub_DEL_PL,PH-B6-DELDIC-41755494,expected,OPENED,26-09-2026 03:11,Arvind Bansal (DNCR)
26-09-2026,26-09-2026,FMPP4298163753,BijwasanHub_DEL_PL,TURTLE LIMITED 9036889624,a486c901cb89469e,dispatched_to_mh,North,LMA,4224407,#N/A,#N/A,Motherhub_DIC,BRSNR,BijwasanHub_DEL_PL,PH-B1-DELDIC-42135504,expected,OPENED,25-09-2026 21:02,Arvind Bansal (DNCR)
26-09-2026,26-09-2026,FMPP4297593251,BurariHub_DEL_PL,KRISHNA CREATION +917042668206,9ba1496a9a234a92,received_at_mh,North,LMA,1.00E+11,#N/A,#N/A,Motherhub_DIC,BRSNR,BurariHub_DEL_PL,PH-B4-DELDIC-42138442,expected,OPENED,26-09-2026 00:44,Arvind Bansal (DNCR)
26-09-2026,26-09-2026,FMPC6528740805,BudhViharHub_DEL_PL,DENIM LOOK +919013351437,bade9e004aa64e1a,received_at_mh,North,TRUEFLEX,940336,TRUEFLEX,#N/A,Motherhub_DIC,BRSNR,BudhViharHub_DEL_PL,PH-B6-DELDIC-41755494,expected,OPENED,26-09-2026 03:11,Arvind Bansal (DNCR)
26-09-2026,26-09-2026,FMPC6527284837,BudhViharHub_DEL_PL,NITIN ENTERPRISES +919354444793,90a21193196f4bd1,dispatched_to_mh,North,TRUEFLEX,706346,TRUEFLEX,VivekKumar,Motherhub_DIC,BRSNR,BudhViharHub_DEL_PL,PH-B6-DELDIC-41754935,expected,OPENED,25-09-2026 23:30,Arvind Bansal (DNCR)
26-09-2026,26-09-2026,FMPP4297173466,GandhinagarHub_DEL_PL,HIba +919718819941,a176e096c8964caf,received_at_mh,North,LMA,1.00E+11,AADIYOGI LOGISTIC PRIVATE LIMITED,VikasKumar,Motherhub_DIC,BRSNR,GandhinagarHub_DEL_PL,PH-B1-DELDIC-41756281,expected,OPENED,26-09-2026 00:25,Arvind Bansal (DNCR)
26-09-2026,26-09-2026,FMPP4298340704,GurgaonHub_DEL_PL,NUTRIBRAY HEALTHCARE PRIVATE LIMITED +919911625695,625cdc1021d543b3,dispatched_to_mh,North,LMA,1.00E+11,#N/A,#N/A,Motherhub_DIC,BRSNR,GurgaonHub_DEL_PL,PH-B1-DELDIC-41746579,expected,OPENED,25-09-2026 22:53,Arvind Bansal (DNCR)
26-09-2026,26-09-2026,FMPC6528192711,GandhinagarHub_DEL_PL,TIRUPATI TEXTILES +919811528172,35adb1ed20374ccd,dispatched_to_mh,North,LMA,1.00E+11,RAMEZO ENTERPRISES,DipanshuJaiswal,Motherhub_DIC,BRSNR,GandhinagarHub_DEL_PL,PH-B1-DELDIC-40405608,expected,OPENED,26-09-2026 00:11,Arvind Bansal (DNCR)
26-09-2026,26-09-2026,FMPC6527181893,GandhinagarHub_DEL_PL,HIba +919718819941,a176e096c8964caf,received_at_mh,North,LMA,1.00E+11,AADIYOGI LOGISTIC PRIVATE LIMITED,VikasKumar,Motherhub_DIC,BRSNR,GandhinagarHub_DEL_PL,PH-B1-DELDIC-41756281,expected,OPENED,26-09-2026 00:25,Arvind Bansal (DNCR)
26-09-2026,26-09-2026,FMPC6526956508,GandhinagarHub_DEL_PL,HIba +919718819941,a176e096c8964caf,received_at_mh,North,LMA,1.00E+11,AADIYOGI LOGISTIC PRIVATE LIMITED,VikasKumar,Motherhub_DIC,BRSNR,GandhinagarHub_DEL_PL,PH-B1-DELDIC-41756281,expected,OPENED,26-09-2026 00:25,Arvind Bansal (DNCR)
26-09-2026,26-09-2026,FMPC6528762677,GandhinagarHub_DEL_PL,meet novelty +918383098073,44a640f6b0bf471d,dispatched_to_mh,North,TRUEFLEX,590128,TRUEFLEX,KapilMuni,Motherhub_DIC,BRSNR,GandhinagarHub_DEL_PL,PH-B1-DELDIC-42075938,expected,OPENED,26-09-2026 00:26,Arvind Bansal (DNCR)
26-09-2026,26-09-2026,FMPC6528120539,GurgaonHub_DEL_PL,NUTRIBRAY HEALTHCARE PRIVATE LIMITED +919911625695,625cdc1021d543b3,dispatched_to_mh,North,LMA,1.00E+11,#N/A,#N/A,Motherhub_DIC,BRSNR,GurgaonHub_DEL_PL,PH-B1-DELDIC-41746579,expected,OPENED,25-09-2026 22:53,Arvind Bansal (DNCR)
26-09-2026,26-09-2026,FMPC6529318203,GurgaonHub_DEL_PL,Casotec E-Retail Private Limited 9818991551,531025795c9b4e95,received_at_mh,North,LMA,3143363,#N/A,#N/A,Motherhub_DIC,BRSNR,GurgaonHub_DEL_PL,PH-B1-DELDIC-42078190,expected,OPENED,25-09-2026 23:05,Arvind Bansal (DNCR)
26-09-2026,26-09-2026,FMPC6529823776,GurgaonHub_DEL_PL,LAKSHYA COLLECTIONS +917291965067,bb0ab66770244abf,dispatched_to_mh,North,EKART,4367439,EKART,,Motherhub_DIC,BRSNR,GurgaonHub_DEL_PL,PH-B4-DELDIC-42130062,expected,OPENED,25-09-2026 22:27,Arvind Bansal (DNCR)
26-09-2026,26-09-2026,FMPC6528278016,GandhinagarHub_DEL_PL,HIba +919718819941,a176e096c8964caf,received_at_mh,North,LMA,1.00E+11,AADIYOGI LOGISTIC PRIVATE LIMITED,VikasKumar,Motherhub_DIC,BRSNR,GandhinagarHub_DEL_PL,PH-B1-DELDIC-41756281,expected,OPENED,26-09-2026 00:25,Arvind Bansal (DNCR)
26-09-2026,26-09-2026,FMPC6527315046,GandhinagarHub_DEL_PL,HIba +919718819941,a176e096c8964caf,received_at_mh,North,LMA,1.00E+11,AADIYOGI LOGISTIC PRIVATE LIMITED,VikasKumar,Motherhub_DIC,BRSNR,GandhinagarHub_DEL_PL,PH-B4-DELDIC-41756400,expected,OPENED,26-09-2026 00:24,Arvind Bansal (DNCR)
26-09-2026,26-09-2026,FMPP4298789653,GurgaonHub_DEL_PL,H A ENTERPRISES +919355172729,39be630481544519,received_at_mh,North,LMA,3143363,#N/A,#N/A,Motherhub_DIC,BRSNR,GurgaonHub_DEL_PL,PH-B4-DELDIC-39151830,expected,OPENED,25-09-2026 23:00,Arvind Bansal (DNCR)
26-09-2026,26-09-2026,FMPC6529128358,FaridabadHub_DEL_PL,GIFTSOL +917011015205,89d75d4f1e764526,dispatched_to_mh,North,EKART,4356784,EKART,,Motherhub_DIC,BRSNR,FaridabadHub_DEL_PL,PH-B6-DELDIC-42119716,expected,OPENED,26-09-2026 01:01,Arvind Bansal (DNCR)
26-09-2026,26-09-2026,FMPC6527181701,GandhinagarHub_DEL_PL,HIba +919718819941,a176e096c8964caf,received_at_mh,North,LMA,1.00E+11,AADIYOGI LOGISTIC PRIVATE LIMITED,VikasKumar,Motherhub_DIC,BRSNR,GandhinagarHub_DEL_PL,PH-B1-DELDIC-41756281,expected,OPENED,26-09-2026 00:25,Arvind Bansal (DNCR)
26-09-2026,26-09-2026,FMPP4297940545,FaridabadHub_DEL_PL,KHUSHI ENTERPRISES +918178565804,78b931da1e8f4df2,dispatched_to_mh,North,LMA,1.00E+11,#N/A,#N/A,Motherhub_DIC,BRSNR,FaridabadHub_DEL_PL,PH-B1-DELDIC-40816666,expected,OPENED,25-09-2026 23:42,Arvind Bansal (DNCR)
26-09-2026,26-09-2026,FMPC6527990632,GandhinagarHub_DEL_PL,HIba +919718819941,a176e096c8964caf,received_at_mh,North,LMA,1.00E+11,AADIYOGI LOGISTIC PRIVATE LIMITED,VikasKumar,Motherhub_DIC,BRSNR,GandhinagarHub_DEL_PL,PH-B4-DELDIC-41756400,expected,OPENED,26-09-2026 00:24,Arvind Bansal (DNCR)
26-09-2026,26-09-2026,FMPC6527761303,GandhinagarHub_DEL_PL,ssfashion +919871485924,50640c35948b43db,dispatched_to_mh,North,LMA,1.00E+11,#N/A,#N/A,Motherhub_DIC,BRSNR,GandhinagarHub_DEL_PL,PH-B6-DELDIC-42129936,expected,OPENED,26-09-2026 00:32,Arvind Bansal (DNCR)
26-09-2026,26-09-2026,FMPC6528022940,GandhinagarHub_DEL_PL,BALKER MERKA +919650627012,ff9b51164976432b,received_at_mh,North,LMA,1.00E+11,RAMEZO ENTERPRISES,LalitYadav,Motherhub_DIC,BRSNR,GandhinagarHub_DEL_PL,PH-B1-DELDIC-42125327,expected,OPENED,26-09-2026 00:20,Arvind Bansal (DNCR)
26-09-2026,26-09-2026,FMPP4296835073,GandhinagarHub_DEL_PL,HIba +919718819941,a176e096c8964caf,received_at_mh,North,LMA,1.00E+11,AADIYOGI LOGISTIC PRIVATE LIMITED,VikasKumar,Motherhub_DIC,BRSNR,GandhinagarHub_DEL_PL,PH-B1-DELDIC-41756281,expected,OPENED,26-09-2026 00:25,Arvind Bansal (DNCR)
26-09-2026,26-09-2026,NMSC5001731505,GurgaonHub_DEL_PL,NMS : Shalu 2 Ship 9226635109,NMS_c19f72975f080604b0c424fc6ac5ce32,dispatched_to_mh,North,LMA,3143363,#N/A,#N/A,Motherhub_DIC,BRSNR,GurgaonHub_DEL_PL,PH-B6-DELDIC-42128698,expected,OPENED,25-09-2026 22:54,Arvind Bansal (DNCR)
26-09-2026,26-09-2026,FMPP4296971263,GurgaonHub_DEL_PL,NUTRIBRAY HEALTHCARE PRIVATE LIMITED +919911625695,625cdc1021d543b3,dispatched_to_mh,North,LMA,1.00E+11,#N/A,#N/A,Motherhub_DIC,BRSNR,GurgaonHub_DEL_PL,PH-B1-DELDIC-41746579,expected,OPENED,25-09-2026 22:53,Arvind Bansal (DNCR)
26-09-2026,26-09-2026,FMPC6527181664,GandhinagarHub_DEL_PL,HIba +919718819941,a176e096c8964caf,received_at_mh,North,LMA,1.00E+11,AADIYOGI LOGISTIC PRIVATE LIMITED,VikasKumar,Motherhub_DIC,BRSNR,GandhinagarHub_DEL_PL,PH-B4-DELDIC-41756400,expected,OPENED,26-09-2026 00:24,Arvind Bansal (DNCR)
26-09-2026,26-09-2026,FMPC6527575252,GurgaonHub_DEL_PL,SN JOSHI POOJA SAMGREE BHANDAR +918901270332,7da654415403420a,received_at_mh,North,LMA,1.00E+11,#N/A,#N/A,Motherhub_DIC,BRSNR,GurgaonHub_DEL_PL,PH-B1-DELDIC-42030732,expected,OPENED,25-09-2026 22:13,Arvind Bansal (DNCR)
26-09-2026,26-09-2026,NMSC5001735214,GurgaonHub_DEL_PL,NMS : Shalu 2 Ship 9226635109,NMS_c19f72975f080604b0c424fc6ac5ce32,dispatched_to_mh,North,LMA,3143363,#N/A,#N/A,Motherhub_DIC,BRSNR,GurgaonHub_DEL_PL,PH-B1-DELDIC-42128180,expected,OPENED,25-09-2026 22:25,Arvind Bansal (DNCR)
26-09-2026,26-09-2026,FMPC6528132076,GandhinagarHub_DEL_PL,HIba +919718819941,a176e096c8964caf,received_at_mh,North,LMA,1.00E+11,AADIYOGI LOGISTIC PRIVATE LIMITED,VikasKumar,Motherhub_DIC,BRSNR,GandhinagarHub_DEL_PL,PH-B6-DELDIC-42040247,expected,OPENED,26-09-2026 00:46,Arvind Bansal (DNCR)
26-09-2026,26-09-2026,FMPP4298050923,GandhinagarHub_DEL_PL,Trending Hub +919818938701,2e02e87ae1ef4655,dispatched_to_mh,North,LMA,1.00E+11,RAMEZO ENTERPRISES,DipanshuJaiswal,Motherhub_DIC,BRSNR,GandhinagarHub_DEL_PL,PH-B6-DELDIC-42128047,expected,OPENED,26-09-2026 00:10,Arvind Bansal (DNCR)
26-09-2026,26-09-2026,FMPC6527856851,GandhinagarHub_DEL_PL,HIba +919718819941,a176e096c8964caf,received_at_mh,North,LMA,1.00E+11,AADIYOGI LOGISTIC PRIVATE LIMITED,VikasKumar,Motherhub_DIC,BRSNR,GandhinagarHub_DEL_PL,PH-B1-DELDIC-41756281,expected,OPENED,26-09-2026 00:25,Arvind Bansal (DNCR)
26-09-2026,26-09-2026,FMPP4297973562,GandhinagarHub_DEL_PL,ssfashion +919871485924,50640c35948b43db,dispatched_to_mh,North,LMA,1.00E+11,#N/A,#N/A,Motherhub_DIC,BRSNR,GandhinagarHub_DEL_PL,PH-B1-DELDIC-42129589,expected,OPENED,26-09-2026 00:33,Arvind Bansal (DNCR)
26-09-2026,26-09-2026,FMPC6527650797,FaridabadHub_DEL_PL,KOTTY LIFESTYLE PVT LTD 8510022244,qsm29nukm5dhxgl9,dispatched_to_mh,North,TRUEFLEX,600195,TRUEFLEX,VikashYadav,Motherhub_DIC,BRSNR,FaridabadHub_DEL_PL,PH-B6-DELDIC-42127896,expected,OPENED,25-09-2026 23:48,Arvind Bansal (DNCR)
26-09-2026,26-09-2026,FMPP4296929551,GandhinagarHub_DEL_PL,HIba +919718819941,a176e096c8964caf,received_at_mh,North,LMA,1.00E+11,AADIYOGI LOGISTIC PRIVATE LIMITED,VikasKumar,Motherhub_DIC,BRSNR,GandhinagarHub_DEL_PL,PH-B6-DELDIC-42040247,expected,OPENED,26-09-2026 00:46,Arvind Bansal (DNCR)
26-09-2026,26-09-2026,FMPP4297645598,GandhinagarHub_DEL_PL,HIba +919718819941,a176e096c8964caf,received_at_mh,North,LMA,1.00E+11,AADIYOGI LOGISTIC PRIVATE LIMITED,VikasKumar,Motherhub_DIC,BRSNR,GandhinagarHub_DEL_PL,PH-B4-DELDIC-41756400,expected,OPENED,26-09-2026 00:24,Arvind Bansal (DNCR)
26-09-2026,26-09-2026,FKAC8002872062,GurgaonHub_DEL_PL,FKA : Standard Maze 9811635109,FKA_8b3641ff99602bb66d5d39c94aac4c05,dispatched_to_mh,North,LMA,3143363,#N/A,#N/A,Motherhub_DIC,BRSNR,GurgaonHub_DEL_PL,PH-B6-DELDIC-42128698,expected,OPENED,25-09-2026 22:54,Arvind Bansal (DNCR)
26-09-2026,26-09-2026,FMPC6529540423,GandhinagarHub_DEL_PL,ADEY FASHION +919313925799,a9b460e79e3e4329,dispatched_to_mh,North,LMA,1.00E+11,#N/A,#N/A,Motherhub_DIC,BRSNR,GandhinagarHub_DEL_PL,PH-B4-DELDIC-41068744,expected,OPENED,26-09-2026 00:52,Arvind Bansal (DNCR)
26-09-2026,26-09-2026,FMPC6529671527,GurgaonHub_DEL_PL,Q-ONE +918826890071,c429385b2ffc45e3,received_at_mh,North,LMA,3143363,#N/A,#N/A,Motherhub_DIC,BRSNR,GurgaonHub_DEL_PL,PH-B4-DELDIC-42036124,expected,OPENED,25-09-2026 23:03,Arvind Bansal (DNCR)
26-09-2026,26-09-2026,FMPC6527075865,GandhinagarHub_DEL_PL,AVARNIO INDUSTRIES PRIVATE LIMITED +917835043622,7b674d31d98549a5,dispatched_to_mh,North,LMA,1.00E+11,Greenteck Logistics and Mobility Pvt Ltd,AvinashKumar,Motherhub_DIC,BRSNR,GandhinagarHub_DEL_PL,PH-B6-DELDIC-42138735,expected,OPENED,26-09-2026 00:54,Arvind Bansal (DNCR)
26-09-2026,26-09-2026,FMPP4298261515,GurgaonHub_DEL_PL,AIM HEALTH STORE +919355311172,c791e2ea6a9b4304,dispatched_to_mh,North,LMA,3143363,#N/A,#N/A,Motherhub_DIC,BRSNR,GurgaonHub_DEL_PL,PH-B1-DELDIC-38557687,expected,OPENED,26-09-2026 01:58,Arvind Bansal (DNCR)
26-09-2026,26-09-2026,FMPC6527202579,GandhinagarHub_DEL_PL,PRENA FASHION +918826906350,5ba1ec5f78014397,dispatched_to_mh,North,LMA,1.00E+11,RAMEZO ENTERPRISES,LalitYadav,Motherhub_DIC,BRSNR,GandhinagarHub_DEL_PL,PH-B4-DELDIC-42125376,expected,OPENED,26-09-2026 00:19,Arvind Bansal (DNCR)
26-09-2026,26-09-2026,FMPP4297324700,GandhinagarHub_DEL_PL,HIba +919718819941,a176e096c8964caf,received_at_mh,North,LMA,1.00E+11,AADIYOGI LOGISTIC PRIVATE LIMITED,VikasKumar,Motherhub_DIC,BRSNR,GandhinagarHub_DEL_PL,PH-B4-DELDIC-41756400,expected,OPENED,26-09-2026 00:24,Arvind Bansal (DNCR)
26-09-2026,26-09-2026,FMPC6528308221,GandhinagarHub_DEL_PL,HIba +919718819941,a176e096c8964caf,received_at_mh,North,LMA,1.00E+11,AADIYOGI LOGISTIC PRIVATE LIMITED,VikasKumar,Motherhub_DIC,BRSNR,GandhinagarHub_DEL_PL,PH-B4-DELDIC-41756400,expected,OPENED,26-09-2026 00:24,Arvind Bansal (DNCR)
26-09-2026,26-09-2026,FMPC6529424149,FaridabadHub_DEL_PL,KHUSHI ENTERPRISES +918178565804,78b931da1e8f4df2,dispatched_to_mh,North,LMA,1.00E+11,#N/A,#N/A,Motherhub_DIC,BRSNR,FaridabadHub_DEL_PL,PH-B6-DELDIC-42139284,expected,OPENED,25-09-2026 22:19,Arvind Bansal (DNCR)
26-09-2026,26-09-2026,FMPP4298528753,GurgaonHub_DEL_PL,zenith solutions +919958055596,e6d708a3f592419a,dispatched_to_mh,North,LMA,1.00E+11,Vxpress,MohdArshad,Motherhub_DIC,BRSNR,GurgaonHub_DEL_PL,PH-B1-DELDIC-41840116,expected,OPENED,25-09-2026 22:16,Arvind Bansal (DNCR)
26-09-2026,26-09-2026,FMPC6527181706,GandhinagarHub_DEL_PL,HIba +919718819941,a176e096c8964caf,received_at_mh,North,LMA,1.00E+11,AADIYOGI LOGISTIC PRIVATE LIMITED,VikasKumar,Motherhub_DIC,BRSNR,GandhinagarHub_DEL_PL,PH-B6-DELDIC-42040247,expected,OPENED,26-09-2026 00:46,Arvind Bansal (DNCR)
26-09-2026,26-09-2026,FMPP4297691301,FaridabadHub_DEL_PL,K.G.OVERSEAS PRIVATE LIMITED +919599791037,dc7becc7099d43b1,received_at_mh,North,EKART,3812136,EKART,,Motherhub_DIC,BRSNR,FaridabadHub_DEL_PL,PH-B1-DELDIC-42169200,expected,OPENED,26-09-2026 01:01,Arvind Bansal (DNCR)
26-09-2026,26-09-2026,FMPP4297282606,GurgaonHub_DEL_PL,Pearl Polymers Limited +919205289873,62726f14487149b8,dispatched_to_mh,North,EKART,4387317,EKART,,Motherhub_DIC,BRSNR,GurgaonHub_DEL_PL,PH-B6-DELDIC-42138975,expected,OPENED,25-09-2026 22:02,Arvind Bansal (DNCR)
26-09-2026,26-09-2026,FMPC6528474862,GandhinagarHub_DEL_PL,HIba +919718819941,a176e096c8964caf,received_at_mh,North,LMA,1.00E+11,AADIYOGI LOGISTIC PRIVATE LIMITED,VikasKumar,Motherhub_DIC,BRSNR,GandhinagarHub_DEL_PL,PH-B1-DELDIC-41756281,expected,OPENED,26-09-2026 00:25,Arvind Bansal (DNCR)
26-09-2026,26-09-2026,FMPC6527386255,GandhinagarHub_DEL_PL,HIba +919718819941,a176e096c8964caf,received_at_mh,North,LMA,1.00E+11,AADIYOGI LOGISTIC PRIVATE LIMITED,VikasKumar,Motherhub_DIC,BRSNR,GandhinagarHub_DEL_PL,PH-B4-DELDIC-41756400,expected,OPENED,26-09-2026 00:24,Arvind Bansal (DNCR)
26-09-2026,26-09-2026,FMPC6527181690,GandhinagarHub_DEL_PL,HIba +919718819941,a176e096c8964caf,received_at_mh,North,LMA,1.00E+11,AADIYOGI LOGISTIC PRIVATE LIMITED,VikasKumar,Motherhub_DIC,BRSNR,GandhinagarHub_DEL_PL,PH-B6-DELDIC-42040247,expected,OPENED,26-09-2026 00:46,Arvind Bansal (DNCR)
26-09-2026,26-09-2026,FMPC6529180433,GandhinagarHub_DEL_PL,HIba +919718819941,a176e096c8964caf,received_at_mh,North,LMA,1.00E+11,AADIYOGI LOGISTIC PRIVATE LIMITED,VikasKumar,Motherhub_DIC,BRSNR,GandhinagarHub_DEL_PL,PH-B4-DELDIC-41756400,expected,OPENED,26-09-2026 00:24,Arvind Bansal (DNCR)
26-09-2026,26-09-2026,FMPC6526955439,GandhinagarHub_DEL_PL,M.S. ENTERPRISES +918586087304,f05345f43a4e4da7,dispatched_to_mh,North,LMA,1.00E+11,#N/A,#N/A,Motherhub_DIC,BRSNR,GandhinagarHub_DEL_PL,PH-B4-DELDIC-42040150,expected,OPENED,26-09-2026 00:32,Arvind Bansal (DNCR)
26-09-2026,26-09-2026,FMPC6528154896,GandhinagarHub_DEL_PL,HIba +919718819941,a176e096c8964caf,received_at_mh,North,LMA,1.00E+11,AADIYOGI LOGISTIC PRIVATE LIMITED,VikasKumar,Motherhub_DIC,BRSNR,GandhinagarHub_DEL_PL,PH-B1-DELDIC-41756281,expected,OPENED,26-09-2026 00:25,Arvind Bansal (DNCR)
26-09-2026,26-09-2026,FMPC6527625915,GandhinagarHub_DEL_PL,HIba +919718819941,a176e096c8964caf,received_at_mh,North,LMA,1.00E+11,AADIYOGI LOGISTIC PRIVATE LIMITED,VikasKumar,Motherhub_DIC,BRSNR,GandhinagarHub_DEL_PL,PH-B4-DELDIC-41756400,expected,OPENED,26-09-2026 00:24,Arvind Bansal (DNCR)
26-09-2026,26-09-2026,FMPP4297803718,GurgaonHub_DEL_PL,Wellversed Health Private Limited +919205093359,29fd1ffa68b94e77,dispatched_to_mh,North,LMA,1.00E+11,#N/A,#N/A,Motherhub_DIC,BRSNR,GurgaonHub_DEL_PL,PH-B6-DELDIC-40108636,expected,OPENED,25-09-2026 22:42,Arvind Bansal (DNCR)
26-09-2026,26-09-2026,FMPC6527445576,GurgaonHub_DEL_PL,NUTRIBRAY HEALTHCARE PRIVATE LIMITED +919911625695,625cdc1021d543b3,dispatched_to_mh,North,LMA,1.00E+11,#N/A,#N/A,Motherhub_DIC,BRSNR,GurgaonHub_DEL_PL,PH-B1-DELDIC-41746579,expected,OPENED,25-09-2026 22:53,Arvind Bansal (DNCR)
26-09-2026,26-09-2026,FMPP4297599016,GandhinagarHub_DEL_PL,HIba +919718819941,a176e096c8964caf,received_at_mh,North,LMA,1.00E+11,AADIYOGI LOGISTIC PRIVATE LIMITED,VikasKumar,Motherhub_DIC,BRSNR,GandhinagarHub_DEL_PL,PH-B6-DELDIC-42040247,expected,OPENED,26-09-2026 00:46,Arvind Bansal (DNCR)
26-09-2026,26-09-2026,FMPP4296588006,FaridabadHub_DEL_PL,ARV TRADING +918800119597,f31b3b7f78e1418b,dispatched_to_mh,North,LMA,1.00E+11,Vxpress,Jatin,Motherhub_DIC,BRSNR,FaridabadHub_DEL_PL,PH-B1-DELDIC-42147726,expected,OPENED,26-09-2026 01:11,Arvind Bansal (DNCR)
26-09-2026,26-09-2026,FMPP4298764859,KanjhawalaHub_DEL_PL,PG FASHION +918130809132,28e0966e8c6f457a,received_at_mh,North,LMA,1.00E+11,WHEELEY,Md Ali RajHussain,Motherhub_DIC,BRSNR,KanjhawalaHub_DEL_PL,PH-B6-DELDIC-42149994,expected,OPENED,26-09-2026 01:56,Arvind Bansal (DNCR)
26-09-2026,26-09-2026,FMPP4298208588,JasolaHub_DEL_PL,SB COMMUNICATION +918130961791,4a2b345365fa4732,received_at_mh,North,LMA,1.00E+11,Fastbeetle service,Ashutosh,Motherhub_DIC,BRSNR,JasolaHub_DEL_PL,PH-B4-DELDIC-42134690,expected,OPENED,25-09-2026 22:47,Arvind Bansal (DNCR)
26-09-2026,26-09-2026,FMPC6529176061,KanjhawalaHub_DEL_PL,Dream Sight Enterprises +917827789791,8d34675d9e374965,dispatched_to_mh,North,LMA,1.00E+11,#N/A,#N/A,Motherhub_DIC,BRSNR,KanjhawalaHub_DEL_PL,PH-B6-DELDIC-42154918,expected,OPENED,26-09-2026 01:53,Arvind Bansal (DNCR)
26-09-2026,26-09-2026,FMPP4297013750,JasolaHub_DEL_PL,Imperio Global Enterprises +918375051643,c7054d6c8b194fde,dispatched_to_mh,North,LMA,1.00E+11,Fastbeetle service,VikramKumar,Motherhub_DIC,BRSNR,JasolaHub_DEL_PL,PH-B4-DELDIC-42143178,expected,OPENED,25-09-2026 22:51,Arvind Bansal (DNCR)
26-09-2026,26-09-2026,FMPP4297869461,KanjhawalaHub_DEL_PL,NAZRAH TRENDZ +917292092671,faca2fbdb679478e,received_at_mh,North,LMA,1.00E+11,#N/A,#N/A,Motherhub_DIC,BRSNR,KanjhawalaHub_DEL_PL,PH-B6-DELDIC-42099396,expected,OPENED,26-09-2026 01:46,Arvind Bansal (DNCR)
26-09-2026,26-09-2026,FMPC6528094477,JasolaHub_DEL_PL,M A ENTERPRISES +917303816959,b6882422dff54ff0,received_at_mh,North,LMA,1.00E+11,Fastbeetle service,Ashutosh,Motherhub_DIC,BRSNR,JasolaHub_DEL_PL,PH-B4-DELDIC-42134690,expected,OPENED,25-09-2026 22:47,Arvind Bansal (DNCR)
26-09-2026,26-09-2026,FMPC6528463609,KanjhawalaHub_DEL_PL,WhiteRoss +919315704723,af1dc3393fb94e2d,received_at_mh,North,LMA,1.00E+11,#N/A,#N/A,Motherhub_DIC,BRSNR,KanjhawalaHub_DEL_PL,PH-B6-DELDIC-42099399,expected,OPENED,26-09-2026 01:47,Arvind Bansal (DNCR)
26-09-2026,26-09-2026,FMPC6528032231,KanjhawalaHub_DEL_PL,VIVEK INDUSTRIES +919220173156,c12551e448f249d8,received_at_mh,North,TRUEFLEX,633567,TRUEFLEX,Rajesh,Motherhub_DIC,BRSNR,KanjhawalaHub_DEL_PL,PH-B1-DELDIC-42139786,expected,OPENED,26-09-2026 02:04,Arvind Bansal (DNCR)
26-09-2026,26-09-2026,FMPC6528557995,IPextension_DEL_PL,ASIIILA ENTERPRISES +918076626667,5f02a4de20d14d70,received_at_mh,North,TRUEFLEX,594581,TRUEFLEX,AmitKumar,Motherhub_DIC,BRSNR,IPextension_DEL_PL,PH-B1-DELDIC-42092632,expected,OPENED,26-09-2026 00:29,Arvind Bansal (DNCR)
26-09-2026,26-09-2026,MYEP1137563288,JasolaHub_DEL_PL,MYE : DELHI APPARELS COMPANY DELHI PPMP 9123180559,MYE_60f1cda51fdd53174b3c4bc1243f3d66,dispatched_to_mh,North,LMA,1.00E+11,Greenteck Logistics and Mobility Pvt Ltd,Muzammilalam,Motherhub_DIC,BRSNR,JasolaHub_DEL_PL,PH-B6-DELDIC-42136783,expected,OPENED,25-09-2026 22:48,Arvind Bansal (DNCR)
26-09-2026,26-09-2026,FMPC6527624880,IPextension_DEL_PL,BAOT INTERNATIONAL +919811133758,feb58e67e43446b9,received_at_mh,North,LMA,1.00E+11,Transwide Express,ArunPatel,Motherhub_DIC,BRSNR,IPextension_DEL_PL,PH-B1-DELDIC-41955088,expected,OPENED,26-09-2026 01:28,Arvind Bansal (DNCR)
26-09-2026,26-09-2026,FMPP4297696778,JasolaHub_DEL_PL,M A ENTERPRISES +917303816959,b6882422dff54ff0,received_at_mh,North,LMA,1.00E+11,Fastbeetle service,Ashutosh,Motherhub_DIC,BRSNR,JasolaHub_DEL_PL,PH-B4-DELDIC-42134690,expected,OPENED,25-09-2026 22:47,Arvind Bansal (DNCR)
26-09-2026,26-09-2026,MYEP1137563291,JasolaHub_DEL_PL,MYE : DELHI APPARELS COMPANY DELHI PPMP 9123180559,MYE_60f1cda51fdd53174b3c4bc1243f3d66,dispatched_to_mh,North,LMA,1.00E+11,Greenteck Logistics and Mobility Pvt Ltd,Muzammilalam,Motherhub_DIC,BRSNR,JasolaHub_DEL_PL,PH-B6-DELDIC-42136783,expected,OPENED,25-09-2026 22:48,Arvind Bansal (DNCR)
26-09-2026,26-09-2026,FMPC6528386264,KanjhawalaHub_DEL_PL,ATF Creations +918076800727,f03b3c7f44b24246,received_at_mh,North,LMA,1.00E+11,#N/A,#N/A,Motherhub_DIC,BRSNR,KanjhawalaHub_DEL_PL,PH-B1-DELDIC-42145569,expected,OPENED,26-09-2026 01:48,Arvind Bansal (DNCR)
26-09-2026,26-09-2026,FMPC6528479508,KanjhawalaHub_DEL_PL,VIVEK INDUSTRIES +919220173156,c12551e448f249d8,received_at_mh,North,TRUEFLEX,633567,TRUEFLEX,Rajesh,Motherhub_DIC,BRSNR,KanjhawalaHub_DEL_PL,PH-B1-DELDIC-42139786,expected,OPENED,26-09-2026 02:04,Arvind Bansal (DNCR)
26-09-2026,26-09-2026,FMPP4295457266,KanjhawalaHub_DEL_PL,VEER COLLECTION +919910118449,3d6eaee73fce4154,dispatched_to_mh,North,LMA,1.00E+11,Fastbeetle service,GulzarHusain,Motherhub_DIC,BRSNR,KanjhawalaHub_DEL_PL,PH-B4-DELDIC-42150281,expected,OPENED,25-09-2026 23:52,Arvind Bansal (DNCR)
26-09-2026,26-09-2026,FMPC6528531564,JasolaHub_DEL_PL,M A ENTERPRISES +917303816959,b6882422dff54ff0,received_at_mh,North,LMA,1.00E+11,Fastbeetle service,Ashutosh,Motherhub_DIC,BRSNR,JasolaHub_DEL_PL,PH-B1-DELDIC-42134654,expected,OPENED,25-09-2026 22:46,Arvind Bansal (DNCR)
26-09-2026,26-09-2026,FMPP4296005180,JasolaHub_DEL_PL,INTELIGO TECHNOLOGIES +918958000844,8829c9b02b5c43fd,dispatched_to_mh,North,LMA,1.00E+11,Fastbeetle service,Ashutosh,Motherhub_DIC,BRSNR,JasolaHub_DEL_PL,PH-B6-DELDIC-42115745,expected,OPENED,25-09-2026 23:31,Arvind Bansal (DNCR)
26-09-2026,26-09-2026,FMPP4296743114,IPextension_DEL_PL,URBAN STYLE +917678697889,6ae59acea2ed45c3,received_at_mh,North,LMA,1.00E+11,We Innovate Business Solutions Pvt Ltd,Vijay KumarSharma,Motherhub_DIC,BRSNR,IPextension_DEL_PL,PH-B6-DELDIC-40617991,expected,OPENED,26-09-2026 00:24,Arvind Bansal (DNCR)
26-09-2026,26-09-2026,FMPP4297442613,KanjhawalaHub_DEL_PL,WIN WORLD HANDLOOM +919313539595,c26da801f7ac4120,dispatched_to_mh,North,LMA,1.00E+11,Fastbeetle service,AvinashKumar,Motherhub_DIC,BRSNR,KanjhawalaHub_DEL_PL,PH-B6-DELDIC-42107591,expected,OPENED,26-09-2026 01:41,Arvind Bansal (DNCR)
26-09-2026,26-09-2026,MYEP1137500316,JasolaHub_DEL_PL,MYE : DELHI APPARELS COMPANY DELHI PPMP 9123180559,MYE_60f1cda51fdd53174b3c4bc1243f3d66,dispatched_to_mh,North,LMA,1.00E+11,Greenteck Logistics and Mobility Pvt Ltd,Muzammilalam,Motherhub_DIC,BRSNR,JasolaHub_DEL_PL,PH-B1-DELDIC-42136643,expected,OPENED,25-09-2026 22:47,Arvind Bansal (DNCR)
26-09-2026,26-09-2026,MYEP1137532929,JasolaHub_DEL_PL,MYE : Jack And Jones Delhi Pacific Mall Jasola Omni 8700892005,MYE_572a393b11d299d8ef6f7e09d6a19981,dispatched_to_mh,North,TRUEFLEX,4380874,TRUEFLEX,#N/A,Motherhub_DIC,BRSNR,JasolaHub_DEL_PL,PH-B1-DELDIC-42110743,expected,OPENED,25-09-2026 23:33,Arvind Bansal (DNCR)
26-09-2026,26-09-2026,FMPC6529295295,JasolaHub_DEL_PL,SB COMMUNICATION +918130961791,4a2b345365fa4732,received_at_mh,North,LMA,1.00E+11,Fastbeetle service,Ashutosh,Motherhub_DIC,BRSNR,JasolaHub_DEL_PL,PH-B1-DELDIC-42134654,expected,OPENED,25-09-2026 22:46,Arvind Bansal (DNCR)
26-09-2026,26-09-2026,FMPP4297969006,KanjhawalaHub_DEL_PL,SPHERIO BAGS +918368499638,40404f04152547ab,dispatched_to_mh,North,LMA,1.00E+11,#N/A,#N/A,Motherhub_DIC,BRSNR,KanjhawalaHub_DEL_PL,PH-B4-DELDIC-42153360,expected,OPENED,26-09-2026 01:53,Arvind Bansal (DNCR)
26-09-2026,26-09-2026,FMPC6525218409,KanjhawalaHub_DEL_PL,LUJAFUHL INTERNATIONAL +917303896346,32c13ba2237547ce,received_at_mh,North,LMA,1.00E+11,#N/A,#N/A,Motherhub_DIC,BRSNR,KanjhawalaHub_DEL_PL,PH-B6-BELDFC-02153423,expected,OPENED,26-09-2026 06:00,Arvind Bansal (DNCR)
26-09-2026,26-09-2026,FMPC6529273248,KanjhawalaHub_DEL_PL,VIVEK INDUSTRIES +919220173156,c12551e448f249d8,received_at_mh,North,TRUEFLEX,633567,TRUEFLEX,Rajesh,Motherhub_DIC,BRSNR,KanjhawalaHub_DEL_PL,PH-B4-DELDIC-42139802,expected,OPENED,26-09-2026 02:04,Arvind Bansal (DNCR)
26-09-2026,26-09-2026,FMPP4298339161,MangolpuriHub_DEL_PL,ALWAYS ORGANICS +919582035149,f29fddafd1b04ba2,received_at_mh,North,TRUEFLEX,708056,TRUEFLEX,SamimAkhtar,Motherhub_DIC,BRSNR,MangolpuriHub_DEL_PL,PH-B6-DELDIC-41410367,expected,OPENED,25-09-2026 21:30,Arvind Bansal (DNCR)
26-09-2026,26-09-2026,FMPP4297017383,MangolpuriHub_DEL_PL,Macro Enterprises +918882661038,d86eb4a624454f34,dispatched_to_mh,North,TRUEFLEX,749416,TRUEFLEX,SachinHarijan,Motherhub_DIC,BRSNR,MangolpuriHub_DEL_PL,PH-B6-DELDIC-41704696,expected,OPENED,25-09-2026 21:35,Arvind Bansal (DNCR)
26-09-2026,26-09-2026,FMPC6528492185,MangolpuriHub_DEL_PL,VP ENTERPRISES +919911215223,190b8d0917004de8,received_at_mh,North,TRUEFLEX,708056,TRUEFLEX,SamimAkhtar,Motherhub_DIC,BRSNR,MangolpuriHub_DEL_PL,PH-B4-DELDIC-41704687,expected,OPENED,25-09-2026 21:30,Arvind Bansal (DNCR)
26-09-2026,26-09-2026,FMPC6529351996,MangolpuriHub_DEL_PL,MICRO INDUSTRIAL CORPORATION 9599599537,xp4dmcf99imkv5p8,dispatched_to_mh,North,LMA,1.00E+11,KDKN LOGISTICS SERVICES PVT LTD,AnkitKumar,Motherhub_DIC,BRSNR,MangolpuriHub_DEL_PL,PH-B4-DELDIC-41443475,expected,OPENED,26-09-2026 00:18,Arvind Bansal (DNCR)
26-09-2026,26-09-2026,FMPC6528111873,MangolpuriHub_DEL_PL,AMIT SHOES PVT. LTD. 9811822221,669263fdcebe4aab,received_at_mh,North,LMA,1.00E+11,SHIFTWAY LOGISTICS PVT LTD,Aman,Motherhub_DIC,BRSNR,MangolpuriHub_DEL_PL,PH-B6-DELDIC-42145096,expected,OPENED,25-09-2026 19:00,Arvind Bansal (DNCR)
26-09-2026,26-09-2026,FMPP4297388010,MangolpuriHub_DEL_PL,SHRI RADHE AUTO +917011947911,48457bff0fb34652,received_at_mh,North,LMA,1.00E+11,SHIFTWAY LOGISTICS PVT LTD,KUNAL,Motherhub_DIC,BRSNR,MangolpuriHub_DEL_PL,PH-B4-DELDIC-42144877,expected,OPENED,25-09-2026 21:37,Arvind Bansal (DNCR)
26-09-2026,26-09-2026,SMVC1000264054,MangolpuriHub_DEL_PL,SMV : Healing Root New 8929819767,SMV_d3ce1f4afbf8ba879c1804cae0311c14,received_at_mh,North,TRUEFLEX,827366,TRUEFLEX,SurajSingh,Motherhub_DIC,BRSNR,MangolpuriHub_DEL_PL,PH-B1-DELDIC-42137018,expected,OPENED,25-09-2026 21:27,Arvind Bansal (DNCR)
26-09-2026,26-09-2026,FMPC6529279976,MangolpuriHub_DEL_PL,QUALITY COMPLIANCE +919315575151,4e0d6e035cb54b52,received_at_mh,North,TRUEFLEX,593395,TRUEFLEX,Satpal,Motherhub_DIC,BRSNR,MangolpuriHub_DEL_PL,PH-B6-DELDIC-42140776,expected,OPENED,26-09-2026 00:18,Arvind Bansal (DNCR)
26-09-2026,26-09-2026,FMPC6529834736,MangolpuriHub_DEL_PL,ULFAT ENTERPRISES +919123242957,7d2ddda597174a83,received_at_mh,North,LMA,1.00E+11,KDKN LOGISTICS SERVICES PVT LTD,KamalKant,Motherhub_DIC,BRSNR,MangolpuriHub_DEL_PL,PH-B4-DELDIC-42140115,expected,OPENED,25-09-2026 19:19,Arvind Bansal (DNCR)
26-09-2026,26-09-2026,FMPP4297190638,Motibaghhub_DEL_PL,Divine souvenirs +918595686992,c7a17b83c16c430c,dispatched_to_mh,North,LMA,1.00E+11,#N/A,#N/A,Motherhub_DIC,BRSNR,Motibaghhub_DEL_PL,PH-B6-DELDIC-42146033,expected,OPENED,25-09-2026 22:32,Arvind Bansal (DNCR)
26-09-2026,26-09-2026,FMPC6528326262,Motibaghhub_DEL_PL,K TRADERS +919310747067,b134b2f9bef541f1,received_at_mh,North,TRUEFLEX,981845,TRUEFLEX,#N/A,Motherhub_DIC,BRSNR,Motibaghhub_DEL_PL,PH-B1-DELDIC-42086183,expected,OPENED,25-09-2026 22:34,Arvind Bansal (DNCR)
26-09-2026,26-09-2026,FMPC6527988751,Motibaghhub_DEL_PL,K G CREATIONS +919289219097,37805acef3764d98,dispatched_to_mh,North,LMA,1.00E+11,#N/A,#N/A,Motherhub_DIC,BRSNR,Motibaghhub_DEL_PL,PH-B1-DELDIC-42121764,expected,OPENED,25-09-2026 23:46,Arvind Bansal (DNCR)
26-09-2026,26-09-2026,FMPC6526939725,NehruPlaceHub_DEL_PL,Metro Fashion +919289798103,f38eb03f92774453,dispatched_to_mh,North,TRUEFLEX,592273,TRUEFLEX,Jetendra KumarSah,Motherhub_DIC,BRSNR,NehruPlaceHub_DEL_PL,PH-B1-DELDIC-42086728,expected,OPENED,26-09-2026 00:51,Arvind Bansal (DNCR)
26-09-2026,26-09-2026,FMPP4296348632,PaharganjHub_DEL_PL,UNIVERSAL BOOK STORE +919910205129,3738e6290ef44727,dispatched_to_mh,North,LMA,1.00E+11,Fastbeetle service,AnkitKumar,Motherhub_DIC,BRSNR,PaharganjHub_DEL_PL,PH-B1-DELDIC-42131134,expected,OPENED,26-09-2026 00:20,Arvind Bansal (DNCR)
26-09-2026,26-09-2026,FMPP4298317443,Motibaghhub_DEL_PL,KHALSA ENGINEERING WORKS +919818928556,b84a14e289474c8d,received_at_mh,North,LMA,1.00E+11,Greenteck Logistics and Mobility Pvt Ltd,Vikas,Motherhub_DIC,BRSNR,Motibaghhub_DEL_PL,PH-B4-DELDIC-42091222,expected,OPENED,25-09-2026 22:16,Arvind Bansal (DNCR)
26-09-2026,26-09-2026,FMPP4297941857,Motibaghhub_DEL_PL,Hitesh Enterprises +917011355439,8ccb27a0f28a4378,dispatched_to_mh,North,LMA,1.00E+11,#N/A,#N/A,Motherhub_DIC,BRSNR,Motibaghhub_DEL_PL,PH-B1-DELDIC-42043171,expected,OPENED,25-09-2026 22:17,Arvind Bansal (DNCR)
26-09-2026,26-09-2026,FMPC6528751211,NehruPlaceHub_DEL_PL,Allied Electronics and Magnetics Private Limited +919810990187,mmmp46oqdnx276jb,received_at_mh,North,TRUEFLEX,680280,TRUEFLEX,DharmendraYadav,Motherhub_DIC,BRSNR,NehruPlaceHub_DEL_PL,PH-B4-DELDIC-42027217,expected,OPENED,26-09-2026 00:18,Arvind Bansal (DNCR)
26-09-2026,26-09-2026,FMPC6529581239,NajafgarhHub_DEL_PL,KUNAL ENTERPRISES +919999623883,b28ff5117e964920,dispatched_to_mh,North,LMA,1.00E+11,Fastbeetle service,SHARADYadav,Motherhub_DIC,BRSNR,NajafgarhHub_DEL_PL,PH-B6-DELDIC-42131453,expected,OPENED,25-09-2026 22:54,Arvind Bansal (DNCR)
26-09-2026,26-09-2026,FMPC6527306760,Motibaghhub_DEL_PL,SHRI BANKEY BIHARI JEWELLERS +919354310942,726990a5dc72460e,dispatched_to_mh,North,LMA,1.00E+11,#N/A,#N/A,Motherhub_DIC,BRSNR,Motibaghhub_DEL_PL,PH-B6-DELDIC-42146033,expected,OPENED,25-09-2026 22:32,Arvind Bansal (DNCR)
26-09-2026,26-09-2026,FMPP4296975743,Motibaghhub_DEL_PL,VELOCITY MARKETING +917011824340,010ce42e546b458e,dispatched_to_mh,North,LMA,1.00E+11,#N/A,#N/A,Motherhub_DIC,BRSNR,Motibaghhub_DEL_PL,PH-B6-DELDIC-42123687,expected,OPENED,25-09-2026 20:44,Arvind Bansal (DNCR)
26-09-2026,26-09-2026,MYEC1117475737,PaharganjHub_DEL_PL,MYE : NEW A2Z PURSE-delhi_PPMP_APSW 9354238657,MYE_9a2256165b398ae4a1fbc9956e0612b4,dispatched_to_mh,North,TRUEFLEX,924054,TRUEFLEX,Nitin,Motherhub_DIC,BRSNR,PaharganjHub_DEL_PL,PH-B6-DELDIC-42170012,expected,OPENED,26-09-2026 00:16,Arvind Bansal (DNCR)
26-09-2026,26-09-2026,FMPP4298652643,NehruPlaceHub_DEL_PL,SYS ONLINE STORE +919711877772,c3758f32641b47dc,received_at_mh,North,TRUEFLEX,798046,TRUEFLEX,VikeshKaneriya,Motherhub_DIC,BRSNR,NehruPlaceHub_DEL_PL,PH-B6-DELDIC-39162556,expected,OPENED,26-09-2026 00:21,Arvind Bansal (DNCR)
26-09-2026,26-09-2026,FMPP4297621049,Motibaghhub_DEL_PL,Krishna Enterprises +919319778485,0719333c59d3416b,received_at_mh,North,LMA,1.00E+11,We Innovate Business Solutions Pvt Ltd,Abhishek,Motherhub_DIC,BRSNR,Motibaghhub_DEL_PL,PH-B6-DELDIC-42130461,expected,OPENED,25-09-2026 20:50,Arvind Bansal (DNCR)
26-09-2026,26-09-2026,FMPC6529322134,NajafgarhHub_DEL_PL,Difoxy Enterprises +918882272945,4c12909f44cb410a,received_at_mh,North,LMA,1.00E+11,Sitics,AbhoiRai,Motherhub_DIC,BRSNR,NajafgarhHub_DEL_PL,PH-B1-DELDIC-42126393,expected,OPENED,25-09-2026 23:14,Arvind Bansal (DNCR)
26-09-2026,26-09-2026,FMPP4296664939,NehruPlaceHub_DEL_PL,ONMAS +919310827950,91097f462229494a,dispatched_to_mh,North,LMA,2195651,#N/A,#N/A,Motherhub_DIC,BRSNR,NehruPlaceHub_DEL_PL,PH-B1-DELDIC-42092072,expected,OPENED,26-09-2026 00:47,Arvind Bansal (DNCR)
26-09-2026,26-09-2026,FMPC6528354400,NajafgarhHub_DEL_PL,VERVANT CREATION +918585935459,8655cbf9a76e4593,received_at_mh,North,LMA,1.00E+11,Sitics,Mukund KumarMishra,Motherhub_DIC,BRSNR,NajafgarhHub_DEL_PL,PH-B1-DELDIC-42128843,expected,OPENED,25-09-2026 23:15,Arvind Bansal (DNCR)
26-09-2026,26-09-2026,FMPC6527298825,MundkaHub_DEL_PL,jk marketing +919555197157,609c519eb6444c4f,dispatched_to_mh,North,LMA,1.00E+11,#N/A,#N/A,Motherhub_DIC,BRSNR,MundkaHub_DEL_PL,PH-B4-DELDIC-42146585,expected,OPENED,25-09-2026 23:07,Arvind Bansal (DNCR)
26-09-2026,26-09-2026,FMPP4297860479,NehruPlaceHub_DEL_PL,Allied Electronics and Magnetics Private Limited +919810990187,mmmp46oqdnx276jb,received_at_mh,North,TRUEFLEX,680280,TRUEFLEX,DharmendraYadav,Motherhub_DIC,BRSNR,NehruPlaceHub_DEL_PL,PH-B4-DELDIC-42027217,expected,OPENED,26-09-2026 00:18,Arvind Bansal (DNCR)
26-09-2026,26-09-2026,FMPC6529696831,MundkaHub_DEL_PL,MAHADEV TRADERS +918800425838,c5ed533d2c0f4b2e,received_at_mh,North,LMA,1.00E+11,Watsoo,AnilKumar,Motherhub_DIC,BRSNR,MundkaHub_DEL_PL,PH-B1-DELDIC-41767726,expected,OPENED,25-09-2026 23:15,Arvind Bansal (DNCR)
26-09-2026,26-09-2026,FMPP4297430811,MundkaHub_DEL_PL,SUPER MATTERESS CO. +919711676522,9af80406a0274489,dispatched_to_mh,North,LMA,1.00E+11,Transwide Express,NoorMohammad,Motherhub_DIC,BRSNR,MundkaHub_DEL_PL,PH-B4-DELDIC-42156504,expected,OPENED,26-09-2026 00:05,Arvind Bansal (DNCR)
26-09-2026,26-09-2026,MYEP1137475661,NajafgarhHub_DEL_PL,MYE : Rene Traders-delhi_PPMP_TMEA 8802789998,MYE_087bcb2e23eda2ec7b114ac210ff1bc2,received_at_mh,North,LMA,1.00E+11,Sitics,AbhoiRai,Motherhub_DIC,BRSNR,NajafgarhHub_DEL_PL,PH-B1-DELDIC-42124686,expected,OPENED,25-09-2026 23:02,Arvind Bansal (DNCR)
26-09-2026,26-09-2026,FMPC6529801611,Motibaghhub_DEL_PL,RKTRADUS +919891994481,710eeb0438a0446e,received_at_mh,North,LMA,1.00E+11,WERCATALYST VENTURES PVT LTD,MOHIT,Motherhub_DIC,BRSNR,Motibaghhub_DEL_PL,PH-B1-DELDIC-42084256,expected,OPENED,25-09-2026 22:32,Arvind Bansal (DNCR)
26-09-2026,26-09-2026,FMPC6529308981,Motibaghhub_DEL_PL,MADHAV ENTERPRISES +919811520553,27cda37d36fa426c,received_at_mh,North,LMA,1.00E+11,#N/A,#N/A,Motherhub_DIC,BRSNR,Motibaghhub_DEL_PL,PH-B6-DELDIC-42133523,expected,OPENED,25-09-2026 22:26,Arvind Bansal (DNCR)
26-09-2026,26-09-2026,FMPP4298569584,NehruPlaceHub_DEL_PL,FLORIDA BEAUTY LABS PRIVATE LIMITED +919311448477,fd1ba10b6e154597,dispatched_to_mh,North,LMA,1.00E+11,Sitics,Prathmesh SunilVasave,Motherhub_DIC,BRSNR,NehruPlaceHub_DEL_PL,PH-B1-DELDIC-42039820,expected,OPENED,26-09-2026 00:47,Arvind Bansal (DNCR)
26-09-2026,26-09-2026,FMPP4297450204,Motibaghhub_DEL_PL,Hitesh Enterprises +917011355439,8ccb27a0f28a4378,dispatched_to_mh,North,LMA,1.00E+11,#N/A,#N/A,Motherhub_DIC,BRSNR,Motibaghhub_DEL_PL,PH-B6-DELDIC-42131967,expected,OPENED,25-09-2026 22:17,Arvind Bansal (DNCR)
26-09-2026,26-09-2026,FMPC6529385165,MundkaHub_DEL_PL,AMIT SHOES PVT. LTD. 9811822221,669263fdcebe4aab,received_at_mh,North,TRUEFLEX,758608,TRUEFLEX,Avnish,Motherhub_DIC,BRSNR,MundkaHub_DEL_PL,PH-B4-DELDIC-42155169,expected,OPENED,25-09-2026 23:02,Arvind Bansal (DNCR)
26-09-2026,26-09-2026,MYEP1137540347,Motibaghhub_DEL_PL,MYE : SHOE LAB-delhi_PPMP_PLMS 9810036175,MYE_cc78a94448b04f50a5060dd0d9a376f8,dispatched_to_mh,North,TRUEFLEX,981845,TRUEFLEX,#N/A,Motherhub_DIC,BRSNR,Motibaghhub_DEL_PL,PH-B1-DELDIC-41606930,expected,OPENED,25-09-2026 22:18,Arvind Bansal (DNCR)
26-09-2026,26-09-2026,FMPP4297796139,PaharganjHub_DEL_PL,UNIVERSAL BOOK STORE +919910205129,3738e6290ef44727,dispatched_to_mh,North,LMA,1.00E+11,#N/A,#N/A,Motherhub_DIC,BRSNR,PaharganjHub_DEL_PL,PH-B6-DELDIC-42131828,expected,OPENED,26-09-2026 00:20,Arvind Bansal (DNCR)
26-09-2026,26-09-2026,FMPC6529202563,MundkaHub_DEL_PL,NUTS DELISH PRIVATE LIMITED 8076377692,1913d3fb00b741b3,received_at_mh,North,TRUEFLEX,985603,TRUEFLEX,#N/A,Motherhub_DIC,BRSNR,MundkaHub_DEL_PL,PH-B6-DELDIC-42151109,expected,OPENED,25-09-2026 20:49,Arvind Bansal (DNCR)
26-09-2026,26-09-2026,FMPC6529634807,PaharganjHub_DEL_PL,RISAN +919136840449,b47385b38ed04ff2,received_at_mh,North,LMA,1.00E+11,We Innovate Business Solutions Pvt Ltd,RahulKumar,Motherhub_DIC,BRSNR,PaharganjHub_DEL_PL,PH-B4-DELDIC-42036274,expected,OPENED,26-09-2026 00:17,Arvind Bansal (DNCR)
26-09-2026,26-09-2026,FMPC6527972936,Motibaghhub_DEL_PL,SHOPBUCKET +919999030008,8b0c205cb3be407e,received_at_mh,North,LMA,1.00E+11,#N/A,#N/A,Motherhub_DIC,BRSNR,Motibaghhub_DEL_PL,PH-B6-DELDIC-42121853,expected,OPENED,25-09-2026 23:52,Arvind Bansal (DNCR)
26-09-2026,26-09-2026,FMPP4298618865,MundkaHub_DEL_PL,MAHADEV TRADERS +918800425838,c5ed533d2c0f4b2e,received_at_mh,North,LMA,1.00E+11,Watsoo,AnilKumar,Motherhub_DIC,BRSNR,MundkaHub_DEL_PL,PH-B4-DELDIC-41414278,expected,OPENED,25-09-2026 23:12,Arvind Bansal (DNCR)
26-09-2026,26-09-2026,FMPC6529399819,Motibaghhub_DEL_PL,Dthakar Online Enterprises +919891807082,95b40f58b3434a90,dispatched_to_mh,North,LMA,1.00E+11,#N/A,#N/A,Motherhub_DIC,BRSNR,Motibaghhub_DEL_PL,PH-B6-DELDIC-42000750,expected,OPENED,25-09-2026 22:32,Arvind Bansal (DNCR)
26-09-2026,26-09-2026,FMPP4297145837,Motibaghhub_DEL_PL,Hitesh Enterprises +917011355439,8ccb27a0f28a4378,dispatched_to_mh,North,LMA,1.00E+11,#N/A,#N/A,Motherhub_DIC,BRSNR,Motibaghhub_DEL_PL,PH-B4-DELDIC-41852297,expected,OPENED,25-09-2026 22:15,Arvind Bansal (DNCR)
26-09-2026,26-09-2026,FMPC6528527746,PaharganjHub_DEL_PL,UNIVERSAL BOOK STORE +919910205129,3738e6290ef44727,dispatched_to_mh,North,LMA,1.00E+11,#N/A,#N/A,Motherhub_DIC,BRSNR,PaharganjHub_DEL_PL,PH-B6-DELDIC-42131828,expected,OPENED,26-09-2026 00:20,Arvind Bansal (DNCR)
26-09-2026,26-09-2026,FMPC6527795397,NehruPlaceHub_DEL_PL,S P FASHION +919614003395,941e7a3e3f2642c4,dispatched_to_mh,North,LMA,1.00E+11,#N/A,#N/A,Motherhub_DIC,BRSNR,NehruPlaceHub_DEL_PL,PH-B6-DELDIC-42090866,expected,OPENED,26-09-2026 00:19,Arvind Bansal (DNCR)
26-09-2026,26-09-2026,FMPC6527765882,PaharganjHub_DEL_PL,UNIVERSAL BOOK STORE +919910205129,3738e6290ef44727,dispatched_to_mh,North,LMA,1.00E+11,#N/A,#N/A,Motherhub_DIC,BRSNR,PaharganjHub_DEL_PL,PH-B1-DELDIC-42131134,expected,OPENED,26-09-2026 00:20,Arvind Bansal (DNCR)
26-09-2026,26-09-2026,FMPC6528068720,Motibaghhub_DEL_PL,KHALSA ENGINEERING WORKS +919818928556,b84a14e289474c8d,dispatched_to_mh,North,LMA,1.00E+11,Greenteck Logistics and Mobility Pvt Ltd,Vikas,Motherhub_DIC,BRSNR,Motibaghhub_DEL_PL,PH-B6-DELDIC-42091226,expected,OPENED,25-09-2026 22:17,Arvind Bansal (DNCR)
26-09-2026,26-09-2026,FMPP4281506993,NajafgarhHub_DEL_PL,SHREE TULSI ENTERPRISES +919311255427,7bc4f1590b504758,dispatched_to_mh,North,LMA,1.00E+11,Sitics,AbhoiRai,Motherhub_DIC,BRSNR,NajafgarhHub_DEL_PL,PH-B1-DELDIC-42124686,expected,OPENED,25-09-2026 23:02,Arvind Bansal (DNCR)
26-09-2026,26-09-2026,FMPP4295726921,Motibaghhub_DEL_PL,PINNAQ SPICES AND NUTS +918383980947,575511b8122a4e85,received_at_mh,North,LMA,1.00E+11,WERCATALYST VENTURES PVT LTD,MOHIT,Motherhub_DIC,BRSNR,Motibaghhub_DEL_PL,PH-B4-DELDIC-41461833,expected,OPENED,25-09-2026 22:23,Arvind Bansal (DNCR)
26-09-2026,26-09-2026,FMPP4298340862,NajafgarhHub_DEL_PL,Royal international 9814181255,a63b10ab81eb4e88,received_at_mh,North,LMA,1.00E+11,Sitics,Mukund KumarMishra,Motherhub_DIC,BRSNR,NajafgarhHub_DEL_PL,PH-B4-DELDIC-42140997,expected,OPENED,25-09-2026 23:15,Arvind Bansal (DNCR)
26-09-2026,26-09-2026,FMPC6527456314,Motibaghhub_DEL_PL,Hitesh Enterprises +917011355439,8ccb27a0f28a4378,dispatched_to_mh,North,LMA,1.00E+11,#N/A,#N/A,Motherhub_DIC,BRSNR,Motibaghhub_DEL_PL,PH-B6-DELDIC-42131967,expected,OPENED,25-09-2026 22:17,Arvind Bansal (DNCR)
26-09-2026,26-09-2026,FMPP4297612369,MundkaHub_DEL_PL,MOFNA INDUSTRIES PRIVATE LIMITED +919999623610,c31f10acd85144dd,dispatched_to_mh,North,LMA,1.00E+11,Transwide Express,Pawan,Motherhub_DIC,Mixbagging,MundkaHub_DEL_PL,PH-B6-DELDIC-42142111,expected,OPENED,25-09-2026 20:42,Arvind Bansal (DNCR)
26-09-2026,26-09-2026,FMPP4298388378,MundkaHub_DEL_PL,NUTS DELISH PRIVATE LIMITED 8076377692,1913d3fb00b741b3,dispatched_to_mh,North,TRUEFLEX,985603,TRUEFLEX,#N/A,Motherhub_DIC,BRSNR,MundkaHub_DEL_PL,PH-B1-DELDIC-42151029,expected,OPENED,25-09-2026 20:50,Arvind Bansal (DNCR)
26-09-2026,26-09-2026,FMPP4298291209,Motibaghhub_DEL_PL,PINNAQ SPICES AND NUTS +918383980947,575511b8122a4e85,received_at_mh,North,LMA,1.00E+11,WERCATALYST VENTURES PVT LTD,MOHIT,Motherhub_DIC,BRSNR,Motibaghhub_DEL_PL,PH-B1-DELDIC-41957323,expected,OPENED,25-09-2026 22:30,Arvind Bansal (DNCR)
26-09-2026,26-09-2026,FMPP4298366088,Motibaghhub_DEL_PL,Realtime Logistics +919818446816,6c6b9d2cb2e14ca9,received_at_mh,North,TRUEFLEX,981845,TRUEFLEX,#N/A,Motherhub_DIC,BRSNR,Motibaghhub_DEL_PL,PH-B1-DELDIC-42129372,expected,OPENED,25-09-2026 22:35,Arvind Bansal (DNCR)
26-09-2026,26-09-2026,FMPP4297343013,MundkaHub_DEL_PL,NUTS DELISH PRIVATE LIMITED 8076377692,1913d3fb00b741b3,dispatched_to_mh,North,TRUEFLEX,985603,TRUEFLEX,#N/A,Motherhub_DIC,BRSNR,MundkaHub_DEL_PL,PH-B6-DELDIC-42151109,expected,OPENED,25-09-2026 20:49,Arvind Bansal (DNCR)
26-09-2026,26-09-2026,FMPC6529568560,Motibaghhub_DEL_PL,IRC INNOVATIONS +919266514999,57302e0018d543b4,received_at_mh,North,TRUEFLEX,725822,TRUEFLEX,ROHITGUPTA,Motherhub_DIC,BRSNR,Motibaghhub_DEL_PL,PH-B4-DELDIC-41667491,expected,OPENED,25-09-2026 22:32,Arvind Bansal (DNCR)
26-09-2026,26-09-2026,FMPC6527097664,NajafgarhHub_DEL_PL,JMD ABHAVYA +918766279124,dd16f27fe25f4f73,received_at_mh,North,TRUEFLEX,590366,TRUEFLEX,RahulSharma,Motherhub_DIC,BRSNR,NajafgarhHub_DEL_PL,PH-B1-DELDIC-42104136,expected,OPENED,25-09-2026 23:09,Arvind Bansal (DNCR)
26-09-2026,26-09-2026,FMPC6528598333,NehruPlaceHub_DEL_PL,Geeta International +916398350348,6a1d1dee31264bca,received_at_mh,North,TRUEFLEX,798046,TRUEFLEX,VikeshKaneriya,Motherhub_DIC,BRSNR,NehruPlaceHub_DEL_PL,PH-B6-DELDIC-42035457,expected,OPENED,26-09-2026 00:21,Arvind Bansal (DNCR)
26-09-2026,26-09-2026,FMPP4297759778,Motibaghhub_DEL_PL,SABIRAT E CREATIONS +918860577403,7cc66aa6b6a94344,dispatched_to_mh,North,TRUEFLEX,981845,TRUEFLEX,#N/A,Motherhub_DIC,BRSNR,Motibaghhub_DEL_PL,PH-B6-DELDIC-41806204,expected,OPENED,25-09-2026 22:33,Arvind Bansal (DNCR)
26-09-2026,26-09-2026,FMPC6529749085,Motibaghhub_DEL_PL,Hitesh Enterprises +917011355439,8ccb27a0f28a4378,dispatched_to_mh,North,LMA,1.00E+11,#N/A,#N/A,Motherhub_DIC,BRSNR,Motibaghhub_DEL_PL,PH-B1-DELDIC-42043171,expected,OPENED,25-09-2026 22:17,Arvind Bansal (DNCR)
26-09-2026,26-09-2026,FMPC6529764631,Motibaghhub_DEL_PL,Hitesh Enterprises +917011355439,8ccb27a0f28a4378,dispatched_to_mh,North,LMA,1.00E+11,#N/A,#N/A,Motherhub_DIC,BRSNR,Motibaghhub_DEL_PL,PH-B1-DELDIC-42043171,expected,OPENED,25-09-2026 22:17,Arvind Bansal (DNCR)
26-09-2026,26-09-2026,SRSC0763106804,PaharganjHub_DEL_PL,SRS : RX Karol Bagh Delhi 7982290871,SRS_0cb583684f6c888318350c204a323cc2,dispatched_to_mh,North,TRUEFLEX,590407,TRUEFLEX,SunilKumar,Motherhub_DIC,BRSNR,PaharganjHub_DEL_PL,PH-B4-DELDIC-41807712,expected,OPENED,26-09-2026 00:58,Arvind Bansal (DNCR)
26-09-2026,26-09-2026,FMPC6529711208,Motibaghhub_DEL_PL,Hitesh Enterprises +917011355439,8ccb27a0f28a4378,dispatched_to_mh,North,LMA,1.00E+11,#N/A,#N/A,Motherhub_DIC,BRSNR,Motibaghhub_DEL_PL,PH-B6-DELDIC-42131967,expected,OPENED,25-09-2026 22:17,Arvind Bansal (DNCR)
26-09-2026,26-09-2026,MYEC1120376734,Motibaghhub_DEL_PL,MYE : Himalaya New Delhi Vikaspuri Omni 9953851618,MYE_e4e1417c71680b7957d864f9b59c28b6,dispatched_to_mh,North,LMA,1.00E+11,Loadshare,Raj,Motherhub_DIC,BRSNR,Motibaghhub_DEL_PL,PH-B6-DELDIC-42121865,expected,OPENED,25-09-2026 23:42,Arvind Bansal (DNCR)
26-09-2026,26-09-2026,FMPC6528990377,NehruPlaceHub_DEL_PL,Geeta International +916398350348,6a1d1dee31264bca,received_at_mh,North,TRUEFLEX,798046,TRUEFLEX,VikeshKaneriya,Motherhub_DIC,BRSNR,NehruPlaceHub_DEL_PL,PH-B1-DELDIC-42034937,expected,OPENED,26-09-2026 00:24,Arvind Bansal (DNCR)
26-09-2026,26-09-2026,MYEP1137559485,Motibaghhub_DEL_PL,MYE : Himalaya New Delhi Vikaspuri Omni 9953851618,MYE_e4e1417c71680b7957d864f9b59c28b6,dispatched_to_mh,North,LMA,1.00E+11,#N/A,#N/A,Motherhub_DIC,BRSNR,Motibaghhub_DEL_PL,PH-B6-DELDIC-42121865,expected,OPENED,25-09-2026 23:42,Arvind Bansal (DNCR)
26-09-2026,26-09-2026,FMPC6527501196,Motibaghhub_DEL_PL,Xentro Enterprises +918510969208,90dad5196bb64422,dispatched_to_mh,North,LMA,1.00E+11,Greenteck Logistics and Mobility Pvt Ltd,Vikas,Motherhub_DIC,BRSNR,Motibaghhub_DEL_PL,PH-B6-DELDIC-42091226,expected,OPENED,25-09-2026 22:17,Arvind Bansal (DNCR)
26-09-2026,26-09-2026,FMPC6525902869,PaharganjHub_DEL_PL,National Paint House +919953256165,7b7f122a142c4aab,dispatched_to_mh,North,LMA,1.00E+11,RAMEZO ENTERPRISES,RahulKumar,Motherhub_DIC,BRSNR,PaharganjHub_DEL_PL,PH-B1-DELDIC-42121998,expected,OPENED,26-09-2026 00:59,Arvind Bansal (DNCR)
26-09-2026,26-09-2026,FMPP4297436774,Motibaghhub_DEL_PL,Vishnu Versa Enterprises +919971401438,7e82d0282c1b4156,received_at_mh,North,LMA,1.00E+11,#N/A,#N/A,Motherhub_DIC,BRSNR,Motibaghhub_DEL_PL,PH-B1-DELDIC-42133863,expected,OPENED,25-09-2026 22:26,Arvind Bansal (DNCR)
26-09-2026,26-09-2026,FMPC6529420861,NehruPlaceHub_DEL_PL,Vacotta Design +919667933191,d54a17a8d7f94756,received_at_mh,North,TRUEFLEX,908487,TRUEFLEX,MdArman,Motherhub_DIC,BRSNR,NehruPlaceHub_DEL_PL,PH-B6-DELDIC-42143219,expected,OPENED,26-09-2026 00:20,Arvind Bansal (DNCR)
26-09-2026,26-09-2026,FMPP4297885341,Motibaghhub_DEL_PL,Arneja Manufacturing and Trading Co. +919999494988,c6db1a05f4c54228,dispatched_to_mh,North,TRUEFLEX,981845,TRUEFLEX,#N/A,Motherhub_DIC,BRSNR,Motibaghhub_DEL_PL,PH-B4-DELDIC-40176055,expected,OPENED,25-09-2026 20:50,Arvind Bansal (DNCR)
26-09-2026,26-09-2026,FMPC6529384994,MundkaHub_DEL_PL,AMIT SHOES PVT. LTD. 9811822221,669263fdcebe4aab,received_at_mh,North,TRUEFLEX,758608,TRUEFLEX,Avnish,Motherhub_DIC,BRSNR,MundkaHub_DEL_PL,PH-B4-DELDIC-42155169,expected,OPENED,25-09-2026 23:02,Arvind Bansal (DNCR)
26-09-2026,26-09-2026,FMPC6523519893,Motibaghhub_DEL_PL,Pankaj payal garments +917453908251,a7e5ba39816945ac,dispatched_to_mh,North,LMA,1.00E+11,Greenteck Logistics and Mobility Pvt Ltd,Vikas,Motherhub_DIC,BRSNR,Motibaghhub_DEL_PL,PH-B4-DELDIC-42091222,expected,OPENED,25-09-2026 22:16,Arvind Bansal (DNCR)
26-09-2026,26-09-2026,MYEP1134445974,PaharganjHub_DEL_PL,MYE : NEW A2Z PURSE-delhi_PPMP_APSW 9354238657,MYE_9a2256165b398ae4a1fbc9956e0612b4,dispatched_to_mh,North,TRUEFLEX,924054,TRUEFLEX,Nitin,Motherhub_DIC,BRSNR,PaharganjHub_DEL_PL,PH-B4-DELDIC-42167835,expected,OPENED,26-09-2026 00:16,Arvind Bansal (DNCR)
26-09-2026,26-09-2026,FMPC6528991238,NehruPlaceHub_DEL_PL,Geeta International +916398350348,6a1d1dee31264bca,received_at_mh,North,TRUEFLEX,798046,TRUEFLEX,VikeshKaneriya,Motherhub_DIC,BRSNR,NehruPlaceHub_DEL_PL,PH-B1-DELDIC-42034937,expected,OPENED,26-09-2026 00:24,Arvind Bansal (DNCR)
26-09-2026,26-09-2026,FMPC6529636522,PaharganjHub_DEL_PL,A S ENTERPRISES +919310126627,3cd115c07d9947c8,received_at_mh,North,LMA,1.00E+11,We Innovate Business Solutions Pvt Ltd,RahulKumar,Motherhub_DIC,BRSNR,PaharganjHub_DEL_PL,PH-B1-DELDIC-41541732,expected,OPENED,26-09-2026 00:22,Arvind Bansal (DNCR)
26-09-2026,26-09-2026,FMPP4298143997,Motibaghhub_DEL_PL,Hitesh Enterprises +917011355439,8ccb27a0f28a4378,dispatched_to_mh,North,LMA,1.00E+11,#N/A,#N/A,Motherhub_DIC,BRSNR,Motibaghhub_DEL_PL,PH-B6-DELDIC-42146041,expected,OPENED,25-09-2026 22:21,Arvind Bansal (DNCR)
26-09-2026,26-09-2026,FMPC6529756899,NehruPlaceHub_DEL_PL,SANYASI AYURVEDA PRIVATE LIMITED +919289054698,8a5a51808a3e4bd3,received_at_mh,North,LMA,1.00E+11,WHEELEY,VishalGupta,Motherhub_DIC,BRSNR,NehruPlaceHub_DEL_PL,PH-B4-DELDIC-42102423,expected,OPENED,26-09-2026 00:42,Arvind Bansal (DNCR)
26-09-2026,26-09-2026,FMPC6527940629,PaharganjHub_DEL_PL,RUHI COLLECTION +917828798530,e27853866e244256,dispatched_to_mh,North,LMA,1.00E+11,We Innovate Business Solutions Pvt Ltd,GauravKumar,Motherhub_DIC,BRSNR,PaharganjHub_DEL_PL,PH-B4-DELDIC-41328164,expected,OPENED,26-09-2026 01:39,Arvind Bansal (DNCR)
26-09-2026,26-09-2026,SDLC1078630706,PaharganjHub_DEL_PL,SDL : SHANTI NATH TRADERS 8860339531,SDL_54e0e3e26fa90a7ab8c4af4f6d315676,received_at_mh,North,LMA,1.00E+11,We Innovate Business Solutions Pvt Ltd,KunalKashyap,Motherhub_DIC,BRSNR,PaharganjHub_DEL_PL,PH-B6-DELDIC-42124104,expected,OPENED,26-09-2026 01:36,Arvind Bansal (DNCR)
26-09-2026,26-09-2026,FMPC6528661889,Motibaghhub_DEL_PL,SHOPBUCKET +919999030008,8b0c205cb3be407e,dispatched_to_mh,North,LMA,1.00E+11,#N/A,#N/A,Motherhub_DIC,BRSNR,Motibaghhub_DEL_PL,PH-B6-DELDIC-42121853,expected,OPENED,25-09-2026 23:52,Arvind Bansal (DNCR)
26-09-2026,26-09-2026,FMPP4297199005,SahibabadHub_DEL_PL,VINAYAK TRADERS +918851565755,412c543185f4416c,received_at_mh,North,TRUEFLEX,861328,TRUEFLEX,KaranKumar,Motherhub_DIC,Mixbagging,SahibabadHub_DEL_PL,PH-B6-DELDIC-42015323,expected,OPENED,26-09-2026 04:07,Arvind Bansal (DNCR)
26-09-2026,26-09-2026,FMPC6529513291,Pitampurahub_DEL_PL,KHALSA TRADERS +918860129369,43c15d2562a54c02,received_at_mh,North,LMA,1.00E+11,#N/A,#N/A,Motherhub_DIC,BRSNR,Pitampurahub_DEL_PL,PH-B6-DELDIC-41586583,expected,OPENED,26-09-2026 01:03,Arvind Bansal (DNCR)
26-09-2026,26-09-2026,MYEC1120423752,Ramaroadhub_DEL_PL,MYE : AAPRE FASHION PPMP 9911872900,MYE_62b59f28b2d9b7bf7c9485cf02383fd6,dispatched_to_mh,North,LMA,1.00E+11,SUSAH SUPPLY CHAIN AND NETWORK PRIVATE LIMITED,MdEahtesham,Motherhub_DIC,BRSNR,Ramaroadhub_DEL_PL,PH-B4-DELDIC-42127793,expected,OPENED,25-09-2026 23:03,Arvind Bansal (DNCR)
26-09-2026,26-09-2026,FMPC6529455012,SahibabadHub_DEL_PL,SANTOSH SALES CORPORATION +918766379473,3e80e4d2db0245f2,received_at_mh,North,EKART,3305988,EKART,,Motherhub_DIC,BRSNR,SahibabadHub_DEL_PL,PH-B4-DELDIC-42139709,expected,OPENED,26-09-2026 01:17,Arvind Bansal (DNCR)
26-09-2026,26-09-2026,FMPC6528118273,Pitampurahub_DEL_PL,ELECTROV8 PRIVATE LIMITED +918588853375,bc66733f4a21414f,received_at_mh,North,LMA,1.00E+11,WHEELEY,Faizal,Motherhub_DIC,BRSNR,Pitampurahub_DEL_PL,PH-B6-DELDIC-41753795,expected,OPENED,25-09-2026 23:44,Arvind Bansal (DNCR)
26-09-2026,26-09-2026,FMPC6527337052,Pitampurahub_DEL_PL,Buyer's Choice +918800602474,c125278ef0d74acd,dispatched_to_mh,North,LMA,1.00E+11,#N/A,#N/A,Motherhub_DIC,BRSNR,Pitampurahub_DEL_PL,PH-B6-DELDIC-41387036,expected,OPENED,26-09-2026 01:01,Arvind Bansal (DNCR)
26-09-2026,26-09-2026,FMPC6529083806,Pitampurahub_DEL_PL,Puja kumari +919625785163,41f75513d0c544c1,received_at_mh,North,LMA,1.00E+11,#N/A,#N/A,Motherhub_DIC,BRSNR,Pitampurahub_DEL_PL,PH-B1-DELDIC-41834686,expected,OPENED,26-09-2026 00:38,Arvind Bansal (DNCR)
26-09-2026,26-09-2026,FMPC6529627839,Rohinihub_DEL_PL,S A ENTERPRISES +919873893086,44db7440bd4f475b,received_at_mh,North,TRUEFLEX,590483,TRUEFLEX,VinayKumar,Motherhub_DIC,BRSNR,Rohinihub_DEL_PL,PH-B4-DELDIC-40113006,expected,OPENED,25-09-2026 23:56,Arvind Bansal (DNCR)
26-09-2026,26-09-2026,FMPC6527531135,Rohinihub_DEL_PL,AROMAA INDUSTRIES +919716899750,d870a980632f42b0,dispatched_to_mh,North,LMA,1.00E+11,#N/A,#N/A,Motherhub_DIC,Mixbagging,Rohinihub_DEL_PL,PH-B6-DELDIC-42154040,expected,OPENED,26-09-2026 00:12,Arvind Bansal (DNCR)
26-09-2026,26-09-2026,FMPC6529004242,PrahladPur_DEL_PL,Krishna Traders +919667097199,cac7a42d6fd641c0,received_at_mh,North,TRUEFLEX,592657,TRUEFLEX,Hare KrishnaJha,Motherhub_DIC,BRSNR,PrahladPur_DEL_PL,PH-B1-DELDIC-42080527,expected,OPENED,26-09-2026 00:32,Arvind Bansal (DNCR)
26-09-2026,26-09-2026,FMPP4296617660,SahibabadHub_DEL_PL,ACHAL AND COMPANY +918700082499,435de84ac7a0450b,received_at_mh,North,TRUEFLEX,861328,TRUEFLEX,KaranKumar,Motherhub_DIC,Mixbagging,SahibabadHub_DEL_PL,PH-B6-DELDIC-42015323,expected,OPENED,26-09-2026 04:07,Arvind Bansal (DNCR)
26-09-2026,26-09-2026,FMPC6525525966,Pitampurahub_DEL_PL,Buyer's Choice +918800602474,c125278ef0d74acd,dispatched_to_mh,North,LMA,1.00E+11,#N/A,#N/A,Motherhub_DIC,BRSNR,Pitampurahub_DEL_PL,PH-B1-DELDIC-41670727,expected,OPENED,26-09-2026 00:58,Arvind Bansal (DNCR)
26-09-2026,26-09-2026,MYEC1120451490,SahibabadHub_DEL_PL,MYE : Mochi Ghaziabad Kaushambi Omni 7021987937,MYE_e83fac0c06c4f85b9ee75814221db2c6,received_at_mh,North,LMA,1.00E+11,Greenteck Logistics and Mobility Pvt Ltd,Maneesh,Motherhub_DIC,BRSNR,SahibabadHub_DEL_PL,PH-B6-DELDIC-42133727,expected,OPENED,26-09-2026 02:51,Arvind Bansal (DNCR)
26-09-2026,26-09-2026,FMPP4296880976,SahibabadHub_DEL_PL,M/s BANSAL PRODUCTS +919667807642,ebf6e61c32d14442,received_at_mh,North,TRUEFLEX,628432,TRUEFLEX,AmarjeetSingh,Motherhub_DIC,Mixbagging,SahibabadHub_DEL_PL,PH-B6-DELDIC-42015323,expected,OPENED,26-09-2026 04:07,Arvind Bansal (DNCR)
26-09-2026,26-09-2026,FMPP4297022813,Pitampurahub_DEL_PL,MANIKA CREATION +919667323608,0121135ad1354cf5,received_at_mh,North,LMA,1.00E+11,#N/A,#N/A,Motherhub_DIC,BRSNR,Pitampurahub_DEL_PL,PH-B1-DELDIC-41834686,expected,OPENED,26-09-2026 00:38,Arvind Bansal (DNCR)
26-09-2026,26-09-2026,FMPC6525085609,Pitampurahub_DEL_PL,crayon enterprises +918368343411,a73d47f8f1e84ef9,dispatched_to_mh,North,TRUEFLEX,803355,TRUEFLEX,ManishKumar,Motherhub_DIC,BRSNR,Pitampurahub_DEL_PL,PH-B1-DELDIC-42160197,expected,OPENED,26-09-2026 00:17,Arvind Bansal (DNCR)
26-09-2026,26-09-2026,FMPP4294800342,Pitampurahub_DEL_PL,TRENDZANIA +919599812371,755e616933f74baf,received_at_mh,North,LMA,1.00E+11,#N/A,#N/A,Motherhub_DIC,BRSNR,Pitampurahub_DEL_PL,PH-B1-DELDIC-41834686,expected,OPENED,26-09-2026 00:38,Arvind Bansal (DNCR)
26-09-2026,26-09-2026,FMPC6528046721,SahibabadHub_DEL_PL,VIVA CITY +917011235211,83fc1f083bc54493,received_at_mh,North,EKART,3563131,EKART,,Motherhub_DIC,BRSNR,SahibabadHub_DEL_PL,PH-B4-DELDIC-41668158,expected,OPENED,26-09-2026 01:22,Arvind Bansal (DNCR)
26-09-2026,26-09-2026,FMPC6527412377,Rohinihub_DEL_PL,Ram enterprises +918285171526,53c58a5aaf0f4358,received_at_mh,North,TRUEFLEX,746473,TRUEFLEX,SumitSumit,Motherhub_DIC,BRSNR,Rohinihub_DEL_PL,PH-B6-DELDIC-41367024,expected,OPENED,25-09-2026 23:54,Arvind Bansal (DNCR)
26-09-2026,26-09-2026,FMPP4298248947,SahibabadHub_DEL_PL,DM TRADERS +919599937610,d2e40103dc9841fc,received_at_mh,North,TRUEFLEX,861328,TRUEFLEX,KaranKumar,Motherhub_DIC,Mixbagging,SahibabadHub_DEL_PL,PH-B6-DELDIC-42015323,expected,OPENED,26-09-2026 04:07,Arvind Bansal (DNCR)
26-09-2026,26-09-2026,FMPC6529632531,Ramaroadhub_DEL_PL,Dynamic Designing & Creation +919654361610,6e80f3bcfc2c4820,received_at_mh,North,LMA,1.00E+11,AADIYOGI LOGISTIC PRIVATE LIMITED,AmitKumar,Motherhub_DIC,BRSNR,Ramaroadhub_DEL_PL,PH-B6-DELDIC-42090804,expected,OPENED,25-09-2026 23:09,Arvind Bansal (DNCR)
26-09-2026,26-09-2026,FMPC6527320968,PrahladPur_DEL_PL,SIXOHMS +919560213571,6aed4fb24612422f,received_at_mh,North,EKART,4367425,EKART,,Motherhub_DIC,BRSNR,PrahladPur_DEL_PL,PH-B6-DELDIC-42063120,expected,OPENED,26-09-2026 00:35,Arvind Bansal (DNCR)
26-09-2026,26-09-2026,FMPP4297361297,SahibabadHub_DEL_PL,APEX VENTURES +919318310299,555b7622b3564986,received_at_mh,North,TRUEFLEX,621162,TRUEFLEX,AbdulAziz,Motherhub_DIC,BRSNR,SahibabadHub_DEL_PL,PH-B1-DELDIC-42136596,expected,OPENED,26-09-2026 01:09,Arvind Bansal (DNCR)
26-09-2026,26-09-2026,FMPC6528496962,PrahladPur_DEL_PL,BHAVANI TRADERS +919313856001,487e577b3470452d,received_at_mh,North,LMA,1.00E+11,Greenteck Logistics and Mobility Pvt Ltd,Ganesh,Motherhub_DIC,BRSNR,PrahladPur_DEL_PL,PH-B1-DELDIC-42158256,expected,OPENED,26-09-2026 00:40,Arvind Bansal (DNCR)
26-09-2026,26-09-2026,FMPC6529479105,PrahladPur_DEL_PL,AYUKA FASHION +919625569336,e2e2d1f441004325,dispatched_to_mh,North,LMA,1.00E+11,WHEELEY,SameerPatra,Motherhub_DIC,BRSNR,PrahladPur_DEL_PL,PH-B6-DELDIC-42045751,expected,OPENED,26-09-2026 00:46,Arvind Bansal (DNCR)
26-09-2026,26-09-2026,FMPC6527378372,SahibabadHub_DEL_PL,NAVDEV INDIA +918851464749,55fff50571db4788,received_at_mh,North,LMA,1.00E+11,Greenteck Logistics and Mobility Pvt Ltd,SawanKumar,Motherhub_DIC,BRSNR,SahibabadHub_DEL_PL,PH-B4-DELDIC-42133199,expected,OPENED,26-09-2026 02:51,Arvind Bansal (DNCR)
26-09-2026,26-09-2026,MYEP1137469384,SahibabadHub_DEL_PL,MYE : Mochi Ghaziabad Kaushambi Omni 7021987937,MYE_e83fac0c06c4f85b9ee75814221db2c6,received_at_mh,North,LMA,1.00E+11,Greenteck Logistics and Mobility Pvt Ltd,Maneesh,Motherhub_DIC,BRSNR,SahibabadHub_DEL_PL,PH-B4-DELDIC-42133717,expected,OPENED,26-09-2026 02:51,Arvind Bansal (DNCR)
26-09-2026,26-09-2026,FMPP4295721306,SahibabadHub_DEL_PL,NAVDEV INDIA +918851464749,55fff50571db4788,received_at_mh,North,LMA,1.00E+11,Greenteck Logistics and Mobility Pvt Ltd,SawanKumar,Motherhub_DIC,Missort,SahibabadHub_DEL_PL,PH-B4-DELDIC-42002396,expected,OPENED,26-09-2026 03:24,Arvind Bansal (DNCR)
26-09-2026,26-09-2026,FMPC6528286934,SahibabadHub_DEL_PL,ACHAL AND COMPANY +918700082499,435de84ac7a0450b,received_at_mh,North,TRUEFLEX,861328,TRUEFLEX,KaranKumar,Motherhub_DIC,Mixbagging,SahibabadHub_DEL_PL,PH-B6-DELDIC-42015323,expected,OPENED,26-09-2026 04:07,Arvind Bansal (DNCR)
26-09-2026,26-09-2026,FMPC6528077413,Ramaroadhub_DEL_PL,Nova Electricals +918076418130,cd85e64b9b4e4926,dispatched_to_mh,North,LMA,1.00E+11,#N/A,#N/A,Motherhub_DIC,BRSNR,Ramaroadhub_DEL_PL,PH-B1-DELDIC-42129666,expected,OPENED,26-09-2026 01:31,Arvind Bansal (DNCR)
26-09-2026,26-09-2026,FMPC6528128731,Pitampurahub_DEL_PL,Speaker World +918851211958,9624f04f112e491d,received_at_mh,North,LMA,1.00E+11,#N/A,#N/A,Motherhub_DIC,BRSNR,Pitampurahub_DEL_PL,PH-B4-DELDIC-39924674,expected,OPENED,26-09-2026 00:27,Arvind Bansal (DNCR)
26-09-2026,26-09-2026,FMPC6527734879,SahibabadHub_DEL_PL,DM TRADERS +919599937610,d2e40103dc9841fc,received_at_mh,North,TRUEFLEX,861328,TRUEFLEX,KaranKumar,Motherhub_DIC,Mixbagging,SahibabadHub_DEL_PL,PH-B6-DELDIC-42015323,expected,OPENED,26-09-2026 04:07,Arvind Bansal (DNCR)
26-09-2026,26-09-2026,FMPC6527649749,SahibabadHub_DEL_PL,NAVDEV INDIA +918851464749,55fff50571db4788,received_at_mh,North,LMA,1.00E+11,Greenteck Logistics and Mobility Pvt Ltd,SawanKumar,Motherhub_DIC,BRSNR,SahibabadHub_DEL_PL,PH-B1-DELDIC-42133188,expected,OPENED,26-09-2026 02:50,Arvind Bansal (DNCR)
26-09-2026,26-09-2026,FMPP4297632121,Pitampurahub_DEL_PL,TRENDZANIA +919599812371,755e616933f74baf,received_at_mh,North,LMA,1.00E+11,#N/A,#N/A,Motherhub_DIC,BRSNR,Pitampurahub_DEL_PL,PH-B1-DELDIC-41834686,expected,OPENED,26-09-2026 00:38,Arvind Bansal (DNCR)
26-09-2026,26-09-2026,FMPP4296909837,SahibabadHub_DEL_PL,M/s BANSAL PRODUCTS +919667807642,ebf6e61c32d14442,received_at_mh,North,TRUEFLEX,628432,TRUEFLEX,AmarjeetSingh,Motherhub_DIC,Mixbagging,SahibabadHub_DEL_PL,PH-B6-DELDIC-42015323,expected,OPENED,26-09-2026 04:07,Arvind Bansal (DNCR)
26-09-2026,26-09-2026,FMPC6527215913,SahibabadHub_DEL_PL,M/s BANSAL PRODUCTS +919667807642,ebf6e61c32d14442,received_at_mh,North,TRUEFLEX,628432,TRUEFLEX,AmarjeetSingh,Motherhub_DIC,Mixbagging,SahibabadHub_DEL_PL,PH-B6-DELDIC-42015323,expected,OPENED,26-09-2026 04:07,Arvind Bansal (DNCR)
26-09-2026,26-09-2026,FMPC6527020095,SahibabadHub_DEL_PL,ANKIT TRADING +918800929244,ab07aa41157b4556,received_at_mh,North,TRUEFLEX,861328,TRUEFLEX,KaranKumar,Motherhub_DIC,Mixbagging,SahibabadHub_DEL_PL,PH-B6-DELDIC-42015323,expected,OPENED,26-09-2026 04:07,Arvind Bansal (DNCR)
26-09-2026,26-09-2026,MYEP1137563783,SahibabadHub_DEL_PL,MYE : H and B stores Limited Omni 9891445007,MYE_2a3193ccc1a108edddf95f8734f88364,dispatched_to_mh,North,EKART,3729786,EKART,,Motherhub_DIC,BRSNR,SahibabadHub_DEL_PL,PH-B1-DELDIC-41640441,expected,OPENED,26-09-2026 01:15,Arvind Bansal (DNCR)
26-09-2026,26-09-2026,FMPC6527349606,Ramaroadhub_DEL_PL,SACHDEVA ENTERPRISES +918826426653,7b2f995d65f04431,received_at_mh,North,LMA,1.00E+11,WHEELEY,ShivamKumar,Motherhub_DIC,BRSNR,Ramaroadhub_DEL_PL,PH-B4-DELDIC-42121653,expected,OPENED,25-09-2026 23:08,Arvind Bansal (DNCR)
26-09-2026,26-09-2026,FMPP4296867915,SahibabadHub_DEL_PL,M/s BANSAL PRODUCTS +919667807642,ebf6e61c32d14442,received_at_mh,North,TRUEFLEX,628432,TRUEFLEX,AmarjeetSingh,Motherhub_DIC,Mixbagging,SahibabadHub_DEL_PL,PH-B6-DELDIC-42015323,expected,OPENED,26-09-2026 04:07,Arvind Bansal (DNCR)
26-09-2026,26-09-2026,MYEC1120451352,SahibabadHub_DEL_PL,MYE : Mochi Ghaziabad Kaushambi Omni 7021987937,MYE_e83fac0c06c4f85b9ee75814221db2c6,received_at_mh,North,LMA,1.00E+11,Greenteck Logistics and Mobility Pvt Ltd,Maneesh,Motherhub_DIC,BRSNR,SahibabadHub_DEL_PL,PH-B4-DELDIC-42133717,expected,OPENED,26-09-2026 02:51,Arvind Bansal (DNCR)
26-09-2026,26-09-2026,FMPC6527477832,SahibabadHub_DEL_PL,NAVDEV INDIA +918851464749,55fff50571db4788,received_at_mh,North,LMA,1.00E+11,Greenteck Logistics and Mobility Pvt Ltd,SawanKumar,Motherhub_DIC,BRSNR,SahibabadHub_DEL_PL,PH-B4-DELDIC-42133199,expected,OPENED,26-09-2026 02:51,Arvind Bansal (DNCR)
26-09-2026,26-09-2026,FMPC6527398147,PrahladPur_DEL_PL,Atul Traders +917703856428,3308bab2c51844d7,received_at_mh,North,TRUEFLEX,592657,TRUEFLEX,Hare KrishnaJha,Motherhub_DIC,BRSNR,PrahladPur_DEL_PL,PH-B4-DELDIC-42080709,expected,OPENED,26-09-2026 02:07,Arvind Bansal (DNCR)
26-09-2026,26-09-2026,FMPP4297764124,SahibabadHub_DEL_PL,ANKIT TRADING +918800929244,ab07aa41157b4556,received_at_mh,North,TRUEFLEX,861328,TRUEFLEX,KaranKumar,Motherhub_DIC,Mixbagging,SahibabadHub_DEL_PL,PH-B6-DELDIC-42015323,expected,OPENED,26-09-2026 04:07,Arvind Bansal (DNCR)
26-09-2026,26-09-2026,FMPC6529541917,Ramaroadhub_DEL_PL,AAKASH GUPTA +919910012503,5c85282fbbe4413d,received_at_mh,North,LMA,1.00E+11,SUSAH SUPPLY CHAIN AND NETWORK PRIVATE LIMITED,MdEahtesham,Motherhub_DIC,Mixbagging,Ramaroadhub_DEL_PL,PH-B6-DELDIC-42127562,expected,OPENED,25-09-2026 23:07,Arvind Bansal (DNCR)
26-09-2026,26-09-2026,FMPP4296761467,SahibabadHub_DEL_PL,DNR INNOVATIONS +918368283003,44e3c9f5387249ae,received_at_mh,North,TRUEFLEX,628432,TRUEFLEX,AmarjeetSingh,Motherhub_DIC,Mixbagging,SahibabadHub_DEL_PL,PH-B6-DELDIC-42015323,expected,OPENED,26-09-2026 04:07,Arvind Bansal (DNCR)
26-09-2026,26-09-2026,FMPP4298170194,PrahladPur_DEL_PL,Pink Shopping Tree +919650869880,bd71d0bd97e94556,received_at_mh,North,LMA,1.00E+11,Fastbeetle service,VarunChauhan,Motherhub_DIC,BRSNR,PrahladPur_DEL_PL,PH-B4-DELDIC-42081023,expected,OPENED,26-09-2026 02:11,Arvind Bansal (DNCR)
26-09-2026,26-09-2026,FMPP4297292136,SahibabadHub_DEL_PL,SHIVIKART +919990938484,974c127b17314cd4,dispatched_to_mh,North,LMA,1.00E+11,Greenteck Logistics and Mobility Pvt Ltd,MunkadAli,Motherhub_DIC,BRSNR,SahibabadHub_DEL_PL,PH-B6-DELDIC-42134873,expected,OPENED,26-09-2026 02:43,Arvind Bansal (DNCR)
26-09-2026,26-09-2026,FMPC6527490957,SahibabadHub_DEL_PL,VINAYAK TRADERS +918851565755,412c543185f4416c,received_at_mh,North,TRUEFLEX,861328,TRUEFLEX,KaranKumar,Motherhub_DIC,Mixbagging,SahibabadHub_DEL_PL,PH-B6-DELDIC-42015323,expected,OPENED,26-09-2026 04:07,Arvind Bansal (DNCR)
26-09-2026,26-09-2026,FMPP4298157447,SahibabadHub_DEL_PL,S. M. Traders +919810155314,cf4569e9716f47c3,received_at_mh,North,TRUEFLEX,861328,TRUEFLEX,KaranKumar,Motherhub_DIC,Mixbagging,SahibabadHub_DEL_PL,PH-B6-DELDIC-42015323,expected,OPENED,26-09-2026 04:07,Arvind Bansal (DNCR)
26-09-2026,26-09-2026,FMPC6528998782,SahibabadHub_DEL_PL,M/s BANSAL PRODUCTS +919667807642,ebf6e61c32d14442,received_at_mh,North,TRUEFLEX,861328,TRUEFLEX,KaranKumar,Motherhub_DIC,Mixbagging,SahibabadHub_DEL_PL,PH-B6-DELDIC-42015323,expected,OPENED,26-09-2026 04:07,Arvind Bansal (DNCR)
26-09-2026,26-09-2026,FMPC6527041762,SahibabadHub_DEL_PL,WELLGROW ENTERPRISES +919711837695,f14095d3ae9f44c2,dispatched_to_mh,North,LMA,1.00E+11,Vxpress,AmanYadav,Motherhub_DIC,BRSNR,SahibabadHub_DEL_PL,PH-B6-DELDIC-42081305,expected,OPENED,26-09-2026 02:43,Arvind Bansal (DNCR)
26-09-2026,26-09-2026,FMPC6527561822,SahibabadHub_DEL_PL,S. M. Traders +919810155314,cf4569e9716f47c3,received_at_mh,North,TRUEFLEX,861328,TRUEFLEX,KaranKumar,Motherhub_DIC,Mixbagging,SahibabadHub_DEL_PL,PH-B6-DELDIC-42015323,expected,OPENED,26-09-2026 04:07,Arvind Bansal (DNCR)
26-09-2026,26-09-2026,FMPP4297132292,SahibabadHub_DEL_PL,VINAYAK TRADERS +918851565755,412c543185f4416c,received_at_mh,North,TRUEFLEX,861328,TRUEFLEX,KaranKumar,Motherhub_DIC,Mixbagging,SahibabadHub_DEL_PL,PH-B6-DELDIC-42015323,expected,OPENED,26-09-2026 04:07,Arvind Bansal (DNCR)
26-09-2026,26-09-2026,FMPC6527532580,SahibabadHub_DEL_PL,VINAYAK TRADERS +918851565755,412c543185f4416c,received_at_mh,North,TRUEFLEX,861328,TRUEFLEX,KaranKumar,Motherhub_DIC,Mixbagging,SahibabadHub_DEL_PL,PH-B6-DELDIC-42015323,expected,OPENED,26-09-2026 04:07,Arvind Bansal (DNCR)
26-09-2026,26-09-2026,FMPP4297315789,PrahladPur_DEL_PL,Dangwal Enterprises +919650745841,0ea75d9ef3344620,received_at_mh,North,LMA,1.00E+11,Fastbeetle service,VarunChauhan,Motherhub_DIC,BRSNR,PrahladPur_DEL_PL,PH-B4-DELDIC-42081023,expected,OPENED,26-09-2026 02:11,Arvind Bansal (DNCR)
26-09-2026,26-09-2026,FMPC6529479918,SahibabadHub_DEL_PL,KIYAA CART +919211924119,d416626961a448a9,received_at_mh,North,LMA,1.00E+11,Greenteck Logistics and Mobility Pvt Ltd,SawanKumar,Motherhub_DIC,BRSNR,SahibabadHub_DEL_PL,PH-B6-DELDIC-42133240,expected,OPENED,26-09-2026 02:51,Arvind Bansal (DNCR)
26-09-2026,26-09-2026,FMPC6529550643,Pitampurahub_DEL_PL,Speaker World +918851211958,9624f04f112e491d,received_at_mh,North,LMA,1.00E+11,#N/A,#N/A,Motherhub_DIC,BRSNR,Pitampurahub_DEL_PL,PH-B1-DELDIC-40758041,expected,OPENED,26-09-2026 00:29,Arvind Bansal (DNCR)
26-09-2026,26-09-2026,FMPP4297774951,SahibabadHub_DEL_PL,M/S RITIK AGENCY +919599937620,3786fa5603e340ee,received_at_mh,North,TRUEFLEX,861328,TRUEFLEX,KaranKumar,Motherhub_DIC,BRSNR,SahibabadHub_DEL_PL,PH-B4-DELDIC-41855671,expected,OPENED,26-09-2026 02:52,Arvind Bansal (DNCR)
26-09-2026,26-09-2026,FMPC6529554943,SahibabadHub_DEL_PL,MY IRIGACIO WORLD PRIVATE LIMITED +919870300615,f1601f31f9424dad,dispatched_to_mh,North,LMA,1.00E+11,Vxpress,NiteshKumar,Motherhub_DIC,BRSNR,SahibabadHub_DEL_PL,PH-B4-DELDIC-42087806,expected,OPENED,26-09-2026 01:06,Arvind Bansal (DNCR)
26-09-2026,26-09-2026,FMPC6528411096,SahibabadHub_DEL_PL,ACHAL AND COMPANY +918700082499,435de84ac7a0450b,received_at_mh,North,TRUEFLEX,861328,TRUEFLEX,KaranKumar,Motherhub_DIC,Mixbagging,SahibabadHub_DEL_PL,PH-B6-DELDIC-42015323,expected,OPENED,26-09-2026 04:07,Arvind Bansal (DNCR)
26-09-2026,26-09-2026,FMPP4296909838,SahibabadHub_DEL_PL,M/s BANSAL PRODUCTS +919667807642,ebf6e61c32d14442,received_at_mh,North,TRUEFLEX,628432,TRUEFLEX,AmarjeetSingh,Motherhub_DIC,Mixbagging,SahibabadHub_DEL_PL,PH-B6-DELDIC-42015323,expected,OPENED,26-09-2026 04:07,Arvind Bansal (DNCR)
26-09-2026,26-09-2026,FMPC6527827675,Ramaroadhub_DEL_PL,JANJIVA AYURVEDA +918877163706,922910423f7e4812,received_at_mh,North,LMA,1.00E+11,WHEELEY,ShivamKumar,Motherhub_DIC,BRSNR,Ramaroadhub_DEL_PL,PH-B6-DELDIC-42121691,expected,OPENED,25-09-2026 23:10,Arvind Bansal (DNCR)
26-09-2026,26-09-2026,FMPP4298115147,PrahladPur_DEL_PL,S&S Group +919999009847,819970fe13c14fea,received_at_mh,North,TRUEFLEX,592657,TRUEFLEX,Hare KrishnaJha,Motherhub_DIC,BRSNR,PrahladPur_DEL_PL,PH-B1-DELDIC-42080527,expected,OPENED,26-09-2026 00:32,Arvind Bansal (DNCR)
26-09-2026,26-09-2026,FMPP4296807244,SahibabadHub_DEL_PL,ANKIT TRADING +918800929244,ab07aa41157b4556,received_at_mh,North,TRUEFLEX,861328,TRUEFLEX,KaranKumar,Motherhub_DIC,Mixbagging,SahibabadHub_DEL_PL,PH-B6-DELDIC-42015323,expected,OPENED,26-09-2026 04:07,Arvind Bansal (DNCR)
26-09-2026,26-09-2026,FMPP4298200404,PrahladPur_DEL_PL,AYUKA FASHION +919625569336,e2e2d1f441004325,dispatched_to_mh,North,LMA,1.00E+11,WHEELEY,SameerPatra,Motherhub_DIC,BRSNR,PrahladPur_DEL_PL,PH-B4-DELDIC-42045831,expected,OPENED,26-09-2026 00:48,Arvind Bansal (DNCR)
26-09-2026,26-09-2026,FMPP4297131892,SahibabadHub_DEL_PL,VINAYAK TRADERS +918851565755,412c543185f4416c,received_at_mh,North,TRUEFLEX,861328,TRUEFLEX,KaranKumar,Motherhub_DIC,Mixbagging,SahibabadHub_DEL_PL,PH-B6-DELDIC-42015323,expected,OPENED,26-09-2026 04:07,Arvind Bansal (DNCR)
26-09-2026,26-09-2026,FMPP4297757889,SahibabadHub_DEL_PL,ANKIT TRADING +918800929244,ab07aa41157b4556,received_at_mh,North,TRUEFLEX,861328,TRUEFLEX,KaranKumar,Motherhub_DIC,Mixbagging,SahibabadHub_DEL_PL,PH-B6-DELDIC-42015323,expected,OPENED,26-09-2026 04:07,Arvind Bansal (DNCR)
26-09-2026,26-09-2026,FMPC6527384002,PrahladPur_DEL_PL,Atul Traders +917703856428,3308bab2c51844d7,received_at_mh,North,TRUEFLEX,592657,TRUEFLEX,Hare KrishnaJha,Motherhub_DIC,BRSNR,PrahladPur_DEL_PL,PH-B4-DELDIC-42080709,expected,OPENED,26-09-2026 02:07,Arvind Bansal (DNCR)
26-09-2026,26-09-2026,FMPC6527942068,SahibabadHub_DEL_PL,VINAYAK TRADERS +918851565755,412c543185f4416c,received_at_mh,North,TRUEFLEX,861328,TRUEFLEX,KaranKumar,Motherhub_DIC,Mixbagging,SahibabadHub_DEL_PL,PH-B6-DELDIC-42015323,expected,OPENED,26-09-2026 04:07,Arvind Bansal (DNCR)
26-09-2026,26-09-2026,FMPP4297033805,PrahladPur_DEL_PL,AYUKA FASHION +919625569336,e2e2d1f441004325,dispatched_to_mh,North,LMA,1.00E+11,WHEELEY,SameerPatra,Motherhub_DIC,BRSNR,PrahladPur_DEL_PL,PH-B4-DELDIC-42045831,expected,OPENED,26-09-2026 00:48,Arvind Bansal (DNCR)
26-09-2026,26-09-2026,FMPP4298201749,SahibabadHub_DEL_PL,DNR INNOVATIONS +918368283003,44e3c9f5387249ae,received_at_mh,North,TRUEFLEX,861328,TRUEFLEX,KaranKumar,Motherhub_DIC,Mixbagging,SahibabadHub_DEL_PL,PH-B6-DELDIC-42015323,expected,OPENED,26-09-2026 04:07,Arvind Bansal (DNCR)
26-09-2026,26-09-2026,FMPC6527341993,SahibabadHub_DEL_PL,ACHAL AND COMPANY +918700082499,435de84ac7a0450b,received_at_mh,North,TRUEFLEX,861328,TRUEFLEX,KaranKumar,Motherhub_DIC,Mixbagging,SahibabadHub_DEL_PL,PH-B6-DELDIC-42015323,expected,OPENED,26-09-2026 04:07,Arvind Bansal (DNCR)
26-09-2026,26-09-2026,FMPC6528271003,Ramaroadhub_DEL_PL,Gauri Garments +917240027004,d6c2c2d6f538433c,dispatched_to_mh,North,LMA,1.00E+11,AADIYOGI LOGISTIC PRIVATE LIMITED,Aashoo,Motherhub_DIC,BRSNR,Ramaroadhub_DEL_PL,PH-B1-DELDIC-42132080,expected,OPENED,25-09-2026 23:09,Arvind Bansal (DNCR)
26-09-2026,26-09-2026,FMPC6529445931,SahibabadHub_DEL_PL,RN FAUCETS PRIVATE LIMITED +919315603920,c6e60ec1d6854a2d,dispatched_to_mh,North,LMA,1.00E+11,Greenteck Logistics and Mobility Pvt Ltd,Maneesh,Motherhub_DIC,BRSNR,SahibabadHub_DEL_PL,PH-B6-DELDIC-41898986,expected,OPENED,26-09-2026 02:45,Arvind Bansal (DNCR)
26-09-2026,26-09-2026,FMPC6527588082,SahibabadHub_DEL_PL,DM TRADERS +919599937610,d2e40103dc9841fc,received_at_mh,North,TRUEFLEX,861328,TRUEFLEX,KaranKumar,Motherhub_DIC,Mixbagging,SahibabadHub_DEL_PL,PH-B6-DELDIC-42015323,expected,OPENED,26-09-2026 04:07,Arvind Bansal (DNCR)
26-09-2026,26-09-2026,FMPP4296835547,SahibabadHub_DEL_PL,M/s BANSAL PRODUCTS +919667807642,ebf6e61c32d14442,received_at_mh,North,TRUEFLEX,628432,TRUEFLEX,AmarjeetSingh,Motherhub_DIC,Mixbagging,SahibabadHub_DEL_PL,PH-B6-DELDIC-42015323,expected,OPENED,26-09-2026 04:07,Arvind Bansal (DNCR)
26-09-2026,26-09-2026,FMPC6528979203,SahibabadHub_DEL_PL,DM TRADERS +919599937610,d2e40103dc9841fc,received_at_mh,North,TRUEFLEX,861328,TRUEFLEX,KaranKumar,Motherhub_DIC,Mixbagging,SahibabadHub_DEL_PL,PH-B6-DELDIC-42015323,expected,OPENED,26-09-2026 04:07,Arvind Bansal (DNCR)
26-09-2026,26-09-2026,FMPP4298067718,SahibabadHub_DEL_PL,CROWN & CO. +919872898899,017a309b86414f50,received_at_mh,North,TRUEFLEX,861328,TRUEFLEX,KaranKumar,Motherhub_DIC,Mixbagging,SahibabadHub_DEL_PL,PH-B6-DELDIC-42015323,expected,OPENED,26-09-2026 04:07,Arvind Bansal (DNCR)
26-09-2026,26-09-2026,FMPP4297096713,SahibabadHub_DEL_PL,DM ENTERPRISES +919873997161,02f88580615b457f,received_at_mh,North,TRUEFLEX,621162,TRUEFLEX,AbdulAziz,Motherhub_DIC,BRSNR,SahibabadHub_DEL_PL,PH-B1-DELDIC-42136594,expected,OPENED,26-09-2026 02:55,Arvind Bansal (DNCR)
26-09-2026,26-09-2026,FMPC6527443057,SahibabadHub_DEL_PL,M/s BANSAL PRODUCTS +919667807642,ebf6e61c32d14442,received_at_mh,North,TRUEFLEX,628432,TRUEFLEX,AmarjeetSingh,Motherhub_DIC,Mixbagging,SahibabadHub_DEL_PL,PH-B6-DELDIC-42015323,expected,OPENED,26-09-2026 04:07,Arvind Bansal (DNCR)
26-09-2026,26-09-2026,FMPC6527896925,SahibabadHub_DEL_PL,VANDANA ENTERPRISES +919354019306,ebfde4ccb7e241cc,received_at_mh,North,TRUEFLEX,861328,TRUEFLEX,KaranKumar,Motherhub_DIC,Mixbagging,SahibabadHub_DEL_PL,PH-B6-DELDIC-42015323,expected,OPENED,26-09-2026 04:07,Arvind Bansal (DNCR)
26-09-2026,26-09-2026,FMPC6527049297,PrahladPur_DEL_PL,Krishna Traders +919667097199,cac7a42d6fd641c0,received_at_mh,North,TRUEFLEX,592657,TRUEFLEX,Hare KrishnaJha,Motherhub_DIC,BRSNR,PrahladPur_DEL_PL,PH-B1-DELDIC-42080527,expected,OPENED,26-09-2026 00:32,Arvind Bansal (DNCR)
26-09-2026,26-09-2026,FMPP4297305699,SahibabadHub_DEL_PL,VINAYAK TRADERS +918851565755,412c543185f4416c,received_at_mh,North,TRUEFLEX,861328,TRUEFLEX,KaranKumar,Motherhub_DIC,Mixbagging,SahibabadHub_DEL_PL,PH-B6-DELDIC-42015323,expected,OPENED,26-09-2026 04:07,Arvind Bansal (DNCR)
26-09-2026,26-09-2026,FMPC6527851206,SahibabadHub_DEL_PL,VINAYAK TRADERS +918851565755,412c543185f4416c,received_at_mh,North,TRUEFLEX,861328,TRUEFLEX,KaranKumar,Motherhub_DIC,Mixbagging,SahibabadHub_DEL_PL,PH-B6-DELDIC-42015323,expected,OPENED,26-09-2026 04:07,Arvind Bansal (DNCR)
26-09-2026,26-09-2026,FMPC6527402152,PrahladPur_DEL_PL,AYUKA FASHION +919625569336,e2e2d1f441004325,dispatched_to_mh,North,LMA,1.00E+11,WHEELEY,SameerPatra,Motherhub_DIC,BRSNR,PrahladPur_DEL_PL,PH-B6-DELDIC-42045751,expected,OPENED,26-09-2026 00:46,Arvind Bansal (DNCR)
26-09-2026,26-09-2026,FMPC6528055699,SahibabadHub_DEL_PL,S. M. Traders +919810155314,cf4569e9716f47c3,received_at_mh,North,TRUEFLEX,861328,TRUEFLEX,KaranKumar,Motherhub_DIC,Mixbagging,SahibabadHub_DEL_PL,PH-B6-DELDIC-42015323,expected,OPENED,26-09-2026 04:07,Arvind Bansal (DNCR)
26-09-2026,26-09-2026,FMPC6527011179,SahibabadHub_DEL_PL,S. M. Traders +919810155314,cf4569e9716f47c3,received_at_mh,North,TRUEFLEX,861328,TRUEFLEX,KaranKumar,Motherhub_DIC,Mixbagging,SahibabadHub_DEL_PL,PH-B6-DELDIC-42015323,expected,OPENED,26-09-2026 04:07,Arvind Bansal (DNCR)
26-09-2026,26-09-2026,FMPP4297838626,Ramaroadhub_DEL_PL,INNOVATION ACCESSORIES +919899335322,e059c20140e44cd4,received_at_mh,North,LMA,1.00E+11,AADIYOGI LOGISTIC PRIVATE LIMITED,AmitKumar,Motherhub_DIC,BRSNR,Ramaroadhub_DEL_PL,PH-B4-DELDIC-42133307,expected,OPENED,25-09-2026 23:09,Arvind Bansal (DNCR)
26-09-2026,26-09-2026,FMPP4297474640,SahibabadHub_DEL_PL,S. M. Traders +919810155314,cf4569e9716f47c3,received_at_mh,North,TRUEFLEX,861328,TRUEFLEX,KaranKumar,Motherhub_DIC,Mixbagging,SahibabadHub_DEL_PL,PH-B6-DELDIC-42015323,expected,OPENED,26-09-2026 04:07,Arvind Bansal (DNCR)
26-09-2026,26-09-2026,MYEP1137460860,PrahladPur_DEL_PL,MYE : INTERWORLD BOX MERCHANDISE PRIVATE LIMITED-delhi_PPMP_EIRE 7982257009,MYE_dbbf5643d832ffb0a9f49509b242f186,received_at_mh,North,TRUEFLEX,594047,TRUEFLEX,SandeepPal,Motherhub_DIC,BRSNR,PrahladPur_DEL_PL,PH-B4-DELDIC-42133746,expected,OPENED,26-09-2026 00:48,Arvind Bansal (DNCR)
26-09-2026,26-09-2026,FMPP4297341962,SahibabadHub_DEL_PL,Apna Daily Zone +919354645248,8e426a4a03e24b89,received_at_mh,North,TRUEFLEX,861328,TRUEFLEX,KaranKumar,Motherhub_DIC,Mixbagging,SahibabadHub_DEL_PL,PH-B6-DELDIC-42015323,expected,OPENED,26-09-2026 04:07,Arvind Bansal (DNCR)
26-09-2026,26-09-2026,FMPC6527184685,SahibabadHub_DEL_PL,M/s BANSAL PRODUCTS +919667807642,ebf6e61c32d14442,received_at_mh,North,TRUEFLEX,628432,TRUEFLEX,AmarjeetSingh,Motherhub_DIC,Mixbagging,SahibabadHub_DEL_PL,PH-B6-DELDIC-42015323,expected,OPENED,26-09-2026 04:07,Arvind Bansal (DNCR)
26-09-2026,26-09-2026,MYEC1120380259,SahibabadHub_DEL_PL,MYE : Mochi Ghaziabad Kaushambi Omni 7021987937,MYE_e83fac0c06c4f85b9ee75814221db2c6,received_at_mh,North,LMA,1.00E+11,Greenteck Logistics and Mobility Pvt Ltd,Maneesh,Motherhub_DIC,BRSNR,SahibabadHub_DEL_PL,PH-B6-DELDIC-42133727,expected,OPENED,26-09-2026 02:51,Arvind Bansal (DNCR)
26-09-2026,26-09-2026,FMPC6528269644,PrahladPur_DEL_PL,FABRIC FLAIR +919582618299,66a9ae8c57044c9f,dispatched_to_mh,North,LMA,1.00E+11,WERCATALYST VENTURES PVT LTD,HarishKumar,Motherhub_DIC,BRSNR,PrahladPur_DEL_PL,PH-B1-DELDIC-41282665,expected,OPENED,26-09-2026 02:12,Arvind Bansal (DNCR)
26-09-2026,26-09-2026,FMPP4298200633,Pitampurahub_DEL_PL,MANIKA CREATION +919667323608,0121135ad1354cf5,received_at_mh,North,LMA,1.00E+11,#N/A,#N/A,Motherhub_DIC,BRSNR,Pitampurahub_DEL_PL,PH-B1-DELDIC-41834686,expected,OPENED,26-09-2026 00:38,Arvind Bansal (DNCR)
26-09-2026,26-09-2026,FMPC6527621692,SahibabadHub_DEL_PL,ANKIT TRADING +918800929244,ab07aa41157b4556,received_at_mh,North,TRUEFLEX,861328,TRUEFLEX,KaranKumar,Motherhub_DIC,Mixbagging,SahibabadHub_DEL_PL,PH-B6-DELDIC-42015323,expected,OPENED,26-09-2026 04:07,Arvind Bansal (DNCR)
26-09-2026,26-09-2026,FMPC6529249428,SahibabadHub_DEL_PL,NAVDEV INDIA +918851464749,55fff50571db4788,received_at_mh,North,LMA,1.00E+11,Greenteck Logistics and Mobility Pvt Ltd,SawanKumar,Motherhub_DIC,BRSNR,SahibabadHub_DEL_PL,PH-B4-DELDIC-42133199,expected,OPENED,26-09-2026 02:51,Arvind Bansal (DNCR)
26-09-2026,26-09-2026,FMPC6528289426,Ramaroadhub_DEL_PL,yuplite creation +919999148469,1fe9057e430e4632,dispatched_to_mh,North,LMA,1.00E+11,AADIYOGI LOGISTIC PRIVATE LIMITED,Aashoo,Motherhub_DIC,BRSNR,Ramaroadhub_DEL_PL,PH-B6-DELDIC-42132497,expected,OPENED,25-09-2026 23:07,Arvind Bansal (DNCR)
26-09-2026,26-09-2026,FMPP4295704019,SahibabadHub_DEL_PL,FREAKWAY MARKETING +919458194650,10d847419f634601,received_at_mh,North,LMA,1.00E+11,Greenteck Logistics and Mobility Pvt Ltd,SawanKumar,Motherhub_DIC,Missort,SahibabadHub_DEL_PL,PH-B4-DELDIC-42002396,expected,OPENED,26-09-2026 03:24,Arvind Bansal (DNCR)
26-09-2026,26-09-2026,FMPP4298376263,SahibabadHub_DEL_PL,ANKIT TRADING +918800929244,ab07aa41157b4556,received_at_mh,North,TRUEFLEX,861328,TRUEFLEX,KaranKumar,Motherhub_DIC,Mixbagging,SahibabadHub_DEL_PL,PH-B6-DELDIC-42015323,expected,OPENED,26-09-2026 04:07,Arvind Bansal (DNCR)
26-09-2026,26-09-2026,FMPC6528330013,SahibabadHub_DEL_PL,ACHAL AND COMPANY +918700082499,435de84ac7a0450b,received_at_mh,North,TRUEFLEX,861328,TRUEFLEX,KaranKumar,Motherhub_DIC,Mixbagging,SahibabadHub_DEL_PL,PH-B6-DELDIC-42015323,expected,OPENED,26-09-2026 04:07,Arvind Bansal (DNCR)
26-09-2026,26-09-2026,FMPC6526948875,SahibabadHub_DEL_PL,S. M. Traders +919810155314,cf4569e9716f47c3,received_at_mh,North,TRUEFLEX,861328,TRUEFLEX,KaranKumar,Motherhub_DIC,BRSNR,SahibabadHub_DEL_PL,PH-B1-DELDIC-42015399,expected,OPENED,26-09-2026 02:55,Arvind Bansal (DNCR)
26-09-2026,26-09-2026,FMPC6527383285,PrahladPur_DEL_PL,Atul Traders +917703856428,3308bab2c51844d7,received_at_mh,North,TRUEFLEX,592657,TRUEFLEX,Hare KrishnaJha,Motherhub_DIC,BRSNR,PrahladPur_DEL_PL,PH-B4-DELDIC-42080709,expected,OPENED,26-09-2026 02:07,Arvind Bansal (DNCR)
26-09-2026,26-09-2026,FMPP4298506011,SahibabadHub_DEL_PL,DM TRADERS +919599937610,d2e40103dc9841fc,received_at_mh,North,TRUEFLEX,861328,TRUEFLEX,KaranKumar,Motherhub_DIC,Mixbagging,SahibabadHub_DEL_PL,PH-B6-DELDIC-42015323,expected,OPENED,26-09-2026 04:07,Arvind Bansal (DNCR)
26-09-2026,26-09-2026,FMPP4297133505,SahibabadHub_DEL_PL,DM TRADERS +919599937610,d2e40103dc9841fc,received_at_mh,North,TRUEFLEX,861328,TRUEFLEX,KaranKumar,Motherhub_DIC,BRSNR,SahibabadHub_DEL_PL,PH-B6-DELDIC-41855608,expected,OPENED,26-09-2026 02:52,Arvind Bansal (DNCR)
26-09-2026,26-09-2026,FMPC6527338492,Pitampurahub_DEL_PL,Buyer's Choice +918800602474,c125278ef0d74acd,dispatched_to_mh,North,LMA,1.00E+11,#N/A,#N/A,Motherhub_DIC,BRSNR,Pitampurahub_DEL_PL,PH-B4-DELDIC-41586655,expected,OPENED,26-09-2026 01:00,Arvind Bansal (DNCR)
26-09-2026,26-09-2026,FMPC6527863729,SahibabadHub_DEL_PL,PRATHAM CREATION +917065822436,06781d34644c43be,dispatched_to_mh,North,EKART,2375540,EKART,,Motherhub_DIC,BRSNR,SahibabadHub_DEL_PL,PH-B4-DELDIC-42077519,expected,OPENED,26-09-2026 01:11,Arvind Bansal (DNCR)
26-09-2026,26-09-2026,FMPP4297760595,SahibabadHub_DEL_PL,ANKIT TRADING +918800929244,ab07aa41157b4556,received_at_mh,North,TRUEFLEX,861328,TRUEFLEX,KaranKumar,Motherhub_DIC,Mixbagging,SahibabadHub_DEL_PL,PH-B6-DELDIC-42015323,expected,OPENED,26-09-2026 04:07,Arvind Bansal (DNCR)
26-09-2026,26-09-2026,FMPC6529350150,SahibabadHub_DEL_PL,ANKIT TRADING +918800929244,ab07aa41157b4556,dispatched_to_mh,North,TRUEFLEX,861328,TRUEFLEX,KaranKumar,Motherhub_DIC,BRSNR,SahibabadHub_DEL_PL,PH-B4-DELDIC-41855671,expected,OPENED,26-09-2026 02:52,Arvind Bansal (DNCR)
26-09-2026,26-09-2026,FMPC6529008756,PrahladPur_DEL_PL,FABWE ENTERPRISES +918287306502,878a47784f414d73,dispatched_to_mh,North,LMA,1.00E+11,WHEELEY,FaimKhan,Motherhub_DIC,BRSNR,PrahladPur_DEL_PL,PH-B1-DELDIC-41956951,expected,OPENED,26-09-2026 02:16,Arvind Bansal (DNCR)
26-09-2026,26-09-2026,FMPC6527401641,SahibabadHub_DEL_PL,VANDANA ENTERPRISES +919354019306,ebfde4ccb7e241cc,received_at_mh,North,TRUEFLEX,861328,TRUEFLEX,KaranKumar,Motherhub_DIC,Mixbagging,SahibabadHub_DEL_PL,PH-B6-DELDIC-42015323,expected,OPENED,26-09-2026 04:07,Arvind Bansal (DNCR)
26-09-2026,26-09-2026,FMPP4296630742,PrahladPur_DEL_PL,AS ENTERPRISES +919717455224,49671fa85c904970,dispatched_to_mh,North,TRUEFLEX,603249,TRUEFLEX,AkshayPal,Motherhub_DIC,BRSNR,PrahladPur_DEL_PL,PH-B6-DELDIC-42155395,expected,OPENED,26-09-2026 02:12,Arvind Bansal (DNCR)
26-09-2026,26-09-2026,FMPP4298320677,SahibabadHub_DEL_PL,ABHIGYA TRADERS +919354253378,ebe2631c1c304101,received_at_mh,North,TRUEFLEX,861333,TRUEFLEX,SabeshKhan,Motherhub_DIC,BRSNR,SahibabadHub_DEL_PL,PH-B1-DELDIC-42154611,expected,OPENED,26-09-2026 02:53,Arvind Bansal (DNCR)
26-09-2026,26-09-2026,FMPP4296696986,SahibabadHub_DEL_PL,ANKIT TRADING +918800929244,ab07aa41157b4556,received_at_mh,North,TRUEFLEX,861328,TRUEFLEX,KaranKumar,Motherhub_DIC,Mixbagging,SahibabadHub_DEL_PL,PH-B6-DELDIC-42015323,expected,OPENED,26-09-2026 04:07,Arvind Bansal (DNCR)
26-09-2026,26-09-2026,FMPP4298244969,PrahladPur_DEL_PL,Arvind kumar +918377089806,c7623d19d06d47b2,received_at_mh,North,EKART,4367425,EKART,,Motherhub_DIC,BRSNR,PrahladPur_DEL_PL,PH-B4-DELDIC-42063352,expected,OPENED,26-09-2026 00:37,Arvind Bansal (DNCR)
26-09-2026,26-09-2026,MYEC1120376653,PrahladPur_DEL_PL,MYE : INTERWORLD BOX MERCHANDISE PRIVATE LIMITED-delhi_PPMP_EIRE 7982257009,MYE_dbbf5643d832ffb0a9f49509b242f186,received_at_mh,North,TRUEFLEX,594047,TRUEFLEX,SandeepPal,Motherhub_DIC,BRSNR,PrahladPur_DEL_PL,PH-B4-DELDIC-42133746,expected,OPENED,26-09-2026 00:48,Arvind Bansal (DNCR)
26-09-2026,26-09-2026,FMPC6527965068,SahibabadHub_DEL_PL,M/s BANSAL PRODUCTS +919667807642,ebf6e61c32d14442,received_at_mh,North,TRUEFLEX,628432,TRUEFLEX,AmarjeetSingh,Motherhub_DIC,Mixbagging,SahibabadHub_DEL_PL,PH-B6-DELDIC-42015323,expected,OPENED,26-09-2026 04:07,Arvind Bansal (DNCR)
26-09-2026,26-09-2026,FMPC6527215876,SahibabadHub_DEL_PL,M/s BANSAL PRODUCTS +919667807642,ebf6e61c32d14442,received_at_mh,North,TRUEFLEX,628432,TRUEFLEX,AmarjeetSingh,Motherhub_DIC,Mixbagging,SahibabadHub_DEL_PL,PH-B6-DELDIC-42015323,expected,OPENED,26-09-2026 04:07,Arvind Bansal (DNCR)
26-09-2026,26-09-2026,FMPC6528134792,PrahladPur_DEL_PL,Qbron +917530852573,11a14f9ea12b4129,received_at_mh,North,LMA,1.00E+11,#N/A,#N/A,Motherhub_DIC,BRSNR,PrahladPur_DEL_PL,PH-B1-DELDIC-41860807,expected,OPENED,26-09-2026 01:48,Arvind Bansal (DNCR)
26-09-2026,26-09-2026,FMPC6527532822,SahibabadHub_DEL_PL,VINAYAK TRADERS +918851565755,412c543185f4416c,received_at_mh,North,TRUEFLEX,861328,TRUEFLEX,KaranKumar,Motherhub_DIC,Mixbagging,SahibabadHub_DEL_PL,PH-B6-DELDIC-42015323,expected,OPENED,26-09-2026 04:07,Arvind Bansal (DNCR)
26-09-2026,26-09-2026,FMPP4298222237,Pitampurahub_DEL_PL,DIAMOND INDIA ENTERPRISES +919211347541,719ed46b55324d4c,dispatched_to_mh,North,TRUEFLEX,593735,TRUEFLEX,RahulKumar,Motherhub_DIC,BRSNR,Pitampurahub_DEL_PL,PH-B6-DELDIC-42097770,expected,OPENED,26-09-2026 00:25,Arvind Bansal (DNCR)
26-09-2026,26-09-2026,FMPP4297841284,SahibabadHub_DEL_PL,TRIPOLE GEARS PRIVATE LIMITED +919625149134,98c7a1f87bca43ae,received_at_mh,North,LMA,1.00E+11,Vxpress,AmanYadav,Motherhub_DIC,BRSNR,SahibabadHub_DEL_PL,PH-B4-DELDIC-42081085,expected,OPENED,26-09-2026 02:45,Arvind Bansal (DNCR)
26-09-2026,26-09-2026,FMPC6527796563,PrahladPur_DEL_PL,Dangwal Enterprises +919650745841,0ea75d9ef3344620,received_at_mh,North,LMA,1.00E+11,Fastbeetle service,VarunChauhan,Motherhub_DIC,BRSNR,PrahladPur_DEL_PL,PH-B1-DELDIC-42080910,expected,OPENED,26-09-2026 01:50,Arvind Bansal (DNCR)
26-09-2026,26-09-2026,FMPP4297433833,SahibabadHub_DEL_PL,VINAYAK TRADERS +918851565755,412c543185f4416c,received_at_mh,North,TRUEFLEX,861328,TRUEFLEX,KaranKumar,Motherhub_DIC,Mixbagging,SahibabadHub_DEL_PL,PH-B6-DELDIC-42015323,expected,OPENED,26-09-2026 04:07,Arvind Bansal (DNCR)
26-09-2026,26-09-2026,FMPC6528719602,Rohinihub_DEL_PL,AJ INTERNATIONAL +918448830986,4344e06581394bdf,dispatched_to_mh,North,TRUEFLEX,618215,TRUEFLEX,Lokesh,Motherhub_DIC,BRSNR,Rohinihub_DEL_PL,PH-B1-DELDIC-42150512,expected,OPENED,26-09-2026 00:00,Arvind Bansal (DNCR)
26-09-2026,26-09-2026,FMPC6528451447,PrahladPur_DEL_PL,Dangwal Enterprises +919650745841,0ea75d9ef3344620,received_at_mh,North,LMA,1.00E+11,Fastbeetle service,VarunChauhan,Motherhub_DIC,BRSNR,PrahladPur_DEL_PL,PH-B4-DELDIC-42081023,expected,OPENED,26-09-2026 02:11,Arvind Bansal (DNCR)
26-09-2026,26-09-2026,FMPC6527795356,SahibabadHub_DEL_PL,NAVDEV INDIA +918851464749,55fff50571db4788,received_at_mh,North,LMA,1.00E+11,Greenteck Logistics and Mobility Pvt Ltd,SawanKumar,Motherhub_DIC,BRSNR,SahibabadHub_DEL_PL,PH-B1-DELDIC-42133188,expected,OPENED,26-09-2026 02:50,Arvind Bansal (DNCR)
26-09-2026,26-09-2026,FMPP4298495833,Rohinihub_DEL_PL,Heritage Shoes +919582491753,a0a4096a03534f4a,dispatched_to_mh,North,LMA,1.00E+11,AADIYOGI LOGISTIC PRIVATE LIMITED,Harshit,Motherhub_DIC,BRSNR,Rohinihub_DEL_PL,PH-B6-DELDIC-42108080,expected,OPENED,26-09-2026 00:17,Arvind Bansal (DNCR)
26-09-2026,26-09-2026,FMPP4297434800,SahibabadHub_DEL_PL,VANDANA ENTERPRISES +919354019306,ebfde4ccb7e241cc,received_at_mh,North,TRUEFLEX,861328,TRUEFLEX,KaranKumar,Motherhub_DIC,Mixbagging,SahibabadHub_DEL_PL,PH-B6-DELDIC-42015323,expected,OPENED,26-09-2026 04:07,Arvind Bansal (DNCR)
26-09-2026,26-09-2026,FMPC6527890927,Ramaroadhub_DEL_PL,M/s MAHA LAKSHMI INDUSTRY +919910554555,e2f33eb81b964565,dispatched_to_mh,North,LMA,1.00E+11,WHEELEY,DeepakKumar,Motherhub_DIC,BRSNR,Ramaroadhub_DEL_PL,PH-B6-DELDIC-42121757,expected,OPENED,25-09-2026 23:06,Arvind Bansal (DNCR)
26-09-2026,26-09-2026,MYEP1137512237,Ramaroadhub_DEL_PL,MYE : Nvikk Beauty Private Limited_PPMP_KAVT 9625304227,MYE_9c7827a6ed233661424ad7848c3e98a5,received_at_mh,North,LMA,1.00E+11,#N/A,#N/A,Motherhub_DIC,BRSNR,Ramaroadhub_DEL_PL,PH-B4-DELDIC-42128879,expected,OPENED,25-09-2026 23:08,Arvind Bansal (DNCR)
26-09-2026,26-09-2026,FMPP4297228057,SahibabadHub_DEL_PL,RN FAUCETS PRIVATE LIMITED +919315603920,c6e60ec1d6854a2d,dispatched_to_mh,North,LMA,1.00E+11,Greenteck Logistics and Mobility Pvt Ltd,Maneesh,Motherhub_DIC,BRSNR,SahibabadHub_DEL_PL,PH-B6-DELDIC-41898986,expected,OPENED,26-09-2026 02:45,Arvind Bansal (DNCR)
26-09-2026,26-09-2026,FMPP4296821369,SahibabadHub_DEL_PL,ACHAL AND COMPANY +918700082499,435de84ac7a0450b,received_at_mh,North,TRUEFLEX,861328,TRUEFLEX,KaranKumar,Motherhub_DIC,Mixbagging,SahibabadHub_DEL_PL,PH-B6-DELDIC-42015323,expected,OPENED,26-09-2026 04:07,Arvind Bansal (DNCR)
26-09-2026,26-09-2026,FMPC6527016089,SahibabadHub_DEL_PL,DNR INNOVATIONS +918368283003,44e3c9f5387249ae,received_at_mh,North,TRUEFLEX,628432,TRUEFLEX,AmarjeetSingh,Motherhub_DIC,Mixbagging,SahibabadHub_DEL_PL,PH-B6-DELDIC-42015323,expected,OPENED,26-09-2026 04:07,Arvind Bansal (DNCR)
26-09-2026,26-09-2026,FMPP4297862813,Pitampurahub_DEL_PL,SHREE SHYAM ENTERPRISES 7982814599,d3ab1c175a454c1b,dispatched_to_mh,North,LMA,1.00E+11,#N/A,#N/A,Motherhub_DIC,BRSNR,Pitampurahub_DEL_PL,PH-B6-DELDIC-42160107,expected,OPENED,26-09-2026 00:14,Arvind Bansal (DNCR)
26-09-2026,26-09-2026,FMPC6527215858,SahibabadHub_DEL_PL,M/s BANSAL PRODUCTS +919667807642,ebf6e61c32d14442,received_at_mh,North,TRUEFLEX,628432,TRUEFLEX,AmarjeetSingh,Motherhub_DIC,Mixbagging,SahibabadHub_DEL_PL,PH-B6-DELDIC-42015323,expected,OPENED,26-09-2026 04:07,Arvind Bansal (DNCR)
26-09-2026,26-09-2026,FMPC6527629846,SahibabadHub_DEL_PL,NAVDEV INDIA +918851464749,55fff50571db4788,received_at_mh,North,LMA,1.00E+11,Greenteck Logistics and Mobility Pvt Ltd,SawanKumar,Motherhub_DIC,BRSNR,SahibabadHub_DEL_PL,PH-B6-DELDIC-42133240,expected,OPENED,26-09-2026 02:51,Arvind Bansal (DNCR)
26-09-2026,26-09-2026,FMPC6527743687,SahibabadHub_DEL_PL,M/s BANSAL PRODUCTS +919667807642,ebf6e61c32d14442,received_at_mh,North,TRUEFLEX,628432,TRUEFLEX,AmarjeetSingh,Motherhub_DIC,Mixbagging,SahibabadHub_DEL_PL,PH-B6-DELDIC-42015323,expected,OPENED,26-09-2026 04:07,Arvind Bansal (DNCR)
26-09-2026,26-09-2026,FMPC6529544672,SahibabadHub_DEL_PL,ANKIT TRADING +918800929244,ab07aa41157b4556,received_at_mh,North,TRUEFLEX,861328,TRUEFLEX,KaranKumar,Motherhub_DIC,Mixbagging,SahibabadHub_DEL_PL,PH-B6-DELDIC-42015323,expected,OPENED,26-09-2026 04:07,Arvind Bansal (DNCR)
26-09-2026,26-09-2026,FMPC6529732715,SahibabadHub_DEL_PL,R HAPPY PARADISE +919811521573,78760908f01348e8,dispatched_to_mh,North,TRUEFLEX,600449,TRUEFLEX,PushpendraRajak,Motherhub_DIC,BRSNR,SahibabadHub_DEL_PL,PH-B1-DELDIC-41889617,expected,OPENED,26-09-2026 01:17,Arvind Bansal (DNCR)
26-09-2026,26-09-2026,FMPP4296615758,PrahladPur_DEL_PL,MR. GAGAN DEV SAH +916203404114,dee456bc6a524231,dispatched_to_mh,North,LMA,1.00E+11,Greenteck Logistics and Mobility Pvt Ltd,MohdAtik,Motherhub_DIC,Mixbagging,PrahladPur_DEL_PL,PH-B6-DELDIC-42158971,expected,OPENED,26-09-2026 02:10,Arvind Bansal (DNCR)
26-09-2026,26-09-2026,FMPC6529550632,Pitampurahub_DEL_PL,Speaker World +918851211958,9624f04f112e491d,received_at_mh,North,LMA,1.00E+11,#N/A,#N/A,Motherhub_DIC,BRSNR,Pitampurahub_DEL_PL,PH-B6-DELDIC-41606399,expected,OPENED,26-09-2026 00:32,Arvind Bansal (DNCR)
26-09-2026,26-09-2026,FMPP4297255101,SahibabadHub_DEL_PL,DNR INNOVATIONS +918368283003,44e3c9f5387249ae,received_at_mh,North,TRUEFLEX,861328,TRUEFLEX,KaranKumar,Motherhub_DIC,Mixbagging,SahibabadHub_DEL_PL,PH-B6-DELDIC-42015323,expected,OPENED,26-09-2026 04:07,Arvind Bansal (DNCR)
26-09-2026,26-09-2026,MYEP1137543202,SahibabadHub_DEL_PL,MYE : Mochi Ghaziabad Kaushambi Omni 7021987937,MYE_e83fac0c06c4f85b9ee75814221db2c6,received_at_mh,North,LMA,1.00E+11,Greenteck Logistics and Mobility Pvt Ltd,Maneesh,Motherhub_DIC,BRSNR,SahibabadHub_DEL_PL,PH-B4-DELDIC-42133717,expected,OPENED,26-09-2026 02:51,Arvind Bansal (DNCR)
26-09-2026,26-09-2026,FMPP4297793169,SahibabadHub_DEL_PL,Miss Highness +918700036944,c7576bfa139d4c11,received_at_mh,North,LMA,1.00E+11,Greenteck Logistics and Mobility Pvt Ltd,Maneesh,Motherhub_DIC,BRSNR,SahibabadHub_DEL_PL,PH-B1-DELDIC-42133652,expected,OPENED,26-09-2026 02:51,Arvind Bansal (DNCR)
26-09-2026,26-09-2026,FMPC6524253777,SahibabadHub_DEL_PL,NAVDEV INDIA +918851464749,55fff50571db4788,received_at_mh,North,LMA,1.00E+11,Greenteck Logistics and Mobility Pvt Ltd,SawanKumar,Motherhub_DIC,Missort,SahibabadHub_DEL_PL,PH-B4-DELDIC-42002396,expected,OPENED,26-09-2026 03:24,Arvind Bansal (DNCR)
26-09-2026,26-09-2026,FMPP4296796323,Pitampurahub_DEL_PL,MEENAKSHI ENTERPRISES +919355994112,6fa599ad67c04db3,received_at_mh,North,LMA,1.00E+11,#N/A,#N/A,Motherhub_DIC,BRSNR,Pitampurahub_DEL_PL,PH-B4-DELDIC-39924673,expected,OPENED,25-09-2026 23:22,Arvind Bansal (DNCR)
26-09-2026,26-09-2026,FMPC6528490718,SahibabadHub_DEL_PL,ANKIT TRADING +918800929244,ab07aa41157b4556,received_at_mh,North,TRUEFLEX,861328,TRUEFLEX,KaranKumar,Motherhub_DIC,Mixbagging,SahibabadHub_DEL_PL,PH-B6-DELDIC-42015323,expected,OPENED,26-09-2026 04:07,Arvind Bansal (DNCR)
26-09-2026,26-09-2026,FMPC6528043728,Pitampurahub_DEL_PL,FATHER TOUCH INDIA +917065726734,e252e1abb9274122,dispatched_to_mh,North,LMA,1.00E+11,#N/A,#N/A,Motherhub_DIC,BRSNR,Pitampurahub_DEL_PL,PH-B6-DELDIC-42154228,expected,OPENED,26-09-2026 00:50,Arvind Bansal (DNCR)
26-09-2026,26-09-2026,FMPC6528159055,PrahladPur_DEL_PL,ANUI TRADERS +918178490808,29fe6365488e4993,dispatched_to_mh,North,LMA,1.00E+11,Fastbeetle service,SumitSharma,Motherhub_DIC,BRSNR,PrahladPur_DEL_PL,PH-B6-DELDIC-42104630,expected,OPENED,26-09-2026 01:59,Arvind Bansal (DNCR)
26-09-2026,26-09-2026,FMPC6527553014,SahibabadHub_DEL_PL,NAVDEV INDIA +918851464749,55fff50571db4788,received_at_mh,North,LMA,1.00E+11,Greenteck Logistics and Mobility Pvt Ltd,SawanKumar,Motherhub_DIC,BRSNR,SahibabadHub_DEL_PL,PH-B6-DELDIC-42133240,expected,OPENED,26-09-2026 02:51,Arvind Bansal (DNCR)
26-09-2026,26-09-2026,FMPC6527088356,SahibabadHub_DEL_PL,VINAYAK TRADERS +918851565755,412c543185f4416c,received_at_mh,North,TRUEFLEX,861328,TRUEFLEX,KaranKumar,Motherhub_DIC,Mixbagging,SahibabadHub_DEL_PL,PH-B6-DELDIC-42015323,expected,OPENED,26-09-2026 04:07,Arvind Bansal (DNCR)
26-09-2026,26-09-2026,FMPC6527531888,SahibabadHub_DEL_PL,VINAYAK TRADERS +918851565755,412c543185f4416c,received_at_mh,North,TRUEFLEX,861328,TRUEFLEX,KaranKumar,Motherhub_DIC,Mixbagging,SahibabadHub_DEL_PL,PH-B6-DELDIC-42015323,expected,OPENED,26-09-2026 04:07,Arvind Bansal (DNCR)
26-09-2026,26-09-2026,FMPP4298489869,UttamNagarHub_DEL_PL,SHREE SHYAM ENTERPRISES +917838687754,8e156c1fcea341cd,dispatched_to_mh,North,TRUEFLEX,591581,TRUEFLEX,UjjwalKumar,Motherhub_DIC,BRSNR,UttamNagarHub_DEL_PL,PH-B6-DELDIC-40466755,expected,OPENED,25-09-2026 23:59,Arvind Bansal (DNCR)
26-09-2026,26-09-2026,FMPC6527035185,UttamNagarHub_DEL_PL,RK ENTERPRISESS +918757843641,2142d109313347c9,received_at_mh,North,LMA,1.00E+11,#N/A,#N/A,Motherhub_DIC,BRSNR,UttamNagarHub_DEL_PL,PH-B4-DELDIC-42138321,expected,OPENED,26-09-2026 00:06,Arvind Bansal (DNCR)
26-09-2026,26-09-2026,FMPC6528778983,UttamNagarHub_DEL_PL,R S ENTERPRISES +918527200435,8f64481ab27e4c26,received_at_mh,North,LMA,1.00E+11,WHEELEY,Vikas,Motherhub_DIC,BRSNR,UttamNagarHub_DEL_PL,PH-B4-DELDIC-42170143,expected,OPENED,25-09-2026 23:54,Arvind Bansal (DNCR)
26-09-2026,26-09-2026,FMPP4297858325,UttamNagarHub_DEL_PL,Vishal Enterprises +919999348488,1623b06c829d4b3d,dispatched_to_mh,North,TRUEFLEX,867703,TRUEFLEX,SameerKumar,Motherhub_DIC,BRSNR,UttamNagarHub_DEL_PL,PH-B4-DELDIC-41958605,expected,OPENED,26-09-2026 00:00,Arvind Bansal (DNCR)
26-09-2026,26-09-2026,FMPP4297785432,UttamNagarHub_DEL_PL,AADI INTERNATIONAL +919310065722,9d1c493d954d4f0e,received_at_mh,North,LMA,1.00E+11,#N/A,#N/A,Motherhub_DIC,BRSNR,UttamNagarHub_DEL_PL,PH-B6-DELDIC-41715758,expected,OPENED,25-09-2026 23:53,Arvind Bansal (DNCR)
26-09-2026,26-09-2026,FMPP4298602305,UttamNagarHub_DEL_PL,MANASVI ENTERPRISES +918368388194,8eb58a6b7ba1492e,dispatched_to_mh,North,LMA,1.00E+11,Watsoo,Vishal KumarMandal,Motherhub_DIC,BRSNR,UttamNagarHub_DEL_PL,PH-B4-DELDIC-42170143,expected,OPENED,25-09-2026 23:54,Arvind Bansal (DNCR)
26-09-2026,26-09-2026,FMPP4296946814,UttamNagarHub_DEL_PL,AMANVANI +919999288483,b62c7528e3b94468,received_at_mh,North,TRUEFLEX,1263318,TRUEFLEX,DeepakKumar,Motherhub_DIC,BRSNR,UttamNagarHub_DEL_PL,PH-B4-DELDIC-42170143,expected,OPENED,25-09-2026 23:54,Arvind Bansal (DNCR)
26-09-2026,26-09-2026,FMPC6528268329,UttamNagarHub_DEL_PL,MAHADEV ENTERPRISE +919910313097,9664f78a6c674db8,received_at_mh,North,LMA,1.00E+11,Watsoo,GulshanKumar,Motherhub_DIC,BRSNR,UttamNagarHub_DEL_PL,PH-B4-DELDIC-42138034,expected,OPENED,26-09-2026 00:23,Arvind Bansal (DNCR)
26-09-2026,26-09-2026,FMPP4298319662,UttamNagarHub_DEL_PL,BANSONS FASHION DESIGNS PRIVATE LIMITED +919212965208,7d97b415210e4d68,received_at_mh,North,LMA,1.00E+11,WHEELEY,NeerajKumar,Motherhub_DIC,BRSNR,UttamNagarHub_DEL_PL,PH-B6-DELDIC-42167721,expected,OPENED,25-09-2026 23:43,Arvind Bansal (DNCR)
26-09-2026,26-09-2026,FMPC6528707624,UttamNagarHub_DEL_PL,R S ENTERPRISES +918527200435,8f64481ab27e4c26,received_at_mh,North,LMA,1.00E+11,WHEELEY,Vikas,Motherhub_DIC,BRSNR,UttamNagarHub_DEL_PL,PH-B1-DELDIC-42167729,expected,OPENED,25-09-2026 23:43,Arvind Bansal (DNCR)
26-09-2026,26-09-2026,FMPP4298525346,UttamNagarHub_DEL_PL,SHREE SHYAM ENTERPRISES +917838687754,8e156c1fcea341cd,dispatched_to_mh,North,TRUEFLEX,591581,TRUEFLEX,UjjwalKumar,Motherhub_DIC,BRSNR,UttamNagarHub_DEL_PL,PH-B6-DELDIC-40466755,expected,OPENED,25-09-2026 23:59,Arvind Bansal (DNCR)
26-09-2026,26-09-2026,FMPC6528844585,UttamNagarHub_DEL_PL,ZEKLY INTERNATIONALS +918920047824,adf03ae1e997411f,received_at_mh,North,LMA,1.00E+11,WERCATALYST VENTURES PVT LTD,Raju Bhagat,Motherhub_DIC,BRSNR,UttamNagarHub_DEL_PL,PH-B6-DELDIC-42009722,expected,OPENED,26-09-2026 00:00,Arvind Bansal (DNCR)
26-09-2026,26-09-2026,MYEP1137504929,UttamNagarHub_DEL_PL,MYE : RABRIC RETAILS PRIVATE LIMITED DELHI PPMP 8810409730,MYE_66df99c05120c9f0c348ad07287b54ec,received_at_mh,North,LMA,1.00E+11,Fastbeetle service,MohitKumar,Motherhub_DIC,BRSNR,UttamNagarHub_DEL_PL,PH-B1-DELDIC-42167729,expected,OPENED,25-09-2026 23:43,Arvind Bansal (DNCR)
26-09-2026,26-09-2026,FMPP4297776278,UttamNagarHub_DEL_PL,Shridha Enterprises +919899379399,2f780fc675fb46b3,received_at_mh,North,LMA,1.00E+11,Fastbeetle service,MohitKumar,Motherhub_DIC,BRSNR,UttamNagarHub_DEL_PL,PH-B6-DELDIC-42138423,expected,OPENED,25-09-2026 23:44,Arvind Bansal (DNCR)
26-09-2026,26-09-2026,FMPC6527074361,UttamNagarHub_DEL_PL,RK ENTERPRISESS +918757843641,2142d109313347c9,received_at_mh,North,LMA,1.00E+11,#N/A,#N/A,Motherhub_DIC,BRSNR,UttamNagarHub_DEL_PL,PH-B4-DELDIC-42138321,expected,OPENED,26-09-2026 00:06,Arvind Bansal (DNCR)
26-09-2026,26-09-2026,FMPP4297581531,UttamNagarHub_DEL_PL,SWASTIK RETAIL INDIA +919643919750,49077bdf45a444bf,dispatched_to_mh,North,TRUEFLEX,787431,TRUEFLEX,AnkitMathur,Motherhub_DIC,BRSNR,UttamNagarHub_DEL_PL,PH-B6-DELDIC-42167719,expected,OPENED,26-09-2026 00:03,Arvind Bansal (DNCR)
26-09-2026,26-09-2026,FMPP4295803643,UttamNagarHub_DEL_PL,SHOPEASY +919667126197,750992974b19430c,dispatched_to_mh,North,LMA,1.00E+11,WHEELEY,Nitish,Motherhub_DIC,BRSNR,UttamNagarHub_DEL_PL,PH-B6-DELDIC-42140875,expected,OPENED,25-09-2026 23:57,Arvind Bansal (DNCR)
26-09-2026,26-09-2026,FMPP4297918686,UttamNagarHub_DEL_PL,R S ENTERPRISES +918527200435,8f64481ab27e4c26,received_at_mh,North,LMA,1.00E+11,WHEELEY,Vikas,Motherhub_DIC,BRSNR,UttamNagarHub_DEL_PL,PH-B6-DELDIC-42167721,expected,OPENED,25-09-2026 23:43,Arvind Bansal (DNCR)
26-09-2026,26-09-2026,FMPC6527430665,UttamNagarHub_DEL_PL,Vishal Enterprises +919999348488,1623b06c829d4b3d,dispatched_to_mh,North,TRUEFLEX,867703,TRUEFLEX,SameerKumar,Motherhub_DIC,BRSNR,UttamNagarHub_DEL_PL,PH-B4-DELDIC-41958605,expected,OPENED,26-09-2026 00:00,Arvind Bansal (DNCR)
26-09-2026,26-09-2026,FMPP4297479258,UttamNagarHub_DEL_PL,Essence Of Fashion +917065770207,25621789cde24515,dispatched_to_mh,North,LMA,1.00E+11,WERCATALYST VENTURES PVT LTD,Vivek KumarGautam,Motherhub_DIC,BRSNR,UttamNagarHub_DEL_PL,PH-B1-DELDIC-42139118,expected,OPENED,26-09-2026 00:23,Arvind Bansal (DNCR)
26-09-2026,26-09-2026,FMPP4298840108,UttamNagarHub_DEL_PL,R S ENTERPRISES +918527200435,8f64481ab27e4c26,received_at_mh,North,LMA,1.00E+11,WHEELEY,Vikas,Motherhub_DIC,BRSNR,UttamNagarHub_DEL_PL,PH-B4-DELDIC-42170143,expected,OPENED,25-09-2026 23:54,Arvind Bansal (DNCR)
26-09-2026,26-09-2026,FMPP4298146849,UttamNagarHub_DEL_PL,R S ENTERPRISES +918527200435,8f64481ab27e4c26,received_at_mh,North,LMA,1.00E+11,WHEELEY,Vikas,Motherhub_DIC,BRSNR,UttamNagarHub_DEL_PL,PH-B4-DELDIC-42170143,expected,OPENED,25-09-2026 23:54,Arvind Bansal (DNCR)
26-09-2026,26-09-2026,FMPP4297411451,UttamNagarHub_DEL_PL,AT FASHION +918285014467,4dc1efb652ad4eab,dispatched_to_mh,North,LMA,1.00E+11,#N/A,#N/A,Motherhub_DIC,BRSNR,UttamNagarHub_DEL_PL,PH-B1-DELDIC-42142461,expected,OPENED,26-09-2026 00:07,Arvind Bansal (DNCR)
26-09-2026,26-09-2026,FMPP4297786607,UttamNagarHub_DEL_PL,Shridha Enterprises +919899379399,2f780fc675fb46b3,dispatched_to_mh,North,LMA,1.00E+11,Fastbeetle service,MohitKumar,Motherhub_DIC,BRSNR,UttamNagarHub_DEL_PL,PH-B6-DELDIC-42138423,expected,OPENED,25-09-2026 23:44,Arvind Bansal (DNCR)
26-09-2026,26-09-2026,FMPP4297008072,UttamNagarHub_DEL_PL,DELHI FASHION +918459331075,b8be3b81ac744cc9,dispatched_to_mh,North,LMA,1.00E+11,#N/A,#N/A,Motherhub_DIC,BRSNR,UttamNagarHub_DEL_PL,PH-B6-DELDIC-42143967,expected,OPENED,26-09-2026 00:07,Arvind Bansal (DNCR)
26-09-2026,26-09-2026,FMPC6528550344,VasundharaHub_DEL_PL,Ossify +919310629315,ccc39bb1092a4296,dispatched_to_mh,North,LMA,1.00E+11,#N/A,#N/A,Motherhub_DIC,BRSNR,VasundharaHub_DEL_PL,PH-B6-DELDIC-42002370,expected,OPENED,26-09-2026 00:08,Arvind Bansal (DNCR)
26-09-2026,26-09-2026,SRSC5719026835,VasundharaHub_DEL_PL,SRS : recyclekart 8368522007,SRS_2edbc882ba9863c78750e7bc10e7d4d1,received_at_mh,North,LMA,1.00E+11,#N/A,#N/A,Motherhub_DIC,Mixbagging,VasundharaHub_DEL_PL,PH-B6-DELDIC-42101129,expected,OPENED,25-09-2026 22:30,Arvind Bansal (DNCR)
26-09-2026,26-09-2026,FMPP4297554369,VasundharaHub_DEL_PL,BALAJI ENTERPRISES +917815825404,75eefd9486164491,dispatched_to_mh,North,LMA,1.00E+11,WHEELEY,VivekShukla,Motherhub_DIC,BRSNR,VasundharaHub_DEL_PL,PH-B1-DELDIC-42148031,expected,OPENED,26-09-2026 00:07,Arvind Bansal (DNCR)
26-09-2026,26-09-2026,FMPP4298574917,VasundharaHub_DEL_PL,Sell Rider +916386502453,5638a068b6d8487b,dispatched_to_mh,North,LMA,1.00E+11,#N/A,#N/A,Motherhub_DIC,BRSNR,VasundharaHub_DEL_PL,PH-B1-DELDIC-42127673,expected,OPENED,25-09-2026 22:26,Arvind Bansal (DNCR)
26-09-2026,26-09-2026,FMPP4298396507,VasundharaHub_DEL_PL,RAVI ENTERPRISES +918920202761,ca5db307748e426e,dispatched_to_mh,North,LMA,1.00E+11,#N/A,#N/A,Motherhub_DIC,BRSNR,VasundharaHub_DEL_PL,PH-B6-DELDIC-42002370,expected,OPENED,26-09-2026 00:08,Arvind Bansal (DNCR)
26-09-2026,26-09-2026,FMPC6527058708,VasundharaHub_DEL_PL,Furkan +919729322957,b0e0d61318b9466e,dispatched_to_mh,North,LMA,1.00E+11,WHEELEY,VivekShukla,Motherhub_DIC,BRSNR,VasundharaHub_DEL_PL,PH-B6-DELDIC-42149190,expected,OPENED,26-09-2026 00:09,Arvind Bansal (DNCR)
26-09-2026,26-09-2026,FMPC6528462089,VasundharaHub_DEL_PL,twinzkart private limited +917856869897,896c6e006e83494c,dispatched_to_mh,North,LMA,1.00E+11,WHEELEY,VivekShukla,Motherhub_DIC,BRSNR,VasundharaHub_DEL_PL,PH-B4-DELDIC-42149007,expected,OPENED,26-09-2026 00:08,Arvind Bansal (DNCR)
26-09-2026,26-09-2026,FMPC6528596233,VasundharaHub_DEL_PL,Paras Enterprises +919811969594,49f10d32e63d4e0f,received_at_mh,North,TRUEFLEX,593165,TRUEFLEX,GouravKumar,Motherhub_DIC,BRSNR,VasundharaHub_DEL_PL,PH-B1-DELDIC-41803976,expected,OPENED,25-09-2026 22:32,Arvind Bansal (DNCR)
26-09-2026,26-09-2026,FMPC6528011036,VasundharaHub_DEL_PL,Anshu global world +919625452114,0597cf08d1c3432a,dispatched_to_mh,North,TRUEFLEX,590011,TRUEFLEX,SumitKumar,Motherhub_DIC,BRSNR,VasundharaHub_DEL_PL,PH-B4-DELDIC-35775250,expected,OPENED,26-09-2026 00:17,Arvind Bansal (DNCR)
26-09-2026,26-09-2026,FMPP4298533721,VasundharaHub_DEL_PL,Ossify +919310629315,ccc39bb1092a4296,dispatched_to_mh,North,LMA,1.00E+11,#N/A,#N/A,Motherhub_DIC,BRSNR,VasundharaHub_DEL_PL,PH-B6-DELDIC-42002370,expected,OPENED,26-09-2026 00:08,Arvind Bansal (DNCR)
26-09-2026,26-09-2026,FMPC6528685728,VasundharaHub_DEL_PL,DEVDUTT EXPORTS BHARAT PRIVATE LIMITED +919354945490,f0e60dc3923f4923,dispatched_to_mh,North,LMA,1.00E+11,#N/A,#N/A,Motherhub_DIC,BRSNR,VasundharaHub_DEL_PL,PH-B4-DELDIC-42125787,expected,OPENED,26-09-2026 00:10,Arvind Bansal (DNCR)
26-09-2026,26-09-2026,NAPC0027928084,VasundharaHub_DEL_PL,NAP : M/s Shri Traders Delhi 9811600603,NAP_f0535ff02837d6391cc27b55c8217ab9,dispatched_to_mh,North,TRUEFLEX,590008,TRUEFLEX,KamalJeet,Motherhub_DIC,BRSNR,VasundharaHub_DEL_PL,PH-B6-DELDIC-40040271,expected,OPENED,25-09-2026 22:33,Arvind Bansal (DNCR)
26-09-2026,26-09-2026,FMPC6528331355,VasundharaHub_DEL_PL,MS STUDIO +919310655518,7bc2658dec2e4189,received_at_mh,North,LMA,1.00E+11,#N/A,#N/A,Motherhub_DIC,BRSNR,VasundharaHub_DEL_PL,PH-B4-DELDIC-42149572,expected,OPENED,26-09-2026 00:05,Arvind Bansal (DNCR)
26-09-2026,26-09-2026,FMPC6528251109,VasundharaHub_DEL_PL,Praveen Traders +919560105165,be59046694b94fe9,dispatched_to_mh,North,LMA,1.00E+11,Transwide Express,Parvinder,Motherhub_DIC,BRSNR,VasundharaHub_DEL_PL,PH-B4-DELDIC-42144539,expected,OPENED,25-09-2026 22:32,Arvind Bansal (DNCR)
26-09-2026,26-09-2026,FMPC6529692590,VasundharaHub_DEL_PL,SKIN BEAUTY +918595211620,f5b7fa2302e54790,dispatched_to_mh,North,LMA,1.00E+11,WHEELEY,ArunKumar,Motherhub_DIC,BRSNR,VasundharaHub_DEL_PL,PH-B1-DELDIC-29352705,expected,OPENED,26-09-2026 00:08,Arvind Bansal (DNCR)
26-09-2026,26-09-2026,FMPP4298143776,VasundharaHub_DEL_PL,Arsh Visuals +918545981733,39c337498a1d4e61,received_at_mh,North,LMA,1.00E+11,Vxpress,RaushanKumar,Motherhub_DIC,BRSNR,VasundharaHub_DEL_PL,PH-B4-DELDIC-42100806,expected,OPENED,25-09-2026 22:05,Arvind Bansal (DNCR)
26-09-2026,26-09-2026,FMPC6527966209,VasundharaHub_DEL_PL,BALAJI ENTERPRISES +917815825404,75eefd9486164491,dispatched_to_mh,North,LMA,1.00E+11,WHEELEY,VivekShukla,Motherhub_DIC,BRSNR,VasundharaHub_DEL_PL,PH-B6-DELDIC-42149190,expected,OPENED,26-09-2026 00:09,Arvind Bansal (DNCR)
26-09-2026,26-09-2026,FMPC6528412697,VasundharaHub_DEL_PL,BALAJI ENTERPRISES +917815825404,75eefd9486164491,dispatched_to_mh,North,LMA,1.00E+11,WHEELEY,VivekShukla,Motherhub_DIC,BRSNR,VasundharaHub_DEL_PL,PH-B1-DELDIC-42148031,expected,OPENED,26-09-2026 00:07,Arvind Bansal (DNCR)
26-09-2026,26-09-2026,FMPP4296955743,VasundharaHub_DEL_PL,Arvindbookhub +919718593639,cd498bc6fbd0482f,received_at_mh,North,LMA,1.00E+11,#N/A,#N/A,Motherhub_DIC,BRSNR,VasundharaHub_DEL_PL,PH-B6-DELDIC-42149620,expected,OPENED,26-09-2026 00:06,Arvind Bansal (DNCR)
26-09-2026,26-09-2026,FMPP4297948473,VasundharaHub_DEL_PL,LuvCareInternational +918595630938,8d97e76fd9634f6c,dispatched_to_mh,North,LMA,1.00E+11,Vxpress,RaushanKumar,Motherhub_DIC,BRSNR,VasundharaHub_DEL_PL,PH-B1-DELDIC-36773323,expected,OPENED,25-09-2026 22:14,Arvind Bansal (DNCR)
26-09-2026,26-09-2026,FMPC6529673764,WelcomeHub_DEL_PL,Rk traders +919942983369,c4f39127c2b343ef,received_at_mh,North,TRUEFLEX,1350739,TRUEFLEX,AbdulSalam,Motherhub_DIC,BRSNR,WelcomeHub_DEL_PL,PH-B6-DELDIC-42155109,expected,OPENED,25-09-2026 23:58,Arvind Bansal (DNCR)
26-09-2026,26-09-2026,FMPC6528172413,WelcomeHub_DEL_PL,SMS ENTERPRISES +919582012730,19167d2c020c4cae,dispatched_to_mh,North,LMA,4234823,#N/A,#N/A,Motherhub_DIC,BRSNR,WelcomeHub_DEL_PL,PH-B1-DELDIC-42099469,expected,OPENED,26-09-2026 00:11,Arvind Bansal (DNCR)
26-09-2026,26-09-2026,FMPP4298547523,WelcomeHub_DEL_PL,VAP Group +919136661206,76832b2dfe9748de,dispatched_to_mh,North,TRUEFLEX,977034,TRUEFLEX,#N/A,Motherhub_DIC,BRSNR,WelcomeHub_DEL_PL,PH-B1-DELDIC-41795612,expected,OPENED,26-09-2026 01:32,Arvind Bansal (DNCR)
26-09-2026,26-09-2026,FMPP4298601428,WelcomeHub_DEL_PL,M K ENTERPRISES +919891912912,47de5242cbf34582,received_at_mh,North,TRUEFLEX,867969,TRUEFLEX,BhoopSingh,Motherhub_DIC,BRSNR,WelcomeHub_DEL_PL,PH-B6-DELDIC-42018062,expected,OPENED,26-09-2026 01:25,Arvind Bansal (DNCR)
26-09-2026,26-09-2026,FMPC6529742910,WelcomeHub_DEL_PL,NEERAJYOTI ENTERPRISES +919899588984,14bcf1ad405f4498,dispatched_to_mh,North,TRUEFLEX,867969,TRUEFLEX,BhoopSingh,Motherhub_DIC,BRSNR,WelcomeHub_DEL_PL,PH-B4-DELDIC-41850082,expected,OPENED,26-09-2026 00:04,Arvind Bansal (DNCR)
26-09-2026,26-09-2026,FMPC6527656491,WelcomeHub_DEL_PL,DMS COLLECTION +918700790315,e11c953145b44ca9,dispatched_to_mh,North,TRUEFLEX,977095,TRUEFLEX,#N/A,Motherhub_DIC,BRSNR,WelcomeHub_DEL_PL,PH-B4-DELDIC-42164971,expected,OPENED,26-09-2026 00:15,Arvind Bansal (DNCR)
26-09-2026,26-09-2026,FMPP4297674662,WelcomeHub_DEL_PL,AAKAR CREATIONS +919818626277,d4bc5e2c86d44026,received_at_mh,North,LMA,1.00E+11,Transwide Express,AyyanAhmad,Motherhub_DIC,BRSNR,WelcomeHub_DEL_PL,PH-B1-DELDIC-42086983,expected,OPENED,26-09-2026 01:31,Arvind Bansal (DNCR)
26-09-2026,26-09-2026,MYEP1137543857,WelcomeHub_DEL_PL,MYE : MANGAL TRADING COMPANY DELHI PPMP 8178426645,MYE_a66ba5f451259eb661d9c0c59e199bd1,dispatched_to_mh,North,LMA,1.00E+11,We Innovate Business Solutions Pvt Ltd,PankajYadav,Motherhub_DIC,BRSNR,WelcomeHub_DEL_PL,PH-B1-DELDIC-42153230,expected,OPENED,26-09-2026 00:06,Arvind Bansal (DNCR)
26-09-2026,26-09-2026,FMPC6529717795,WelcomeHub_DEL_PL,SONI & SONS +919811057523,b7e825fcc0ce44cc,dispatched_to_mh,North,LMA,1.00E+11,Greenteck Logistics and Mobility Pvt Ltd,Rohit,Motherhub_DIC,BRSNR,WelcomeHub_DEL_PL,PH-B6-DELDIC-42087593,expected,OPENED,26-09-2026 00:14,Arvind Bansal (DNCR)
26-09-2026,26-09-2026,FMPC6528374435,WelcomeHub_DEL_PL,Star Enterprises +919599232688,1947dd7fddb64e34,dispatched_to_mh,North,LMA,4234823,#N/A,#N/A,Motherhub_DIC,BRSNR,WelcomeHub_DEL_PL,PH-B4-DELDIC-42099528,expected,OPENED,26-09-2026 02:51,Arvind Bansal (DNCR)
26-09-2026,26-09-2026,FMPP4298558192,WelcomeHub_DEL_PL,ManHar Organics +918287805156,14ff1cc0544b46e5,received_at_mh,North,LMA,1.00E+11,Transwide Express,Kamlakar,Motherhub_DIC,BRSNR,WelcomeHub_DEL_PL,PH-B4-DELDIC-41673763,expected,OPENED,25-09-2026 23:48,Arvind Bansal (DNCR)
26-09-2026,26-09-2026,FMPC6524032818,WelcomeHub_DEL_PL,DECOR TREASURE BY PAKHI +918287540631,ebfd92f0fd734130,received_at_mh,North,LMA,1.00E+11,Greenteck Logistics and Mobility Pvt Ltd,DeepakKumar,Motherhub_DIC,BRSNR,WelcomeHub_DEL_PL,PH-B6-DELDIC-41559592,expected,OPENED,26-09-2026 00:31,Arvind Bansal (DNCR)
26-09-2026,26-09-2026,FMPC6528221065,WelcomeHub_DEL_PL,NEERAJYOTI ENTERPRISES +919899588984,14bcf1ad405f4498,received_at_mh,North,TRUEFLEX,867969,TRUEFLEX,BhoopSingh,Motherhub_DIC,BRSNR,WelcomeHub_DEL_PL,PH-B6-DELDIC-41850097,expected,OPENED,26-09-2026 00:03,Arvind Bansal (DNCR)
26-09-2026,26-09-2026,FMPC6527446178,WelcomeHub_DEL_PL,U.V.CREATION +919015345127,0c6ac1a810bd478d,received_at_mh,North,LMA,1.00E+11,Transwide Express,Kamlakar,Motherhub_DIC,BRSNR,WelcomeHub_DEL_PL,PH-B4-DELDIC-41858200,expected,OPENED,26-09-2026 01:37,Arvind Bansal (DNCR)
26-09-2026,26-09-2026,FMPP4296848399,WelcomeHub_DEL_PL,RITIK ENTERPRISES +919310300696,1cecdec6e6a84806,received_at_mh,North,LMA,1.00E+11,Transwide Express,ManojKumar,Motherhub_DIC,BRSNR,WelcomeHub_DEL_PL,PH-B6-DELDIC-42050175,expected,OPENED,26-09-2026 00:08,Arvind Bansal (DNCR)
26-09-2026,26-09-2026,FMPP4297744602,WelcomeHub_DEL_PL,Star Enterprises +919599232688,1947dd7fddb64e34,dispatched_to_mh,North,LMA,4234823,#N/A,#N/A,Motherhub_DIC,BRSNR,WelcomeHub_DEL_PL,PH-B4-DELDIC-42099528,expected,OPENED,26-09-2026 02:51,Arvind Bansal (DNCR)
26-09-2026,26-09-2026,FMPC6529322280,WelcomeHub_DEL_PL,ROYAL LUXE ENTERPRISES +919310044116,81c4fce080114ceb,received_at_mh,North,LMA,1.00E+11,Transwide Express,KushalSharma,Motherhub_DIC,BRSNR,WelcomeHub_DEL_PL,PH-B4-DELDIC-39916163,expected,OPENED,25-09-2026 23:59,Arvind Bansal (DNCR)
26-09-2026,26-09-2026,FMPP4298706017,WelcomeHub_DEL_PL,I K ENTERPRISES +919136832504,7d900ec1ecc64f5a,received_at_mh,North,LMA,1.00E+11,Transwide Express,KushalSharma,Motherhub_DIC,BRSNR,WelcomeHub_DEL_PL,PH-B4-DELDIC-39916163,expected,OPENED,25-09-2026 23:59,Arvind Bansal (DNCR)
26-09-2026,26-09-2026,FMPC6529687655,WelcomeHub_DEL_PL,SMATY CHAMP CREATIONS +919211426047,76923a6f2aa64ab8,dispatched_to_mh,North,LMA,1.00E+11,Transwide Express,Kamlakar,Motherhub_DIC,BRSNR,WelcomeHub_DEL_PL,PH-B1-DELDIC-41857834,expected,OPENED,26-09-2026 01:43,Arvind Bansal (DNCR)
26-09-2026,26-09-2026,FMPP4297719047,WelcomeHub_DEL_PL,Star Enterprises +919599232688,1947dd7fddb64e34,dispatched_to_mh,North,LMA,4234823,#N/A,#N/A,Motherhub_DIC,BRSNR,WelcomeHub_DEL_PL,PH-B4-DELDIC-42099528,expected,OPENED,26-09-2026 02:51,Arvind Bansal (DNCR)
26-09-2026,26-09-2026,FMPP4298157989,WelcomeHub_DEL_PL,K S INDUSTRIES +919350858468,45ef8eca437a4d35,received_at_mh,North,LMA,1.00E+11,Greenteck Logistics and Mobility Pvt Ltd,Akash,Motherhub_DIC,BRSNR,WelcomeHub_DEL_PL,PH-B6-DELDIC-41152553,expected,OPENED,25-09-2026 23:58,Arvind Bansal (DNCR)
26-09-2026,26-09-2026,FMPP4296735425,WelcomeHub_DEL_PL,B.N.ENTERPRISES +918377081538,d5faecde4e914f17,received_at_mh,North,EKART,3785953,EKART,,Motherhub_DIC,BRSNR,WelcomeHub_DEL_PL,PH-B1-DELDIC-42144287,expected,OPENED,25-09-2026 23:53,Arvind Bansal (DNCR)
26-09-2026,26-09-2026,FMPC6527801517,WelcomeHub_DEL_PL,KAPILANSH ENTERPRISES +919319494076,fb963c96f0134abb,dispatched_to_mh,North,LMA,1.00E+11,Transwide Express,ManojKumar,Motherhub_DIC,BRSNR,WelcomeHub_DEL_PL,PH-B6-DELDIC-42134241,expected,OPENED,26-09-2026 00:14,Arvind Bansal (DNCR)
26-09-2026,26-09-2026,FMPC6528628039,WelcomeHub_DEL_PL,K S INDUSTRIES +919350858468,45ef8eca437a4d35,received_at_mh,North,LMA,1.00E+11,Greenteck Logistics and Mobility Pvt Ltd,Akash,Motherhub_DIC,BRSNR,WelcomeHub_DEL_PL,PH-B6-DELDIC-41152553,expected,OPENED,25-09-2026 23:58,Arvind Bansal (DNCR)
26-09-2026,26-09-2026,FMPC6529078135,WelcomeHub_DEL_PL,GANPAT CHHARIYA TRADERS +919250547137,1d9d4d747b464def,dispatched_to_mh,North,LMA,1.00E+11,#N/A,#N/A,Motherhub_DIC,BRSNR,WelcomeHub_DEL_PL,PH-B6-DELDIC-41896777,expected,OPENED,26-09-2026 01:29,Arvind Bansal (DNCR)
26-09-2026,26-09-2026,FMPP4297160233,WelcomeHub_DEL_PL,J H RETREAT +919205511709,fd3a33872cea4191,dispatched_to_mh,North,TRUEFLEX,809562,TRUEFLEX,VIJAYKumar,Motherhub_DIC,BRSNR,WelcomeHub_DEL_PL,PH-B6-DELDIC-42140854,expected,OPENED,25-09-2026 23:51,Arvind Bansal (DNCR)
26-09-2026,26-09-2026,FMPC6528070850,WelcomeHub_DEL_PL,S R MOBILITY +918860802919,bc1ca8fa65ed4cb2,received_at_mh,North,LMA,1.00E+11,Transwide Express,KushalSharma,Motherhub_DIC,BRSNR,WelcomeHub_DEL_PL,PH-B1-DELDIC-39916053,expected,OPENED,26-09-2026 00:00,Arvind Bansal (DNCR)
26-09-2026,26-09-2026,FMPC6529883430,WelcomeHub_DEL_PL,NEERAJYOTI ENTERPRISES +919899588984,14bcf1ad405f4498,dispatched_to_mh,North,TRUEFLEX,867969,TRUEFLEX,BhoopSingh,Motherhub_DIC,BRSNR,WelcomeHub_DEL_PL,PH-B4-DELDIC-41850082,expected,OPENED,26-09-2026 00:04,Arvind Bansal (DNCR)
26-09-2026,26-09-2026,FMPP4297676249,WelcomeHub_DEL_PL,M I ENTERPRISES +919667717898,e83a44c4e4a340e7,dispatched_to_mh,North,LMA,1.00E+11,Transwide Express,KushalSharma,Motherhub_DIC,BRSNR,WelcomeHub_DEL_PL,PH-B1-DELDIC-39916053,expected,OPENED,26-09-2026 00:00,Arvind Bansal (DNCR)
26-09-2026,26-09-2026,FMPC6526947729,BehalaHub_KOL_PL,MBS FURNISHING +919875533428,f7c40b611718488f,dispatched_to_mh,East,LMA,1.00E+11,WHEELEY,Saidul IslamJamadar,Motherhub_AMT,BRSNR,BehalaHub_KOL_PL,PH-B10-AMTCCU-28356,expected,OPENED,26-09-2026 06:00,Somnath G
26-09-2026,26-09-2026,FMPC6523503602,BehalaHub_KOL_PL,MBS FURNISHING +919875533428,f7c40b611718488f,dispatched_to_mh,East,LMA,1.00E+11,WHEELEY,Saidul IslamJamadar,Motherhub_AMT,BRSNR,BehalaHub_KOL_PL,PH-B10-AMTCCU-28356,expected,OPENED,26-09-2026 06:00,Somnath G
26-09-2026,26-09-2026,FMPC6527876813,BehalaHub_KOL_PL,R.S.T.DRESSES +919830883730,7f30679994b84bde,received_at_mh,East,LMA,1.00E+11,WHEELEY,Saidul IslamJamadar,Motherhub_AMT,BRSNR,BehalaHub_KOL_PL,PH-B10-AMTCCU-40427,expected,OPENED,26-09-2026 05:46,Somnath G
26-09-2026,26-09-2026,FMPP4296818994,BehalaHub_KOL_PL,MBS FURNISHING +919875533428,f7c40b611718488f,dispatched_to_mh,East,LMA,1.00E+11,WHEELEY,Saidul IslamJamadar,Motherhub_AMT,BRSNR,BehalaHub_KOL_PL,PH-B10-AMTCCU-28356,expected,OPENED,26-09-2026 06:00,Somnath G
26-09-2026,26-09-2026,FMPC6528977202,BehalaHub_KOL_PL,R.S.T.DRESSES +919830883730,7f30679994b84bde,received_at_mh,East,LMA,1.00E+11,WHEELEY,Saidul IslamJamadar,Motherhub_AMT,BRSNR,BehalaHub_KOL_PL,PH-B10-AMTCCU-40427,expected,OPENED,26-09-2026 05:46,Somnath G
26-09-2026,26-09-2026,FMPC6523503498,BehalaHub_KOL_PL,MBS FURNISHING +919875533428,f7c40b611718488f,dispatched_to_mh,East,LMA,1.00E+11,WHEELEY,Saidul IslamJamadar,Motherhub_AMT,BRSNR,BehalaHub_KOL_PL,PH-B10-AMTCCU-28356,expected,OPENED,26-09-2026 06:00,Somnath G
26-09-2026,26-09-2026,FMPP4298231787,BehalaHub_KOL_PL,MBS FURNISHING +919875533428,f7c40b611718488f,dispatched_to_mh,East,LMA,1.00E+11,WHEELEY,Saidul IslamJamadar,Motherhub_AMT,BRSNR,BehalaHub_KOL_PL,PH-B10-AMTCCU-28356,expected,OPENED,26-09-2026 06:00,Somnath G
26-09-2026,26-09-2026,FMPC6528401620,BehalaHub_KOL_PL,R.S.T.DRESSES +919830883730,7f30679994b84bde,received_at_mh,East,LMA,1.00E+11,WHEELEY,Saidul IslamJamadar,Motherhub_AMT,BRSNR,BehalaHub_KOL_PL,PH-B10-AMTCCU-40427,expected,OPENED,26-09-2026 05:46,Somnath G
26-09-2026,26-09-2026,FMPC6528342158,BehalaHub_KOL_PL,R.S.T.DRESSES +919830883730,7f30679994b84bde,received_at_mh,East,LMA,1.00E+11,WHEELEY,Saidul IslamJamadar,Motherhub_AMT,BRSNR,BehalaHub_KOL_PL,PH-B10-AMTCCU-40427,expected,OPENED,26-09-2026 05:46,Somnath G
26-09-2026,26-09-2026,FMPP4297885416,BhankrotaHub_JAI_PL,Star Point +917742427171,3adfe2cc506c4667,received_at_mh,North,LMA,1.00E+11,Vxpress,PradeepChoudhary,Motherhub_JAI_BTS,BRSNR,BhankrotaHub_JAI_PL,PH-NE-JAIBTS-23712262,expected,OPENED,26-09-2026 00:24,Akash Sharma
26-09-2026,26-09-2026,FMPC6527937948,BelghariaHub_KOL_PL,RAMIDOM +916291098337,6a9805264af84980,received_at_mh,East,LMA,1.00E+11,#N/A,#N/A,Motherhub_AMT,BRSNR,BelghariaHub_KOL_PL,PH-B10-94660-10104,expected,OPENED,26-09-2026 01:41,Somnath G
26-09-2026,26-09-2026,FMPC6528377301,BehalaHub_KOL_PL,R.S.T.DRESSES +919830883730,7f30679994b84bde,received_at_mh,East,LMA,1.00E+11,WHEELEY,Saidul IslamJamadar,Motherhub_AMT,BRSNR,BehalaHub_KOL_PL,PH-B10-AMTCCU-40427,expected,OPENED,26-09-2026 05:46,Somnath G
26-09-2026,26-09-2026,MYEC1120467022,BelghariaHub_KOL_PL,MYE : DOLLAR INDUSTRIES LTD PPMP 9830606037,MYE_7f6bb37ddf57213cf496874e384e10b0,dispatched_to_mh,East,LMA,1.00E+11,Vxpress,AnmolKumar,Motherhub_AMT,BRSNR,BelghariaHub_KOL_PL,PH-B10-AMTCCU-49138,expected,OPENED,26-09-2026 03:05,Somnath G
26-09-2026,26-09-2026,MYEC1120466743,BelghariaHub_KOL_PL,MYE : DOLLAR INDUSTRIES LTD PPMP 9830606037,MYE_7f6bb37ddf57213cf496874e384e10b0,dispatched_to_mh,East,LMA,1.00E+11,Vxpress,AnmolKumar,Motherhub_AMT,BRSNR,BelghariaHub_KOL_PL,PH-B10-AMTCCU-49138,expected,OPENED,26-09-2026 03:05,Somnath G
26-09-2026,26-09-2026,FMPC6527938012,BelghariaHub_KOL_PL,RAMIDOM +916291098337,6a9805264af84980,received_at_mh,East,LMA,1.00E+11,#N/A,#N/A,Motherhub_AMT,BRSNR,BelghariaHub_KOL_PL,PH-B10-94660-10104,expected,OPENED,26-09-2026 01:41,Somnath G
26-09-2026,26-09-2026,FMPP4297585438,BehalaHub_KOL_PL,R.S.T.DRESSES +919830883730,7f30679994b84bde,received_at_mh,East,LMA,1.00E+11,WHEELEY,Saidul IslamJamadar,Motherhub_AMT,BRSNR,BehalaHub_KOL_PL,PH-B10-AMTCCU-40427,expected,OPENED,26-09-2026 05:46,Somnath G
26-09-2026,26-09-2026,FMPC6524273029,BehalaHub_KOL_PL,R.S.T.DRESSES +919830883730,7f30679994b84bde,received_at_mh,East,LMA,1.00E+11,WHEELEY,Saidul IslamJamadar,Motherhub_AMT,BRSNR,BehalaHub_KOL_PL,PH-B10-AMTCCU-40427,expected,OPENED,26-09-2026 05:46,Somnath G
26-09-2026,26-09-2026,FMPC6524737399,BehalaHub_KOL_PL,R.S.T.DRESSES +919830883730,7f30679994b84bde,received_at_mh,East,LMA,1.00E+11,WHEELEY,Saidul IslamJamadar,Motherhub_AMT,BRSNR,BehalaHub_KOL_PL,PH-B10-AMTCCU-40427,expected,OPENED,26-09-2026 05:46,Somnath G
26-09-2026,26-09-2026,FMPP4296819160,BehalaHub_KOL_PL,MBS FURNISHING +919875533428,f7c40b611718488f,dispatched_to_mh,East,LMA,1.00E+11,WHEELEY,Saidul IslamJamadar,Motherhub_AMT,BRSNR,BehalaHub_KOL_PL,PH-B10-AMTCCU-28356,expected,OPENED,26-09-2026 06:00,Somnath G
26-09-2026,26-09-2026,MYEP1137545289,BehalaHub_KOL_PL,MYE : HOUSE OF ADORNMENTS PRIVATE LIMITED-west bengal_PPMP_NNAL 9836624000,MYE_f2f26855c6b4411efcf026c061764c59,dispatched_to_mh,East,LMA,1.00E+11,WHEELEY,SkRohan,Motherhub_AMT,BRSNR,BehalaHub_KOL_PL,PH-B10-AMTCCU-33035,expected,OPENED,26-09-2026 04:17,Somnath G
26-09-2026,26-09-2026,FMPP4297162069,BelghariaHub_KOL_PL,One in a Million +919681720202,5e9d6670f29949db,dispatched_to_mh,East,LMA,1.00E+11,Vxpress,AnmolKumar,Motherhub_AMT,BRSNR,BelghariaHub_KOL_PL,PH-B10-AMTCCU-49142,expected,OPENED,26-09-2026 03:08,Somnath G
26-09-2026,26-09-2026,FMPP4296818907,BehalaHub_KOL_PL,MBS FURNISHING +919875533428,f7c40b611718488f,dispatched_to_mh,East,LMA,1.00E+11,WHEELEY,Saidul IslamJamadar,Motherhub_AMT,BRSNR,BehalaHub_KOL_PL,PH-B10-AMTCCU-28356,expected,OPENED,26-09-2026 06:00,Somnath G
26-09-2026,26-09-2026,FMPC6527162632,BehalaHub_KOL_PL,MBS FURNISHING +919875533428,f7c40b611718488f,dispatched_to_mh,East,LMA,1.00E+11,WHEELEY,Saidul IslamJamadar,Motherhub_AMT,BRSNR,BehalaHub_KOL_PL,PH-B10-AMTCCU-28356,expected,OPENED,26-09-2026 06:00,Somnath G
26-09-2026,26-09-2026,FMPC6527491330,BehalaHub_KOL_PL,SHRADHYA CREATION +918013299123,a32c9df935ce41e9,dispatched_to_mh,East,LMA,1.00E+11,#N/A,#N/A,Motherhub_AMT,BRSNR,BehalaHub_KOL_PL,PH-B10-AMTCCU-20005,expected,OPENED,26-09-2026 04:15,Somnath G
26-09-2026,26-09-2026,FMPC6527957016,BehalaHub_KOL_PL,R.S.T.DRESSES +919830883730,7f30679994b84bde,received_at_mh,East,LMA,1.00E+11,WHEELEY,Saidul IslamJamadar,Motherhub_AMT,BRSNR,BehalaHub_KOL_PL,PH-B10-AMTCCU-40427,expected,OPENED,26-09-2026 05:46,Somnath G
26-09-2026,26-09-2026,FMPC6523222243,BehalaHub_KOL_PL,MBS FURNISHING +919875533428,f7c40b611718488f,dispatched_to_mh,East,LMA,1.00E+11,WHEELEY,Saidul IslamJamadar,Motherhub_AMT,BRSNR,BehalaHub_KOL_PL,PH-B10-AMTCCU-28356,expected,OPENED,26-09-2026 06:00,Somnath G
26-09-2026,26-09-2026,MYEP1137521091,BelghariaHub_KOL_PL,MYE : DOLLAR INDUSTRIES LTD PPMP 9830606037,MYE_7f6bb37ddf57213cf496874e384e10b0,dispatched_to_mh,East,LMA,1.00E+11,Vxpress,AnmolKumar,Motherhub_AMT,BRSNR,BelghariaHub_KOL_PL,PH-B10-AMTCCU-39206,expected,OPENED,26-09-2026 03:05,Somnath G
26-09-2026,26-09-2026,SRSP9759073916,BelghariaHub_KOL_PL,SRS : Ritesh Das 8240035286,SRS_863a1445f03c42d2487d192619668a97,dispatched_to_mh,East,LMA,1.00E+11,Vxpress,ShouvikSaha,Motherhub_AMT,BRSNR,BelghariaHub_KOL_PL,PH-B10-AMTCCU-37962,expected,OPENED,26-09-2026 01:37,Somnath G
26-09-2026,26-09-2026,FMPC6527323284,BehalaHub_KOL_PL,R.S.T.DRESSES +919830883730,7f30679994b84bde,received_at_mh,East,LMA,1.00E+11,WHEELEY,Saidul IslamJamadar,Motherhub_AMT,BRSNR,BehalaHub_KOL_PL,PH-B10-AMTCCU-40427,expected,OPENED,26-09-2026 05:46,Somnath G
26-09-2026,26-09-2026,FMPC6524769108,BehalaHub_KOL_PL,R.S.T.DRESSES +919830883730,7f30679994b84bde,received_at_mh,East,LMA,1.00E+11,WHEELEY,Saidul IslamJamadar,Motherhub_AMT,BRSNR,BehalaHub_KOL_PL,PH-B10-AMTCCU-40427,expected,OPENED,26-09-2026 05:46,Somnath G
26-09-2026,26-09-2026,FMPC6528295324,BelghariaHub_KOL_PL,SS Home Style +919875690603,4534e14ef4464bab,received_at_mh,East,LMA,1.00E+11,#N/A,#N/A,Motherhub_AMT,BRSNR,BelghariaHub_KOL_PL,PH-B10-94660-10104,expected,OPENED,26-09-2026 01:41,Somnath G
26-09-2026,26-09-2026,FMPC6528263748,BehalaHub_KOL_PL,KIDDO SPACE +918334915698,757e4044be244167,received_at_mh,East,LMA,1.00E+11,WHEELEY,Saidul IslamJamadar,Motherhub_AMT,BRSNR,BehalaHub_KOL_PL,PH-B10-AMTCCU-40427,expected,OPENED,26-09-2026 05:46,Somnath G
26-09-2026,26-09-2026,MYEC1119979795,BehalaHub_KOL_PL,MYE : MEOW INTERNATIONAL WEST BENGAL PPMP 8777494813,MYE_f2f887b01473588a6e71b2b65da74654,dispatched_to_mh,East,LMA,1.00E+11,WHEELEY,Saidul IslamJamadar,Motherhub_AMT,BRSNR,BehalaHub_KOL_PL,PH-B10-AMTCCU-40132,expected,OPENED,26-09-2026 05:57,Somnath G
26-09-2026,26-09-2026,FMPP4295310770,BehalaHub_KOL_PL,R.S.T.DRESSES +919830883730,7f30679994b84bde,received_at_mh,East,LMA,1.00E+11,WHEELEY,Saidul IslamJamadar,Motherhub_AMT,BRSNR,BehalaHub_KOL_PL,PH-B10-AMTCCU-40427,expected,OPENED,26-09-2026 05:46,Somnath G
26-09-2026,26-09-2026,FMPC6527578169,BehalaHub_KOL_PL,MAARK PREMIUM AGRO PRODUCTS PRIVATE LIMITED +919748694752,b4dcb85e1d2f49f3,dispatched_to_mh,East,LMA,1.00E+11,#N/A,#N/A,Motherhub_AMT,BRSNR,BehalaHub_KOL_PL,PH-B10-AMTCCU-49460,expected,OPENED,26-09-2026 05:47,Somnath G
26-09-2026,26-09-2026,VETC1037098799,DALHOUSIEHUB_KOL_PL,VET : AMAR PUBLICATION 9775040687,VET_8494918cb0c7d29f0bd89e8a8e158b74,dispatched_to_mh,East,LMA,1.00E+11,WERCATALYST VENTURES PVT LTD,DebjitAdhikkary,Motherhub_AMT,BRSNR,DALHOUSIEHUB_KOL_PL,PH-B10-AMTCCU-29940,expected,OPENED,26-09-2026 01:50,Somnath G
26-09-2026,26-09-2026,FMPC6529838346,DALHOUSIEHUB_KOL_PL,Lilac International +918240998280,c42c7b98cd2d4b06,received_at_mh,East,LMA,4234022,#N/A,#N/A,Motherhub_AMT,BRSNR,DALHOUSIEHUB_KOL_PL,PH-B10-AMTCCU-35853,expected,OPENED,26-09-2026 01:50,Somnath G
26-09-2026,26-09-2026,VETC0504874080,DALHOUSIEHUB_KOL_PL,VET : AMAR PUBLICATION 9775040687,VET_8494918cb0c7d29f0bd89e8a8e158b74,dispatched_to_mh,East,LMA,1.00E+11,WERCATALYST VENTURES PVT LTD,DebjitAdhikkary,Motherhub_AMT,BRSNR,DALHOUSIEHUB_KOL_PL,PH-B10-AMTCCU-29938,expected,OPENED,26-09-2026 02:01,Somnath G
26-09-2026,26-09-2026,VETC0011750592,DALHOUSIEHUB_KOL_PL,VET : AMAR PUBLICATION 9775040687,VET_8494918cb0c7d29f0bd89e8a8e158b74,dispatched_to_mh,East,LMA,1.00E+11,WERCATALYST VENTURES PVT LTD,DebjitAdhikkary,Motherhub_AMT,BRSNR,DALHOUSIEHUB_KOL_PL,PH-B10-AMTCCU-29938,expected,OPENED,26-09-2026 02:01,Somnath G
26-09-2026,26-09-2026,FMPC6527965626,DALHOUSIEHUB_KOL_PL,Sheandhers +919875399519,c4623f3359a5419b,dispatched_to_mh,East,LMA,1.00E+11,WERCATALYST VENTURES PVT LTD,ArpanRoy,Motherhub_AMT,BRSNR,DALHOUSIEHUB_KOL_PL,PH-B10-AMTCCU-52076,expected,OPENED,26-09-2026 01:59,Somnath G
26-09-2026,26-09-2026,VETC1085051819,DALHOUSIEHUB_KOL_PL,VET : AMAR PUBLICATION 9775040687,VET_8494918cb0c7d29f0bd89e8a8e158b74,dispatched_to_mh,East,LMA,1.00E+11,WERCATALYST VENTURES PVT LTD,DebjitAdhikkary,Motherhub_AMT,BRSNR,DALHOUSIEHUB_KOL_PL,PH-B10-AMTCCU-29937,expected,OPENED,26-09-2026 01:50,Somnath G
26-09-2026,26-09-2026,VETC0895656258,DALHOUSIEHUB_KOL_PL,VET : AMAR PUBLICATION 9775040687,VET_8494918cb0c7d29f0bd89e8a8e158b74,dispatched_to_mh,East,LMA,1.00E+11,WERCATALYST VENTURES PVT LTD,DebjitAdhikkary,Motherhub_AMT,BRSNR,DALHOUSIEHUB_KOL_PL,PH-B10-AMTCCU-29940,expected,OPENED,26-09-2026 01:50,Somnath G
26-09-2026,26-09-2026,VETC1511637980,DALHOUSIEHUB_KOL_PL,VET : AMAR PUBLICATION 9775040687,VET_8494918cb0c7d29f0bd89e8a8e158b74,dispatched_to_mh,East,LMA,1.00E+11,WERCATALYST VENTURES PVT LTD,DebjitAdhikkary,Motherhub_AMT,BRSNR,DALHOUSIEHUB_KOL_PL,PH-B10-AMTCCU-29938,expected,OPENED,26-09-2026 02:01,Somnath G
26-09-2026,26-09-2026,VETC1340885105,DALHOUSIEHUB_KOL_PL,VET : AMAR PUBLICATION 9775040687,VET_8494918cb0c7d29f0bd89e8a8e158b74,dispatched_to_mh,East,LMA,1.00E+11,WERCATALYST VENTURES PVT LTD,DebjitAdhikkary,Motherhub_AMT,BRSNR,DALHOUSIEHUB_KOL_PL,PH-B10-AMTCCU-29941,expected,OPENED,26-09-2026 02:01,Somnath G
26-09-2026,26-09-2026,FMPP4297471666,DALHOUSIEHUB_KOL_PL,Shaista Begum +918583952978,09487a4f66df49e7,dispatched_to_mh,East,LMA,1.00E+11,WERCATALYST VENTURES PVT LTD,DebjitAdhikkary,Motherhub_AMT,BRSNR,DALHOUSIEHUB_KOL_PL,PH-B10-AMTCCU-29939,expected,OPENED,26-09-2026 01:50,Somnath G
26-09-2026,26-09-2026,VETC0169387780,DALHOUSIEHUB_KOL_PL,VET : AMAR PUBLICATION 9775040687,VET_8494918cb0c7d29f0bd89e8a8e158b74,dispatched_to_mh,East,LMA,1.00E+11,WERCATALYST VENTURES PVT LTD,DebjitAdhikkary,Motherhub_AMT,BRSNR,DALHOUSIEHUB_KOL_PL,PH-B10-AMTCCU-29938,expected,OPENED,26-09-2026 02:01,Somnath G
26-09-2026,26-09-2026,VETC2039439347,DALHOUSIEHUB_KOL_PL,VET : AMAR PUBLICATION 9775040687,VET_8494918cb0c7d29f0bd89e8a8e158b74,dispatched_to_mh,East,LMA,1.00E+11,WERCATALYST VENTURES PVT LTD,DebjitAdhikkary,Motherhub_AMT,BRSNR,DALHOUSIEHUB_KOL_PL,PH-B10-AMTCCU-29937,expected,OPENED,26-09-2026 01:50,Somnath G
26-09-2026,26-09-2026,FMPP4297700213,DALHOUSIEHUB_KOL_PL,Sheandhers +919875399519,c4623f3359a5419b,dispatched_to_mh,East,LMA,1.00E+11,WERCATALYST VENTURES PVT LTD,ArpanRoy,Motherhub_AMT,BRSNR,DALHOUSIEHUB_KOL_PL,PH-B10-AMTCCU-52076,expected,OPENED,26-09-2026 01:59,Somnath G
26-09-2026,26-09-2026,FMPP4298412196,GariaHub_KOL_PL,DIPREENO RETAILS INDIA (OPC) PRIVATE LIMITED +919836180462,519f4ab4a9b74e98,dispatched_to_mh,East,LMA,1.00E+11,WERCATALYST VENTURES PVT LTD,PeterGhosh,Motherhub_AMT,BRSNR,GariaHub_KOL_PL,PH-B10-AMTCCU-38304,expected,OPENED,26-09-2026 03:24,Somnath G
26-09-2026,26-09-2026,FMPP4297232550,GariaHub_KOL_PL,DIPREENO RETAILS INDIA (OPC) PRIVATE LIMITED +919836180462,519f4ab4a9b74e98,dispatched_to_mh,East,LMA,1.00E+11,WERCATALYST VENTURES PVT LTD,PeterGhosh,Motherhub_AMT,BRSNR,GariaHub_KOL_PL,PH-B10-AMTCCU-38304,expected,OPENED,26-09-2026 03:24,Somnath G
26-09-2026,26-09-2026,FMPC6528575655,GariaHub_KOL_PL,DIPREENO RETAILS INDIA (OPC) PRIVATE LIMITED +919836180462,519f4ab4a9b74e98,dispatched_to_mh,East,LMA,1.00E+11,WERCATALYST VENTURES PVT LTD,PeterGhosh,Motherhub_AMT,BRSNR,GariaHub_KOL_PL,PH-B10-AMTCCU-38304,expected,OPENED,26-09-2026 03:24,Somnath G
26-09-2026,26-09-2026,DBDP0000039846,GariaHub_KOL_PL,DBD : Bandhan bank 8428964725,DBD_bf668bbd4bd5e54434a2a2b4cbf004f2,received_at_ph,East,LMA,1.00E+11,WERCATALYST VENTURES PVT LTD,DebabrataNaskar,Motherhub_AMT,BRSNR,GariaHub_KOL_PL,PH-B10-AMTCCU-42998,expected,OPENED,26-09-2026 04:32,Somnath G
26-09-2026,26-09-2026,FMPP4298412226,GariaHub_KOL_PL,DIPREENO RETAILS INDIA (OPC) PRIVATE LIMITED +919836180462,519f4ab4a9b74e98,dispatched_to_mh,East,LMA,1.00E+11,WERCATALYST VENTURES PVT LTD,PeterGhosh,Motherhub_AMT,BRSNR,GariaHub_KOL_PL,PH-B10-AMTCCU-38304,expected,OPENED,26-09-2026 03:24,Somnath G
26-09-2026,26-09-2026,FMPP4298292814,GariaHub_KOL_PL,CALDIPREE ONLINE SOLUTIONS PVT LTD +918336089221,1edff18bafa54168,dispatched_to_mh,East,LMA,1.00E+11,WERCATALYST VENTURES PVT LTD,PeterGhosh,Motherhub_AMT,BRSNR,GariaHub_KOL_PL,PH-B10-AMTCCU-38304,expected,OPENED,26-09-2026 03:24,Somnath G
26-09-2026,26-09-2026,FMPP4297795920,GariaHub_KOL_PL,DIPREENO RETAILS INDIA (OPC) PRIVATE LIMITED +919836180462,519f4ab4a9b74e98,dispatched_to_mh,East,LMA,1.00E+11,WERCATALYST VENTURES PVT LTD,PeterGhosh,Motherhub_AMT,BRSNR,GariaHub_KOL_PL,PH-B10-AMTCCU-38304,expected,OPENED,26-09-2026 03:24,Somnath G
26-09-2026,26-09-2026,FMPC6528559237,GariaHub_KOL_PL,DIPREENO RETAILS INDIA (OPC) PRIVATE LIMITED +919836180462,519f4ab4a9b74e98,dispatched_to_mh,East,LMA,1.00E+11,WERCATALYST VENTURES PVT LTD,PeterGhosh,Motherhub_AMT,BRSNR,GariaHub_KOL_PL,PH-B10-AMTCCU-38304,expected,OPENED,26-09-2026 03:24,Somnath G
26-09-2026,26-09-2026,FMPP4298276993,GariaHub_KOL_PL,A&S Solutions 7604014593,fd8fe0d4c3994766,dispatched_to_mh,East,LMA,1.00E+11,WERCATALYST VENTURES PVT LTD,SumantaNaskar,Motherhub_AMT,BRSNR,GariaHub_KOL_PL,PH-B10-AMTCCU-42902,expected,OPENED,26-09-2026 02:44,Somnath G
26-09-2026,26-09-2026,FMPC6527626777,GariaHub_KOL_PL,DIPREENO RETAILS INDIA (OPC) PRIVATE LIMITED +919836180462,519f4ab4a9b74e98,dispatched_to_mh,East,LMA,1.00E+11,WERCATALYST VENTURES PVT LTD,PeterGhosh,Motherhub_AMT,BRSNR,GariaHub_KOL_PL,PH-B10-AMTCCU-38304,expected,OPENED,26-09-2026 03:24,Somnath G
26-09-2026,26-09-2026,MYEC1120366579,GariaHub_KOL_PL,MYE : Marda Ck Kolkata Shakespeare Omni 8582990552,MYE_57cf201cb995a6100b7dc3f102ec2e61,dispatched_to_mh,East,LMA,1.00E+11,WERCATALYST VENTURES PVT LTD,RahulRouth,Motherhub_AMT,BRSNR,GariaHub_KOL_PL,PH-B10-AMTCCU-38544,expected,OPENED,26-09-2026 02:24,Somnath G
26-09-2026,26-09-2026,FMPC6527843747,GariaHub_KOL_PL,DIPREENO RETAILS INDIA (OPC) PRIVATE LIMITED +919836180462,519f4ab4a9b74e98,dispatched_to_mh,East,LMA,1.00E+11,WERCATALYST VENTURES PVT LTD,PeterGhosh,Motherhub_AMT,BRSNR,GariaHub_KOL_PL,PH-B10-AMTCCU-38304,expected,OPENED,26-09-2026 03:24,Somnath G
26-09-2026,26-09-2026,FMPP4297168729,GariaHub_KOL_PL,DIPREENO RETAILS INDIA (OPC) PRIVATE LIMITED +919836180462,519f4ab4a9b74e98,dispatched_to_mh,East,LMA,1.00E+11,WERCATALYST VENTURES PVT LTD,PeterGhosh,Motherhub_AMT,BRSNR,GariaHub_KOL_PL,PH-B10-AMTCCU-38304,expected,OPENED,26-09-2026 03:24,Somnath G
26-09-2026,26-09-2026,FMPC6528241277,GariaHub_KOL_PL,DIPREENO RETAILS INDIA (OPC) PRIVATE LIMITED +919836180462,519f4ab4a9b74e98,dispatched_to_mh,East,LMA,1.00E+11,WERCATALYST VENTURES PVT LTD,PeterGhosh,Motherhub_AMT,BRSNR,GariaHub_KOL_PL,PH-B10-AMTCCU-38304,expected,OPENED,26-09-2026 03:24,Somnath G
26-09-2026,26-09-2026,FMPC6527566401,GariaHub_KOL_PL,DIPREENO RETAILS INDIA (OPC) PRIVATE LIMITED +919836180462,519f4ab4a9b74e98,dispatched_to_mh,East,LMA,1.00E+11,WERCATALYST VENTURES PVT LTD,PeterGhosh,Motherhub_AMT,BRSNR,GariaHub_KOL_PL,PH-B10-AMTCCU-38304,expected,OPENED,26-09-2026 03:24,Somnath G
26-09-2026,26-09-2026,FMPC6528065879,GariaHub_KOL_PL,DIPREENO RETAILS INDIA (OPC) PRIVATE LIMITED +919836180462,519f4ab4a9b74e98,dispatched_to_mh,East,LMA,1.00E+11,WERCATALYST VENTURES PVT LTD,PeterGhosh,Motherhub_AMT,BRSNR,GariaHub_KOL_PL,PH-B10-AMTCCU-38304,expected,OPENED,26-09-2026 03:24,Somnath G
26-09-2026,26-09-2026,FMPP4297834886,GariaHub_KOL_PL,DIPREENO RETAILS INDIA (OPC) PRIVATE LIMITED +919836180462,519f4ab4a9b74e98,dispatched_to_mh,East,LMA,1.00E+11,WERCATALYST VENTURES PVT LTD,PeterGhosh,Motherhub_AMT,BRSNR,GariaHub_KOL_PL,PH-B10-AMTCCU-38304,expected,OPENED,26-09-2026 03:24,Somnath G
26-09-2026,26-09-2026,FMPP4297475015,GariaHub_KOL_PL,DIPREENO RETAILS INDIA (OPC) PRIVATE LIMITED +919836180462,519f4ab4a9b74e98,dispatched_to_mh,East,LMA,1.00E+11,WERCATALYST VENTURES PVT LTD,PeterGhosh,Motherhub_AMT,BRSNR,GariaHub_KOL_PL,PH-B10-AMTCCU-38304,expected,OPENED,26-09-2026 03:24,Somnath G
26-09-2026,26-09-2026,FMPC6527615250,GariaHub_KOL_PL,DIPREENO RETAILS INDIA (OPC) PRIVATE LIMITED +919836180462,519f4ab4a9b74e98,dispatched_to_mh,East,LMA,1.00E+11,WERCATALYST VENTURES PVT LTD,PeterGhosh,Motherhub_AMT,BRSNR,GariaHub_KOL_PL,PH-B10-AMTCCU-38304,expected,OPENED,26-09-2026 03:24,Somnath G
26-09-2026,26-09-2026,FMPP4297366770,GariaHub_KOL_PL,DIPREENO RETAILS INDIA (OPC) PRIVATE LIMITED +919836180462,519f4ab4a9b74e98,dispatched_to_mh,East,LMA,1.00E+11,WERCATALYST VENTURES PVT LTD,PeterGhosh,Motherhub_AMT,BRSNR,GariaHub_KOL_PL,PH-B10-AMTCCU-38304,expected,OPENED,26-09-2026 03:24,Somnath G
26-09-2026,26-09-2026,FMPC6527961002,GariaHub_KOL_PL,MAMAMINI +918777352578,72480f1b1f604fff,dispatched_to_mh,East,LMA,1.00E+11,WERCATALYST VENTURES PVT LTD,Md SabirHossain,Motherhub_AMT,BRSNR,GariaHub_KOL_PL,PH-B10-AMTCCU-20664,expected,OPENED,26-09-2026 02:31,Somnath G
26-09-2026,26-09-2026,FMPP4297825234,GariaHub_KOL_PL,DIPREENO RETAILS INDIA (OPC) PRIVATE LIMITED +919836180462,519f4ab4a9b74e98,dispatched_to_mh,East,LMA,1.00E+11,WERCATALYST VENTURES PVT LTD,PeterGhosh,Motherhub_AMT,BRSNR,GariaHub_KOL_PL,PH-B10-AMTCCU-38304,expected,OPENED,26-09-2026 03:24,Somnath G
26-09-2026,26-09-2026,FMPC6523897292,GariaHub_KOL_PL,X ENTERPRISE +918100167531,fcae8eec9f864165,dispatched_to_mh,East,LMA,1.00E+11,WERCATALYST VENTURES PVT LTD,SumonDas,Motherhub_AMT,BRSNR,GariaHub_KOL_PL,PH-B10-AMTCCU-25278,expected,OPENED,26-09-2026 02:37,Somnath G
26-09-2026,26-09-2026,FMPC6527212497,GariaHub_KOL_PL,DIPREENO RETAILS INDIA (OPC) PRIVATE LIMITED +919836180462,519f4ab4a9b74e98,dispatched_to_mh,East,LMA,1.00E+11,WERCATALYST VENTURES PVT LTD,PeterGhosh,Motherhub_AMT,BRSNR,GariaHub_KOL_PL,PH-B10-AMTCCU-38304,expected,OPENED,26-09-2026 03:24,Somnath G
26-09-2026,26-09-2026,FMPC6529047792,GariaHub_KOL_PL,MELANGE OVERSEAS +917596950139,bfb6666753684804,dispatched_to_mh,East,LMA,1.00E+11,WERCATALYST VENTURES PVT LTD,SelimMolla,Motherhub_AMT,BRSNR,GariaHub_KOL_PL,PH-B10-AMTCCU-43207,expected,OPENED,26-09-2026 02:39,Somnath G
26-09-2026,26-09-2026,FMPC6529066109,GariaHub_KOL_PL,DIPREENO RETAILS INDIA (OPC) PRIVATE LIMITED +919836180462,519f4ab4a9b74e98,dispatched_to_mh,East,LMA,1.00E+11,WERCATALYST VENTURES PVT LTD,PeterGhosh,Motherhub_AMT,BRSNR,GariaHub_KOL_PL,PH-B10-AMTCCU-38304,expected,OPENED,26-09-2026 03:24,Somnath G
26-09-2026,26-09-2026,FMPC6529648731,GariaHub_KOL_PL,DIPREENO RETAILS INDIA (OPC) PRIVATE LIMITED +919836180462,519f4ab4a9b74e98,dispatched_to_mh,East,LMA,1.00E+11,WERCATALYST VENTURES PVT LTD,PeterGhosh,Motherhub_AMT,BRSNR,GariaHub_KOL_PL,PH-B10-AMTCCU-38304,expected,OPENED,26-09-2026 03:24,Somnath G
26-09-2026,26-09-2026,FMPP4297844756,GariaHub_KOL_PL,DIPREENO RETAILS INDIA (OPC) PRIVATE LIMITED +919836180462,519f4ab4a9b74e98,dispatched_to_mh,East,LMA,1.00E+11,WERCATALYST VENTURES PVT LTD,PeterGhosh,Motherhub_AMT,BRSNR,GariaHub_KOL_PL,PH-B10-AMTCCU-38304,expected,OPENED,26-09-2026 03:24,Somnath G
26-09-2026,26-09-2026,MYEC1120430434,GariaHub_KOL_PL,MYE : LEATHERMAN FASHION PVT. LTD.-WEST BENGAL_PPMP_EPET 9836577444,MYE_220e3a99bf3acbd5b2cc61c2e4278ec0,dispatched_to_mh,East,LMA,1.00E+11,WERCATALYST VENTURES PVT LTD,ShekhSamsul,Motherhub_AMT,BRSNR,GariaHub_KOL_PL,PH-B10-AMTCCU-26930,expected,OPENED,26-09-2026 02:44,Somnath G
26-09-2026,26-09-2026,FMPP4297263860,GariaHub_KOL_PL,DIPREENO RETAILS INDIA (OPC) PRIVATE LIMITED +919836180462,519f4ab4a9b74e98,dispatched_to_mh,East,LMA,1.00E+11,WERCATALYST VENTURES PVT LTD,PeterGhosh,Motherhub_AMT,BRSNR,GariaHub_KOL_PL,PH-B10-AMTCCU-38304,expected,OPENED,26-09-2026 03:24,Somnath G
26-09-2026,26-09-2026,FMPC6528644462,GariaHub_KOL_PL,DIPREENO RETAILS INDIA (OPC) PRIVATE LIMITED +919836180462,519f4ab4a9b74e98,dispatched_to_mh,East,LMA,1.00E+11,WERCATALYST VENTURES PVT LTD,PeterGhosh,Motherhub_AMT,BRSNR,GariaHub_KOL_PL,PH-B10-AMTCCU-38304,expected,OPENED,26-09-2026 03:24,Somnath G
26-09-2026,26-09-2026,FMPC6529192671,GariaHub_KOL_PL,DIPREENO RETAILS INDIA (OPC) PRIVATE LIMITED +919836180462,519f4ab4a9b74e98,dispatched_to_mh,East,LMA,1.00E+11,WERCATALYST VENTURES PVT LTD,PeterGhosh,Motherhub_AMT,BRSNR,GariaHub_KOL_PL,PH-B10-AMTCCU-38304,expected,OPENED,26-09-2026 03:24,Somnath G
26-09-2026,26-09-2026,FMPP4297841934,GariaHub_KOL_PL,DIPREENO RETAILS INDIA (OPC) PRIVATE LIMITED +919836180462,519f4ab4a9b74e98,dispatched_to_mh,East,LMA,1.00E+11,WERCATALYST VENTURES PVT LTD,PeterGhosh,Motherhub_AMT,BRSNR,GariaHub_KOL_PL,PH-B10-AMTCCU-38304,expected,OPENED,26-09-2026 03:24,Somnath G
26-09-2026,26-09-2026,FMPC6529007297,GariaHub_KOL_PL,DIPREENO RETAILS INDIA (OPC) PRIVATE LIMITED +919836180462,519f4ab4a9b74e98,dispatched_to_mh,East,LMA,1.00E+11,WERCATALYST VENTURES PVT LTD,PeterGhosh,Motherhub_AMT,BRSNR,GariaHub_KOL_PL,PH-B10-AMTCCU-38304,expected,OPENED,26-09-2026 03:24,Somnath G
26-09-2026,26-09-2026,FMPC6528400965,GariaHub_KOL_PL,MELANGE OVERSEAS +917596950139,bfb6666753684804,dispatched_to_mh,East,LMA,1.00E+11,WERCATALYST VENTURES PVT LTD,SelimMolla,Motherhub_AMT,BRSNR,GariaHub_KOL_PL,PH-B10-AMTCCU-43207,expected,OPENED,26-09-2026 02:39,Somnath G
26-09-2026,26-09-2026,FMPP4298412176,GariaHub_KOL_PL,DIPREENO RETAILS INDIA (OPC) PRIVATE LIMITED +919836180462,519f4ab4a9b74e98,dispatched_to_mh,East,LMA,1.00E+11,WERCATALYST VENTURES PVT LTD,PeterGhosh,Motherhub_AMT,BRSNR,GariaHub_KOL_PL,PH-B10-AMTCCU-38304,expected,OPENED,26-09-2026 03:24,Somnath G
26-09-2026,26-09-2026,FMPC6528565955,GariaHub_KOL_PL,DIPREENO RETAILS INDIA (OPC) PRIVATE LIMITED +919836180462,519f4ab4a9b74e98,dispatched_to_mh,East,LMA,1.00E+11,WERCATALYST VENTURES PVT LTD,PeterGhosh,Motherhub_AMT,BRSNR,GariaHub_KOL_PL,PH-B10-AMTCCU-38304,expected,OPENED,26-09-2026 03:24,Somnath G
26-09-2026,26-09-2026,FMPC6528542585,GariaHub_KOL_PL,DIPREENO RETAILS INDIA (OPC) PRIVATE LIMITED +919836180462,519f4ab4a9b74e98,dispatched_to_mh,East,LMA,1.00E+11,WERCATALYST VENTURES PVT LTD,PeterGhosh,Motherhub_AMT,BRSNR,GariaHub_KOL_PL,PH-B10-AMTCCU-38304,expected,OPENED,26-09-2026 03:24,Somnath G
26-09-2026,26-09-2026,FMPC6527088170,GariaHub_KOL_PL,DIPREENO RETAILS INDIA (OPC) PRIVATE LIMITED +919836180462,519f4ab4a9b74e98,dispatched_to_mh,East,LMA,1.00E+11,WERCATALYST VENTURES PVT LTD,PeterGhosh,Motherhub_AMT,BRSNR,GariaHub_KOL_PL,PH-B10-AMTCCU-38304,expected,OPENED,26-09-2026 03:24,Somnath G
26-09-2026,26-09-2026,FMPC6527275716,HowrahHub_KOL_PL,HIBA FASHION +916290014558,d95a393f60684138,dispatched_to_mh,East,LMA,1.00E+11,#N/A,#N/A,Motherhub_AMT,BRSNR,HowrahHub_KOL_PL,PH-B10-AMTCCU-45199,expected,OPENED,26-09-2026 05:50,Somnath G
26-09-2026,26-09-2026,FMPP4297703082,HowrahHub_KOL_PL,RIMJHIM CREATION +919875358699,766f4b2267f9421d,received_at_mh,East,LMA,1.00E+11,#N/A,#N/A,Motherhub_AMT,BRSNR,HowrahHub_KOL_PL,PH-B10-AMTCCU-3338,expected,OPENED,26-09-2026 04:39,Somnath G
26-09-2026,26-09-2026,FMPC6529425764,HowrahHub_KOL_PL,RIMJHIM CREATION +919875358699,766f4b2267f9421d,received_at_mh,East,LMA,1.00E+11,#N/A,#N/A,Motherhub_AMT,BRSNR,HowrahHub_KOL_PL,PH-B10-AMTCCU-3338,expected,OPENED,26-09-2026 04:39,Somnath G
26-09-2026,26-09-2026,FMPC6529216542,HowrahHub_KOL_PL,Visage Lines Personal Care Private Limited 9555691007,dac519d931d84522,dispatched_to_mh,East,LMA,1.00E+11,#N/A,#N/A,Motherhub_AMT,BRSNR,HowrahHub_KOL_PL,PH-B10-AMTCCU-29019,expected,OPENED,26-09-2026 00:29,Somnath G
26-09-2026,26-09-2026,FMPC6529402029,HowrahHub_KOL_PL,M FASHION +919831423033,9bcbb912073546c9,dispatched_to_mh,East,LMA,1.00E+11,#N/A,#N/A,Motherhub_AMT,BRSNR,HowrahHub_KOL_PL,PH-B10-AMTCCU-3343,expected,OPENED,26-09-2026 04:32,Somnath G
26-09-2026,26-09-2026,FMPP4297149159,HowrahHub_KOL_PL,SK FASHION +916290197512,991e63e76aa04d04,dispatched_to_mh,East,LMA,1.00E+11,#N/A,#N/A,Motherhub_AMT,BRSNR,HowrahHub_KOL_PL,PH-B10-AMTCCU-52065,expected,OPENED,26-09-2026 00:33,Somnath G
26-09-2026,26-09-2026,FMPC6527476566,HowrahHub_KOL_PL,AL HABIB FASHION +917044319746,37e016f263c343eb,dispatched_to_mh,East,LMA,1.00E+11,#N/A,#N/A,Motherhub_AMT,BRSNR,HowrahHub_KOL_PL,PH-B10-AMTCCU-16471,expected,OPENED,26-09-2026 00:54,Somnath G
26-09-2026,26-09-2026,FMPC6527289487,HowrahHub_KOL_PL,FASHION FRENZY +918584978383,ec7f3dae70ee435b,received_at_mh,East,LMA,1.00E+11,#N/A,#N/A,Motherhub_AMT,BRSNR,HowrahHub_KOL_PL,PH-B10-AMTCCU-5349,expected,OPENED,26-09-2026 04:37,Somnath G
26-09-2026,26-09-2026,MYEC1120464364,HowrahHub_KOL_PL,MYE : BRIGHT LIFECARE PVT LTD PPMP 8744000544,MYE_1f36d2a526b5361d1ab1d70f983966d5,dispatched_to_mh,East,LMA,1.00E+11,#N/A,#N/A,Motherhub_AMT,BRSNR,HowrahHub_KOL_PL,PH-B10-AMTCCU-16472,expected,OPENED,26-09-2026 00:52,Somnath G
26-09-2026,26-09-2026,FMPC6527112088,HowrahHub_KOL_PL,KAYRA ENTERPRISES +916289612218,42fef707ae704233,received_at_mh,East,LMA,1.00E+11,#N/A,#N/A,Motherhub_AMT,BRSNR,HowrahHub_KOL_PL,PH-B10-AMTCCU-17138,expected,OPENED,26-09-2026 04:29,Somnath G
26-09-2026,26-09-2026,FMPP4296749059,HowrahHub_KOL_PL,SK FASHION +916290197512,991e63e76aa04d04,dispatched_to_mh,East,LMA,1.00E+11,#N/A,#N/A,Motherhub_AMT,BRSNR,HowrahHub_KOL_PL,PH-B10-AMTCCU-52065,expected,OPENED,26-09-2026 00:33,Somnath G
26-09-2026,26-09-2026,FMPP4296829812,HowrahHub_KOL_PL,KAYRA ENTERPRISES +916289612218,42fef707ae704233,received_at_mh,East,LMA,1.00E+11,#N/A,#N/A,Motherhub_AMT,BRSNR,HowrahHub_KOL_PL,PH-B10-AMTCCU-17138,expected,OPENED,26-09-2026 04:29,Somnath G
26-09-2026,26-09-2026,FMPC6525126769,HowrahHub_KOL_PL,RAIDA COLLECTION +919123302262,6ee9f9ece0a54c50,dispatched_to_mh,East,LMA,1.00E+11,SAS,AvikPaul,Motherhub_AMT,BRSNR,HowrahHub_KOL_PL,PH-B10-AMTCCU-41413,expected,OPENED,26-09-2026 05:28,Somnath G
26-09-2026,26-09-2026,MAMP5383061369,HowrahHub_KOL_PL,MAM : Subhankar Nandi 9474363788,MAM_3a8321d646559374c45fddeb36ac2a6d,dispatched_to_mh,East,LMA,1.00E+11,SAS,SubhankarMondal,Motherhub_AMT,BRSNR,HowrahHub_KOL_PL,PH-B10-AMTCCU-45721,expected,OPENED,26-09-2026 04:17,Somnath G
26-09-2026,26-09-2026,FMPC6529548309,HowrahHub_KOL_PL,N SIFA COLLECTION +916290618049,d1c4b2a75e4a4e6d,dispatched_to_mh,East,LMA,1.00E+11,#N/A,#N/A,Motherhub_AMT,BRSNR,HowrahHub_KOL_PL,PH-B10-AMTCCU-46954,expected,OPENED,26-09-2026 05:59,Somnath G
26-09-2026,26-09-2026,FMPC6529532359,HowrahHub_KOL_PL,FAIZAN UNIVERSE +918013414729,f301732f23114ade,dispatched_to_mh,East,LMA,1.00E+11,SAS,Sk RajuAli,Motherhub_AMT,BRSNR,HowrahHub_KOL_PL,PH-B10-AMTCCU-22441,expected,OPENED,26-09-2026 05:28,Somnath G
26-09-2026,26-09-2026,FMPC6527848562,HowrahHub_KOL_PL,LAXMI NARASINGHA STORES +919477670498,24f04b35c8c5499a,dispatched_to_mh,East,LMA,1.00E+11,WHEELEY,Md JiyarulMunsi,Motherhub_AMT,BRSNR,HowrahHub_KOL_PL,PH-B10-AMTCCU-8167,expected,OPENED,26-09-2026 02:25,Somnath G
26-09-2026,26-09-2026,FMPC6528328907,HowrahHub_KOL_PL,RIMJHIM CREATION +919875358699,766f4b2267f9421d,received_at_mh,East,LMA,1.00E+11,#N/A,#N/A,Motherhub_AMT,BRSNR,HowrahHub_KOL_PL,PH-B10-AMTCCU-3338,expected,OPENED,26-09-2026 04:39,Somnath G
26-09-2026,26-09-2026,FMPC6527235542,HowrahHub_KOL_PL,AYU HOMESHOP +916290257711,8ddf4d5f8b1b4d42,received_at_mh,East,LMA,1.00E+11,#N/A,#N/A,Motherhub_AMT,BRSNR,HowrahHub_KOL_PL,PH-B10-AMTCCU-17137,expected,OPENED,26-09-2026 04:32,Somnath G
26-09-2026,26-09-2026,FMPP4297698175,HowrahHub_KOL_PL,KAYRA ENTERPRISES +916289612218,42fef707ae704233,received_at_mh,East,LMA,1.00E+11,#N/A,#N/A,Motherhub_AMT,BRSNR,HowrahHub_KOL_PL,PH-B10-AMTCCU-17138,expected,OPENED,26-09-2026 04:29,Somnath G
26-09-2026,26-09-2026,FMPC6527039027,HowrahHub_KOL_PL,A S FASHION +919088133120,4d97db004353480d,dispatched_to_mh,East,LMA,1.00E+11,#N/A,#N/A,Motherhub_AMT,BRSNR,HowrahHub_KOL_PL,PH-B10-AMTCCU-41024,expected,OPENED,26-09-2026 00:31,Somnath G
26-09-2026,26-09-2026,FMPP4297354623,HowrahHub_KOL_PL,SK FASHION +916290197512,991e63e76aa04d04,dispatched_to_mh,East,LMA,1.00E+11,#N/A,#N/A,Motherhub_AMT,BRSNR,HowrahHub_KOL_PL,PH-B10-AMTCCU-52065,expected,OPENED,26-09-2026 00:33,Somnath G
26-09-2026,26-09-2026,FMPC6526937284,HowrahHub_KOL_PL,HIBA FASHION +916290014558,d95a393f60684138,dispatched_to_mh,East,LMA,1.00E+11,#N/A,#N/A,Motherhub_AMT,BRSNR,HowrahHub_KOL_PL,PH-B10-AMTCCU-45199,expected,OPENED,26-09-2026 05:50,Somnath G
26-09-2026,26-09-2026,FMPP4297628241,HowrahHub_KOL_PL,Power Apparels +919883008882,6ac8dbec71b34d79,dispatched_to_mh,East,LMA,1.00E+11,SAS,DipankarShaw,Motherhub_AMT,BRSNR,HowrahHub_KOL_PL,PH-B10-AMTCCU-14536,expected,OPENED,26-09-2026 05:15,Somnath G
26-09-2026,26-09-2026,FMPP4297661309,HowrahHub_KOL_PL,Power Apparels +919883008882,6ac8dbec71b34d79,dispatched_to_mh,East,LMA,1.00E+11,SAS,DipankarShaw,Motherhub_AMT,BRSNR,HowrahHub_KOL_PL,PH-B10-AMTCCU-14536,expected,OPENED,26-09-2026 05:15,Somnath G
26-09-2026,26-09-2026,FMPC6527302151,HowrahHub_KOL_PL,R K DRESSES +918100836344,ff57957838fc45a6,dispatched_to_mh,East,LMA,1.00E+11,#N/A,#N/A,Motherhub_AMT,BRSNR,HowrahHub_KOL_PL,PH-B10-AMTCCU-4214,expected,OPENED,26-09-2026 05:46,Somnath G
26-09-2026,26-09-2026,FMPC6528240259,HowrahHub_KOL_PL,RIMJHIM CREATION +919875358699,766f4b2267f9421d,received_at_mh,East,LMA,1.00E+11,#N/A,#N/A,Motherhub_AMT,BRSNR,HowrahHub_KOL_PL,PH-B10-AMTCCU-3338,expected,OPENED,26-09-2026 04:39,Somnath G
26-09-2026,26-09-2026,FMPC6527550657,HowrahHub_KOL_PL,SK FASHION +916290197512,991e63e76aa04d04,dispatched_to_mh,East,LMA,1.00E+11,#N/A,#N/A,Motherhub_AMT,BRSNR,HowrahHub_KOL_PL,PH-B10-AMTCCU-52065,expected,OPENED,26-09-2026 00:33,Somnath G
26-09-2026,26-09-2026,FMPP4297109175,HowrahHub_KOL_PL,SK FASHION +916290197512,991e63e76aa04d04,dispatched_to_mh,East,LMA,1.00E+11,#N/A,#N/A,Motherhub_AMT,BRSNR,HowrahHub_KOL_PL,PH-B10-AMTCCU-52065,expected,OPENED,26-09-2026 00:33,Somnath G
26-09-2026,26-09-2026,FMPC6528540720,HowrahHub_KOL_PL,RAIDA COLLECTION +919123302262,6ee9f9ece0a54c50,dispatched_to_mh,East,LMA,1.00E+11,SAS,Sk RajuAli,Motherhub_AMT,BRSNR,HowrahHub_KOL_PL,PH-B10-AMTCCU-22441,expected,OPENED,26-09-2026 05:28,Somnath G
26-09-2026,26-09-2026,FMPC6527555322,HowrahHub_KOL_PL,A S FASHION +919088133120,4d97db004353480d,dispatched_to_mh,East,LMA,1.00E+11,#N/A,#N/A,Motherhub_AMT,BRSNR,HowrahHub_KOL_PL,PH-B10-AMTCCU-41024,expected,OPENED,26-09-2026 00:31,Somnath G
26-09-2026,26-09-2026,FMPC6528731204,ManinagarHub_ADI_PL,SHREE VAISHNAVI ENTERPRISE +919173639964,2c1a65acc8db4a00,dispatched_to_mh,West,LMA,1.00E+11,Loadshare,Dholpariya JashwantBalwant,Motherhub_ABD,BRSNR,ManinagarHub_ADI_PL,PH-NE-AHDABD-16809110,expected,OPENED,25-09-2026 22:29,Ankur Sinha
26-09-2026,26-09-2026,FMPP4297065843,ManinagarHub_ADI_PL,SHREE VAISHNAVI ENTERPRISE +919173639964,2c1a65acc8db4a00,dispatched_to_mh,West,LMA,1.00E+11,Loadshare,Dholpariya JashwantBalwant,Motherhub_ABD,BRSNR,ManinagarHub_ADI_PL,PH-NE-AHDABD-16809110,expected,OPENED,25-09-2026 22:29,Ankur Sinha
26-09-2026,26-09-2026,FMPP4295723757,NehruPlaceHub_DEL_PL,E FUTURE +917289098284,2742e517fcdd436c,received_at_mh,North,TRUEFLEX,982214,TRUEFLEX,#N/A,MotherHub_NDC,BRSNR,NehruPlaceHub_DEL_PL,PH-B3-NCRNDC-6330873,expected,OPENED,26-09-2026 00:15,Arvind Bansal (DNCR)
26-09-2026,26-09-2026,FMPC6527673801,SectorVHub_KOL_PL,ONLINE VATIKA +919088912336,2af41c14e62242eb,received_at_mh,East,LMA,4379457,#N/A,#N/A,Motherhub_AMT,BRSNR,SectorVHub_KOL_PL,PH-B10-AMTCCU-33113,expected,OPENED,26-09-2026 02:06,Somnath G
26-09-2026,26-09-2026,FMPP4294516235,SectorVHub_KOL_PL,Barik International +919477669357,d340c49712824a93,dispatched_to_mh,East,LMA,4117941,#N/A,#N/A,Motherhub_AMT,BRSNR,SectorVHub_KOL_PL,PH-B10-AMTCCU-51790,expected,OPENED,26-09-2026 01:37,Somnath G
26-09-2026,26-09-2026,FMPC6527627215,SectorVHub_KOL_PL,Kundu Telecom +916291704022,39faa1c70bf949ac,dispatched_to_mh,East,LMA,4379457,#N/A,#N/A,Motherhub_AMT,BRSNR,SectorVHub_KOL_PL,PH-B10-AMTCCU-36743,expected,OPENED,26-09-2026 03:33,Somnath G
26-09-2026,26-09-2026,FMPC6522394603,SectorVHub_KOL_PL,PASS VENTURES +916207747823,0ebe41345a2e4672,dispatched_to_mh,East,LMA,1.00E+11,#N/A,#N/A,Motherhub_AMT,BRSNR,SectorVHub_KOL_PL,PH-B10-AMTCCU-52604,expected,OPENED,26-09-2026 02:05,Somnath G
26-09-2026,26-09-2026,FMPC6527960256,SectorVHub_KOL_PL,SANTA BUTIQUE +917003206843,9722674277b142d1,dispatched_to_mh,East,LMA,1.00E+11,WERCATALYST VENTURES PVT LTD,BubaiHarijan,Motherhub_AMT,BRSNR,SectorVHub_KOL_PL,PH-B10-AMTCCU-52276,expected,OPENED,26-09-2026 03:31,Somnath G
26-09-2026,26-09-2026,FMPP4297040362,SectorVHub_KOL_PL,BAIDYA NURSERY +919123397768,91de97c82a254312,dispatched_to_mh,East,LMA,4379457,#N/A,#N/A,Motherhub_AMT,BRSNR,SectorVHub_KOL_PL,PH-B10-AMTCCU-33113,expected,OPENED,26-09-2026 02:06,Somnath G
26-09-2026,26-09-2026,FMPC6528312899,SectorVHub_KOL_PL,BAIDYA NURSERY +919123397768,91de97c82a254312,dispatched_to_mh,East,LMA,4379457,#N/A,#N/A,Motherhub_AMT,BRSNR,SectorVHub_KOL_PL,PH-B10-AMTCCU-33113,expected,OPENED,26-09-2026 02:06,Somnath G
26-09-2026,26-09-2026,FMPC6528037829,SectorVHub_KOL_PL,SANTA BUTIQUE +917003206843,9722674277b142d1,dispatched_to_mh,East,LMA,1.00E+11,WERCATALYST VENTURES PVT LTD,BubaiHarijan,Motherhub_AMT,BRSNR,SectorVHub_KOL_PL,PH-B10-AMTCCU-52276,expected,OPENED,26-09-2026 03:31,Somnath G
26-09-2026,26-09-2026,FMPC6527164597,SectorVHub_KOL_PL,SANTA BUTIQUE +917003206843,9722674277b142d1,dispatched_to_mh,East,LMA,1.00E+11,WERCATALYST VENTURES PVT LTD,BubaiHarijan,Motherhub_AMT,BRSNR,SectorVHub_KOL_PL,PH-B10-AMTCCU-52276,expected,OPENED,26-09-2026 03:31,Somnath G
26-09-2026,26-09-2026,FMPC6519276236,SectorVHub_KOL_PL,Aarati collection +917602502297,7ffd145ac6174883,dispatched_to_mh,East,LMA,1.00E+11,WERCATALYST VENTURES PVT LTD,SouvikChoudhury,Motherhub_AMT,BRSNR,SectorVHub_KOL_PL,PH-B10-AMTCCU-33274,expected,OPENED,26-09-2026 02:12,Somnath G
26-09-2026,26-09-2026,FMPP4297142714,SectorVHub_KOL_PL,SANTA BUTIQUE +917003206843,9722674277b142d1,dispatched_to_mh,East,LMA,1.00E+11,WERCATALYST VENTURES PVT LTD,BubaiHarijan,Motherhub_AMT,BRSNR,SectorVHub_KOL_PL,PH-B10-AMTCCU-52276,expected,OPENED,26-09-2026 03:31,Somnath G
26-09-2026,26-09-2026,FMPC6527992713,SectorVHub_KOL_PL,SANTA BUTIQUE +917003206843,9722674277b142d1,dispatched_to_mh,East,LMA,1.00E+11,WERCATALYST VENTURES PVT LTD,BubaiHarijan,Motherhub_AMT,BRSNR,SectorVHub_KOL_PL,PH-B10-AMTCCU-52276,expected,OPENED,26-09-2026 03:31,Somnath G
26-09-2026,26-09-2026,FMPC6528436181,SectorVHub_KOL_PL,ZEN CARTOPIA +918620805900,c1c2fa1d30664973,received_at_mh,East,LMA,1.00E+11,WERCATALYST VENTURES PVT LTD,SOURAVHALDER,Motherhub_AMT,BRSNR,SectorVHub_KOL_PL,PH-B10-AMTCCU-32559,expected,OPENED,26-09-2026 01:38,Somnath G
26-09-2026,26-09-2026,FMPP4297635500,SectorVHub_KOL_PL,SANTA BUTIQUE +917003206843,9722674277b142d1,dispatched_to_mh,East,LMA,1.00E+11,WERCATALYST VENTURES PVT LTD,BubaiHarijan,Motherhub_AMT,BRSNR,SectorVHub_KOL_PL,PH-B10-AMTCCU-52276,expected,OPENED,26-09-2026 03:31,Somnath G
26-09-2026,26-09-2026,FMPC6526554370,SectorVHub_KOL_PL,BAIDYA NURSERY +919123397768,91de97c82a254312,dispatched_to_mh,East,LMA,4379457,#N/A,#N/A,Motherhub_AMT,BRSNR,SectorVHub_KOL_PL,PH-B10-AMTCCU-33113,expected,OPENED,26-09-2026 02:06,Somnath G
26-09-2026,26-09-2026,FMPC6529405009,VKIAHub_JAI_PL,SHRI SANWARIYA TRADERS +919509556420,804266241f714958,received_at_mh,North,LMA,1.00E+11,Transwide Express,VISHAL KUMARJONWAL,Motherhub_JAI_BTS,BRSNR,VKIAHub_JAI_PL,PH-NE-JAIBTS-23994822,expected,OPENED,25-09-2026 22:41,Akash Sharma
26-09-2026,26-09-2026,FMPP4297734435,BawanaHub_DEL_PL,III Industries +919319165522,3c64576bbe754ef4,dispatched_to_mh,North,LMA,1.00E+11,Sitics,Ankit,MotherHub_NDC,BRSNR,BawanaHub_DEL_PL,PH-B3-NCRNDC-6295639,expected,OPENED,26-09-2026 06:21,Arvind Bansal (DNCR)
26-09-2026,26-09-2026,FMPC6527028179,BawanaHub_DEL_PL,SHRI MAHAKAL TRADING +919625097803,bda415cb0ad641f9,received_at_mh,North,LMA,1.00E+11,SHIFTWAY LOGISTICS PVT LTD,Akhilesh,MotherHub_NDC,BRSNR,BawanaHub_DEL_PL,PH-B3-NCRNDC-6330250,expected,OPENED,26-09-2026 03:04,Arvind Bansal (DNCR)
26-09-2026,26-09-2026,FMPP4297943293,BawanaHub_DEL_PL,Delta Industries +919810239969,eb8b64af7f384d23,received_at_mh,North,LMA,1.00E+11,Sitics,Ankit,MotherHub_NDC,BRSNR,BawanaHub_DEL_PL,PH-B3-NCRNDC-6320906,expected,OPENED,26-09-2026 04:44,Arvind Bansal (DNCR)
26-09-2026,26-09-2026,MYEP1137496891,Alipur_DEL_PL,MYE : MARS COSMETICS PRIVATE LIMITED DELHI PPMP 9717571927,MYE_9b943364a5ca3c9c37100c4d0d2e51da,received_at_mh,North,LMA,1.00E+11,Loadshare,SachinKumar,MotherHub_NDC,BRSNR,Alipur_DEL_PL,PH-B3-NCRNDC-5769560,expected,OPENED,26-09-2026 03:15,Arvind Bansal (DNCR)
26-09-2026,26-09-2026,FMPP4297723931,Alipur_DEL_PL,ZONAFS +918595239846,2c6951785fb84206,dispatched_to_mh,North,LMA,1.00E+11,#N/A,#N/A,MotherHub_NDC,BRSNR,Alipur_DEL_PL,PH-B3-NCRNDC-6313058,expected,OPENED,26-09-2026 01:53,Arvind Bansal (DNCR)
26-09-2026,26-09-2026,FMPC6529229212,BawanaHub_DEL_PL,Delta Industries +919810239969,eb8b64af7f384d23,received_at_mh,North,LMA,1.00E+11,Sitics,Ankit,MotherHub_NDC,BRSNR,BawanaHub_DEL_PL,PH-B3-NCRNDC-6320906,expected,OPENED,26-09-2026 04:44,Arvind Bansal (DNCR)
26-09-2026,26-09-2026,FMPP4296610728,BawanaHub_DEL_PL,SWASTIK ENTERPRISES +919911526275,9ab3e96cfbde4cac,dispatched_to_mh,North,TRUEFLEX,949169,TRUEFLEX,#N/A,MotherHub_NDC,BRSNR,BawanaHub_DEL_PL,PH-B3-NCRNDC-6177861,expected,OPENED,26-09-2026 06:13,Arvind Bansal (DNCR)
26-09-2026,26-09-2026,MYEP1137573842,BawanaHub_DEL_PL,MYE : SADH INTERNATIONAL DELHI PPMP 9318461590,MYE_165bbcee63577d1cfe8840a1a92e7a7d,dispatched_to_mh,North,LMA,1.00E+11,WERCATALYST VENTURES PVT LTD,Himanshu,MotherHub_NDC,BRSNR,BawanaHub_DEL_PL,PH-B3-NCRNDC-6191616,expected,OPENED,26-09-2026 06:04,Arvind Bansal (DNCR)
26-09-2026,26-09-2026,FMPC6529427960,Alipur_DEL_PL,MARS COSMETICS PRIVATE LIMITED +918796103351,60841b155c044876,received_at_mh,North,LMA,1.00E+11,Loadshare,SachinKumar,MotherHub_NDC,BRSNR,Alipur_DEL_PL,PH-B3-NCRNDC-6313046,expected,OPENED,26-09-2026 01:39,Arvind Bansal (DNCR)
26-09-2026,26-09-2026,FMPC6527710529,BawanaHub_DEL_PL,NAZOMI INDUSTRIES +918586069815,c718149632624ab8,dispatched_to_mh,North,LMA,1.00E+11,WHEELEY,ANKUSH,MotherHub_NDC,BRSNR,BawanaHub_DEL_PL,PH-B3-NCRNDC-6335706,expected,OPENED,26-09-2026 05:28,Arvind Bansal (DNCR)
26-09-2026,26-09-2026,NAPC0027911204,BawanaHub_DEL_PL,NAP : M/s Surya Trading Co. 8882324348,NAP_bd494c809e2f3183d24a614310abfb1b,received_at_mh,North,TRUEFLEX,949169,TRUEFLEX,#N/A,MotherHub_NDC,BRSNR,BawanaHub_DEL_PL,PH-B3-379816-100529,expected,OPENED,26-09-2026 06:21,Arvind Bansal (DNCR)
26-09-2026,26-09-2026,FMPP4297447146,BawanaHub_DEL_PL,SHREYANK TRADERS +919990967002,9c4c72d9ac644df2,dispatched_to_mh,North,TRUEFLEX,1268066,TRUEFLEX,VikashKumar,MotherHub_NDC,BRSNR,BawanaHub_DEL_PL,PH-B3-NCRNDC-6346251,expected,OPENED,26-09-2026 06:32,Arvind Bansal (DNCR)
26-09-2026,26-09-2026,FMPP4298431993,BawanaHub_DEL_PL,KDS INDUSTRIES +919643246690,235233002e8f4186,received_at_mh,North,TRUEFLEX,1268066,TRUEFLEX,VikashKumar,MotherHub_NDC,BRSNR,BawanaHub_DEL_PL,PH-B3-NCRNDC-6343935,expected,OPENED,26-09-2026 00:07,Arvind Bansal (DNCR)
26-09-2026,26-09-2026,NAPC0027913269,Alipur_DEL_PL,NAP : Zenex Retail Private Limited Delhi 9211748364,NAP_f0ba7a059cc6a666ac33f00f8bd19635,dispatched_to_mh,North,TRUEFLEX,722497,TRUEFLEX,AbhishekKumar,MotherHub_NDC,BRSNR,Alipur_DEL_PL,PH-B3-NCRNDC-6334960,expected,OPENED,26-09-2026 00:55,Arvind Bansal (DNCR)
26-09-2026,26-09-2026,FMPC6527673179,BallabhgarhHub_Del_PL,Reverie Retail +917042631046,10d5da43ffa24c13,received_at_mh,North,LMA,1.00E+11,Greenteck Logistics and Mobility Pvt Ltd,PrakashJha,MotherHub_NDC,BRSNR,BallabhgarhHub_Del_PL,PH-B3-NCRNDC-6327067,expected,OPENED,26-09-2026 00:59,Arvind Bansal (DNCR)
26-09-2026,26-09-2026,FMPP4298168422,Alipur_DEL_PL,VSAKSH +918470953706,0d5a52b4cd9d4836,received_at_mh,North,LMA,1.00E+11,#N/A,#N/A,MotherHub_NDC,BRSNR,Alipur_DEL_PL,PH-B3-NCRNDC-6331266,expected,OPENED,26-09-2026 01:07,Arvind Bansal (DNCR)
26-09-2026,26-09-2026,MYEC1120404155,Alipur_DEL_PL,MYE : MARS COSMETICS PRIVATE LIMITED DELHI PPMP 9717571927,MYE_9b943364a5ca3c9c37100c4d0d2e51da,received_at_mh,North,LMA,1.00E+11,Loadshare,SachinKumar,MotherHub_NDC,BRSNR,Alipur_DEL_PL,PH-B3-NCRNDC-5769560,expected,OPENED,26-09-2026 03:15,Arvind Bansal (DNCR)
26-09-2026,26-09-2026,FMPC6527863121,Alipur_DEL_PL,M.H Industries 9934099390,1d81ea9ae3714e11,dispatched_to_mh,North,LMA,1.00E+11,#N/A,#N/A,MotherHub_NDC,BRSNR,Alipur_DEL_PL,PH-B3-NCRNDC-6331267,expected,OPENED,26-09-2026 01:07,Arvind Bansal (DNCR)
26-09-2026,26-09-2026,FMPC6528243709,BallabhgarhHub_Del_PL,SAKLANI CREATION +919718043201,e84b6adc8eb14138,dispatched_to_mh,North,EKART,4303634,EKART,,MotherHub_NDC,BRSNR,BallabhgarhHub_Del_PL,PH-B3-NCRNDC-5875817,expected,OPENED,26-09-2026 01:36,Arvind Bansal (DNCR)
26-09-2026,26-09-2026,FMPC6528275128,BawanaHub_DEL_PL,AVI Creations +917827767972,b905f9b4544a4869,received_at_mh,North,LMA,1.00E+11,MyBox Logistics,Himanshu,MotherHub_NDC,BRSNR,BawanaHub_DEL_PL,PH-B3-NCRNDC-6329024,expected,OPENED,26-09-2026 02:26,Arvind Bansal (DNCR)
26-09-2026,26-09-2026,MYEP1137496051,Alipur_DEL_PL,MYE : MARS COSMETICS PRIVATE LIMITED DELHI PPMP 9717571927,MYE_9b943364a5ca3c9c37100c4d0d2e51da,received_at_mh,North,LMA,1.00E+11,Loadshare,SachinKumar,MotherHub_NDC,BRSNR,Alipur_DEL_PL,PH-B3-NCRNDC-5769560,expected,OPENED,26-09-2026 03:15,Arvind Bansal (DNCR)
26-09-2026,26-09-2026,FMPC6529910433,BawanaHub_DEL_PL,NATURE SPARSH HEALTHCARE 9773895626,b51b99e225d845c7,received_at_mh,North,LMA,1.00E+11,WHEELEY,Ritik,MotherHub_NDC,BRSNR,BawanaHub_DEL_PL,PH-B3-NCRNDC-6100041,expected,OPENED,26-09-2026 05:28,Arvind Bansal (DNCR)
26-09-2026,26-09-2026,FMPP4296939953,BawanaHub_DEL_PL,Engix Traders +919990619133,26f914a285c14eea,received_at_mh,North,TRUEFLEX,1268066,TRUEFLEX,VikashKumar,MotherHub_NDC,BRSNR,BawanaHub_DEL_PL,PH-B3-NCRNDC-6346251,expected,OPENED,26-09-2026 06:32,Arvind Bansal (DNCR)
26-09-2026,26-09-2026,FMPP4298215104,BallabhgarhHub_Del_PL,BHAGWATI ENTERPRISES +919212546991,938c19b5fc3b4992,dispatched_to_mh,North,EKART,4300608,EKART,,MotherHub_NDC,BRSNR,BallabhgarhHub_Del_PL,PH-B3-NCRNDC-6339038,expected,OPENED,26-09-2026 01:49,Arvind Bansal (DNCR)
26-09-2026,26-09-2026,FMPP4297351157,BawanaHub_DEL_PL,Techvision International Private Limited +919266491150,0c28b9af992442ca,dispatched_to_mh,North,TRUEFLEX,949169,TRUEFLEX,#N/A,MotherHub_NDC,Mixbagging,BawanaHub_DEL_PL,PH-B3-NCRNDC-6247213,expected,OPENED,26-09-2026 00:52,Arvind Bansal (DNCR)
26-09-2026,26-09-2026,FMPC6527470090,BawanaHub_DEL_PL,HOME CRAFTS +917678454404,5471c30d965d45e3,received_at_mh,North,LMA,3682804,#N/A,#N/A,MotherHub_NDC,BRSNR,BawanaHub_DEL_PL,PH-B3-NCRNDC-6346042,expected,OPENED,26-09-2026 02:23,Arvind Bansal (DNCR)
26-09-2026,26-09-2026,FMPC6528398100,BawanaHub_DEL_PL,SHRI MAHAKAL TRADING +919625097803,bda415cb0ad641f9,received_at_mh,North,LMA,1.00E+11,SHIFTWAY LOGISTICS PVT LTD,Akhilesh,MotherHub_NDC,BRSNR,BawanaHub_DEL_PL,PH-B3-NCRNDC-6330250,expected,OPENED,26-09-2026 03:04,Arvind Bansal (DNCR)
26-09-2026,26-09-2026,GOKP7920240309,BallabhgarhHub_Del_PL,GOK : CosmosLayers 9910921866,GOK_38e8de55f21876676720f72e18327429,received_at_mh,North,LMA,1.00E+11,#N/A,#N/A,MotherHub_NDC,BRSNR,BallabhgarhHub_Del_PL,PH-B3-NCRNDC-5986900,expected,OPENED,26-09-2026 01:01,Arvind Bansal (DNCR)
26-09-2026,26-09-2026,MYEP1137533975,BawanaHub_DEL_PL,MYE : OSCAR TRADING COMPANY DELHI PPMP 9315667720,MYE_6c08b097ad06610834887ef8cba11120,dispatched_to_mh,North,LMA,1.00E+11,WHEELEY,Ritik,MotherHub_NDC,BRSNR,BawanaHub_DEL_PL,PH-B3-NCRNDC-6100041,expected,OPENED,26-09-2026 05:28,Arvind Bansal (DNCR)
26-09-2026,26-09-2026,FMPC6529506771,BallabhgarhHub_Del_PL,NEW ERA TRADERS +918796681945,7029763bf0824831,received_at_mh,North,EKART,2397920,EKART,,MotherHub_NDC,BRSNR,BallabhgarhHub_Del_PL,PH-B3-NCRNDC-6239449,expected,OPENED,26-09-2026 01:34,Arvind Bansal (DNCR)
26-09-2026,26-09-2026,MYEP1137496645,Alipur_DEL_PL,MYE : MARS COSMETICS PRIVATE LIMITED DELHI PPMP 9717571927,MYE_9b943364a5ca3c9c37100c4d0d2e51da,received_at_mh,North,LMA,1.00E+11,Loadshare,SachinKumar,MotherHub_NDC,BRSNR,Alipur_DEL_PL,PH-B3-NCRNDC-5769560,expected,OPENED,26-09-2026 03:15,Arvind Bansal (DNCR)
26-09-2026,26-09-2026,FMPP4296679044,BallabhgarhHub_Del_PL,SHIV SHAKTI SALES CORPORATION +918178942291,8a634374f5fc45a6,received_at_mh,North,EKART,3940523,EKART,,MotherHub_NDC,BRSNR,BallabhgarhHub_Del_PL,PH-B3-NCRNDC-6280611,expected,OPENED,26-09-2026 00:52,Arvind Bansal (DNCR)
26-09-2026,26-09-2026,FMPC6529290322,BawanaHub_DEL_PL,SHREYANK TRADERS +919990967002,9c4c72d9ac644df2,received_at_mh,North,TRUEFLEX,1268066,TRUEFLEX,VikashKumar,MotherHub_NDC,Mixbagging,BawanaHub_DEL_PL,PH-B3-NCRNDC-6346344,expected,OPENED,26-09-2026 05:21,Arvind Bansal (DNCR)
26-09-2026,26-09-2026,NAPC0027919286,Alipur_DEL_PL,NAP : Zenex Retail Private Limited Delhi 9211748364,NAP_f0ba7a059cc6a666ac33f00f8bd19635,dispatched_to_mh,North,TRUEFLEX,722497,TRUEFLEX,AbhishekKumar,MotherHub_NDC,BRSNR,Alipur_DEL_PL,PH-B3-NCRNDC-6334965,expected,OPENED,26-09-2026 00:56,Arvind Bansal (DNCR)
26-09-2026,26-09-2026,MYEP1137495845,Alipur_DEL_PL,MYE : MARS COSMETICS PRIVATE LIMITED DELHI PPMP 9717571927,MYE_9b943364a5ca3c9c37100c4d0d2e51da,received_at_mh,North,LMA,1.00E+11,Loadshare,SachinKumar,MotherHub_NDC,BRSNR,Alipur_DEL_PL,PH-B3-NCRNDC-5769560,expected,OPENED,26-09-2026 03:15,Arvind Bansal (DNCR)
26-09-2026,26-09-2026,NAPC0027917346,Alipur_DEL_PL,NAP : Zenex Retail Private Limited Delhi 9211748364,NAP_f0ba7a059cc6a666ac33f00f8bd19635,dispatched_to_mh,North,TRUEFLEX,722497,TRUEFLEX,AbhishekKumar,MotherHub_NDC,BRSNR,Alipur_DEL_PL,PH-B3-NCRNDC-6334960,expected,OPENED,26-09-2026 00:55,Arvind Bansal (DNCR)
26-09-2026,26-09-2026,FMPC6529251627,Alipur_DEL_PL,LIFTOFF +918373902099,a0340c5403ad4f01,received_at_mh,North,LMA,1.00E+11,WHEELEY,AmarKumar,MotherHub_NDC,BRSNR,Alipur_DEL_PL,PH-B3-NCRNDC-6313747,expected,OPENED,26-09-2026 00:51,Arvind Bansal (DNCR)
26-09-2026,26-09-2026,FMPP4297291303,Alipur_DEL_PL,SANCHI IMPEX +917428324585,36238a28835744d6,received_at_mh,North,LMA,1.00E+11,#N/A,#N/A,MotherHub_NDC,BRSNR,Alipur_DEL_PL,PH-B3-NCRNDC-6313050,expected,OPENED,26-09-2026 01:40,Arvind Bansal (DNCR)
26-09-2026,26-09-2026,FMPP4298371334,BawanaHub_DEL_PL,NAZOMI INDUSTRIES +918586069815,c718149632624ab8,received_at_mh,North,LMA,1.00E+11,WHEELEY,ANKUSH,MotherHub_NDC,BRSNR,BawanaHub_DEL_PL,PH-B3-NCRNDC-6335706,expected,OPENED,26-09-2026 05:28,Arvind Bansal (DNCR)
26-09-2026,26-09-2026,MYEC1120447750,BawanaHub_DEL_PL,MYE : Link Exim-delhi_PPMP_DEKD 7678427685,MYE_a765bf714eb542b845f5c4bcac0ceb3b,received_at_mh,North,LMA,1.00E+11,Loadshare,ABHISHEK,MotherHub_NDC,BRSNR,BawanaHub_DEL_PL,PH-B3-NCRNDC-6334648,expected,OPENED,26-09-2026 01:49,Arvind Bansal (DNCR)
26-09-2026,26-09-2026,MYEC1120417134,BawanaHub_DEL_PL,MYE : OSCAR TRADING COMPANY DELHI PPMP 9315667720,MYE_6c08b097ad06610834887ef8cba11120,dispatched_to_mh,North,LMA,1.00E+11,WHEELEY,Ritik,MotherHub_NDC,BRSNR,BawanaHub_DEL_PL,PH-B3-NCRNDC-6100041,expected,OPENED,26-09-2026 05:28,Arvind Bansal (DNCR)
26-09-2026,26-09-2026,FMPP4297938039,BawanaHub_DEL_PL,Sachin Enterprises +919319658215,091994d53fd447de,received_at_mh,North,LMA,3682804,#N/A,#N/A,MotherHub_NDC,Mixbagging,BawanaHub_DEL_PL,PH-B3-NCRNDC-6196136,expected,OPENED,26-09-2026 05:30,Arvind Bansal (DNCR)
26-09-2026,26-09-2026,EPSC3490262088,BawanaHub_DEL_PL,EPS : Bala 8882324348,EPS_d68a12dbbd4cf90ed0c6f62d4769b600,received_at_mh,North,TRUEFLEX,949169,TRUEFLEX,#N/A,MotherHub_NDC,BRSNR,BawanaHub_DEL_PL,PH-B3-379816-100531,expected,OPENED,26-09-2026 05:29,Arvind Bansal (DNCR)
26-09-2026,26-09-2026,FMPP4297028394,BawanaHub_DEL_PL,VYAHUT ENTERPRISES +916207970926,e0f7894cf9ee4f45,dispatched_to_mh,North,LMA,1.00E+11,WHEELEY,ANKUSH,MotherHub_NDC,Mixbagging,BawanaHub_DEL_PL,PH-B3-NCRNDC-6335692,expected,OPENED,26-09-2026 06:10,Arvind Bansal (DNCR)
26-09-2026,26-09-2026,FMPP4296929987,BawanaHub_DEL_PL,III Industries +919319165522,3c64576bbe754ef4,dispatched_to_mh,North,LMA,1.00E+11,Sitics,Ankit,MotherHub_NDC,BRSNR,BawanaHub_DEL_PL,PH-B3-NCRNDC-6295639,expected,OPENED,26-09-2026 06:21,Arvind Bansal (DNCR)
26-09-2026,26-09-2026,MYEP1137495920,Alipur_DEL_PL,MYE : MARS COSMETICS PRIVATE LIMITED DELHI PPMP 9717571927,MYE_9b943364a5ca3c9c37100c4d0d2e51da,received_at_mh,North,LMA,1.00E+11,Loadshare,SachinKumar,MotherHub_NDC,BRSNR,Alipur_DEL_PL,PH-B3-NCRNDC-5769560,expected,OPENED,26-09-2026 03:15,Arvind Bansal (DNCR)
26-09-2026,26-09-2026,FMPP4297890881,BawanaHub_DEL_PL,Sachin Enterprises +919319658215,091994d53fd447de,dispatched_to_mh,North,LMA,3682804,#N/A,#N/A,MotherHub_NDC,Mixbagging,BawanaHub_DEL_PL,PH-B3-NCRNDC-5463665,expected,OPENED,26-09-2026 05:24,Arvind Bansal (DNCR)
26-09-2026,26-09-2026,FMPC6528604430,Alipur_DEL_PL,M.H Industries 9934099390,1d81ea9ae3714e11,dispatched_to_mh,North,LMA,1.00E+11,#N/A,#N/A,MotherHub_NDC,BRSNR,Alipur_DEL_PL,PH-B3-NCRNDC-6331267,expected,OPENED,26-09-2026 01:07,Arvind Bansal (DNCR)
26-09-2026,26-09-2026,FMPC6529833533,BawanaHub_DEL_PL,A ONE ENTERPRISES +919812928190,e7126029844f4425,received_at_mh,North,LMA,1.00E+11,WHEELEY,Ritik,MotherHub_NDC,BRSNR,BawanaHub_DEL_PL,PH-B3-NCRNDC-6100041,expected,OPENED,26-09-2026 05:28,Arvind Bansal (DNCR)
26-09-2026,26-09-2026,FMPC6528394232,BallabhgarhHub_Del_PL,LECCO INDIA AUTOMOTIVE PARTS +918395982842,2cc2c5f5fa244932,received_at_mh,North,EKART,3698227,EKART,,MotherHub_NDC,BRSNR,BallabhgarhHub_Del_PL,PH-B3-NCRNDC-5753350,expected,OPENED,26-09-2026 01:46,Arvind Bansal (DNCR)
26-09-2026,26-09-2026,FMPC6529657809,Alipur_DEL_PL,AVA International Private Limited +919289563185,44b430b7bbf049db,dispatched_to_mh,North,TRUEFLEX,722497,TRUEFLEX,AbhishekKumar,MotherHub_NDC,BRSNR,Alipur_DEL_PL,PH-B3-NCRNDC-6334963,expected,OPENED,26-09-2026 00:57,Arvind Bansal (DNCR)
26-09-2026,26-09-2026,FMPP4297333488,BallabhgarhHub_Del_PL,S.P ENTERPRISES +918377822360,66302a59dd7f427f,received_at_mh,North,EKART,4191923,EKART,,MotherHub_NDC,BRSNR,BallabhgarhHub_Del_PL,PH-B3-NCRNDC-6331979,expected,OPENED,26-09-2026 01:34,Arvind Bansal (DNCR)
26-09-2026,26-09-2026,FMPC6529670401,BawanaHub_DEL_PL,A ONE ENTERPRISES +919812928190,e7126029844f4425,received_at_mh,North,LMA,1.00E+11,WHEELEY,Ritik,MotherHub_NDC,BRSNR,BawanaHub_DEL_PL,PH-B3-NCRNDC-6100041,expected,OPENED,26-09-2026 05:28,Arvind Bansal (DNCR)
26-09-2026,26-09-2026,FMPP4296952444,BawanaHub_DEL_PL,SHRI MAHAKAL TRADING +919625097803,bda415cb0ad641f9,received_at_mh,North,LMA,1.00E+11,SHIFTWAY LOGISTICS PVT LTD,Akhilesh,MotherHub_NDC,BRSNR,BawanaHub_DEL_PL,PH-B3-NCRNDC-6330250,expected,OPENED,26-09-2026 03:04,Arvind Bansal (DNCR)
26-09-2026,26-09-2026,FMPC6529181139,BawanaHub_DEL_PL,Aditya Techart +919911677477,72809ab6770848c1,received_at_mh,North,LMA,1.00E+11,WHEELEY,Ritik,MotherHub_NDC,BRSNR,BawanaHub_DEL_PL,PH-B3-NCRNDC-6335897,expected,OPENED,26-09-2026 00:37,Arvind Bansal (DNCR)
26-09-2026,26-09-2026,FMPP4296925988,BawanaHub_DEL_PL,III Industries +919319165522,3c64576bbe754ef4,dispatched_to_mh,North,LMA,1.00E+11,Sitics,Ankit,MotherHub_NDC,BRSNR,BawanaHub_DEL_PL,PH-B3-NCRNDC-6295639,expected,OPENED,26-09-2026 06:21,Arvind Bansal (DNCR)
26-09-2026,26-09-2026,FMPC6527376272,Alipur_DEL_PL,M/S JEET ENTERPRISES +918368771405,1f461d218e9e4dbf,dispatched_to_mh,North,LMA,1.00E+11,WHEELEY,AmarKumar,MotherHub_NDC,BRSNR,Alipur_DEL_PL,PH-B3-NCRNDC-6313741,expected,OPENED,26-09-2026 00:51,Arvind Bansal (DNCR)
26-09-2026,26-09-2026,FMPC6528263973,Alipur_DEL_PL,Shivam Enterprises 9953829373,85c78b545edb4265,received_at_mh,North,LMA,1.00E+11,WHEELEY,AmarKumar,MotherHub_NDC,BRSNR,Alipur_DEL_PL,PH-B3-NCRNDC-6245128,expected,OPENED,26-09-2026 06:18,Arvind Bansal (DNCR)
26-09-2026,26-09-2026,FMPC6528105203,Alipur_DEL_PL,Unique Stores 8130617664,ee1d081efd374e5d,dispatched_to_mh,North,LMA,1.00E+11,#N/A,#N/A,MotherHub_NDC,BRSNR,Alipur_DEL_PL,PH-B3-NCRNDC-6313731,expected,OPENED,26-09-2026 01:10,Arvind Bansal (DNCR)
26-09-2026,26-09-2026,NAPC0027915261,Alipur_DEL_PL,NAP : Zenex Retail Private Limited Delhi 9211748364,NAP_f0ba7a059cc6a666ac33f00f8bd19635,dispatched_to_mh,North,TRUEFLEX,722497,TRUEFLEX,AbhishekKumar,MotherHub_NDC,BRSNR,Alipur_DEL_PL,PH-B3-NCRNDC-6334960,expected,OPENED,26-09-2026 00:55,Arvind Bansal (DNCR)
26-09-2026,26-09-2026,MYEP1137496366,Alipur_DEL_PL,MYE : MARS COSMETICS PRIVATE LIMITED DELHI PPMP 9717571927,MYE_9b943364a5ca3c9c37100c4d0d2e51da,received_at_mh,North,LMA,1.00E+11,Loadshare,SachinKumar,MotherHub_NDC,BRSNR,Alipur_DEL_PL,PH-B3-NCRNDC-5769560,expected,OPENED,26-09-2026 03:15,Arvind Bansal (DNCR)
26-09-2026,26-09-2026,FMPC6529564567,Alipur_DEL_PL,VISHAL ENTERPRISES +918287259143,f6ed591d6fd34bc0,dispatched_to_mh,North,LMA,1.00E+11,WHEELEY,AmarKumar,MotherHub_NDC,BRSNR,Alipur_DEL_PL,PH-B3-NCRNDC-6313752,expected,OPENED,26-09-2026 01:47,Arvind Bansal (DNCR)
26-09-2026,26-09-2026,FMPP4296944966,BawanaHub_DEL_PL,III Industries +919319165522,3c64576bbe754ef4,dispatched_to_mh,North,LMA,1.00E+11,Sitics,Ankit,MotherHub_NDC,BRSNR,BawanaHub_DEL_PL,PH-B3-NCRNDC-6295639,expected,OPENED,26-09-2026 06:21,Arvind Bansal (DNCR)
26-09-2026,26-09-2026,FMPC6527987767,Alipur_DEL_PL,VISHAL GARMENTS +919899513768,4943d547b97946c3,received_at_mh,North,LMA,1.00E+11,#N/A,#N/A,MotherHub_NDC,BRSNR,Alipur_DEL_PL,PH-B3-NCRNDC-6351736,expected,OPENED,26-09-2026 06:18,Arvind Bansal (DNCR)
26-09-2026,26-09-2026,FMPP4297718234,Alipur_DEL_PL,RITIK SHARMA +918750334529,3e06236dfc8343e1,received_at_mh,North,LMA,1.00E+11,WHEELEY,Rajnit,MotherHub_NDC,BRSNR,Alipur_DEL_PL,PH-B3-NCRNDC-6313721,expected,OPENED,26-09-2026 01:39,Arvind Bansal (DNCR)
26-09-2026,26-09-2026,MYEC1120403880,Alipur_DEL_PL,MYE : MARS COSMETICS PRIVATE LIMITED DELHI PPMP 9717571927,MYE_9b943364a5ca3c9c37100c4d0d2e51da,received_at_mh,North,LMA,1.00E+11,Loadshare,SachinKumar,MotherHub_NDC,BRSNR,Alipur_DEL_PL,PH-B3-NCRNDC-5769560,expected,OPENED,26-09-2026 03:15,Arvind Bansal (DNCR)
26-09-2026,26-09-2026,FMPC6526826762,BawanaHub_DEL_PL,KIDS FIRST STEP LLP +919810655278,82f4bb54b27043b3,dispatched_to_mh,North,LMA,1.00E+11,MyBox Logistics,Himanshu,MotherHub_NDC,BRSNR,BawanaHub_DEL_PL,PH-B3-NCRNDC-6126603,expected,OPENED,26-09-2026 00:38,Arvind Bansal (DNCR)
26-09-2026,26-09-2026,FMPC6528322920,BawanaHub_DEL_PL,III Industries +919319165522,3c64576bbe754ef4,dispatched_to_mh,North,LMA,1.00E+11,Sitics,Ankit,MotherHub_NDC,BRSNR,BawanaHub_DEL_PL,PH-B3-NCRNDC-6295639,expected,OPENED,26-09-2026 06:21,Arvind Bansal (DNCR)
26-09-2026,26-09-2026,FMPC6529104833,BawanaHub_DEL_PL,M.N RETAIL +919899769449,9981e2aefe8d4af3,received_at_mh,North,LMA,1.00E+11,Sitics,Ankit,MotherHub_NDC,BRSNR,BawanaHub_DEL_PL,PH-B3-NCRNDC-6320907,expected,OPENED,26-09-2026 04:43,Arvind Bansal (DNCR)
26-09-2026,26-09-2026,MYEC1120429742,BawanaHub_DEL_PL,MYE : CRYSTAL COSMETICS_PPMP_YMMM 9899620456,MYE_960a86dc2b90ff4feaa30fdaf52a7a0b,dispatched_to_mh,North,LMA,1.00E+11,WHEELEY,Ritik,MotherHub_NDC,BRSNR,BawanaHub_DEL_PL,PH-B3-NCRNDC-6335897,expected,OPENED,26-09-2026 00:37,Arvind Bansal (DNCR)
26-09-2026,26-09-2026,MYEC1120427294,BurariHub_DEL_PL,MYE : IUGA PRIVATE LIMITED DELHI PPMP 9354202714,MYE_195233d8906cb9c417c678f10b3683db,received_at_mh,North,TRUEFLEX,592319,TRUEFLEX,Tushar,MotherHub_NDC,Mixbagging,BurariHub_DEL_PL,PH-B3-NCRNDC-6236780,expected,OPENED,26-09-2026 02:38,Arvind Bansal (DNCR)
26-09-2026,26-09-2026,FMPP4297576421,BurariHub_DEL_PL,Shreeja Essentials India +918383808150,1eb63c4c3d9b4fdf,received_at_mh,North,LMA,1.00E+11,AADIYOGI LOGISTIC PRIVATE LIMITED,ArjunKumar,MotherHub_NDC,Mixbagging,BurariHub_DEL_PL,PH-B3-NCRNDC-6320936,expected,OPENED,26-09-2026 02:37,Arvind Bansal (DNCR)
26-09-2026,26-09-2026,FMPC6529164131,BijwasanHub_DEL_PL,HANURAM ENTERPRISES +918130088312,48e4eac7494e46ce,dispatched_to_mh,North,LMA,4224407,#N/A,#N/A,MotherHub_NDC,BRSNR,BijwasanHub_DEL_PL,PH-B3-NCRNDC-5870965,expected,OPENED,26-09-2026 00:09,Arvind Bansal (DNCR)
26-09-2026,26-09-2026,MYEP1137518847,BurariHub_DEL_PL,MYE : IUGA PRIVATE LIMITED DELHI PPMP 9354202714,MYE_195233d8906cb9c417c678f10b3683db,received_at_mh,North,TRUEFLEX,592319,TRUEFLEX,Tushar,MotherHub_NDC,Mixbagging,BurariHub_DEL_PL,PH-B3-NCRNDC-6236780,expected,OPENED,26-09-2026 02:38,Arvind Bansal (DNCR)
26-09-2026,26-09-2026,FMPC6528612015,BudhViharHub_DEL_PL,Dev Enterprises +919560247321,df2cca08ab124429,received_at_mh,North,TRUEFLEX,711197,TRUEFLEX,AbhishekKumar Sah,MotherHub_NDC,BRSNR,BudhViharHub_DEL_PL,PH-B3-NCRNDC-5976864,expected,OPENED,26-09-2026 02:44,Arvind Bansal (DNCR)
26-09-2026,26-09-2026,FMPC6528076761,BurariHub_DEL_PL,Pradeep soft toys creation +918960623502,e1e85d38f5fb4405,received_at_mh,North,LMA,1.00E+11,#N/A,#N/A,MotherHub_NDC,BRSNR,BurariHub_DEL_PL,PH-B3-NCRNDC-6326613,expected,OPENED,26-09-2026 03:57,Arvind Bansal (DNCR)
26-09-2026,26-09-2026,MYEP1137519036,BurariHub_DEL_PL,MYE : IUGA PRIVATE LIMITED DELHI PPMP 9354202714,MYE_195233d8906cb9c417c678f10b3683db,received_at_mh,North,TRUEFLEX,592319,TRUEFLEX,Tushar,MotherHub_NDC,Mixbagging,BurariHub_DEL_PL,PH-B3-NCRNDC-6236780,expected,OPENED,26-09-2026 02:38,Arvind Bansal (DNCR)
26-09-2026,26-09-2026,FMPC6528563351,Chhatarpur_DEL_PL,SHIFTER INDIA +919990223332,c6fd385cf8e0439f,dispatched_to_mh,North,LMA,1.00E+11,Greenteck Logistics and Mobility Pvt Ltd,VikasSharma,MotherHub_NDC,BRSNR,Chhatarpur_DEL_PL,PH-B3-FRKFRK-15111627,expected,OPENED,26-09-2026 01:37,Arvind Bansal (DNCR)
26-09-2026,26-09-2026,FMPC6527387540,BurariHub_DEL_PL,Satpal Trading Co. +918766336050,807076d5170b4147,received_at_mh,North,LMA,1.00E+11,#N/A,#N/A,MotherHub_NDC,BRSNR,BurariHub_DEL_PL,PH-B3-NCRNDC-6326612,expected,OPENED,26-09-2026 03:53,Arvind Bansal (DNCR)
26-09-2026,26-09-2026,FMPP4298274913,Chhatarpur_DEL_PL,VAULT KICKS PRIVATE LIMITED +919910425647,837c0e130622445d,dispatched_to_mh,North,LMA,4186973,#N/A,#N/A,MotherHub_NDC,BRSNR,Chhatarpur_DEL_PL,PH-B3-NCRNDC-6320048,expected,OPENED,26-09-2026 01:48,Arvind Bansal (DNCR)
26-09-2026,26-09-2026,MYEC1120405271,BurariHub_DEL_PL,MYE : JGJ FASHION-delhi_PPMP_SGLJ 9667978489,MYE_62bc8839331db38c7491a44a6183c31b,received_at_mh,North,TRUEFLEX,592319,TRUEFLEX,Tushar,MotherHub_NDC,Mixbagging,BurariHub_DEL_PL,PH-B3-NCRNDC-6236780,expected,OPENED,26-09-2026 02:38,Arvind Bansal (DNCR)
26-09-2026,26-09-2026,MYEC1120427069,BurariHub_DEL_PL,MYE : IUGA PRIVATE LIMITED DELHI PPMP 9354202714,MYE_195233d8906cb9c417c678f10b3683db,received_at_mh,North,TRUEFLEX,592319,TRUEFLEX,Tushar,MotherHub_NDC,Mixbagging,BurariHub_DEL_PL,PH-B3-NCRNDC-6236780,expected,OPENED,26-09-2026 02:38,Arvind Bansal (DNCR)
26-09-2026,26-09-2026,MYEC1120407596,BurariHub_DEL_PL,MYE : BHIMJEE GLOBAL PRIVATE LIMITED NEW DELHI PPMP 9873332267,MYE_3931ff034c7ea8ea595c4c52ebb8ce13,received_at_mh,North,TRUEFLEX,592319,TRUEFLEX,Tushar,MotherHub_NDC,Mixbagging,BurariHub_DEL_PL,PH-B3-NCRNDC-6236780,expected,OPENED,26-09-2026 02:38,Arvind Bansal (DNCR)
26-09-2026,26-09-2026,FMPP4296994214,BurariHub_DEL_PL,Pradeep soft toys creation +918960623502,e1e85d38f5fb4405,received_at_mh,North,LMA,1.00E+11,#N/A,#N/A,MotherHub_NDC,BRSNR,BurariHub_DEL_PL,PH-B3-NCRNDC-6326613,expected,OPENED,26-09-2026 03:57,Arvind Bansal (DNCR)
26-09-2026,26-09-2026,MYEC1120426862,BurariHub_DEL_PL,MYE : IUGA PRIVATE LIMITED DELHI PPMP 9354202714,MYE_195233d8906cb9c417c678f10b3683db,received_at_mh,North,TRUEFLEX,592319,TRUEFLEX,Tushar,MotherHub_NDC,Mixbagging,BurariHub_DEL_PL,PH-B3-NCRNDC-6236780,expected,OPENED,26-09-2026 02:38,Arvind Bansal (DNCR)
26-09-2026,26-09-2026,FMPC6520766564,BijwasanHub_DEL_PL,SUKHVIRAJ PRINTERS AND PACKERS +919810628805,be7999263bb04f39,received_at_mh,North,LMA,4226203,#N/A,#N/A,MotherHub_NDC,BRSNR,BijwasanHub_DEL_PL,PH-B3-NCRNDC-5395425,expected,OPENED,25-09-2026 23:37,Arvind Bansal (DNCR)
26-09-2026,26-09-2026,MYEP1137547860,BurariHub_DEL_PL,MYE : IUGA PRIVATE LIMITED DELHI PPMP 9354202714,MYE_195233d8906cb9c417c678f10b3683db,received_at_mh,North,TRUEFLEX,592319,TRUEFLEX,Tushar,MotherHub_NDC,Mixbagging,BurariHub_DEL_PL,PH-B3-NCRNDC-6236780,expected,OPENED,26-09-2026 02:38,Arvind Bansal (DNCR)
26-09-2026,26-09-2026,FMPC6529237456,BijwasanHub_DEL_PL,VRS ENTERPRISES +919671825251,073549c0e0384d74,dispatched_to_mh,North,LMA,4224407,#N/A,#N/A,MotherHub_NDC,BRSNR,BijwasanHub_DEL_PL,PH-B3-NCRNDC-5950191,expected,OPENED,26-09-2026 00:16,Arvind Bansal (DNCR)
26-09-2026,26-09-2026,FMPC6527723163,BudhViharHub_DEL_PL,MEERA TRADERS +919958450896,cdc77306a06c4590,received_at_mh,North,LMA,1.00E+11,AADIYOGI LOGISTIC PRIVATE LIMITED,Monu,MotherHub_NDC,BRSNR,BudhViharHub_DEL_PL,PH-B3-NCRNDC-6333706,expected,OPENED,26-09-2026 04:27,Arvind Bansal (DNCR)
26-09-2026,26-09-2026,FMPC6526991925,BurariHub_DEL_PL,Pradeep soft toys creation +918960623502,e1e85d38f5fb4405,received_at_mh,North,LMA,1.00E+11,#N/A,#N/A,MotherHub_NDC,BRSNR,BurariHub_DEL_PL,PH-B3-NCRNDC-6326613,expected,OPENED,26-09-2026 03:57,Arvind Bansal (DNCR)
26-09-2026,26-09-2026,MYEP1137517118,BurariHub_DEL_PL,MYE : IUGA PRIVATE LIMITED DELHI PPMP 9354202714,MYE_195233d8906cb9c417c678f10b3683db,received_at_mh,North,TRUEFLEX,592319,TRUEFLEX,Tushar,MotherHub_NDC,Mixbagging,BurariHub_DEL_PL,PH-B3-NCRNDC-6236780,expected,OPENED,26-09-2026 02:38,Arvind Bansal (DNCR)
26-09-2026,26-09-2026,MYEP1137517443,BurariHub_DEL_PL,MYE : IUGA PRIVATE LIMITED DELHI PPMP 9354202714,MYE_195233d8906cb9c417c678f10b3683db,received_at_mh,North,TRUEFLEX,592319,TRUEFLEX,Tushar,MotherHub_NDC,Mixbagging,BurariHub_DEL_PL,PH-B3-NCRNDC-6236780,expected,OPENED,26-09-2026 02:38,Arvind Bansal (DNCR)
26-09-2026,26-09-2026,MYEC1120426953,BurariHub_DEL_PL,MYE : IUGA PRIVATE LIMITED DELHI PPMP 9354202714,MYE_195233d8906cb9c417c678f10b3683db,received_at_mh,North,TRUEFLEX,592319,TRUEFLEX,Tushar,MotherHub_NDC,Mixbagging,BurariHub_DEL_PL,PH-B3-NCRNDC-6236780,expected,OPENED,26-09-2026 02:38,Arvind Bansal (DNCR)
26-09-2026,26-09-2026,FMPP4297720038,BudhViharHub_DEL_PL,MG FASHION POINT +917428248873,a7fd57aad81d4376,dispatched_to_mh,North,TRUEFLEX,890962,TRUEFLEX,MadanMadan,MotherHub_NDC,BRSNR,BudhViharHub_DEL_PL,PH-B3-NCRNDC-6320749,expected,OPENED,26-09-2026 04:04,Arvind Bansal (DNCR)
26-09-2026,26-09-2026,FMPC6528317484,BurariHub_DEL_PL,Kumar Trading Co. +919650801955,2b4a104e1e0c45f0,received_at_mh,North,LMA,1.00E+11,AADIYOGI LOGISTIC PRIVATE LIMITED,ArjunKumar,MotherHub_NDC,BRSNR,BurariHub_DEL_PL,PH-B3-NCRNDC-6276069,expected,OPENED,26-09-2026 03:47,Arvind Bansal (DNCR)
26-09-2026,26-09-2026,MYEP1137519132,BurariHub_DEL_PL,MYE : IUGA PRIVATE LIMITED DELHI PPMP 9354202714,MYE_195233d8906cb9c417c678f10b3683db,received_at_mh,North,TRUEFLEX,592319,TRUEFLEX,Tushar,MotherHub_NDC,Mixbagging,BurariHub_DEL_PL,PH-B3-NCRNDC-6236780,expected,OPENED,26-09-2026 02:38,Arvind Bansal (DNCR)
26-09-2026,26-09-2026,FMPP4296974199,BurariHub_DEL_PL,Pradeep soft toys creation +918960623502,e1e85d38f5fb4405,received_at_mh,North,LMA,1.00E+11,#N/A,#N/A,MotherHub_NDC,BRSNR,BurariHub_DEL_PL,PH-B3-NCRNDC-6326613,expected,OPENED,26-09-2026 03:57,Arvind Bansal (DNCR)
26-09-2026,26-09-2026,MYEC1120405165,BurariHub_DEL_PL,MYE : JGJ FASHION-delhi_PPMP_SGLJ 9667978489,MYE_62bc8839331db38c7491a44a6183c31b,received_at_mh,North,TRUEFLEX,592319,TRUEFLEX,Tushar,MotherHub_NDC,Mixbagging,BurariHub_DEL_PL,PH-B3-NCRNDC-6236780,expected,OPENED,26-09-2026 02:38,Arvind Bansal (DNCR)
26-09-2026,26-09-2026,FMPC6528255040,BurariHub_DEL_PL,Pradeep soft toys creation +918960623502,e1e85d38f5fb4405,received_at_mh,North,LMA,1.00E+11,#N/A,#N/A,MotherHub_NDC,BRSNR,BurariHub_DEL_PL,PH-B3-NCRNDC-6326613,expected,OPENED,26-09-2026 03:57,Arvind Bansal (DNCR)
26-09-2026,26-09-2026,FMPC6529093550,BudhViharHub_DEL_PL,ENI FASHION +917007844372,ff35dc602f914de6,dispatched_to_mh,North,TRUEFLEX,890962,TRUEFLEX,MadanMadan,MotherHub_NDC,BRSNR,BudhViharHub_DEL_PL,PH-B3-NCRNDC-6320749,expected,OPENED,26-09-2026 04:04,Arvind Bansal (DNCR)
26-09-2026,26-09-2026,MYEP1137497552,BurariHub_DEL_PL,MYE : JGJ FASHION-delhi_PPMP_SGLJ 9667978489,MYE_62bc8839331db38c7491a44a6183c31b,received_at_mh,North,TRUEFLEX,592319,TRUEFLEX,Tushar,MotherHub_NDC,Mixbagging,BurariHub_DEL_PL,PH-B3-NCRNDC-6236780,expected,OPENED,26-09-2026 02:38,Arvind Bansal (DNCR)
26-09-2026,26-09-2026,FMPC6529362376,BurariHub_DEL_PL,Pradeep soft toys creation +918960623502,e1e85d38f5fb4405,received_at_mh,North,LMA,1.00E+11,#N/A,#N/A,MotherHub_NDC,BRSNR,BurariHub_DEL_PL,PH-B3-NCRNDC-6326613,expected,OPENED,26-09-2026 03:57,Arvind Bansal (DNCR)
26-09-2026,26-09-2026,MYEP1137499993,BurariHub_DEL_PL,MYE : BHIMJEE GLOBAL PRIVATE LIMITED NEW DELHI PPMP 9873332267,MYE_3931ff034c7ea8ea595c4c52ebb8ce13,received_at_mh,North,TRUEFLEX,592319,TRUEFLEX,Tushar,MotherHub_NDC,Mixbagging,BurariHub_DEL_PL,PH-B3-NCRNDC-6236780,expected,OPENED,26-09-2026 02:38,Arvind Bansal (DNCR)
26-09-2026,26-09-2026,FMPC6527028384,BurariHub_DEL_PL,Pradeep soft toys creation +918960623502,e1e85d38f5fb4405,received_at_mh,North,LMA,1.00E+11,#N/A,#N/A,MotherHub_NDC,BRSNR,BurariHub_DEL_PL,PH-B3-NCRNDC-6326613,expected,OPENED,26-09-2026 03:57,Arvind Bansal (DNCR)
26-09-2026,26-09-2026,FMPC6529233288,BurariHub_DEL_PL,Pradeep soft toys creation +918960623502,e1e85d38f5fb4405,received_at_mh,North,LMA,1.00E+11,#N/A,#N/A,MotherHub_NDC,BRSNR,BurariHub_DEL_PL,PH-B3-NCRNDC-6326613,expected,OPENED,26-09-2026 03:57,Arvind Bansal (DNCR)
26-09-2026,26-09-2026,MYEC1120424913,BurariHub_DEL_PL,MYE : IUGA PRIVATE LIMITED DELHI PPMP 9354202714,MYE_195233d8906cb9c417c678f10b3683db,received_at_mh,North,TRUEFLEX,592319,TRUEFLEX,Tushar,MotherHub_NDC,Mixbagging,BurariHub_DEL_PL,PH-B3-NCRNDC-6236780,expected,OPENED,26-09-2026 02:38,Arvind Bansal (DNCR)
26-09-2026,26-09-2026,FMPC6528257929,BurariHub_DEL_PL,KRISHNA CREATION +917042668206,9ba1496a9a234a92,received_at_mh,North,LMA,1.00E+11,#N/A,#N/A,MotherHub_YKB,BRSNR,BurariHub_DEL_PL,PH-ZO-DELYKB-65936584,expected,OPENED,26-09-2026 02:00,Arvind Bansal (DNCR)
26-09-2026,26-09-2026,MYEC1120465580,BurariHub_DEL_PL,MYE : IUGA PRIVATE LIMITED DELHI PPMP 9354202714,MYE_195233d8906cb9c417c678f10b3683db,received_at_mh,North,TRUEFLEX,592319,TRUEFLEX,Tushar,MotherHub_NDC,Mixbagging,BurariHub_DEL_PL,PH-B3-NCRNDC-6236780,expected,OPENED,26-09-2026 02:38,Arvind Bansal (DNCR)
26-09-2026,26-09-2026,FMPC6527845734,BudhViharHub_DEL_PL,Riddhi Siddhi Enterprises +917011732332,3b378b99a86d4b8e,dispatched_to_mh,North,TRUEFLEX,679400,TRUEFLEX,PurshotamJha,MotherHub_NDC,BRSNR,BudhViharHub_DEL_PL,PH-B3-NCRNDC-6333444,expected,OPENED,26-09-2026 02:33,Arvind Bansal (DNCR)
26-09-2026,26-09-2026,MYEP1137515201,BurariHub_DEL_PL,MYE : IUGA PRIVATE LIMITED DELHI PPMP 9354202714,MYE_195233d8906cb9c417c678f10b3683db,received_at_mh,North,TRUEFLEX,592319,TRUEFLEX,Tushar,MotherHub_NDC,Mixbagging,BurariHub_DEL_PL,PH-B3-NCRNDC-6236780,expected,OPENED,26-09-2026 02:38,Arvind Bansal (DNCR)
26-09-2026,26-09-2026,MYEP1137540099,BurariHub_DEL_PL,MYE : JGJ FASHION-delhi_PPMP_SGLJ 9667978489,MYE_62bc8839331db38c7491a44a6183c31b,received_at_mh,North,TRUEFLEX,592319,TRUEFLEX,Tushar,MotherHub_NDC,Mixbagging,BurariHub_DEL_PL,PH-B3-NCRNDC-6236780,expected,OPENED,26-09-2026 02:38,Arvind Bansal (DNCR)
26-09-2026,26-09-2026,MYEP1137497691,BurariHub_DEL_PL,MYE : JGJ FASHION-delhi_PPMP_SGLJ 9667978489,MYE_62bc8839331db38c7491a44a6183c31b,received_at_mh,North,TRUEFLEX,592319,TRUEFLEX,Tushar,MotherHub_NDC,Mixbagging,BurariHub_DEL_PL,PH-B3-NCRNDC-6236780,expected,OPENED,26-09-2026 02:38,Arvind Bansal (DNCR)
26-09-2026,26-09-2026,FMPC6527570186,BurariHub_DEL_PL,NETIZEN TRADING CO. +918010633788,d994f517d2f64207,received_at_mh,North,LMA,1.00E+11,AADIYOGI LOGISTIC PRIVATE LIMITED,ArjunKumar,MotherHub_NDC,BRSNR,BurariHub_DEL_PL,PH-B3-NCRNDC-6276069,expected,OPENED,26-09-2026 03:47,Arvind Bansal (DNCR)
26-09-2026,26-09-2026,MYEP1137547670,BurariHub_DEL_PL,MYE : IUGA PRIVATE LIMITED DELHI PPMP 9354202714,MYE_195233d8906cb9c417c678f10b3683db,received_at_mh,North,TRUEFLEX,592319,TRUEFLEX,Tushar,MotherHub_NDC,Mixbagging,BurariHub_DEL_PL,PH-B3-NCRNDC-6236780,expected,OPENED,26-09-2026 02:38,Arvind Bansal (DNCR)
26-09-2026,26-09-2026,MYEP1137547985,BurariHub_DEL_PL,MYE : IUGA PRIVATE LIMITED DELHI PPMP 9354202714,MYE_195233d8906cb9c417c678f10b3683db,received_at_mh,North,TRUEFLEX,592319,TRUEFLEX,Tushar,MotherHub_NDC,Mixbagging,BurariHub_DEL_PL,PH-B3-NCRNDC-6236780,expected,OPENED,26-09-2026 02:38,Arvind Bansal (DNCR)
26-09-2026,26-09-2026,FMPC6523252096,BudhViharHub_DEL_PL,JD ENTERPRISES +917859993821,cf41ed4c4e544aab,dispatched_to_mh,North,TRUEFLEX,679400,TRUEFLEX,PurshotamJha,MotherHub_NDC,BRSNR,BudhViharHub_DEL_PL,PH-B3-NCRNDC-6333444,expected,OPENED,26-09-2026 02:33,Arvind Bansal (DNCR)
26-09-2026,26-09-2026,MYEP1137519042,BurariHub_DEL_PL,MYE : IUGA PRIVATE LIMITED DELHI PPMP 9354202714,MYE_195233d8906cb9c417c678f10b3683db,received_at_mh,North,TRUEFLEX,592319,TRUEFLEX,Tushar,MotherHub_NDC,Mixbagging,BurariHub_DEL_PL,PH-B3-NCRNDC-6236780,expected,OPENED,26-09-2026 02:38,Arvind Bansal (DNCR)
26-09-2026,26-09-2026,FMPC6527728192,BudhViharHub_DEL_PL,Pacific global services +918743950914,a0bc30dc8abe4c18,received_at_mh,North,TRUEFLEX,918890,TRUEFLEX,MohitKumar,MotherHub_NDC,BRSNR,BudhViharHub_DEL_PL,PH-B3-NCRNDC-6293406,expected,OPENED,25-09-2026 23:35,Arvind Bansal (DNCR)
26-09-2026,26-09-2026,FMPC6527920070,BijwasanHub_DEL_PL,GLAZR +919540122153,2ac24dbc1e524213,received_at_mh,North,LMA,1.00E+11,Greenteck Logistics and Mobility Pvt Ltd,RohanKumar,MotherHub_NDC,BRSNR,BijwasanHub_DEL_PL,PH-B3-NCRNDC-6039139,expected,OPENED,26-09-2026 00:28,Arvind Bansal (DNCR)
26-09-2026,26-09-2026,MYEP1137519129,BurariHub_DEL_PL,MYE : IUGA PRIVATE LIMITED DELHI PPMP 9354202714,MYE_195233d8906cb9c417c678f10b3683db,received_at_mh,North,TRUEFLEX,592319,TRUEFLEX,Tushar,MotherHub_NDC,Mixbagging,BurariHub_DEL_PL,PH-B3-NCRNDC-6236780,expected,OPENED,26-09-2026 02:38,Arvind Bansal (DNCR)
26-09-2026,26-09-2026,FMPP4297229477,BudhViharHub_DEL_PL,R.S. ENTERPRISES +917827836008,e7ffade8a92740c9,dispatched_to_mh,North,TRUEFLEX,741972,TRUEFLEX,RitikJha,MotherHub_NDC,BRSNR,BudhViharHub_DEL_PL,PH-B3-NCRNDC-6330328,expected,OPENED,25-09-2026 23:47,Arvind Bansal (DNCR)
26-09-2026,26-09-2026,MYEC1120405160,BurariHub_DEL_PL,MYE : JGJ FASHION-delhi_PPMP_SGLJ 9667978489,MYE_62bc8839331db38c7491a44a6183c31b,received_at_mh,North,TRUEFLEX,592319,TRUEFLEX,Tushar,MotherHub_NDC,Mixbagging,BurariHub_DEL_PL,PH-B3-NCRNDC-6236780,expected,OPENED,26-09-2026 02:38,Arvind Bansal (DNCR)
26-09-2026,26-09-2026,MYEC1120427067,BurariHub_DEL_PL,MYE : IUGA PRIVATE LIMITED DELHI PPMP 9354202714,MYE_195233d8906cb9c417c678f10b3683db,received_at_mh,North,TRUEFLEX,592319,TRUEFLEX,Tushar,MotherHub_NDC,Mixbagging,BurariHub_DEL_PL,PH-B3-NCRNDC-6236780,expected,OPENED,26-09-2026 02:38,Arvind Bansal (DNCR)
26-09-2026,26-09-2026,MYEC1120465579,BurariHub_DEL_PL,MYE : IUGA PRIVATE LIMITED DELHI PPMP 9354202714,MYE_195233d8906cb9c417c678f10b3683db,received_at_mh,North,TRUEFLEX,592319,TRUEFLEX,Tushar,MotherHub_NDC,Mixbagging,BurariHub_DEL_PL,PH-B3-NCRNDC-6236780,expected,OPENED,26-09-2026 02:38,Arvind Bansal (DNCR)
26-09-2026,26-09-2026,MYEP1137518816,BurariHub_DEL_PL,MYE : IUGA PRIVATE LIMITED DELHI PPMP 9354202714,MYE_195233d8906cb9c417c678f10b3683db,received_at_mh,North,TRUEFLEX,592319,TRUEFLEX,Tushar,MotherHub_NDC,Mixbagging,BurariHub_DEL_PL,PH-B3-NCRNDC-6236780,expected,OPENED,26-09-2026 02:38,Arvind Bansal (DNCR)
26-09-2026,26-09-2026,MYEC1120423178,BurariHub_DEL_PL,MYE : IUGA PRIVATE LIMITED DELHI PPMP 9354202714,MYE_195233d8906cb9c417c678f10b3683db,received_at_mh,North,TRUEFLEX,592319,TRUEFLEX,Tushar,MotherHub_NDC,Mixbagging,BurariHub_DEL_PL,PH-B3-NCRNDC-6236780,expected,OPENED,26-09-2026 02:38,Arvind Bansal (DNCR)
26-09-2026,26-09-2026,FMPP4296695017,BudhViharHub_DEL_PL,S N ENTERPRISES +917210696807,6cb3a5bbfc014d90,dispatched_to_mh,North,LMA,1.00E+11,Loadshare,Manish,MotherHub_NDC,BRSNR,BudhViharHub_DEL_PL,PH-B3-NCRNDC-6335576,expected,OPENED,26-09-2026 04:09,Arvind Bansal (DNCR)
26-09-2026,26-09-2026,MYEP1137519043,BurariHub_DEL_PL,MYE : IUGA PRIVATE LIMITED DELHI PPMP 9354202714,MYE_195233d8906cb9c417c678f10b3683db,received_at_mh,North,TRUEFLEX,592319,TRUEFLEX,Tushar,MotherHub_NDC,Mixbagging,BurariHub_DEL_PL,PH-B3-NCRNDC-6236780,expected,OPENED,26-09-2026 02:38,Arvind Bansal (DNCR)
26-09-2026,26-09-2026,MYEP1137499065,BurariHub_DEL_PL,MYE : NDM ENTERPRISES-delhi_PPMP_DDPE 9811501282,MYE_49da40a30f76d83679710d39e231e7f1,received_at_mh,North,TRUEFLEX,592319,TRUEFLEX,Tushar,MotherHub_NDC,Mixbagging,BurariHub_DEL_PL,PH-B3-NCRNDC-6236780,expected,OPENED,26-09-2026 02:38,Arvind Bansal (DNCR)
26-09-2026,26-09-2026,FMPC6529376105,BijwasanHub_DEL_PL,HINDU CHIKITSA AWM TAKNIKI MHAVIDYALAY +918595132436,3e4ce047eafd40fc,dispatched_to_mh,North,EKART,4377746,EKART,,MotherHub_NDC,BRSNR,BijwasanHub_DEL_PL,PH-B3-NCRNDC-6318135,expected,OPENED,26-09-2026 00:09,Arvind Bansal (DNCR)
26-09-2026,26-09-2026,MYEP1137497333,BurariHub_DEL_PL,MYE : JGJ FASHION-delhi_PPMP_SGLJ 9667978489,MYE_62bc8839331db38c7491a44a6183c31b,received_at_mh,North,TRUEFLEX,592319,TRUEFLEX,Tushar,MotherHub_NDC,Mixbagging,BurariHub_DEL_PL,PH-B3-NCRNDC-6236780,expected,OPENED,26-09-2026 02:38,Arvind Bansal (DNCR)
26-09-2026,26-09-2026,FMPC6523594564,BudhViharHub_DEL_PL,SHRI RAM ENTERPRISES +918920082537,d2aee514ae5d483b,received_at_mh,North,LMA,1.00E+11,SHIFTWAY LOGISTICS PVT LTD,Shivam,MotherHub_NDC,BRSNR,BudhViharHub_DEL_PL,PH-B3-NCRNDC-6323957,expected,OPENED,25-09-2026 23:59,Arvind Bansal (DNCR)
26-09-2026,26-09-2026,MYEC1120405044,BurariHub_DEL_PL,MYE : JGJ FASHION-delhi_PPMP_SGLJ 9667978489,MYE_62bc8839331db38c7491a44a6183c31b,received_at_mh,North,TRUEFLEX,592319,TRUEFLEX,Tushar,MotherHub_NDC,Mixbagging,BurariHub_DEL_PL,PH-B3-NCRNDC-6236780,expected,OPENED,26-09-2026 02:38,Arvind Bansal (DNCR)
26-09-2026,26-09-2026,MYEC1120422629,BurariHub_DEL_PL,MYE : IUGA PRIVATE LIMITED DELHI PPMP 9354202714,MYE_195233d8906cb9c417c678f10b3683db,received_at_mh,North,TRUEFLEX,592319,TRUEFLEX,Tushar,MotherHub_NDC,Mixbagging,BurariHub_DEL_PL,PH-B3-NCRNDC-6236780,expected,OPENED,26-09-2026 02:38,Arvind Bansal (DNCR)
26-09-2026,26-09-2026,FMPC6527846256,BudhViharHub_DEL_PL,Riddhi Siddhi Enterprises +917011732332,3b378b99a86d4b8e,dispatched_to_mh,North,TRUEFLEX,679400,TRUEFLEX,PurshotamJha,MotherHub_NDC,BRSNR,BudhViharHub_DEL_PL,PH-B3-NCRNDC-6333444,expected,OPENED,26-09-2026 02:33,Arvind Bansal (DNCR)
26-09-2026,26-09-2026,MYEP1137497695,BurariHub_DEL_PL,MYE : JGJ FASHION-delhi_PPMP_SGLJ 9667978489,MYE_62bc8839331db38c7491a44a6183c31b,received_at_mh,North,TRUEFLEX,592319,TRUEFLEX,Tushar,MotherHub_NDC,Mixbagging,BurariHub_DEL_PL,PH-B3-NCRNDC-6236780,expected,OPENED,26-09-2026 02:38,Arvind Bansal (DNCR)
26-09-2026,26-09-2026,FMPP4297525019,BurariHub_DEL_PL,Pradeep soft toys creation +918960623502,e1e85d38f5fb4405,received_at_mh,North,LMA,1.00E+11,#N/A,#N/A,MotherHub_NDC,BRSNR,BurariHub_DEL_PL,PH-B3-NCRNDC-6326613,expected,OPENED,26-09-2026 03:57,Arvind Bansal (DNCR)
26-09-2026,26-09-2026,MYEP1137499282,BurariHub_DEL_PL,MYE : NDM ENTERPRISES-delhi_PPMP_DDPE 9811501282,MYE_49da40a30f76d83679710d39e231e7f1,received_at_mh,North,TRUEFLEX,592319,TRUEFLEX,Tushar,MotherHub_NDC,Mixbagging,BurariHub_DEL_PL,PH-B3-NCRNDC-6236780,expected,OPENED,26-09-2026 02:38,Arvind Bansal (DNCR)
26-09-2026,26-09-2026,FMPC6527618528,BudhViharHub_DEL_PL,MANORMA ENTERPRISES +919625996919,db174d4c68244503,received_at_mh,North,TRUEFLEX,926214,TRUEFLEX,ASHOK,MotherHub_NDC,BRSNR,BudhViharHub_DEL_PL,PH-B3-NCRNDC-6353520,expected,OPENED,26-09-2026 03:58,Arvind Bansal (DNCR)
26-09-2026,26-09-2026,MYEP1137519278,BurariHub_DEL_PL,MYE : IUGA PRIVATE LIMITED DELHI PPMP 9354202714,MYE_195233d8906cb9c417c678f10b3683db,received_at_mh,North,TRUEFLEX,592319,TRUEFLEX,Tushar,MotherHub_NDC,Mixbagging,BurariHub_DEL_PL,PH-B3-NCRNDC-6236780,expected,OPENED,26-09-2026 02:38,Arvind Bansal (DNCR)
26-09-2026,26-09-2026,MYEP1137557812,BurariHub_DEL_PL,MYE : IUGA PRIVATE LIMITED DELHI PPMP 9354202714,MYE_195233d8906cb9c417c678f10b3683db,received_at_mh,North,TRUEFLEX,592319,TRUEFLEX,Tushar,MotherHub_NDC,Mixbagging,BurariHub_DEL_PL,PH-B3-NCRNDC-6236780,expected,OPENED,26-09-2026 02:38,Arvind Bansal (DNCR)
26-09-2026,26-09-2026,FMPC6529376062,BijwasanHub_DEL_PL,HINDU CHIKITSA AWM TAKNIKI MHAVIDYALAY +918595132436,3e4ce047eafd40fc,received_at_mh,North,EKART,4377746,EKART,,MotherHub_NDC,BRSNR,BijwasanHub_DEL_PL,PH-B3-NCRNDC-6318135,expected,OPENED,26-09-2026 00:09,Arvind Bansal (DNCR)
26-09-2026,26-09-2026,MYEP1137518707,BurariHub_DEL_PL,MYE : IUGA PRIVATE LIMITED DELHI PPMP 9354202714,MYE_195233d8906cb9c417c678f10b3683db,received_at_mh,North,TRUEFLEX,592319,TRUEFLEX,Tushar,MotherHub_NDC,Mixbagging,BurariHub_DEL_PL,PH-B3-NCRNDC-6236780,expected,OPENED,26-09-2026 02:38,Arvind Bansal (DNCR)
26-09-2026,26-09-2026,MYEC1120427182,BurariHub_DEL_PL,MYE : IUGA PRIVATE LIMITED DELHI PPMP 9354202714,MYE_195233d8906cb9c417c678f10b3683db,received_at_mh,North,TRUEFLEX,592319,TRUEFLEX,Tushar,MotherHub_NDC,Mixbagging,BurariHub_DEL_PL,PH-B3-NCRNDC-6236780,expected,OPENED,26-09-2026 02:38,Arvind Bansal (DNCR)
26-09-2026,26-09-2026,MYEC1120425332,BurariHub_DEL_PL,MYE : IUGA PRIVATE LIMITED DELHI PPMP 9354202714,MYE_195233d8906cb9c417c678f10b3683db,received_at_mh,North,TRUEFLEX,592319,TRUEFLEX,Tushar,MotherHub_NDC,Mixbagging,BurariHub_DEL_PL,PH-B3-NCRNDC-6236780,expected,OPENED,26-09-2026 02:38,Arvind Bansal (DNCR)
26-09-2026,26-09-2026,MYEC1120436265,BurariHub_DEL_PL,MYE : JGJ FASHION-delhi_PPMP_SGLJ 9667978489,MYE_62bc8839331db38c7491a44a6183c31b,received_at_mh,North,TRUEFLEX,592319,TRUEFLEX,Tushar,MotherHub_NDC,Mixbagging,BurariHub_DEL_PL,PH-B3-NCRNDC-6236780,expected,OPENED,26-09-2026 02:38,Arvind Bansal (DNCR)
26-09-2026,26-09-2026,BGSP0745471558,BijwasanHub_DEL_PL,BGS : LAXMI INTERNATIONAL 9313978401,BGS_3aabc8feb26deb9c0f57db384bc9a7ad,dispatched_to_mh,North,LMA,1.00E+11,Greenteck Logistics and Mobility Pvt Ltd,Ashwani,MotherHub_NDC,BRSNR,BijwasanHub_DEL_PL,PH-B3-NCRNDC-6324574,expected,OPENED,26-09-2026 00:17,Arvind Bansal (DNCR)
26-09-2026,26-09-2026,FMPP4297904116,BudhViharHub_DEL_PL,GAGAN MITTAL +917678672448,0e9269d636e647bf,received_at_mh,North,LMA,1.00E+11,#N/A,#N/A,MotherHub_NDC,Mixbagging,BudhViharHub_DEL_PL,PH-B3-NCRNDC-6209295,expected,OPENED,26-09-2026 02:57,Arvind Bansal (DNCR)
26-09-2026,26-09-2026,MYEC1120422717,BurariHub_DEL_PL,MYE : IUGA PRIVATE LIMITED DELHI PPMP 9354202714,MYE_195233d8906cb9c417c678f10b3683db,received_at_mh,North,TRUEFLEX,592319,TRUEFLEX,Tushar,MotherHub_NDC,Mixbagging,BurariHub_DEL_PL,PH-B3-NCRNDC-6236780,expected,OPENED,26-09-2026 02:38,Arvind Bansal (DNCR)
26-09-2026,26-09-2026,MYEP1137518887,BurariHub_DEL_PL,MYE : IUGA PRIVATE LIMITED DELHI PPMP 9354202714,MYE_195233d8906cb9c417c678f10b3683db,received_at_mh,North,TRUEFLEX,592319,TRUEFLEX,Tushar,MotherHub_NDC,Mixbagging,BurariHub_DEL_PL,PH-B3-NCRNDC-6236780,expected,OPENED,26-09-2026 02:38,Arvind Bansal (DNCR)
26-09-2026,26-09-2026,MYEC1120405057,BurariHub_DEL_PL,MYE : JGJ FASHION-delhi_PPMP_SGLJ 9667978489,MYE_62bc8839331db38c7491a44a6183c31b,received_at_mh,North,TRUEFLEX,592319,TRUEFLEX,Tushar,MotherHub_NDC,Mixbagging,BurariHub_DEL_PL,PH-B3-NCRNDC-6236780,expected,OPENED,26-09-2026 02:38,Arvind Bansal (DNCR)
26-09-2026,26-09-2026,MYEC1120426853,BurariHub_DEL_PL,MYE : IUGA PRIVATE LIMITED DELHI PPMP 9354202714,MYE_195233d8906cb9c417c678f10b3683db,received_at_mh,North,TRUEFLEX,592319,TRUEFLEX,Tushar,MotherHub_NDC,Mixbagging,BurariHub_DEL_PL,PH-B3-NCRNDC-6236780,expected,OPENED,26-09-2026 02:38,Arvind Bansal (DNCR)
26-09-2026,26-09-2026,FMPP4298538259,BudhViharHub_DEL_PL,Raj fashion style +919582973206,4df757aff0844d23,dispatched_to_mh,North,TRUEFLEX,741972,TRUEFLEX,RitikJha,MotherHub_NDC,BRSNR,BudhViharHub_DEL_PL,PH-B3-NCRNDC-6330054,expected,OPENED,26-09-2026 00:00,Arvind Bansal (DNCR)
26-09-2026,26-09-2026,MYEP1137518987,BurariHub_DEL_PL,MYE : IUGA PRIVATE LIMITED DELHI PPMP 9354202714,MYE_195233d8906cb9c417c678f10b3683db,received_at_mh,North,TRUEFLEX,592319,TRUEFLEX,Tushar,MotherHub_NDC,Mixbagging,BurariHub_DEL_PL,PH-B3-NCRNDC-6236780,expected,OPENED,26-09-2026 02:38,Arvind Bansal (DNCR)
26-09-2026,26-09-2026,MYEP1137518855,BurariHub_DEL_PL,MYE : IUGA PRIVATE LIMITED DELHI PPMP 9354202714,MYE_195233d8906cb9c417c678f10b3683db,received_at_mh,North,TRUEFLEX,592319,TRUEFLEX,Tushar,MotherHub_NDC,Mixbagging,BurariHub_DEL_PL,PH-B3-NCRNDC-6236780,expected,OPENED,26-09-2026 02:38,Arvind Bansal (DNCR)
26-09-2026,26-09-2026,FMPC6529665306,BurariHub_DEL_PL,MS Trading +919560992770,c0a01bb14e0d4d1a,received_at_mh,North,TRUEFLEX,1240294,TRUEFLEX,OmPrakash,MotherHub_NDC,BRSNR,BurariHub_DEL_PL,PH-B3-NCRNDC-6326599,expected,OPENED,26-09-2026 03:36,Arvind Bansal (DNCR)
26-09-2026,26-09-2026,MYEP1137547660,BurariHub_DEL_PL,MYE : IUGA PRIVATE LIMITED DELHI PPMP 9354202714,MYE_195233d8906cb9c417c678f10b3683db,received_at_mh,North,TRUEFLEX,592319,TRUEFLEX,Tushar,MotherHub_NDC,Mixbagging,BurariHub_DEL_PL,PH-B3-NCRNDC-6236780,expected,OPENED,26-09-2026 02:38,Arvind Bansal (DNCR)
26-09-2026,26-09-2026,MYEC1120426626,BurariHub_DEL_PL,MYE : IUGA PRIVATE LIMITED DELHI PPMP 9354202714,MYE_195233d8906cb9c417c678f10b3683db,received_at_mh,North,TRUEFLEX,592319,TRUEFLEX,Tushar,MotherHub_NDC,Mixbagging,BurariHub_DEL_PL,PH-B3-NCRNDC-6236780,expected,OPENED,26-09-2026 02:38,Arvind Bansal (DNCR)
26-09-2026,26-09-2026,FMPC6526771837,BurariHub_DEL_PL,R3S traders +918586918473,70a65a80790240ba,received_at_mh,North,TRUEFLEX,613465,TRUEFLEX,Ravinder,MotherHub_NDC,BRSNR,BurariHub_DEL_PL,PH-B3-NCRNDC-5901414,expected,OPENED,26-09-2026 03:26,Arvind Bansal (DNCR)
26-09-2026,26-09-2026,MYEP1137518717,BurariHub_DEL_PL,MYE : IUGA PRIVATE LIMITED DELHI PPMP 9354202714,MYE_195233d8906cb9c417c678f10b3683db,received_at_mh,North,TRUEFLEX,592319,TRUEFLEX,Tushar,MotherHub_NDC,Mixbagging,BurariHub_DEL_PL,PH-B3-NCRNDC-6236780,expected,OPENED,26-09-2026 02:38,Arvind Bansal (DNCR)
26-09-2026,26-09-2026,MYEC1120404957,BurariHub_DEL_PL,MYE : JGJ FASHION-delhi_PPMP_SGLJ 9667978489,MYE_62bc8839331db38c7491a44a6183c31b,received_at_mh,North,TRUEFLEX,592319,TRUEFLEX,Tushar,MotherHub_NDC,Mixbagging,BurariHub_DEL_PL,PH-B3-NCRNDC-6236780,expected,OPENED,26-09-2026 02:38,Arvind Bansal (DNCR)
26-09-2026,26-09-2026,FMPC6527113812,BudhViharHub_DEL_PL,NAMO BUDDHA COLLECTION +918510905541,8ee21524c1914288,dispatched_to_mh,North,LMA,1.00E+11,SHIFTWAY LOGISTICS PVT LTD,Shivam,MotherHub_NDC,BRSNR,BudhViharHub_DEL_PL,PH-B3-NCRNDC-6323957,expected,OPENED,25-09-2026 23:59,Arvind Bansal (DNCR)
26-09-2026,26-09-2026,MYEP1137519271,BurariHub_DEL_PL,MYE : IUGA PRIVATE LIMITED DELHI PPMP 9354202714,MYE_195233d8906cb9c417c678f10b3683db,received_at_mh,North,TRUEFLEX,592319,TRUEFLEX,Tushar,MotherHub_NDC,Mixbagging,BurariHub_DEL_PL,PH-B3-NCRNDC-6236780,expected,OPENED,26-09-2026 02:38,Arvind Bansal (DNCR)
26-09-2026,26-09-2026,MYEP1137547756,BurariHub_DEL_PL,MYE : IUGA PRIVATE LIMITED DELHI PPMP 9354202714,MYE_195233d8906cb9c417c678f10b3683db,received_at_mh,North,TRUEFLEX,592319,TRUEFLEX,Tushar,MotherHub_NDC,Mixbagging,BurariHub_DEL_PL,PH-B3-NCRNDC-6236780,expected,OPENED,26-09-2026 02:38,Arvind Bansal (DNCR)
26-09-2026,26-09-2026,FMPC6526924324,BudhViharHub_DEL_PL,S N ENTERPRISES +917210696807,6cb3a5bbfc014d90,dispatched_to_mh,North,LMA,1.00E+11,Loadshare,Manish,MotherHub_NDC,BRSNR,BudhViharHub_DEL_PL,PH-B3-NCRNDC-6335576,expected,OPENED,26-09-2026 04:09,Arvind Bansal (DNCR)
26-09-2026,26-09-2026,SSRP6311734498,BijwasanHub_DEL_PL,SSR : Freestand Sampling 9555750507,SSR_5a05a6025fe4597f6f488e37e4a82c7e,received_at_mh,North,LMA,1.00E+11,Loadshare,Pawan,MotherHub_NDC,BRSNR,BijwasanHub_DEL_PL,PH-B3-NCRNDC-5336393,expected,OPENED,26-09-2026 00:25,Arvind Bansal (DNCR)
26-09-2026,26-09-2026,MYEP1137497697,BurariHub_DEL_PL,MYE : JGJ FASHION-delhi_PPMP_SGLJ 9667978489,MYE_62bc8839331db38c7491a44a6183c31b,received_at_mh,North,TRUEFLEX,592319,TRUEFLEX,Tushar,MotherHub_NDC,Mixbagging,BurariHub_DEL_PL,PH-B3-NCRNDC-6236780,expected,OPENED,26-09-2026 02:38,Arvind Bansal (DNCR)
26-09-2026,26-09-2026,MYEP1137497541,BurariHub_DEL_PL,MYE : JGJ FASHION-delhi_PPMP_SGLJ 9667978489,MYE_62bc8839331db38c7491a44a6183c31b,received_at_mh,North,TRUEFLEX,592319,TRUEFLEX,Tushar,MotherHub_NDC,Mixbagging,BurariHub_DEL_PL,PH-B3-NCRNDC-6236780,expected,OPENED,26-09-2026 02:38,Arvind Bansal (DNCR)
26-09-2026,26-09-2026,FMPC6528300440,BurariHub_DEL_PL,Pradeep soft toys creation +918960623502,e1e85d38f5fb4405,received_at_mh,North,LMA,1.00E+11,#N/A,#N/A,MotherHub_NDC,BRSNR,BurariHub_DEL_PL,PH-B3-NCRNDC-6326613,expected,OPENED,26-09-2026 03:57,Arvind Bansal (DNCR)
26-09-2026,26-09-2026,FMPP4298757982,BurariHub_DEL_PL,RAHDEEP CONCEPT +919319044728,c24144870360486c,received_at_mh,North,TRUEFLEX,641692,TRUEFLEX,VikashKumar,MotherHub_NDC,BRSNR,BurariHub_DEL_PL,PH-B3-NCRNDC-6179789,expected,OPENED,26-09-2026 03:20,Arvind Bansal (DNCR)
26-09-2026,26-09-2026,FMPC6529643420,BurariHub_DEL_PL,KRB ESTABLISHMENT +919971843009,96af14fe1fa147c8,dispatched_to_mh,North,LMA,1.00E+11,#N/A,#N/A,MotherHub_NDC,BRSNR,BurariHub_DEL_PL,PH-B3-NCRNDC-6326613,expected,OPENED,26-09-2026 03:57,Arvind Bansal (DNCR)
26-09-2026,26-09-2026,FMPC6528577959,BudhViharHub_DEL_PL,Dev Enterprises +919560247321,df2cca08ab124429,received_at_mh,North,TRUEFLEX,711197,TRUEFLEX,AbhishekKumar Sah,MotherHub_NDC,BRSNR,BudhViharHub_DEL_PL,PH-B3-NCRNDC-5976864,expected,OPENED,26-09-2026 02:44,Arvind Bansal (DNCR)
26-09-2026,26-09-2026,FMPC6529460928,BurariHub_DEL_PL,A K TRADER +919315827750,a77735dc58f4444e,received_at_mh,North,TRUEFLEX,613465,TRUEFLEX,Ravinder,MotherHub_NDC,BRSNR,BurariHub_DEL_PL,PH-B3-NCRNDC-5845820,expected,OPENED,26-09-2026 03:44,Arvind Bansal (DNCR)
26-09-2026,26-09-2026,FMPC6528725611,BurariHub_DEL_PL,BRIDAL NET +919555665369,f9487c7182b548c3,received_at_mh,North,LMA,1.00E+11,AADIYOGI LOGISTIC PRIVATE LIMITED,ArjunKumar,MotherHub_NDC,Mixbagging,BurariHub_DEL_PL,PH-B3-NCRNDC-6226578,expected,OPENED,26-09-2026 02:36,Arvind Bansal (DNCR)
26-09-2026,26-09-2026,FMPC6528532162,BurariHub_DEL_PL,NETIZEN TRADING CO. +918010633788,d994f517d2f64207,received_at_mh,North,LMA,1.00E+11,AADIYOGI LOGISTIC PRIVATE LIMITED,ArjunKumar,MotherHub_NDC,BRSNR,BurariHub_DEL_PL,PH-B3-NCRNDC-6276069,expected,OPENED,26-09-2026 03:47,Arvind Bansal (DNCR)
26-09-2026,26-09-2026,FMPC6527687057,BurariHub_DEL_PL,Pradeep soft toys creation +918960623502,e1e85d38f5fb4405,received_at_mh,North,LMA,1.00E+11,#N/A,#N/A,MotherHub_NDC,BRSNR,BurariHub_DEL_PL,PH-B3-NCRNDC-6326613,expected,OPENED,26-09-2026 03:57,Arvind Bansal (DNCR)
26-09-2026,26-09-2026,MYEP1137499997,BurariHub_DEL_PL,MYE : BHIMJEE GLOBAL PRIVATE LIMITED NEW DELHI PPMP 9873332267,MYE_3931ff034c7ea8ea595c4c52ebb8ce13,received_at_mh,North,TRUEFLEX,592319,TRUEFLEX,Tushar,MotherHub_NDC,Mixbagging,BurariHub_DEL_PL,PH-B3-NCRNDC-6236780,expected,OPENED,26-09-2026 02:38,Arvind Bansal (DNCR)
26-09-2026,26-09-2026,FMPC6528727656,BurariHub_DEL_PL,BRIDAL NET +919555665369,f9487c7182b548c3,received_at_mh,North,LMA,1.00E+11,AADIYOGI LOGISTIC PRIVATE LIMITED,ArjunKumar,MotherHub_NDC,Mixbagging,BurariHub_DEL_PL,PH-B3-NCRNDC-6226590,expected,OPENED,26-09-2026 02:36,Arvind Bansal (DNCR)
26-09-2026,26-09-2026,MYEP1137517231,BurariHub_DEL_PL,MYE : IUGA PRIVATE LIMITED DELHI PPMP 9354202714,MYE_195233d8906cb9c417c678f10b3683db,received_at_mh,North,TRUEFLEX,592319,TRUEFLEX,Tushar,MotherHub_NDC,Mixbagging,BurariHub_DEL_PL,PH-B3-NCRNDC-6236780,expected,OPENED,26-09-2026 02:38,Arvind Bansal (DNCR)
26-09-2026,26-09-2026,FMPC6529860520,BudhViharHub_DEL_PL,HARDIK ENTERPRISES +918851406952,5768fc86f77547f3,dispatched_to_mh,North,TRUEFLEX,711197,TRUEFLEX,AbhishekKumar Sah,MotherHub_NDC,BRSNR,BudhViharHub_DEL_PL,PH-B3-NCRNDC-5976864,expected,OPENED,26-09-2026 02:44,Arvind Bansal (DNCR)
26-09-2026,26-09-2026,FMPC6529595730,BurariHub_DEL_PL,NETIZEN TRADING CO. +918010633788,d994f517d2f64207,received_at_mh,North,LMA,1.00E+11,AADIYOGI LOGISTIC PRIVATE LIMITED,ArjunKumar,MotherHub_NDC,BRSNR,BurariHub_DEL_PL,PH-B3-NCRNDC-6276069,expected,OPENED,26-09-2026 03:47,Arvind Bansal (DNCR)
26-09-2026,26-09-2026,MYEP1137547747,BurariHub_DEL_PL,MYE : IUGA PRIVATE LIMITED DELHI PPMP 9354202714,MYE_195233d8906cb9c417c678f10b3683db,received_at_mh,North,TRUEFLEX,592319,TRUEFLEX,Tushar,MotherHub_NDC,Mixbagging,BurariHub_DEL_PL,PH-B3-NCRNDC-6236780,expected,OPENED,26-09-2026 02:38,Arvind Bansal (DNCR)
26-09-2026,26-09-2026,FMPP4296912351,BurariHub_DEL_PL,Pradeep soft toys creation +918960623502,e1e85d38f5fb4405,received_at_mh,North,LMA,1.00E+11,#N/A,#N/A,MotherHub_NDC,BRSNR,BurariHub_DEL_PL,PH-B3-NCRNDC-6326613,expected,OPENED,26-09-2026 03:57,Arvind Bansal (DNCR)
26-09-2026,26-09-2026,FMPC6527459142,BurariHub_DEL_PL,Pradeep soft toys creation +918960623502,e1e85d38f5fb4405,received_at_mh,North,LMA,1.00E+11,#N/A,#N/A,MotherHub_NDC,BRSNR,BurariHub_DEL_PL,PH-B3-NCRNDC-6326613,expected,OPENED,26-09-2026 03:57,Arvind Bansal (DNCR)
26-09-2026,26-09-2026,FMPC6527964138,BurariHub_DEL_PL,NETIZEN TRADING CO. +918010633788,d994f517d2f64207,received_at_mh,North,LMA,1.00E+11,AADIYOGI LOGISTIC PRIVATE LIMITED,ArjunKumar,MotherHub_NDC,BRSNR,BurariHub_DEL_PL,PH-B3-NCRNDC-6276069,expected,OPENED,26-09-2026 03:47,Arvind Bansal (DNCR)
26-09-2026,26-09-2026,MYEP1137519176,BurariHub_DEL_PL,MYE : IUGA PRIVATE LIMITED DELHI PPMP 9354202714,MYE_195233d8906cb9c417c678f10b3683db,received_at_mh,North,TRUEFLEX,592319,TRUEFLEX,Tushar,MotherHub_NDC,Mixbagging,BurariHub_DEL_PL,PH-B3-NCRNDC-6236780,expected,OPENED,26-09-2026 02:38,Arvind Bansal (DNCR)
26-09-2026,26-09-2026,FMPP4297313353,BurariHub_DEL_PL,RAHDEEP CONCEPT +919319044728,c24144870360486c,received_at_mh,North,TRUEFLEX,641692,TRUEFLEX,VikashKumar,MotherHub_NDC,BRSNR,BurariHub_DEL_PL,PH-B3-NCRNDC-6179789,expected,OPENED,26-09-2026 03:20,Arvind Bansal (DNCR)
26-09-2026,26-09-2026,FMPC6528456672,BurariHub_DEL_PL,CASH FOR CLOTHES +918376973142,7ec72f16fad64803,received_at_mh,North,LMA,1.00E+11,#N/A,#N/A,MotherHub_NDC,BRSNR,BurariHub_DEL_PL,PH-B3-NCRNDC-6326612,expected,OPENED,26-09-2026 03:53,Arvind Bansal (DNCR)
26-09-2026,26-09-2026,FMPC6529232851,BurariHub_DEL_PL,Pradeep soft toys creation +918960623502,e1e85d38f5fb4405,received_at_mh,North,LMA,1.00E+11,#N/A,#N/A,MotherHub_NDC,BRSNR,BurariHub_DEL_PL,PH-B3-NCRNDC-6326613,expected,OPENED,26-09-2026 03:57,Arvind Bansal (DNCR)
26-09-2026,26-09-2026,FMPC6526924154,BudhViharHub_DEL_PL,S N ENTERPRISES +917210696807,6cb3a5bbfc014d90,dispatched_to_mh,North,LMA,1.00E+11,Loadshare,Manish,MotherHub_NDC,BRSNR,BudhViharHub_DEL_PL,PH-B3-NCRNDC-6335576,expected,OPENED,26-09-2026 04:09,Arvind Bansal (DNCR)
26-09-2026,26-09-2026,FMPC6527655942,BurariHub_DEL_PL,Shreeram Enterprises +919990315001,5bb6c9b6c2f2482e,received_at_mh,North,TRUEFLEX,592319,TRUEFLEX,Tushar,MotherHub_NDC,BRSNR,BurariHub_DEL_PL,PH-B3-NCRNDC-6318012,expected,OPENED,26-09-2026 04:30,Arvind Bansal (DNCR)
26-09-2026,26-09-2026,FMPC6528552226,Chhatarpur_DEL_PL,WLIC Enterprises +919625949039,2d7ef63a2393444f,dispatched_to_mh,North,EKART,2736451,EKART,,MotherHub_NDC,BRSNR,Chhatarpur_DEL_PL,PH-B3-NCRNDC-6314898,expected,OPENED,26-09-2026 02:37,Arvind Bansal (DNCR)
26-09-2026,26-09-2026,MYEP1137540639,BurariHub_DEL_PL,MYE : BHIMJEE GLOBAL PRIVATE LIMITED NEW DELHI PPMP 9873332267,MYE_3931ff034c7ea8ea595c4c52ebb8ce13,received_at_mh,North,TRUEFLEX,592319,TRUEFLEX,Tushar,MotherHub_NDC,Mixbagging,BurariHub_DEL_PL,PH-B3-NCRNDC-6236780,expected,OPENED,26-09-2026 02:38,Arvind Bansal (DNCR)
26-09-2026,26-09-2026,MYEP1137519357,BurariHub_DEL_PL,MYE : IUGA PRIVATE LIMITED DELHI PPMP 9354202714,MYE_195233d8906cb9c417c678f10b3683db,received_at_mh,North,TRUEFLEX,592319,TRUEFLEX,Tushar,MotherHub_NDC,Mixbagging,BurariHub_DEL_PL,PH-B3-NCRNDC-6236780,expected,OPENED,26-09-2026 02:38,Arvind Bansal (DNCR)
26-09-2026,26-09-2026,FMPP4297731026,BurariHub_DEL_PL,Pradeep soft toys creation +918960623502,e1e85d38f5fb4405,received_at_mh,North,LMA,1.00E+11,#N/A,#N/A,MotherHub_NDC,BRSNR,BurariHub_DEL_PL,PH-B3-NCRNDC-6326613,expected,OPENED,26-09-2026 03:57,Arvind Bansal (DNCR)
26-09-2026,26-09-2026,FMPP4296969519,BijwasanHub_DEL_PL,KSP TRADING COMPANY +919310350675,4acb800a3e07491c,received_at_mh,North,LMA,1.00E+11,Greenteck Logistics and Mobility Pvt Ltd,YogenderKumar,MotherHub_NDC,BRSNR,BijwasanHub_DEL_PL,PH-B3-NCRNDC-6318136,expected,OPENED,26-09-2026 00:08,Arvind Bansal (DNCR)
26-09-2026,26-09-2026,MYEP1137498829,BurariHub_DEL_PL,MYE : NDM ENTERPRISES-delhi_PPMP_DDPE 9811501282,MYE_49da40a30f76d83679710d39e231e7f1,received_at_mh,North,TRUEFLEX,592319,TRUEFLEX,Tushar,MotherHub_NDC,Mixbagging,BurariHub_DEL_PL,PH-B3-NCRNDC-6236780,expected,OPENED,26-09-2026 02:38,Arvind Bansal (DNCR)
26-09-2026,26-09-2026,FMPC6526835309,BudhViharHub_DEL_PL,ARR Enterprises +918375911798,bb6a5b2356234e7f,received_at_mh,North,LMA,1.00E+11,SHIFTWAY LOGISTICS PVT LTD,Shivam,MotherHub_NDC,BRSNR,BudhViharHub_DEL_PL,PH-B3-NCRNDC-6323961,expected,OPENED,26-09-2026 04:26,Arvind Bansal (DNCR)
26-09-2026,26-09-2026,MYEP1137547507,BurariHub_DEL_PL,MYE : IUGA PRIVATE LIMITED DELHI PPMP 9354202714,MYE_195233d8906cb9c417c678f10b3683db,received_at_mh,North,TRUEFLEX,592319,TRUEFLEX,Tushar,MotherHub_NDC,Mixbagging,BurariHub_DEL_PL,PH-B3-NCRNDC-6236780,expected,OPENED,26-09-2026 02:38,Arvind Bansal (DNCR)
26-09-2026,26-09-2026,MYEP1137505352,BurariHub_DEL_PL,MYE : JGJ FASHION-delhi_PPMP_SGLJ 9667978489,MYE_62bc8839331db38c7491a44a6183c31b,received_at_mh,North,TRUEFLEX,592319,TRUEFLEX,Tushar,MotherHub_NDC,BRSNR,BurariHub_DEL_PL,PH-B3-NCRNDC-6318015,expected,OPENED,26-09-2026 04:33,Arvind Bansal (DNCR)
26-09-2026,26-09-2026,MYEC1120449673,BurariHub_DEL_PL,MYE : NDM ENTERPRISES-delhi_PPMP_DDPE 9811501282,MYE_49da40a30f76d83679710d39e231e7f1,received_at_mh,North,TRUEFLEX,592319,TRUEFLEX,Tushar,MotherHub_NDC,Mixbagging,BurariHub_DEL_PL,PH-B3-NCRNDC-6236780,expected,OPENED,26-09-2026 02:38,Arvind Bansal (DNCR)
26-09-2026,26-09-2026,MYEP1137513182,BudhViharHub_DEL_PL,MYE : BEAUTY AND HEALTH_DELHI_PPMP_EMNA 8287126530,MYE_2b0f7cded94635e3110e4d138e59b72d,dispatched_to_mh,North,LMA,1.00E+11,WHEELEY,AryanKumar,MotherHub_NDC,BRSNR,BudhViharHub_DEL_PL,PH-B3-NCRNDC-6331593,expected,OPENED,25-09-2026 23:51,Arvind Bansal (DNCR)
26-09-2026,26-09-2026,MYEP1137517429,BurariHub_DEL_PL,MYE : IUGA PRIVATE LIMITED DELHI PPMP 9354202714,MYE_195233d8906cb9c417c678f10b3683db,received_at_mh,North,TRUEFLEX,592319,TRUEFLEX,Tushar,MotherHub_NDC,Mixbagging,BurariHub_DEL_PL,PH-B3-NCRNDC-6236780,expected,OPENED,26-09-2026 02:38,Arvind Bansal (DNCR)
26-09-2026,26-09-2026,FMPP4297869944,BijwasanHub_DEL_PL,Retail Kart +919582961095,fe77aad41a75478f,received_at_mh,North,LMA,4224407,#N/A,#N/A,MotherHub_NDC,BRSNR,BijwasanHub_DEL_PL,PH-B3-NCRNDC-5950193,expected,OPENED,26-09-2026 00:11,Arvind Bansal (DNCR)
26-09-2026,26-09-2026,FMPP4297610543,Chhatarpur_DEL_PL,M/S DSNS +918527863837,1167d919901e4217,received_at_mh,North,LMA,4344508,#N/A,#N/A,MotherHub_NDC,BRSNR,Chhatarpur_DEL_PL,PH-B3-NCRNDC-6316770,expected,OPENED,26-09-2026 02:04,Arvind Bansal (DNCR)
26-09-2026,26-09-2026,FMPC6529374789,BurariHub_DEL_PL,NETIZEN TRADING CO. +918010633788,d994f517d2f64207,received_at_mh,North,LMA,1.00E+11,AADIYOGI LOGISTIC PRIVATE LIMITED,ArjunKumar,MotherHub_NDC,BRSNR,BurariHub_DEL_PL,PH-B3-NCRNDC-6276069,expected,OPENED,26-09-2026 03:47,Arvind Bansal (DNCR)
26-09-2026,26-09-2026,FMPC6528491497,BudhViharHub_DEL_PL,GARDENING WALA +917678122987,f364a48b44b948d7,received_at_mh,North,TRUEFLEX,912382,TRUEFLEX,PratoshKumar,MotherHub_NDC,BRSNR,BudhViharHub_DEL_PL,PH-B3-NCRNDC-6319684,expected,OPENED,25-09-2026 23:52,Arvind Bansal (DNCR)
26-09-2026,26-09-2026,MYEC1120427169,BurariHub_DEL_PL,MYE : IUGA PRIVATE LIMITED DELHI PPMP 9354202714,MYE_195233d8906cb9c417c678f10b3683db,received_at_mh,North,TRUEFLEX,592319,TRUEFLEX,Tushar,MotherHub_NDC,Mixbagging,BurariHub_DEL_PL,PH-B3-NCRNDC-6236780,expected,OPENED,26-09-2026 02:38,Arvind Bansal (DNCR)
26-09-2026,26-09-2026,FMPP4296929501,BudhViharHub_DEL_PL,P S INTERNATIONAL +919599677695,3b3420390a064051,received_at_mh,North,TRUEFLEX,679400,TRUEFLEX,PurshotamJha,MotherHub_NDC,BRSNR,BudhViharHub_DEL_PL,PH-B3-NCRNDC-6333453,expected,OPENED,26-09-2026 04:34,Arvind Bansal (DNCR)
26-09-2026,26-09-2026,FMPC6528997535,BijwasanHub_DEL_PL,GLAZR +919540122153,2ac24dbc1e524213,dispatched_to_mh,North,LMA,1.00E+11,Greenteck Logistics and Mobility Pvt Ltd,RohanKumar,MotherHub_NDC,BRSNR,BijwasanHub_DEL_PL,PH-B3-NCRNDC-6039140,expected,OPENED,26-09-2026 00:27,Arvind Bansal (DNCR)
26-09-2026,26-09-2026,MYEP1137498825,BurariHub_DEL_PL,MYE : NDM ENTERPRISES-delhi_PPMP_DDPE 9811501282,MYE_49da40a30f76d83679710d39e231e7f1,received_at_mh,North,TRUEFLEX,592319,TRUEFLEX,Tushar,MotherHub_NDC,Mixbagging,BurariHub_DEL_PL,PH-B3-NCRNDC-6236780,expected,OPENED,26-09-2026 02:38,Arvind Bansal (DNCR)
26-09-2026,26-09-2026,MYEP1137499669,BurariHub_DEL_PL,MYE : BHIMJEE GLOBAL PRIVATE LIMITED NEW DELHI PPMP 9873332267,MYE_3931ff034c7ea8ea595c4c52ebb8ce13,received_at_mh,North,TRUEFLEX,592319,TRUEFLEX,Tushar,MotherHub_NDC,Mixbagging,BurariHub_DEL_PL,PH-B3-NCRNDC-6236780,expected,OPENED,26-09-2026 02:38,Arvind Bansal (DNCR)
26-09-2026,26-09-2026,MYEP1137528236,BurariHub_DEL_PL,MYE : JGJ FASHION-delhi_PPMP_SGLJ 9667978489,MYE_62bc8839331db38c7491a44a6183c31b,received_at_mh,North,TRUEFLEX,592319,TRUEFLEX,Tushar,MotherHub_NDC,Mixbagging,BurariHub_DEL_PL,PH-B3-NCRNDC-6236780,expected,OPENED,26-09-2026 02:38,Arvind Bansal (DNCR)
26-09-2026,26-09-2026,FMPP4297524972,BudhViharHub_DEL_PL,S S Jain Trading Company +918800703839,e69cb774775e4976,received_at_mh,North,LMA,1.00E+11,#N/A,#N/A,MotherHub_NDC,BRSNR,BudhViharHub_DEL_PL,PH-B3-NCANDC-6328118,expected,OPENED,26-09-2026 02:45,Arvind Bansal (DNCR)
26-09-2026,26-09-2026,MYEC1120419797,BudhViharHub_DEL_PL,MYE : DENIM LOOK-delhi_PPMP_LMPK 9013351437,MYE_4b9c337361d100044827fa4e3d4042bd,received_at_mh,North,TRUEFLEX,940336,TRUEFLEX,#N/A,MotherHub_NDC,BRSNR,BudhViharHub_DEL_PL,PH-B3-NCRNDC-6300113,expected,OPENED,26-09-2026 06:20,Arvind Bansal (DNCR)
26-09-2026,26-09-2026,MYEP1137519181,BurariHub_DEL_PL,MYE : IUGA PRIVATE LIMITED DELHI PPMP 9354202714,MYE_195233d8906cb9c417c678f10b3683db,received_at_mh,North,TRUEFLEX,592319,TRUEFLEX,Tushar,MotherHub_NDC,Mixbagging,BurariHub_DEL_PL,PH-B3-NCRNDC-6236780,expected,OPENED,26-09-2026 02:38,Arvind Bansal (DNCR)
26-09-2026,26-09-2026,MYEC1120426838,BurariHub_DEL_PL,MYE : IUGA PRIVATE LIMITED DELHI PPMP 9354202714,MYE_195233d8906cb9c417c678f10b3683db,received_at_mh,North,TRUEFLEX,592319,TRUEFLEX,Tushar,MotherHub_NDC,Mixbagging,BurariHub_DEL_PL,PH-B3-NCRNDC-6236780,expected,OPENED,26-09-2026 02:38,Arvind Bansal (DNCR)
26-09-2026,26-09-2026,FMPP4296829099,BudhViharHub_DEL_PL,KANAV INDUSTRIES +919971891637,4ed515a751fe431e,received_at_mh,North,TRUEFLEX,706346,TRUEFLEX,VivekKumar,MotherHub_NDC,BRSNR,BudhViharHub_DEL_PL,PH-B3-NCRNDC-6256166,expected,OPENED,25-09-2026 23:46,Arvind Bansal (DNCR)
26-09-2026,26-09-2026,MYEP1137497328,BurariHub_DEL_PL,MYE : JGJ FASHION-delhi_PPMP_SGLJ 9667978489,MYE_62bc8839331db38c7491a44a6183c31b,received_at_mh,North,TRUEFLEX,592319,TRUEFLEX,Tushar,MotherHub_NDC,Mixbagging,BurariHub_DEL_PL,PH-B3-NCRNDC-6236780,expected,OPENED,26-09-2026 02:38,Arvind Bansal (DNCR)
26-09-2026,26-09-2026,MYEP1137499287,BurariHub_DEL_PL,MYE : NDM ENTERPRISES-delhi_PPMP_DDPE 9811501282,MYE_49da40a30f76d83679710d39e231e7f1,received_at_mh,North,TRUEFLEX,592319,TRUEFLEX,Tushar,MotherHub_NDC,Mixbagging,BurariHub_DEL_PL,PH-B3-NCRNDC-6236780,expected,OPENED,26-09-2026 02:38,Arvind Bansal (DNCR)
26-09-2026,26-09-2026,FMPC6528360554,BurariHub_DEL_PL,Pradeep soft toys creation +918960623502,e1e85d38f5fb4405,received_at_mh,North,LMA,1.00E+11,#N/A,#N/A,MotherHub_NDC,BRSNR,BurariHub_DEL_PL,PH-B3-NCRNDC-6326613,expected,OPENED,26-09-2026 03:57,Arvind Bansal (DNCR)
26-09-2026,26-09-2026,FMPC6527983271,BurariHub_DEL_PL,Pradeep soft toys creation +918960623502,e1e85d38f5fb4405,received_at_mh,North,LMA,1.00E+11,#N/A,#N/A,MotherHub_NDC,BRSNR,BurariHub_DEL_PL,PH-B3-NCRNDC-6326613,expected,OPENED,26-09-2026 03:57,Arvind Bansal (DNCR)
26-09-2026,26-09-2026,FMPC6529527241,BijwasanHub_DEL_PL,SMBBR SERVICES PRIVATE LIMITED +919873232703,2ff6bfc1d7da4bcc,received_at_mh,North,LMA,1.00E+11,RAMEZO ENTERPRISES,RajKumar,MotherHub_NDC,BRSNR,BijwasanHub_DEL_PL,PH-B3-NCRNDC-5910193,expected,OPENED,26-09-2026 00:04,Arvind Bansal (DNCR)
26-09-2026,26-09-2026,FMPP4297674290,BurariHub_DEL_PL,Pradeep soft toys creation +918960623502,e1e85d38f5fb4405,received_at_mh,North,LMA,1.00E+11,#N/A,#N/A,MotherHub_NDC,BRSNR,BurariHub_DEL_PL,PH-B3-NCRNDC-6326613,expected,OPENED,26-09-2026 03:57,Arvind Bansal (DNCR)
26-09-2026,26-09-2026,MYEP1137518848,BurariHub_DEL_PL,MYE : IUGA PRIVATE LIMITED DELHI PPMP 9354202714,MYE_195233d8906cb9c417c678f10b3683db,received_at_mh,North,TRUEFLEX,592319,TRUEFLEX,Tushar,MotherHub_NDC,Mixbagging,BurariHub_DEL_PL,PH-B3-NCRNDC-6236780,expected,OPENED,26-09-2026 02:38,Arvind Bansal (DNCR)
26-09-2026,26-09-2026,FMPC6529671022,BurariHub_DEL_PL,GO ANYTHING +919999490899,6c33c73d81294a24,received_at_mh,North,LMA,1.00E+11,SUSAH SUPPLY CHAIN AND NETWORK PRIVATE LIMITED,Ashu,MotherHub_NDC,BRSNR,BurariHub_DEL_PL,PH-B3-NCRNDC-6330294,expected,OPENED,26-09-2026 03:53,Arvind Bansal (DNCR)
26-09-2026,26-09-2026,MYEP1137519280,BurariHub_DEL_PL,MYE : IUGA PRIVATE LIMITED DELHI PPMP 9354202714,MYE_195233d8906cb9c417c678f10b3683db,received_at_mh,North,TRUEFLEX,592319,TRUEFLEX,Tushar,MotherHub_NDC,Mixbagging,BurariHub_DEL_PL,PH-B3-NCRNDC-6236780,expected,OPENED,26-09-2026 02:38,Arvind Bansal (DNCR)
26-09-2026,26-09-2026,MYEP1137519399,BurariHub_DEL_PL,MYE : IUGA PRIVATE LIMITED DELHI PPMP 9354202714,MYE_195233d8906cb9c417c678f10b3683db,received_at_mh,North,TRUEFLEX,592319,TRUEFLEX,Tushar,MotherHub_NDC,Mixbagging,BurariHub_DEL_PL,PH-B3-NCRNDC-6236780,expected,OPENED,26-09-2026 02:38,Arvind Bansal (DNCR)
26-09-2026,26-09-2026,FMPC6529560087,BurariHub_DEL_PL,KARTIKA ENTERPRISES +919871920642,d0fcb62fbc404818,received_at_mh,North,TRUEFLEX,688405,TRUEFLEX,ShivamShivam,MotherHub_NDC,BRSNR,BurariHub_DEL_PL,PH-B3-NCRNDC-6280407,expected,OPENED,26-09-2026 03:44,Arvind Bansal (DNCR)
26-09-2026,26-09-2026,FMPC6529232879,BurariHub_DEL_PL,Pradeep soft toys creation +918960623502,e1e85d38f5fb4405,received_at_mh,North,LMA,1.00E+11,#N/A,#N/A,MotherHub_NDC,BRSNR,BurariHub_DEL_PL,PH-B3-NCRNDC-6326613,expected,OPENED,26-09-2026 03:57,Arvind Bansal (DNCR)
26-09-2026,26-09-2026,MYEC1120425452,BurariHub_DEL_PL,MYE : IUGA PRIVATE LIMITED DELHI PPMP 9354202714,MYE_195233d8906cb9c417c678f10b3683db,received_at_mh,North,TRUEFLEX,592319,TRUEFLEX,Tushar,MotherHub_NDC,Mixbagging,BurariHub_DEL_PL,PH-B3-NCRNDC-6236780,expected,OPENED,26-09-2026 02:38,Arvind Bansal (DNCR)
26-09-2026,26-09-2026,MYEP1137547855,BurariHub_DEL_PL,MYE : IUGA PRIVATE LIMITED DELHI PPMP 9354202714,MYE_195233d8906cb9c417c678f10b3683db,received_at_mh,North,TRUEFLEX,592319,TRUEFLEX,Tushar,MotherHub_NDC,Mixbagging,BurariHub_DEL_PL,PH-B3-NCRNDC-6236780,expected,OPENED,26-09-2026 02:38,Arvind Bansal (DNCR)
26-09-2026,26-09-2026,MYEC1120455789,BurariHub_DEL_PL,MYE : IUGA PRIVATE LIMITED DELHI PPMP 9354202714,MYE_195233d8906cb9c417c678f10b3683db,received_at_mh,North,TRUEFLEX,592319,TRUEFLEX,Tushar,MotherHub_NDC,Mixbagging,BurariHub_DEL_PL,PH-B3-NCRNDC-6236780,expected,OPENED,26-09-2026 02:38,Arvind Bansal (DNCR)
26-09-2026,26-09-2026,FMPC6529911453,BudhViharHub_DEL_PL,GAGAN MITTAL +917678672448,0e9269d636e647bf,received_at_mh,North,LMA,1.00E+11,#N/A,#N/A,MotherHub_NDC,Mixbagging,BudhViharHub_DEL_PL,PH-B3-NCRNDC-6209294,expected,OPENED,26-09-2026 04:46,Arvind Bansal (DNCR)
26-09-2026,26-09-2026,FMPP4297164687,BudhViharHub_DEL_PL,SARTHIK ENTERPRISES +919315961834,7eef874675d4474b,dispatched_to_mh,North,TRUEFLEX,918890,TRUEFLEX,MohitKumar,MotherHub_NDC,BRSNR,BudhViharHub_DEL_PL,PH-B3-NCRNDC-6318630,expected,OPENED,25-09-2026 23:35,Arvind Bansal (DNCR)
26-09-2026,26-09-2026,FMPC6527407087,BijwasanHub_DEL_PL,GLAZR +919540122153,2ac24dbc1e524213,received_at_mh,North,LMA,1.00E+11,Greenteck Logistics and Mobility Pvt Ltd,RohanKumar,MotherHub_NDC,BRSNR,BijwasanHub_DEL_PL,PH-B3-NCRNDC-6039140,expected,OPENED,26-09-2026 00:27,Arvind Bansal (DNCR)
26-09-2026,26-09-2026,MYEP1137497135,BurariHub_DEL_PL,MYE : JGJ FASHION-delhi_PPMP_SGLJ 9667978489,MYE_62bc8839331db38c7491a44a6183c31b,received_at_mh,North,TRUEFLEX,592319,TRUEFLEX,Tushar,MotherHub_NDC,Mixbagging,BurariHub_DEL_PL,PH-B3-NCRNDC-6236780,expected,OPENED,26-09-2026 02:38,Arvind Bansal (DNCR)
26-09-2026,26-09-2026,FMPC6527578188,BijwasanHub_DEL_PL,GLAZR +919540122153,2ac24dbc1e524213,received_at_mh,North,LMA,1.00E+11,Greenteck Logistics and Mobility Pvt Ltd,RohanKumar,MotherHub_NDC,BRSNR,BijwasanHub_DEL_PL,PH-B3-NCRNDC-6039140,expected,OPENED,26-09-2026 00:27,Arvind Bansal (DNCR)
26-09-2026,26-09-2026,FMPC6527661642,BudhViharHub_DEL_PL,EYNK RETAILS PRIVATE LIMITED +918595532001,f7853ec511414415,dispatched_to_mh,North,TRUEFLEX,747894,TRUEFLEX,AnshuShah,MotherHub_NDC,BRSNR,BudhViharHub_DEL_PL,PH-B3-NCRNDC-6212624,expected,OPENED,25-09-2026 23:52,Arvind Bansal (DNCR)
26-09-2026,26-09-2026,MYEP1137518712,BurariHub_DEL_PL,MYE : IUGA PRIVATE LIMITED DELHI PPMP 9354202714,MYE_195233d8906cb9c417c678f10b3683db,received_at_mh,North,TRUEFLEX,592319,TRUEFLEX,Tushar,MotherHub_NDC,Mixbagging,BurariHub_DEL_PL,PH-B3-NCRNDC-6236780,expected,OPENED,26-09-2026 02:38,Arvind Bansal (DNCR)
26-09-2026,26-09-2026,FMPC6528725083,BurariHub_DEL_PL,BRIDAL NET +919555665369,f9487c7182b548c3,received_at_mh,North,LMA,1.00E+11,AADIYOGI LOGISTIC PRIVATE LIMITED,ArjunKumar,MotherHub_NDC,Mixbagging,BurariHub_DEL_PL,PH-B3-NCRNDC-6263145,expected,OPENED,26-09-2026 02:37,Arvind Bansal (DNCR)
26-09-2026,26-09-2026,FMPP4298754350,BudhViharHub_DEL_PL,Dev Enterprises +919560247321,df2cca08ab124429,received_at_mh,North,TRUEFLEX,711197,TRUEFLEX,AbhishekKumar Sah,MotherHub_NDC,BRSNR,BudhViharHub_DEL_PL,PH-B3-NCRNDC-5976864,expected,OPENED,26-09-2026 02:44,Arvind Bansal (DNCR)
26-09-2026,26-09-2026,MYEP1137517227,BurariHub_DEL_PL,MYE : IUGA PRIVATE LIMITED DELHI PPMP 9354202714,MYE_195233d8906cb9c417c678f10b3683db,received_at_mh,North,TRUEFLEX,592319,TRUEFLEX,Tushar,MotherHub_NDC,Mixbagging,BurariHub_DEL_PL,PH-B3-NCRNDC-6236780,expected,OPENED,26-09-2026 02:38,Arvind Bansal (DNCR)
26-09-2026,26-09-2026,MYEP1137518857,BurariHub_DEL_PL,MYE : IUGA PRIVATE LIMITED DELHI PPMP 9354202714,MYE_195233d8906cb9c417c678f10b3683db,received_at_mh,North,TRUEFLEX,592319,TRUEFLEX,Tushar,MotherHub_NDC,Mixbagging,BurariHub_DEL_PL,PH-B3-NCRNDC-6236780,expected,OPENED,26-09-2026 02:38,Arvind Bansal (DNCR)
26-09-2026,26-09-2026,MYEP1137518721,BurariHub_DEL_PL,MYE : IUGA PRIVATE LIMITED DELHI PPMP 9354202714,MYE_195233d8906cb9c417c678f10b3683db,received_at_mh,North,TRUEFLEX,592319,TRUEFLEX,Tushar,MotherHub_NDC,Mixbagging,BurariHub_DEL_PL,PH-B3-NCRNDC-6236780,expected,OPENED,26-09-2026 02:38,Arvind Bansal (DNCR)
26-09-2026,26-09-2026,FMPC6527677396,BurariHub_DEL_PL,NETIZEN TRADING CO. +918010633788,d994f517d2f64207,received_at_mh,North,LMA,1.00E+11,AADIYOGI LOGISTIC PRIVATE LIMITED,ArjunKumar,MotherHub_NDC,BRSNR,BurariHub_DEL_PL,PH-B3-NCRNDC-6276069,expected,OPENED,26-09-2026 03:47,Arvind Bansal (DNCR)
26-09-2026,26-09-2026,MYEP1137497206,BurariHub_DEL_PL,MYE : JGJ FASHION-delhi_PPMP_SGLJ 9667978489,MYE_62bc8839331db38c7491a44a6183c31b,received_at_mh,North,TRUEFLEX,592319,TRUEFLEX,Tushar,MotherHub_NDC,Mixbagging,BurariHub_DEL_PL,PH-B3-NCRNDC-6236780,expected,OPENED,26-09-2026 02:38,Arvind Bansal (DNCR)
26-09-2026,26-09-2026,FMPC6529910835,BudhViharHub_DEL_PL,GAGAN MITTAL +917678672448,0e9269d636e647bf,received_at_mh,North,LMA,1.00E+11,#N/A,#N/A,MotherHub_NDC,Mixbagging,BudhViharHub_DEL_PL,PH-B3-NCRNDC-6209291,expected,OPENED,26-09-2026 03:00,Arvind Bansal (DNCR)
26-09-2026,26-09-2026,MYEC1120455650,BurariHub_DEL_PL,MYE : IUGA PRIVATE LIMITED DELHI PPMP 9354202714,MYE_195233d8906cb9c417c678f10b3683db,received_at_mh,North,TRUEFLEX,592319,TRUEFLEX,Tushar,MotherHub_NDC,Mixbagging,BurariHub_DEL_PL,PH-B3-NCRNDC-6236780,expected,OPENED,26-09-2026 02:38,Arvind Bansal (DNCR)
26-09-2026,26-09-2026,FMPP4298455923,BurariHub_DEL_PL,KRB ESTABLISHMENT +919971843009,96af14fe1fa147c8,dispatched_to_mh,North,LMA,1.00E+11,#N/A,#N/A,MotherHub_NDC,BRSNR,BurariHub_DEL_PL,PH-B3-NCRNDC-6326613,expected,OPENED,26-09-2026 03:57,Arvind Bansal (DNCR)
26-09-2026,26-09-2026,FMPC6528853782,BurariHub_DEL_PL,DEALSUP +917503550017,48286071b9944778,received_at_mh,North,TRUEFLEX,613465,TRUEFLEX,Ravinder,MotherHub_NDC,BRSNR,BurariHub_DEL_PL,PH-B3-NCRNDC-6325108,expected,OPENED,26-09-2026 03:26,Arvind Bansal (DNCR)
26-09-2026,26-09-2026,FMPP4296712951,Chhatarpur_DEL_PL,PREHAL +918743906740,678e7510810b466e,dispatched_to_mh,North,LMA,1.00E+11,#N/A,#N/A,MotherHub_NDC,BRSNR,Chhatarpur_DEL_PL,PH-B3-NCRNDC-6324587,expected,OPENED,26-09-2026 01:57,Arvind Bansal (DNCR)
26-09-2026,26-09-2026,FMPC6528626254,BurariHub_DEL_PL,flipon india +919013340894,c80969b73cb84e77,dispatched_to_mh,North,TRUEFLEX,604202,TRUEFLEX,Ajit KumarYadav,MotherHub_NDC,BRSNR,BurariHub_DEL_PL,PH-B3-NCRNDC-6323528,expected,OPENED,26-09-2026 04:32,Arvind Bansal (DNCR)
26-09-2026,26-09-2026,FMPC6528704242,BurariHub_DEL_PL,A K TRADER +919315827750,a77735dc58f4444e,received_at_mh,North,TRUEFLEX,613465,TRUEFLEX,Ravinder,MotherHub_NDC,BRSNR,BurariHub_DEL_PL,PH-B3-NCRNDC-5845820,expected,OPENED,26-09-2026 03:44,Arvind Bansal (DNCR)
26-09-2026,26-09-2026,MYEC1120404956,BurariHub_DEL_PL,MYE : JGJ FASHION-delhi_PPMP_SGLJ 9667978489,MYE_62bc8839331db38c7491a44a6183c31b,received_at_mh,North,TRUEFLEX,592319,TRUEFLEX,Tushar,MotherHub_NDC,Mixbagging,BurariHub_DEL_PL,PH-B3-NCRNDC-6236780,expected,OPENED,26-09-2026 02:38,Arvind Bansal (DNCR)
26-09-2026,26-09-2026,FMPC6529842792,BudhViharHub_DEL_PL,Dev Enterprises +919560247321,df2cca08ab124429,received_at_mh,North,TRUEFLEX,711197,TRUEFLEX,AbhishekKumar Sah,MotherHub_NDC,BRSNR,BudhViharHub_DEL_PL,PH-B3-NCRNDC-5976864,expected,OPENED,26-09-2026 02:44,Arvind Bansal (DNCR)
26-09-2026,26-09-2026,FMPC6528409463,BurariHub_DEL_PL,Pradeep soft toys creation +918960623502,e1e85d38f5fb4405,received_at_mh,North,LMA,1.00E+11,#N/A,#N/A,MotherHub_NDC,BRSNR,BurariHub_DEL_PL,PH-B3-NCRNDC-6326613,expected,OPENED,26-09-2026 03:57,Arvind Bansal (DNCR)
26-09-2026,26-09-2026,MYEP1137517123,BurariHub_DEL_PL,MYE : IUGA PRIVATE LIMITED DELHI PPMP 9354202714,MYE_195233d8906cb9c417c678f10b3683db,received_at_mh,North,TRUEFLEX,592319,TRUEFLEX,Tushar,MotherHub_NDC,Mixbagging,BurariHub_DEL_PL,PH-B3-NCRNDC-6236780,expected,OPENED,26-09-2026 02:38,Arvind Bansal (DNCR)
26-09-2026,26-09-2026,FMPC6526668599,BudhViharHub_DEL_PL,RANI ENTERPRISES +919582853825,67b285330cf446bd,received_at_mh,North,LMA,1.00E+11,AADIYOGI LOGISTIC PRIVATE LIMITED,Monu,MotherHub_NDC,BRSNR,BudhViharHub_DEL_PL,PH-B3-NCRNDC-6333706,expected,OPENED,26-09-2026 04:27,Arvind Bansal (DNCR)
26-09-2026,26-09-2026,FMPC6528273751,BudhViharHub_DEL_PL,shiv enterprises +918383073918,605993af7793428a,dispatched_to_mh,North,TRUEFLEX,706346,TRUEFLEX,VivekKumar,MotherHub_NDC,BRSNR,BudhViharHub_DEL_PL,PH-B3-NCRNDC-6256181,expected,OPENED,26-09-2026 02:36,Arvind Bansal (DNCR)
26-09-2026,26-09-2026,MYEC1120448864,BurariHub_DEL_PL,MYE : BHIMJEE GLOBAL PRIVATE LIMITED NEW DELHI PPMP 9873332267,MYE_3931ff034c7ea8ea595c4c52ebb8ce13,received_at_mh,North,TRUEFLEX,592319,TRUEFLEX,Tushar,MotherHub_NDC,Mixbagging,BurariHub_DEL_PL,PH-B3-NCRNDC-6236780,expected,OPENED,26-09-2026 02:38,Arvind Bansal (DNCR)
26-09-2026,26-09-2026,MYEP1137518962,BurariHub_DEL_PL,MYE : IUGA PRIVATE LIMITED DELHI PPMP 9354202714,MYE_195233d8906cb9c417c678f10b3683db,received_at_mh,North,TRUEFLEX,592319,TRUEFLEX,Tushar,MotherHub_NDC,Mixbagging,BurariHub_DEL_PL,PH-B3-NCRNDC-6236780,expected,OPENED,26-09-2026 02:38,Arvind Bansal (DNCR)
26-09-2026,26-09-2026,MYEC1120426830,BurariHub_DEL_PL,MYE : IUGA PRIVATE LIMITED DELHI PPMP 9354202714,MYE_195233d8906cb9c417c678f10b3683db,received_at_mh,North,TRUEFLEX,592319,TRUEFLEX,Tushar,MotherHub_NDC,Mixbagging,BurariHub_DEL_PL,PH-B3-NCRNDC-6236780,expected,OPENED,26-09-2026 02:38,Arvind Bansal (DNCR)
26-09-2026,26-09-2026,FMPC6527330614,BudhViharHub_DEL_PL,Riddhi Siddhi Enterprises +917011732332,3b378b99a86d4b8e,dispatched_to_mh,North,TRUEFLEX,679400,TRUEFLEX,PurshotamJha,MotherHub_NDC,BRSNR,BudhViharHub_DEL_PL,PH-B3-NCRNDC-6333444,expected,OPENED,26-09-2026 02:33,Arvind Bansal (DNCR)
26-09-2026,26-09-2026,FMPC6527474638,BijwasanHub_DEL_PL,GLAZR +919540122153,2ac24dbc1e524213,received_at_mh,North,LMA,1.00E+11,Greenteck Logistics and Mobility Pvt Ltd,RohanKumar,MotherHub_NDC,BRSNR,BijwasanHub_DEL_PL,PH-B3-NCRNDC-6039140,expected,OPENED,26-09-2026 00:27,Arvind Bansal (DNCR)
26-09-2026,26-09-2026,MYEP1137517350,BurariHub_DEL_PL,MYE : IUGA PRIVATE LIMITED DELHI PPMP 9354202714,MYE_195233d8906cb9c417c678f10b3683db,received_at_mh,North,TRUEFLEX,592319,TRUEFLEX,Tushar,MotherHub_NDC,Mixbagging,BurariHub_DEL_PL,PH-B3-NCRNDC-6236780,expected,OPENED,26-09-2026 02:38,Arvind Bansal (DNCR)
26-09-2026,26-09-2026,SSRP6245637724,BijwasanHub_DEL_PL,SSR : Freestand Sampling 9555750507,SSR_5a05a6025fe4597f6f488e37e4a82c7e,received_at_mh,North,LMA,1.00E+11,Loadshare,Pawan,MotherHub_NDC,BRSNR,BijwasanHub_DEL_PL,PH-B3-NCRNDC-5336394,expected,OPENED,26-09-2026 00:28,Arvind Bansal (DNCR)
26-09-2026,26-09-2026,MYEP1137497212,BurariHub_DEL_PL,MYE : JGJ FASHION-delhi_PPMP_SGLJ 9667978489,MYE_62bc8839331db38c7491a44a6183c31b,received_at_mh,North,TRUEFLEX,592319,TRUEFLEX,Tushar,MotherHub_NDC,Mixbagging,BurariHub_DEL_PL,PH-B3-NCRNDC-6236780,expected,OPENED,26-09-2026 02:38,Arvind Bansal (DNCR)
26-09-2026,26-09-2026,MYEP1137519020,BurariHub_DEL_PL,MYE : IUGA PRIVATE LIMITED DELHI PPMP 9354202714,MYE_195233d8906cb9c417c678f10b3683db,received_at_mh,North,TRUEFLEX,592319,TRUEFLEX,Tushar,MotherHub_NDC,Mixbagging,BurariHub_DEL_PL,PH-B3-NCRNDC-6236780,expected,OPENED,26-09-2026 02:38,Arvind Bansal (DNCR)
26-09-2026,26-09-2026,FMPP4297610109,BijwasanHub_DEL_PL,GLAZR +919540122153,2ac24dbc1e524213,dispatched_to_mh,North,LMA,1.00E+11,Greenteck Logistics and Mobility Pvt Ltd,RohanKumar,MotherHub_NDC,BRSNR,BijwasanHub_DEL_PL,PH-B3-NCRNDC-6039140,expected,OPENED,26-09-2026 00:27,Arvind Bansal (DNCR)
26-09-2026,26-09-2026,FMPC6527467566,BijwasanHub_DEL_PL,Global Hub +919958658203,d18d3dd271ae41d1,dispatched_to_mh,North,TRUEFLEX,592911,TRUEFLEX,DeepyashSolanki,MotherHub_NDC,BRSNR,BijwasanHub_DEL_PL,PH-B3-NCRNDC-6008527,expected,OPENED,26-09-2026 00:08,Arvind Bansal (DNCR)
26-09-2026,26-09-2026,MYEC1120423078,BurariHub_DEL_PL,MYE : IUGA PRIVATE LIMITED DELHI PPMP 9354202714,MYE_195233d8906cb9c417c678f10b3683db,received_at_mh,North,TRUEFLEX,592319,TRUEFLEX,Tushar,MotherHub_NDC,Mixbagging,BurariHub_DEL_PL,PH-B3-NCRNDC-6236780,expected,OPENED,26-09-2026 02:38,Arvind Bansal (DNCR)
26-09-2026,26-09-2026,MYEP1137518738,BurariHub_DEL_PL,MYE : IUGA PRIVATE LIMITED DELHI PPMP 9354202714,MYE_195233d8906cb9c417c678f10b3683db,received_at_mh,North,TRUEFLEX,592319,TRUEFLEX,Tushar,MotherHub_NDC,Mixbagging,BurariHub_DEL_PL,PH-B3-NCRNDC-6236780,expected,OPENED,26-09-2026 02:38,Arvind Bansal (DNCR)
26-09-2026,26-09-2026,MYEP1137497332,BurariHub_DEL_PL,MYE : JGJ FASHION-delhi_PPMP_SGLJ 9667978489,MYE_62bc8839331db38c7491a44a6183c31b,received_at_mh,North,TRUEFLEX,592319,TRUEFLEX,Tushar,MotherHub_NDC,Mixbagging,BurariHub_DEL_PL,PH-B3-NCRNDC-6236780,expected,OPENED,26-09-2026 02:38,Arvind Bansal (DNCR)
26-09-2026,26-09-2026,MYEC1120425590,BurariHub_DEL_PL,MYE : IUGA PRIVATE LIMITED DELHI PPMP 9354202714,MYE_195233d8906cb9c417c678f10b3683db,received_at_mh,North,TRUEFLEX,592319,TRUEFLEX,Tushar,MotherHub_NDC,Mixbagging,BurariHub_DEL_PL,PH-B3-NCRNDC-6236780,expected,OPENED,26-09-2026 02:38,Arvind Bansal (DNCR)
26-09-2026,26-09-2026,MYEP1137498962,BurariHub_DEL_PL,MYE : NDM ENTERPRISES-delhi_PPMP_DDPE 9811501282,MYE_49da40a30f76d83679710d39e231e7f1,received_at_mh,North,TRUEFLEX,592319,TRUEFLEX,Tushar,MotherHub_NDC,Mixbagging,BurariHub_DEL_PL,PH-B3-NCRNDC-6236780,expected,OPENED,26-09-2026 02:38,Arvind Bansal (DNCR)
26-09-2026,26-09-2026,FMPP4297412468,BurariHub_DEL_PL,SV Enterprises +918826399364,9575d5621e18400d,received_at_mh,North,TRUEFLEX,592378,TRUEFLEX,Abhishek,MotherHub_NDC,BRSNR,BurariHub_DEL_PL,PH-B3-NCRNDC-6320934,expected,OPENED,26-09-2026 04:20,Arvind Bansal (DNCR)
26-09-2026,26-09-2026,NYKC0000623990,BijwasanHub_DEL_PL,NYK : Nykaa Warehouse DEL2 9354281109,NYK_7888a35f1b1624ace9d4085ecf997c08,dispatched_to_mh,North,EKART,4224407,EKART,,MotherHub_NDC,BRSNR,BijwasanHub_DEL_PL,PH-B3-NCRNDC-6309939,expected,OPENED,26-09-2026 00:21,Arvind Bansal (DNCR)
26-09-2026,26-09-2026,MYEP1137519260,BurariHub_DEL_PL,MYE : IUGA PRIVATE LIMITED DELHI PPMP 9354202714,MYE_195233d8906cb9c417c678f10b3683db,received_at_mh,North,TRUEFLEX,592319,TRUEFLEX,Tushar,MotherHub_NDC,Mixbagging,BurariHub_DEL_PL,PH-B3-NCRNDC-6236780,expected,OPENED,26-09-2026 02:38,Arvind Bansal (DNCR)
26-09-2026,26-09-2026,FMPP4298130278,BudhViharHub_DEL_PL,S. L. Sales Corp. +919540933973,efad1fae077e4360,dispatched_to_mh,North,TRUEFLEX,912382,TRUEFLEX,PratoshKumar,MotherHub_NDC,BRSNR,BudhViharHub_DEL_PL,PH-B3-NCRNDC-63196,expected,OPENED,26-09-2026 03:52,Arvind Bansal (DNCR)
26-09-2026,26-09-2026,MYEC1120465573,BurariHub_DEL_PL,MYE : IUGA PRIVATE LIMITED DELHI PPMP 9354202714,MYE_195233d8906cb9c417c678f10b3683db,received_at_mh,North,TRUEFLEX,592319,TRUEFLEX,Tushar,MotherHub_NDC,Mixbagging,BurariHub_DEL_PL,PH-B3-NCRNDC-6236780,expected,OPENED,26-09-2026 02:38,Arvind Bansal (DNCR)
26-09-2026,26-09-2026,FMPC6530022929,BijwasanHub_DEL_PL,DELEFS FASHION +917827452928,2ba57520a7d64315,received_at_mh,North,LMA,1.00E+11,Loadshare,Pawan,MotherHub_NDC,BRSNR,BijwasanHub_DEL_PL,PH-B3-NCRNDC-5851802,expected,OPENED,26-09-2026 00:17,Arvind Bansal (DNCR)
26-09-2026,26-09-2026,FMPC6529014903,BudhViharHub_DEL_PL,HARDIK ENTERPRISES +918851406952,5768fc86f77547f3,dispatched_to_mh,North,TRUEFLEX,711197,TRUEFLEX,AbhishekKumar Sah,MotherHub_NDC,BRSNR,BudhViharHub_DEL_PL,PH-B3-NCRNDC-5976864,expected,OPENED,26-09-2026 02:44,Arvind Bansal (DNCR)
26-09-2026,26-09-2026,MYEP1137517125,BurariHub_DEL_PL,MYE : IUGA PRIVATE LIMITED DELHI PPMP 9354202714,MYE_195233d8906cb9c417c678f10b3683db,received_at_mh,North,TRUEFLEX,592319,TRUEFLEX,Tushar,MotherHub_NDC,Mixbagging,BurariHub_DEL_PL,PH-B3-NCRNDC-6236780,expected,OPENED,26-09-2026 02:38,Arvind Bansal (DNCR)
26-09-2026,26-09-2026,MYEC1120427188,BurariHub_DEL_PL,MYE : IUGA PRIVATE LIMITED DELHI PPMP 9354202714,MYE_195233d8906cb9c417c678f10b3683db,received_at_mh,North,TRUEFLEX,592319,TRUEFLEX,Tushar,MotherHub_NDC,Mixbagging,BurariHub_DEL_PL,PH-B3-NCRNDC-6236780,expected,OPENED,26-09-2026 02:38,Arvind Bansal (DNCR)
26-09-2026,26-09-2026,FMPC6526962842,BijwasanHub_DEL_PL,GLAZR +919540122153,2ac24dbc1e524213,dispatched_to_mh,North,LMA,1.00E+11,Greenteck Logistics and Mobility Pvt Ltd,RohanKumar,MotherHub_NDC,BRSNR,BijwasanHub_DEL_PL,PH-B3-NCRNDC-6039139,expected,OPENED,26-09-2026 00:28,Arvind Bansal (DNCR)
26-09-2026,26-09-2026,MYEC1120405481,BurariHub_DEL_PL,MYE : JGJ FASHION-delhi_PPMP_SGLJ 9667978489,MYE_62bc8839331db38c7491a44a6183c31b,received_at_mh,North,TRUEFLEX,592319,TRUEFLEX,Tushar,MotherHub_NDC,Mixbagging,BurariHub_DEL_PL,PH-B3-NCRNDC-6236780,expected,OPENED,26-09-2026 02:38,Arvind Bansal (DNCR)
26-09-2026,26-09-2026,FMPC6527704549,BurariHub_DEL_PL,Pradeep soft toys creation +918960623502,e1e85d38f5fb4405,received_at_mh,North,LMA,1.00E+11,#N/A,#N/A,MotherHub_NDC,BRSNR,BurariHub_DEL_PL,PH-B3-NCRNDC-6326613,expected,OPENED,26-09-2026 03:57,Arvind Bansal (DNCR)
26-09-2026,26-09-2026,MYEC1120405370,BurariHub_DEL_PL,MYE : JGJ FASHION-delhi_PPMP_SGLJ 9667978489,MYE_62bc8839331db38c7491a44a6183c31b,received_at_mh,North,TRUEFLEX,592319,TRUEFLEX,Tushar,MotherHub_NDC,Mixbagging,BurariHub_DEL_PL,PH-B3-NCRNDC-6236780,expected,OPENED,26-09-2026 02:38,Arvind Bansal (DNCR)
26-09-2026,26-09-2026,MYEC1120455656,BurariHub_DEL_PL,MYE : IUGA PRIVATE LIMITED DELHI PPMP 9354202714,MYE_195233d8906cb9c417c678f10b3683db,received_at_mh,North,TRUEFLEX,592319,TRUEFLEX,Tushar,MotherHub_NDC,Mixbagging,BurariHub_DEL_PL,PH-B3-NCRNDC-6236780,expected,OPENED,26-09-2026 02:38,Arvind Bansal (DNCR)
26-09-2026,26-09-2026,FMPC6527421926,BurariHub_DEL_PL,G.N.ENTERPRISES +917011903033,7d5515fb127643ec,received_at_mh,North,LMA,1.00E+11,SUSAH SUPPLY CHAIN AND NETWORK PRIVATE LIMITED,Ashu,MotherHub_NDC,BRSNR,BurariHub_DEL_PL,PH-B3-NCRNDC-6296331,expected,OPENED,26-09-2026 03:23,Arvind Bansal (DNCR)
26-09-2026,26-09-2026,MYEP1137518952,BurariHub_DEL_PL,MYE : IUGA PRIVATE LIMITED DELHI PPMP 9354202714,MYE_195233d8906cb9c417c678f10b3683db,received_at_mh,North,TRUEFLEX,592319,TRUEFLEX,Tushar,MotherHub_NDC,Mixbagging,BurariHub_DEL_PL,PH-B3-NCRNDC-6236780,expected,OPENED,26-09-2026 02:38,Arvind Bansal (DNCR)
26-09-2026,26-09-2026,MYEP1137517449,BurariHub_DEL_PL,MYE : IUGA PRIVATE LIMITED DELHI PPMP 9354202714,MYE_195233d8906cb9c417c678f10b3683db,received_at_mh,North,TRUEFLEX,592319,TRUEFLEX,Tushar,MotherHub_NDC,Mixbagging,BurariHub_DEL_PL,PH-B3-NCRNDC-6236780,expected,OPENED,26-09-2026 02:38,Arvind Bansal (DNCR)
26-09-2026,26-09-2026,MYEP1137517588,BurariHub_DEL_PL,MYE : IUGA PRIVATE LIMITED DELHI PPMP 9354202714,MYE_195233d8906cb9c417c678f10b3683db,received_at_mh,North,TRUEFLEX,592319,TRUEFLEX,Tushar,MotherHub_NDC,Mixbagging,BurariHub_DEL_PL,PH-B3-NCRNDC-6236780,expected,OPENED,26-09-2026 02:38,Arvind Bansal (DNCR)
26-09-2026,26-09-2026,MYEP1137499667,BurariHub_DEL_PL,MYE : BHIMJEE GLOBAL PRIVATE LIMITED NEW DELHI PPMP 9873332267,MYE_3931ff034c7ea8ea595c4c52ebb8ce13,received_at_mh,North,TRUEFLEX,592319,TRUEFLEX,Tushar,MotherHub_NDC,Mixbagging,BurariHub_DEL_PL,PH-B3-NCRNDC-6236780,expected,OPENED,26-09-2026 02:38,Arvind Bansal (DNCR)
26-09-2026,26-09-2026,MYEP1137519244,BurariHub_DEL_PL,MYE : IUGA PRIVATE LIMITED DELHI PPMP 9354202714,MYE_195233d8906cb9c417c678f10b3683db,received_at_mh,North,TRUEFLEX,592319,TRUEFLEX,Tushar,MotherHub_NDC,Mixbagging,BurariHub_DEL_PL,PH-B3-NCRNDC-6236780,expected,OPENED,26-09-2026 02:38,Arvind Bansal (DNCR)
26-09-2026,26-09-2026,MYEP1137519174,BurariHub_DEL_PL,MYE : IUGA PRIVATE LIMITED DELHI PPMP 9354202714,MYE_195233d8906cb9c417c678f10b3683db,received_at_mh,North,TRUEFLEX,592319,TRUEFLEX,Tushar,MotherHub_NDC,Mixbagging,BurariHub_DEL_PL,PH-B3-NCRNDC-6236780,expected,OPENED,26-09-2026 02:38,Arvind Bansal (DNCR)
26-09-2026,26-09-2026,MYEP1137499375,BurariHub_DEL_PL,MYE : NDM ENTERPRISES-delhi_PPMP_DDPE 9811501282,MYE_49da40a30f76d83679710d39e231e7f1,received_at_mh,North,TRUEFLEX,592319,TRUEFLEX,Tushar,MotherHub_NDC,Mixbagging,BurariHub_DEL_PL,PH-B3-NCRNDC-6236780,expected,OPENED,26-09-2026 02:38,Arvind Bansal (DNCR)
26-09-2026,26-09-2026,MYEP1137499374,BurariHub_DEL_PL,MYE : NDM ENTERPRISES-delhi_PPMP_DDPE 9811501282,MYE_49da40a30f76d83679710d39e231e7f1,received_at_mh,North,TRUEFLEX,592319,TRUEFLEX,Tushar,MotherHub_NDC,Mixbagging,BurariHub_DEL_PL,PH-B3-NCRNDC-6236780,expected,OPENED,26-09-2026 02:38,Arvind Bansal (DNCR)
26-09-2026,26-09-2026,FMPC6528779006,BurariHub_DEL_PL,Gowoo +919205981829,b8283fd4bcef4a43,dispatched_to_mh,North,TRUEFLEX,592378,TRUEFLEX,Abhishek,MotherHub_NDC,BRSNR,BurariHub_DEL_PL,PH-B3-NCRNDC-4862802,expected,OPENED,26-09-2026 04:19,Arvind Bansal (DNCR)
26-09-2026,26-09-2026,MYEP1137497327,BurariHub_DEL_PL,MYE : JGJ FASHION-delhi_PPMP_SGLJ 9667978489,MYE_62bc8839331db38c7491a44a6183c31b,received_at_mh,North,TRUEFLEX,592319,TRUEFLEX,Tushar,MotherHub_NDC,Mixbagging,BurariHub_DEL_PL,PH-B3-NCRNDC-6236780,expected,OPENED,26-09-2026 02:38,Arvind Bansal (DNCR)
26-09-2026,26-09-2026,FMPP4297671753,BurariHub_DEL_PL,NETIZEN TRADING CO. +918010633788,d994f517d2f64207,received_at_mh,North,LMA,1.00E+11,AADIYOGI LOGISTIC PRIVATE LIMITED,ArjunKumar,MotherHub_NDC,BRSNR,BurariHub_DEL_PL,PH-B3-NCRNDC-6276069,expected,OPENED,26-09-2026 03:47,Arvind Bansal (DNCR)
26-09-2026,26-09-2026,MYEC1120426604,BurariHub_DEL_PL,MYE : IUGA PRIVATE LIMITED DELHI PPMP 9354202714,MYE_195233d8906cb9c417c678f10b3683db,received_at_mh,North,TRUEFLEX,592319,TRUEFLEX,Tushar,MotherHub_NDC,Mixbagging,BurariHub_DEL_PL,PH-B3-NCRNDC-6236780,expected,OPENED,26-09-2026 02:38,Arvind Bansal (DNCR)
26-09-2026,26-09-2026,MYEP1137497559,BurariHub_DEL_PL,MYE : JGJ FASHION-delhi_PPMP_SGLJ 9667978489,MYE_62bc8839331db38c7491a44a6183c31b,received_at_mh,North,TRUEFLEX,592319,TRUEFLEX,Tushar,MotherHub_NDC,Mixbagging,BurariHub_DEL_PL,PH-B3-NCRNDC-6236780,expected,OPENED,26-09-2026 02:38,Arvind Bansal (DNCR)
26-09-2026,26-09-2026,MYLP0000368441,Chhatarpur_DEL_PL,MYL : Dr Choice 9810818449,MYL_1eda9af7b3fa4478e0d70d530187921a,dispatched_to_mh,North,EKART,4369023,EKART,,MotherHub_NDC,BRSNR,Chhatarpur_DEL_PL,PH-B3-NCRNDC-6243319,expected,OPENED,26-09-2026 04:42,Arvind Bansal (DNCR)
26-09-2026,26-09-2026,MYEC1120425227,BurariHub_DEL_PL,MYE : IUGA PRIVATE LIMITED DELHI PPMP 9354202714,MYE_195233d8906cb9c417c678f10b3683db,received_at_mh,North,TRUEFLEX,592319,TRUEFLEX,Tushar,MotherHub_NDC,Mixbagging,BurariHub_DEL_PL,PH-B3-NCRNDC-6236780,expected,OPENED,26-09-2026 02:38,Arvind Bansal (DNCR)
26-09-2026,26-09-2026,FMPC6527555225,BudhViharHub_DEL_PL,SARTHIK ENTERPRISES +919315961834,7eef874675d4474b,received_at_mh,North,TRUEFLEX,918890,TRUEFLEX,MohitKumar,MotherHub_NDC,BRSNR,BudhViharHub_DEL_PL,PH-B3-NCRNDC-6318629,expected,OPENED,25-09-2026 23:35,Arvind Bansal (DNCR)
26-09-2026,26-09-2026,FMPC6527891350,BurariHub_DEL_PL,M/S GUDDIYA ENTERPRISES +918810420805,11420543ff884034,received_at_mh,North,TRUEFLEX,688405,TRUEFLEX,ShivamShivam,MotherHub_NDC,BRSNR,BurariHub_DEL_PL,PH-B3-NCRNDC-6280406,expected,OPENED,26-09-2026 04:23,Arvind Bansal (DNCR)
26-09-2026,26-09-2026,FMPC6527622794,BudhViharHub_DEL_PL,MEERA TRADERS +919958450896,cdc77306a06c4590,received_at_mh,North,LMA,1.00E+11,AADIYOGI LOGISTIC PRIVATE LIMITED,Monu,MotherHub_NDC,BRSNR,BudhViharHub_DEL_PL,PH-B3-NCRNDC-6333706,expected,OPENED,26-09-2026 04:27,Arvind Bansal (DNCR)
26-09-2026,26-09-2026,MYEP1137519400,BurariHub_DEL_PL,MYE : IUGA PRIVATE LIMITED DELHI PPMP 9354202714,MYE_195233d8906cb9c417c678f10b3683db,received_at_mh,North,TRUEFLEX,592319,TRUEFLEX,Tushar,MotherHub_NDC,Mixbagging,BurariHub_DEL_PL,PH-B3-NCRNDC-6236780,expected,OPENED,26-09-2026 02:38,Arvind Bansal (DNCR)
26-09-2026,26-09-2026,MYEP1137519164,BurariHub_DEL_PL,MYE : IUGA PRIVATE LIMITED DELHI PPMP 9354202714,MYE_195233d8906cb9c417c678f10b3683db,received_at_mh,North,TRUEFLEX,592319,TRUEFLEX,Tushar,MotherHub_NDC,Mixbagging,BurariHub_DEL_PL,PH-B3-NCRNDC-6236780,expected,OPENED,26-09-2026 02:38,Arvind Bansal (DNCR)
26-09-2026,26-09-2026,FMPP4298124142,BurariHub_DEL_PL,S&T ENTERPRISES +919821674423,790517b4aff44d48,dispatched_to_mh,North,TRUEFLEX,592378,TRUEFLEX,Abhishek,MotherHub_NDC,BRSNR,BurariHub_DEL_PL,PH-B3-NCRNDC-6320934,expected,OPENED,26-09-2026 04:20,Arvind Bansal (DNCR)
26-09-2026,26-09-2026,MYEP1137547751,BurariHub_DEL_PL,MYE : IUGA PRIVATE LIMITED DELHI PPMP 9354202714,MYE_195233d8906cb9c417c678f10b3683db,received_at_mh,North,TRUEFLEX,592319,TRUEFLEX,Tushar,MotherHub_NDC,Mixbagging,BurariHub_DEL_PL,PH-B3-NCRNDC-6236780,expected,OPENED,26-09-2026 02:38,Arvind Bansal (DNCR)
26-09-2026,26-09-2026,MYEC1120427290,BurariHub_DEL_PL,MYE : IUGA PRIVATE LIMITED DELHI PPMP 9354202714,MYE_195233d8906cb9c417c678f10b3683db,received_at_mh,North,TRUEFLEX,592319,TRUEFLEX,Tushar,MotherHub_NDC,Mixbagging,BurariHub_DEL_PL,PH-B3-NCRNDC-6236780,expected,OPENED,26-09-2026 02:38,Arvind Bansal (DNCR)
26-09-2026,26-09-2026,MYEP1137519362,BurariHub_DEL_PL,MYE : IUGA PRIVATE LIMITED DELHI PPMP 9354202714,MYE_195233d8906cb9c417c678f10b3683db,received_at_mh,North,TRUEFLEX,592319,TRUEFLEX,Tushar,MotherHub_NDC,Mixbagging,BurariHub_DEL_PL,PH-B3-NCRNDC-6236780,expected,OPENED,26-09-2026 02:38,Arvind Bansal (DNCR)
26-09-2026,26-09-2026,FMPP4298815157,Chhatarpur_DEL_PL,THE SHOPPER +919015151171,a0687156e05c413b,received_at_mh,North,LMA,1.00E+11,Greenteck Logistics and Mobility Pvt Ltd,VikasSharma,MotherHub_NDC,BRSNR,Chhatarpur_DEL_PL,PH-B3-NCRNDC-6333525,expected,OPENED,26-09-2026 01:56,Arvind Bansal (DNCR)
26-09-2026,26-09-2026,FMPC6528219848,BijwasanHub_DEL_PL,Resouris Enterprises +918587077505,22364e163c284f2d,dispatched_to_mh,North,LMA,1.00E+11,#N/A,#N/A,MotherHub_NDC,BRSNR,BijwasanHub_DEL_PL,PH-B3-NCRNDC-6040602,expected,OPENED,25-09-2026 23:47,Arvind Bansal (DNCR)
26-09-2026,26-09-2026,FMPC6527462832,BurariHub_DEL_PL,FZ fashion +918744851352,5a5b759f9ba04b11,received_at_mh,North,TRUEFLEX,688405,TRUEFLEX,ShivamShivam,MotherHub_NDC,BRSNR,BurariHub_DEL_PL,PH-B3-NCRNDC-6320995,expected,OPENED,26-09-2026 03:44,Arvind Bansal (DNCR)
26-09-2026,26-09-2026,MYEC1120405162,BurariHub_DEL_PL,MYE : JGJ FASHION-delhi_PPMP_SGLJ 9667978489,MYE_62bc8839331db38c7491a44a6183c31b,received_at_mh,North,TRUEFLEX,592319,TRUEFLEX,Tushar,MotherHub_NDC,Mixbagging,BurariHub_DEL_PL,PH-B3-NCRNDC-6236780,expected,OPENED,26-09-2026 02:38,Arvind Bansal (DNCR)
26-09-2026,26-09-2026,FMPC6527598470,BurariHub_DEL_PL,Gee Aey Enterprises +919289824185,ec52806880104e55,dispatched_to_mh,North,TRUEFLEX,592319,TRUEFLEX,Tushar,MotherHub_NDC,BRSNR,BurariHub_DEL_PL,PH-B3-NCRNDC-6318013,expected,OPENED,26-09-2026 04:34,Arvind Bansal (DNCR)
26-09-2026,26-09-2026,MYEP1137497689,BurariHub_DEL_PL,MYE : JGJ FASHION-delhi_PPMP_SGLJ 9667978489,MYE_62bc8839331db38c7491a44a6183c31b,received_at_mh,North,TRUEFLEX,592319,TRUEFLEX,Tushar,MotherHub_NDC,Mixbagging,BurariHub_DEL_PL,PH-B3-NCRNDC-6236780,expected,OPENED,26-09-2026 02:38,Arvind Bansal (DNCR)
26-09-2026,26-09-2026,MYEP1137518841,BurariHub_DEL_PL,MYE : IUGA PRIVATE LIMITED DELHI PPMP 9354202714,MYE_195233d8906cb9c417c678f10b3683db,received_at_mh,North,TRUEFLEX,592319,TRUEFLEX,Tushar,MotherHub_NDC,Mixbagging,BurariHub_DEL_PL,PH-B3-NCRNDC-6236780,expected,OPENED,26-09-2026 02:38,Arvind Bansal (DNCR)
26-09-2026,26-09-2026,FMPC6527932154,FaridabadHub_DEL_PL,CONSCIOUS SAPIENS PRIVATE LIMITED +918750152931,fc72191346624826,received_at_mh,North,LMA,1.00E+11,Watsoo,AdarshBhardwaj,MotherHub_NDC,BRSNR,FaridabadHub_DEL_PL,PH-B3-NCRNDC-6321063,expected,OPENED,26-09-2026 00:52,Arvind Bansal (DNCR)
26-09-2026,26-09-2026,FMPC6527482452,GurgaonHub_DEL_PL,BeyondSneak +919818866684,5d4fa8f20af6454c,dispatched_to_mh,North,LMA,1.00E+11,#N/A,#N/A,MotherHub_NDC,BRSNR,GurgaonHub_DEL_PL,PH-B3-NCRNDC-6238252,expected,OPENED,26-09-2026 00:43,Arvind Bansal (DNCR)
26-09-2026,26-09-2026,FMPP4296819492,GandhinagarHub_DEL_PL,YUVAN ENTERPRISES +917428843014,cd593fd1ff2f4215,dispatched_to_mh,North,LMA,1.00E+11,WHEELEY,Manish,MotherHub_NDC,BRSNR,GandhinagarHub_DEL_PL,PH-B3-NCRNDC-6128089,expected,OPENED,26-09-2026 04:31,Arvind Bansal (DNCR)
26-09-2026,26-09-2026,FMPC6527069796,GandhinagarHub_DEL_PL,TIRUPATI TEXTILES +919811528172,35adb1ed20374ccd,dispatched_to_mh,North,LMA,1.00E+11,RAMEZO ENTERPRISES,DipanshuJaiswal,MotherHub_NDC,BRSNR,GandhinagarHub_DEL_PL,PH-B3-NCRNDC-6318423,expected,OPENED,26-09-2026 06:13,Arvind Bansal (DNCR)
26-09-2026,26-09-2026,FMPC6529607128,GurgaonHub_DEL_PL,Wellversed Health Private Limited +919205093359,29fd1ffa68b94e77,received_at_mh,North,LMA,1.00E+11,#N/A,#N/A,MotherHub_NDC,Mixbagging,GurgaonHub_DEL_PL,PH-B3-NCRNDC-6164265,expected,OPENED,26-09-2026 01:02,Arvind Bansal (DNCR)
26-09-2026,26-09-2026,FMPC6528508512,GandhinagarHub_DEL_PL,L.R TEXTILES +918448220601,ad249a067a694e87,dispatched_to_mh,North,LMA,1.00E+11,#N/A,#N/A,MotherHub_NDC,BRSNR,GandhinagarHub_DEL_PL,PH-B3-NCRNDC-6318424,expected,OPENED,26-09-2026 05:17,Arvind Bansal (DNCR)
26-09-2026,26-09-2026,MYEC1120420492,GurgaonHub_DEL_PL,MYE : SUPRLIFE VENTURES PRIVATE LIMITED PPMP 8559995524,MYE_8cb6820d98f76916f32ad853bb36a922,received_at_mh,North,LMA,1.00E+11,#N/A,#N/A,MotherHub_NDC,BRSNR,GurgaonHub_DEL_PL,PH-B3-NCRNDC-6276755,expected,OPENED,26-09-2026 02:03,Arvind Bansal (DNCR)
26-09-2026,26-09-2026,FMPP4296844643,GurgaonHub_DEL_PL,Wellversed Health Private Limited +919205093359,29fd1ffa68b94e77,received_at_mh,North,LMA,1.00E+11,#N/A,#N/A,MotherHub_NDC,BRSNR,GurgaonHub_DEL_PL,PH-B3-NCRNDC-6281500,expected,OPENED,26-09-2026 00:49,Arvind Bansal (DNCR)
26-09-2026,26-09-2026,MYEC1120471535,FaridabadHub_DEL_PL,MYE : Gurkirpa Lifestyle Company Faridabad 9899094289,MYE_db4b883b18e850042e3ffe750adc9d3a,received_at_mh,North,TRUEFLEX,789453,TRUEFLEX,ShivaKumar,MotherHub_NDC,BRSNR,FaridabadHub_DEL_PL,PH-B3-NCRNDC-6329677,expected,OPENED,26-09-2026 00:13,Arvind Bansal (DNCR)
26-09-2026,26-09-2026,FMPC6528979283,FaridabadHub_DEL_PL,CONSCIOUS SAPIENS PRIVATE LIMITED +918750152931,fc72191346624826,received_at_mh,North,LMA,1.00E+11,Watsoo,AdarshBhardwaj,MotherHub_NDC,BRSNR,FaridabadHub_DEL_PL,PH-B3-NCRNDC-6321063,expected,OPENED,26-09-2026 00:52,Arvind Bansal (DNCR)
26-09-2026,26-09-2026,FMPC6527580317,FaridabadHub_DEL_PL,SHOPLEX RETAIL PRIVATE LIMITED 6202291960,b8516b7a330b4674,received_at_mh,North,EKART,3870559,EKART,,MotherHub_NDC,BRSNR,FaridabadHub_DEL_PL,PH-B3-NCRNDC-6316456,expected,OPENED,26-09-2026 00:59,Arvind Bansal (DNCR)
26-09-2026,26-09-2026,FMPC6527384018,GurgaonHub_DEL_PL,VASHUQI +919650224875,95890a9aa8e64e81,dispatched_to_mh,North,LMA,3143363,#N/A,#N/A,MotherHub_NDC,BRSNR,GurgaonHub_DEL_PL,PH-B3-NCRNDC-6251659,expected,OPENED,26-09-2026 02:37,Arvind Bansal (DNCR)
26-09-2026,26-09-2026,FMPP4296665719,GandhinagarHub_DEL_PL,HIba +919718819941,a176e096c8964caf,received_at_mh,North,LMA,1.00E+11,AADIYOGI LOGISTIC PRIVATE LIMITED,VikasKumar,MotherHub_NDC,BRSNR,GandhinagarHub_DEL_PL,PH-B3-NCRNDC-6040658,expected,OPENED,26-09-2026 05:40,Arvind Bansal (DNCR)
26-09-2026,26-09-2026,FMPC6529118513,GandhinagarHub_DEL_PL,MAYKR INDUSTRIES +919899968954,3bdebf9f24554bff,dispatched_to_mh,North,LMA,1.00E+11,WHEELEY,Manish,MotherHub_NDC,BRSNR,GandhinagarHub_DEL_PL,PH-B3-NCRNDC-6128089,expected,OPENED,26-09-2026 04:31,Arvind Bansal (DNCR)
26-09-2026,26-09-2026,FMPC6527182472,GandhinagarHub_DEL_PL,HIba +919718819941,a176e096c8964caf,received_at_mh,North,LMA,1.00E+11,AADIYOGI LOGISTIC PRIVATE LIMITED,VikasKumar,MotherHub_NDC,BRSNR,GandhinagarHub_DEL_PL,PH-B3-NCRNDC-6040658,expected,OPENED,26-09-2026 05:40,Arvind Bansal (DNCR)
26-09-2026,26-09-2026,FMPP4297714163,GurgaonHub_DEL_PL,MANASH E-COMMERCE PRIVATE LIMITED 7982788052,2d9c5e5bc4ba4748,received_at_mh,North,EKART,4367439,EKART,,MotherHub_NDC,BRSNR,GurgaonHub_DEL_PL,PH-B3-NCRNDC-6313814,expected,OPENED,26-09-2026 02:45,Arvind Bansal (DNCR)
26-09-2026,26-09-2026,FMPC6529077068,GandhinagarHub_DEL_PL,COOLING CENTRE +919971720464,3ccb2a4e6ab04169,dispatched_to_mh,North,LMA,1.00E+11,AADIYOGI LOGISTIC PRIVATE LIMITED,VikasKumar,MotherHub_NDC,BRSNR,GandhinagarHub_DEL_PL,PH-B3-NCRNDC-6040658,expected,OPENED,26-09-2026 05:40,Arvind Bansal (DNCR)
26-09-2026,26-09-2026,FMPC6529133535,GandhinagarHub_DEL_PL,HIba +919718819941,a176e096c8964caf,received_at_mh,North,LMA,1.00E+11,AADIYOGI LOGISTIC PRIVATE LIMITED,VikasKumar,MotherHub_NDC,BRSNR,GandhinagarHub_DEL_PL,PH-B3-NCRNDC-6040658,expected,OPENED,26-09-2026 05:40,Arvind Bansal (DNCR)
26-09-2026,26-09-2026,FMPP4297034741,FaridabadHub_DEL_PL,Dealheaven Mart +919811889425,ff950b2a8a7e445c,received_at_mh,North,EKART,2800199,EKART,,MotherHub_NDC,BRSNR,FaridabadHub_DEL_PL,PH-B3-NCRNDC-6281632,expected,OPENED,26-09-2026 00:00,Arvind Bansal (DNCR)
26-09-2026,26-09-2026,FMPC6527466199,GandhinagarHub_DEL_PL,HIba +919718819941,a176e096c8964caf,received_at_mh,North,LMA,1.00E+11,AADIYOGI LOGISTIC PRIVATE LIMITED,VikasKumar,MotherHub_NDC,BRSNR,GandhinagarHub_DEL_PL,PH-B3-NCRNDC-6040658,expected,OPENED,26-09-2026 05:40,Arvind Bansal (DNCR)
26-09-2026,26-09-2026,FMPC6528184126,GurgaonHub_DEL_PL,BHARGAVESH RETAIL +918527169773,e21abdc304a54fe9,received_at_mh,North,EKART,3818851,EKART,,MotherHub_NDC,BRSNR,GurgaonHub_DEL_PL,PH-B3-NCRNDC-6313169,expected,OPENED,26-09-2026 01:00,Arvind Bansal (DNCR)
26-09-2026,26-09-2026,FMPP4298548209,GurgaonHub_DEL_PL,Wellversed Health Private Limited +919205093359,29fd1ffa68b94e77,received_at_mh,North,LMA,1.00E+11,#N/A,#N/A,MotherHub_NDC,Mixbagging,GurgaonHub_DEL_PL,PH-B3-NCRNDC-6164265,expected,OPENED,26-09-2026 01:02,Arvind Bansal (DNCR)
26-09-2026,26-09-2026,FMPC6529677511,GurgaonHub_DEL_PL,Wellversed Health Private Limited +919205093359,29fd1ffa68b94e77,received_at_mh,North,LMA,1.00E+11,#N/A,#N/A,MotherHub_NDC,Mixbagging,GurgaonHub_DEL_PL,PH-B3-NCRNDC-6164265,expected,OPENED,26-09-2026 01:02,Arvind Bansal (DNCR)
26-09-2026,26-09-2026,FMPC6529607861,GurgaonHub_DEL_PL,Wellversed Health Private Limited +919205093359,29fd1ffa68b94e77,received_at_mh,North,LMA,1.00E+11,#N/A,#N/A,MotherHub_NDC,Mixbagging,GurgaonHub_DEL_PL,PH-B3-NCRNDC-6164265,expected,OPENED,26-09-2026 01:02,Arvind Bansal (DNCR)
26-09-2026,26-09-2026,FMPC6529607084,GurgaonHub_DEL_PL,Wellversed Health Private Limited +919205093359,29fd1ffa68b94e77,received_at_mh,North,LMA,1.00E+11,#N/A,#N/A,MotherHub_NDC,Mixbagging,GurgaonHub_DEL_PL,PH-B3-NCRNDC-6164265,expected,OPENED,26-09-2026 01:02,Arvind Bansal (DNCR)
26-09-2026,26-09-2026,FMPC6529339294,GurgaonHub_DEL_PL,RADHE RADHE ENTERPRISES +917827524716,4b1b37dbee4e4b06,dispatched_to_mh,North,LMA,3143363,#N/A,#N/A,MotherHub_NDC,BRSNR,GurgaonHub_DEL_PL,PH-B3-NCRNDC-6138508,expected,OPENED,26-09-2026 01:04,Arvind Bansal (DNCR)
26-09-2026,26-09-2026,FMPP4298643608,GandhinagarHub_DEL_PL,Z D Traders +918750176708,82942e4463c240f5,dispatched_to_mh,North,LMA,1.00E+11,#N/A,#N/A,MotherHub_NDC,BRSNR,GandhinagarHub_DEL_PL,PH-B3-NCRNDC-6288741,expected,OPENED,26-09-2026 10:07,Arvind Bansal (DNCR)
26-09-2026,26-09-2026,FMPC6529798350,FaridabadHub_DEL_PL,HG INTERNATIONAL +918882102422,fec018a5d16a4788,received_at_mh,North,LMA,1.00E+11,Watsoo,AdarshBhardwaj,MotherHub_NDC,BRSNR,FaridabadHub_DEL_PL,PH-B3-NCRNDC-6321055,expected,OPENED,26-09-2026 00:45,Arvind Bansal (DNCR)
26-09-2026,26-09-2026,FMPP4298191963,GandhinagarHub_DEL_PL,RV ENTERPRISES +919217750809,5f4b55061d5749ce,received_at_mh,North,LMA,1.00E+11,Greenteck Logistics and Mobility Pvt Ltd,AvinashKumar,MotherHub_NDC,BRSNR,GandhinagarHub_DEL_PL,PH-B3-NCRNDC-6307835,expected,OPENED,26-09-2026 05:42,Arvind Bansal (DNCR)
26-09-2026,26-09-2026,FMPC6528173544,GandhinagarHub_DEL_PL,HIba +919718819941,a176e096c8964caf,received_at_mh,North,LMA,1.00E+11,AADIYOGI LOGISTIC PRIVATE LIMITED,VikasKumar,MotherHub_NDC,BRSNR,GandhinagarHub_DEL_PL,PH-B3-NCRNDC-6040658,expected,OPENED,26-09-2026 05:40,Arvind Bansal (DNCR)
26-09-2026,26-09-2026,FMPC6529436418,GandhinagarHub_DEL_PL,Jacket Club +919821447046,4aa5455fa4064deb,dispatched_to_mh,North,LMA,1.00E+11,#N/A,#N/A,MotherHub_NDC,BRSNR,GandhinagarHub_DEL_PL,PH-B3-NCRNDC-6320216,expected,OPENED,26-09-2026 05:17,Arvind Bansal (DNCR)
26-09-2026,26-09-2026,FMPP4298126306,GandhinagarHub_DEL_PL,MAYKR INDUSTRIES +919899968954,3bdebf9f24554bff,dispatched_to_mh,North,LMA,1.00E+11,WHEELEY,Manish,MotherHub_NDC,BRSNR,GandhinagarHub_DEL_PL,PH-B3-NCRNDC-6128089,expected,OPENED,26-09-2026 04:31,Arvind Bansal (DNCR)
26-09-2026,26-09-2026,FMPP4298368964,FaridabadHub_DEL_PL,SHOPLEX RETAIL PRIVATE LIMITED 6202291960,b8516b7a330b4674,received_at_mh,North,EKART,3870559,EKART,,MotherHub_NDC,BRSNR,FaridabadHub_DEL_PL,PH-B3-NCRNDC-6316450,expected,OPENED,26-09-2026 00:58,Arvind Bansal (DNCR)
26-09-2026,26-09-2026,FMPC6527878625,GandhinagarHub_DEL_PL,ONAYA FASHION +919991000021,d72545d5f6284fa1,dispatched_to_mh,North,LMA,1.00E+11,WHEELEY,Manish,MotherHub_NDC,BRSNR,GandhinagarHub_DEL_PL,PH-B3-NCRNDC-6128089,expected,OPENED,26-09-2026 04:31,Arvind Bansal (DNCR)
26-09-2026,26-09-2026,FMPC6527266795,GurgaonHub_DEL_PL,P.K.M.ENTERPRISES +917827109621,2dbc3fd3d774463f,dispatched_to_mh,North,LMA,1.00E+11,Vxpress,MohdArshad,MotherHub_NDC,BRSNR,GurgaonHub_DEL_PL,PH-B3-NCRNDC-6282143,expected,OPENED,26-09-2026 00:35,Arvind Bansal (DNCR)
26-09-2026,26-09-2026,FMPP4298450271,GandhinagarHub_DEL_PL,RV ENTERPRISES +919217750809,5f4b55061d5749ce,received_at_mh,North,LMA,1.00E+11,Greenteck Logistics and Mobility Pvt Ltd,AvinashKumar,MotherHub_NDC,BRSNR,GandhinagarHub_DEL_PL,PH-B3-NCRNDC-6307835,expected,OPENED,26-09-2026 05:42,Arvind Bansal (DNCR)
26-09-2026,26-09-2026,MYEC1120388126,GandhinagarHub_DEL_PL,MYE : THE CLASSIC TOGS DELHI PPMP 9812226605,MYE_88f3dbf89f956499b472f8f36900e134,dispatched_to_mh,North,LMA,1.00E+11,WHEELEY,Manish,MotherHub_NDC,BRSNR,GandhinagarHub_DEL_PL,PH-B3-NCRNDC-6128089,expected,OPENED,26-09-2026 04:31,Arvind Bansal (DNCR)
26-09-2026,26-09-2026,FMPP4297227245,GurgaonHub_DEL_PL,Wellversed Health Private Limited +919205093359,29fd1ffa68b94e77,received_at_mh,North,LMA,1.00E+11,#N/A,#N/A,MotherHub_NDC,BRSNR,GurgaonHub_DEL_PL,PH-B3-NCRNDC-6281500,expected,OPENED,26-09-2026 00:49,Arvind Bansal (DNCR)
26-09-2026,26-09-2026,FMPP4297236248,GurgaonHub_DEL_PL,Wellversed Health Private Limited +919205093359,29fd1ffa68b94e77,received_at_mh,North,LMA,1.00E+11,#N/A,#N/A,MotherHub_NDC,BRSNR,GurgaonHub_DEL_PL,PH-B3-NCRNDC-6281508,expected,OPENED,26-09-2026 00:32,Arvind Bansal (DNCR)
26-09-2026,26-09-2026,FMPC6529039023,GandhinagarHub_DEL_PL,HIba +919718819941,a176e096c8964caf,received_at_mh,North,LMA,1.00E+11,AADIYOGI LOGISTIC PRIVATE LIMITED,VikasKumar,MotherHub_NDC,BRSNR,GandhinagarHub_DEL_PL,PH-B3-NCRNDC-6040658,expected,OPENED,26-09-2026 05:40,Arvind Bansal (DNCR)
26-09-2026,26-09-2026,FMPC6528722661,GurgaonHub_DEL_PL,zenith solutions +919958055596,e6d708a3f592419a,received_at_mh,North,LMA,1.00E+11,Vxpress,MohdArshad,MotherHub_NDC,BRSNR,GurgaonHub_DEL_PL,PH-B3-NCRNDC-6313597,expected,OPENED,26-09-2026 00:42,Arvind Bansal (DNCR)
26-09-2026,26-09-2026,FMPC6529686510,FaridabadHub_DEL_PL,HG INTERNATIONAL +918882102422,fec018a5d16a4788,received_at_mh,North,LMA,1.00E+11,Watsoo,AdarshBhardwaj,MotherHub_NDC,BRSNR,FaridabadHub_DEL_PL,PH-B3-NCRNDC-6321055,expected,OPENED,26-09-2026 00:45,Arvind Bansal (DNCR)
26-09-2026,26-09-2026,FMPC6528548804,GurgaonHub_DEL_PL,Wellversed Health Private Limited +919205093359,29fd1ffa68b94e77,received_at_mh,North,LMA,1.00E+11,#N/A,#N/A,MotherHub_NDC,BRSNR,GurgaonHub_DEL_PL,PH-B3-NCRNDC-6281500,expected,OPENED,26-09-2026 00:49,Arvind Bansal (DNCR)
26-09-2026,26-09-2026,FMPC6528062679,GurgaonHub_DEL_PL,Jain Traders +918800234564,660571cfcacf46df,dispatched_to_mh,North,EKART,4387317,EKART,,MotherHub_NDC,BRSNR,GurgaonHub_DEL_PL,PH-B3-NCRNDC-6313433,expected,OPENED,26-09-2026 00:54,Arvind Bansal (DNCR)
26-09-2026,26-09-2026,FMPC6528353233,GurgaonHub_DEL_PL,GLOBALI TRADESENSE LLP +918947976177,9ab6b6f44d624db5,received_at_mh,North,LMA,1.00E+11,Vxpress,SurajBaghel,MotherHub_NDC,BRSNR,GurgaonHub_DEL_PL,PH-B3-NCRNDC-6164286,expected,OPENED,26-09-2026 00:57,Arvind Bansal (DNCR)
26-09-2026,26-09-2026,FMPC6527793130,FaridabadHub_DEL_PL,SALTY E-COMMERCE PRIVATE LIMITED +917838089744,8d87f5dd2d8442e9,dispatched_to_mh,North,LMA,1.00E+11,Watsoo,AmitKumar,MotherHub_NDC,BRSNR,FaridabadHub_DEL_PL,PH-B3-NCRNDC-6325164,expected,OPENED,26-09-2026 00:51,Arvind Bansal (DNCR)
26-09-2026,26-09-2026,FMPP4298079567,GandhinagarHub_DEL_PL,iSMART TECHNOLOGY +919910092789,jrhisxhmn5uhk3gx,received_at_mh,North,TRUEFLEX,815942,TRUEFLEX,NeevBhatia,MotherHub_NDC,BRSNR,GandhinagarHub_DEL_PL,PH-B3-NCRNDC-4918225,expected,OPENED,26-09-2026 05:01,Arvind Bansal (DNCR)
26-09-2026,26-09-2026,FMPC6526913564,GandhinagarHub_DEL_PL,ZENY INNERWEARS +919717589386,96d5714d0ef44623,dispatched_to_mh,North,LMA,1.00E+11,#N/A,#N/A,MotherHub_NDC,BRSNR,GandhinagarHub_DEL_PL,PH-B3-NCRNDC-6320217,expected,OPENED,26-09-2026 06:00,Arvind Bansal (DNCR)
26-09-2026,26-09-2026,FMPC6528378915,FaridabadHub_DEL_PL,JAI SHRI SHYAM ENTERPRISES +917895286567,8b06f6362fe74640,received_at_mh,North,TRUEFLEX,919114,TRUEFLEX,IshuGautam,MotherHub_NDC,BRSNR,FaridabadHub_DEL_PL,PH-B3-NCRNDC-6319738,expected,OPENED,25-09-2026 23:56,Arvind Bansal (DNCR)
26-09-2026,26-09-2026,FMPC6527754513,GandhinagarHub_DEL_PL,WAZI ALUMINIUM WORKS +917836923325,ccc6565c20f342ba,dispatched_to_mh,North,LMA,1.00E+11,#N/A,#N/A,MotherHub_NDC,BRSNR,GandhinagarHub_DEL_PL,PH-B3-NCRNDC-6320214,expected,OPENED,26-09-2026 06:02,Arvind Bansal (DNCR)
26-09-2026,26-09-2026,FMPC6528764691,GurgaonHub_DEL_PL,GROOM TOWN PRIVATE LIMITED +917428980180,143a6180c82045c3,dispatched_to_mh,North,LMA,3143363,#N/A,#N/A,MotherHub_NDC,BRSNR,GurgaonHub_DEL_PL,PH-B3-NCRNDC-6318921,expected,OPENED,26-09-2026 01:01,Arvind Bansal (DNCR)
26-09-2026,26-09-2026,FMPP4298383160,GandhinagarHub_DEL_PL,HIba +919718819941,a176e096c8964caf,received_at_mh,North,LMA,1.00E+11,AADIYOGI LOGISTIC PRIVATE LIMITED,VikasKumar,MotherHub_NDC,BRSNR,GandhinagarHub_DEL_PL,PH-B3-NCRNDC-6040658,expected,OPENED,26-09-2026 05:40,Arvind Bansal (DNCR)
26-09-2026,26-09-2026,FMPC6529828762,GurgaonHub_DEL_PL,ZREYASA CONSUMERS LLP +919711302696,b69cb805f3084a59,received_at_mh,North,LMA,1.00E+11,#N/A,#N/A,MotherHub_NDC,BRSNR,GurgaonHub_DEL_PL,PH-B3-NCRNDC-5692050,expected,OPENED,26-09-2026 02:29,Arvind Bansal (DNCR)
26-09-2026,26-09-2026,FMPP4296870463,GandhinagarHub_DEL_PL,HIba +919718819941,a176e096c8964caf,received_at_mh,North,LMA,1.00E+11,AADIYOGI LOGISTIC PRIVATE LIMITED,VikasKumar,MotherHub_NDC,BRSNR,GandhinagarHub_DEL_PL,PH-B3-NCRNDC-6040658,expected,OPENED,26-09-2026 05:40,Arvind Bansal (DNCR)
26-09-2026,26-09-2026,FMPP4296617852,FaridabadHub_DEL_PL,KOTTY LIFESTYLE PVT LTD 8510022244,qsm29nukm5dhxgl9,dispatched_to_mh,North,TRUEFLEX,600195,TRUEFLEX,VikashYadav,MotherHub_NDC,BRSNR,FaridabadHub_DEL_PL,PH-B3-NCRNDC-6318039,expected,OPENED,25-09-2026 23:56,Arvind Bansal (DNCR)
26-09-2026,26-09-2026,FMPC6527137608,GurgaonHub_DEL_PL,MANASH E-COMMERCE PRIVATE LIMITED 7982788052,2d9c5e5bc4ba4748,received_at_mh,North,EKART,4367439,EKART,,MotherHub_NDC,BRSNR,GurgaonHub_DEL_PL,PH-B3-NCRNDC-6313815,expected,OPENED,26-09-2026 02:46,Arvind Bansal (DNCR)
26-09-2026,26-09-2026,FMPC6527873244,GandhinagarHub_DEL_PL,MAYKR INDUSTRIES +919899968954,3bdebf9f24554bff,dispatched_to_mh,North,LMA,1.00E+11,WHEELEY,Manish,MotherHub_NDC,BRSNR,GandhinagarHub_DEL_PL,PH-B3-NCRNDC-6128089,expected,OPENED,26-09-2026 04:31,Arvind Bansal (DNCR)
26-09-2026,26-09-2026,FMPC6529382004,GandhinagarHub_DEL_PL,HIba +919718819941,a176e096c8964caf,received_at_mh,North,LMA,1.00E+11,AADIYOGI LOGISTIC PRIVATE LIMITED,VikasKumar,MotherHub_NDC,BRSNR,GandhinagarHub_DEL_PL,PH-B3-NCRNDC-6040658,expected,OPENED,26-09-2026 05:40,Arvind Bansal (DNCR)
26-09-2026,26-09-2026,FMPC6529607717,GurgaonHub_DEL_PL,Wellversed Health Private Limited +919205093359,29fd1ffa68b94e77,received_at_mh,North,LMA,1.00E+11,#N/A,#N/A,MotherHub_NDC,Mixbagging,GurgaonHub_DEL_PL,PH-B3-NCRNDC-6164265,expected,OPENED,26-09-2026 01:02,Arvind Bansal (DNCR)
26-09-2026,26-09-2026,MYEP1137534341,GurgaonHub_DEL_PL,MYE : ROMANA HERBAL CARE PVT LTD PPMP 8929119777,MYE_2226875e2b49f7a505ece06ac8c3cef0,dispatched_to_mh,North,LMA,1.00E+11,#N/A,#N/A,MotherHub_NDC,BRSNR,GurgaonHub_DEL_PL,PH-B3-NCRNDC-6162791,expected,OPENED,26-09-2026 02:28,Arvind Bansal (DNCR)
26-09-2026,26-09-2026,FMPC6527181819,GandhinagarHub_DEL_PL,HIba +919718819941,a176e096c8964caf,received_at_mh,North,LMA,1.00E+11,AADIYOGI LOGISTIC PRIVATE LIMITED,VikasKumar,MotherHub_NDC,BRSNR,GandhinagarHub_DEL_PL,PH-B3-NCRNDC-6040658,expected,OPENED,26-09-2026 05:40,Arvind Bansal (DNCR)
26-09-2026,26-09-2026,FMPP4297510677,GandhinagarHub_DEL_PL,ssfashion +919871485924,50640c35948b43db,dispatched_to_mh,North,LMA,1.00E+11,#N/A,#N/A,MotherHub_NDC,BRSNR,GandhinagarHub_DEL_PL,PH-B3-NCRNDC-6320220,expected,OPENED,26-09-2026 05:33,Arvind Bansal (DNCR)
26-09-2026,26-09-2026,LSHC0036699660,GurgaonHub_DEL_PL,LSH : Customer Support 9810078887,LSH_116802f3b7d87ed0a8d52b9f8b7490e3,dispatched_to_mh,North,LMA,1.00E+11,#N/A,#N/A,MotherHub_NDC,BRSNR,GurgaonHub_DEL_PL,PH-B3-NCRNDC-6162791,expected,OPENED,26-09-2026 02:28,Arvind Bansal (DNCR)
26-09-2026,26-09-2026,FMPC6529429813,GandhinagarHub_DEL_PL,shiva retails +919971111721,ab631acdb2204a0d,dispatched_to_mh,North,TRUEFLEX,815942,TRUEFLEX,NeevBhatia,MotherHub_NDC,BRSNR,GandhinagarHub_DEL_PL,PH-B3-NCRNDC-6275839,expected,OPENED,26-09-2026 04:32,Arvind Bansal (DNCR)
26-09-2026,26-09-2026,FMPP4298207163,GandhinagarHub_DEL_PL,HIba +919718819941,a176e096c8964caf,received_at_mh,North,LMA,1.00E+11,AADIYOGI LOGISTIC PRIVATE LIMITED,VikasKumar,MotherHub_NDC,BRSNR,GandhinagarHub_DEL_PL,PH-B3-NCRNDC-6040658,expected,OPENED,26-09-2026 05:40,Arvind Bansal (DNCR)
26-09-2026,26-09-2026,FMPP4297174287,FaridabadHub_DEL_PL,LS PRODUCTION +919891714175,98a019ec71294e07,received_at_mh,North,TRUEFLEX,753040,TRUEFLEX,LuckySaini,MotherHub_NDC,BRSNR,FaridabadHub_DEL_PL,PH-B3-NCRNDC-6328849,expected,OPENED,26-09-2026 00:20,Arvind Bansal (DNCR)
26-09-2026,26-09-2026,FMPP4296612621,GandhinagarHub_DEL_PL,HIba +919718819941,a176e096c8964caf,received_at_mh,North,LMA,1.00E+11,AADIYOGI LOGISTIC PRIVATE LIMITED,VikasKumar,MotherHub_NDC,BRSNR,GandhinagarHub_DEL_PL,PH-B3-NCRNDC-6040658,expected,OPENED,26-09-2026 05:40,Arvind Bansal (DNCR)
26-09-2026,26-09-2026,FMPC6527759882,GandhinagarHub_DEL_PL,KASHISH CREATION +918287395131,4d47839e89af4cbb,dispatched_to_mh,North,LMA,1.00E+11,#N/A,#N/A,MotherHub_NDC,BRSNR,GandhinagarHub_DEL_PL,PH-B3-NCRNDC-6318424,expected,OPENED,26-09-2026 05:17,Arvind Bansal (DNCR)
26-09-2026,26-09-2026,FMPC6528364143,GandhinagarHub_DEL_PL,YUVAN ENTERPRISES +917428843014,cd593fd1ff2f4215,dispatched_to_mh,North,LMA,1.00E+11,WHEELEY,Manish,MotherHub_NDC,BRSNR,GandhinagarHub_DEL_PL,PH-B3-NCRNDC-6128089,expected,OPENED,26-09-2026 04:31,Arvind Bansal (DNCR)
26-09-2026,26-09-2026,FMPC6527948138,GandhinagarHub_DEL_PL,Shambhu Enterprises +919315222373,c00f62153fac4f61,received_at_mh,North,TRUEFLEX,1398630,TRUEFLEX,#N/A,MotherHub_NDC,BRSNR,GandhinagarHub_DEL_PL,PH-B3-NCRNDC-6174682,expected,OPENED,26-09-2026 04:49,Arvind Bansal (DNCR)
26-09-2026,26-09-2026,FMPC6527181880,GandhinagarHub_DEL_PL,HIba +919718819941,a176e096c8964caf,received_at_mh,North,LMA,1.00E+11,AADIYOGI LOGISTIC PRIVATE LIMITED,VikasKumar,MotherHub_NDC,BRSNR,GandhinagarHub_DEL_PL,PH-B3-NCRNDC-6040658,expected,OPENED,26-09-2026 05:40,Arvind Bansal (DNCR)
26-09-2026,26-09-2026,FMPC6527789066,GandhinagarHub_DEL_PL,Aric Retail India +919868864466,968405c4454a4d52,dispatched_to_mh,North,TRUEFLEX,1398630,TRUEFLEX,#N/A,MotherHub_NDC,BRSNR,GandhinagarHub_DEL_PL,PH-B3-NCRNDC-6174682,expected,OPENED,26-09-2026 04:49,Arvind Bansal (DNCR)
26-09-2026,26-09-2026,FMPC6527926311,GurgaonHub_DEL_PL,BRIGWEAR FASHION LLP +917428417140,e521275ef3d347e2,received_at_mh,North,LMA,1.00E+11,#N/A,#N/A,MotherHub_NDC,BRSNR,GurgaonHub_DEL_PL,PH-B3-NCRNDC-5692050,expected,OPENED,26-09-2026 02:29,Arvind Bansal (DNCR)
26-09-2026,26-09-2026,FMPC6529728661,GandhinagarHub_DEL_PL,SHARAZ TRADERS +918810476657,0e3caadf4ab44dc3,dispatched_to_mh,North,TRUEFLEX,815942,TRUEFLEX,NeevBhatia,MotherHub_NDC,BRSNR,GandhinagarHub_DEL_PL,PH-B3-NCRNDC-6154100,expected,OPENED,26-09-2026 05:08,Arvind Bansal (DNCR)
26-09-2026,26-09-2026,FMPC6528445946,GandhinagarHub_DEL_PL,AVARNIO INDUSTRIES PRIVATE LIMITED +917835043622,7b674d31d98549a5,dispatched_to_mh,North,LMA,1.00E+11,Greenteck Logistics and Mobility Pvt Ltd,AvinashKumar,MotherHub_NDC,BRSNR,GandhinagarHub_DEL_PL,PH-B3-NCRNDC-6327105,expected,OPENED,26-09-2026 05:19,Arvind Bansal (DNCR)
26-09-2026,26-09-2026,FMPC6529658655,GandhinagarHub_DEL_PL,ssfashion +919871485924,50640c35948b43db,dispatched_to_mh,North,LMA,1.00E+11,#N/A,#N/A,MotherHub_NDC,BRSNR,GandhinagarHub_DEL_PL,PH-B3-NCRNDC-6320216,expected,OPENED,26-09-2026 05:17,Arvind Bansal (DNCR)
26-09-2026,26-09-2026,LSHC0036977071,GandhinagarHub_DEL_PL,LSH : Naksh bhalla 9268382920,LSH_af24e5b9fb8f55197b891e1b68f8ab07,dispatched_to_mh,North,TRUEFLEX,590128,TRUEFLEX,KapilMuni,MotherHub_NDC,BRSNR,GandhinagarHub_DEL_PL,PH-B3-NCRNDC-6275781,expected,OPENED,26-09-2026 05:16,Arvind Bansal (DNCR)
26-09-2026,26-09-2026,FMPP4298548241,GurgaonHub_DEL_PL,Wellversed Health Private Limited +919205093359,29fd1ffa68b94e77,received_at_mh,North,LMA,1.00E+11,#N/A,#N/A,MotherHub_NDC,BRSNR,GurgaonHub_DEL_PL,PH-B3-NCRNDC-6281500,expected,OPENED,26-09-2026 00:49,Arvind Bansal (DNCR)
26-09-2026,26-09-2026,FMPC6527980129,GandhinagarHub_DEL_PL,Shambhu Enterprises +919315222373,c00f62153fac4f61,dispatched_to_mh,North,TRUEFLEX,1398630,TRUEFLEX,#N/A,MotherHub_NDC,BRSNR,GandhinagarHub_DEL_PL,PH-B3-NCRNDC-6174682,expected,OPENED,26-09-2026 04:49,Arvind Bansal (DNCR)
26-09-2026,26-09-2026,FMPP4298306719,FaridabadHub_DEL_PL,K.G.OVERSEAS PRIVATE LIMITED +919599791037,dc7becc7099d43b1,received_at_mh,North,EKART,3812136,EKART,,MotherHub_NDC,Mixbagging,FaridabadHub_DEL_PL,PH-B3-NCRNDC-6321065,expected,OPENED,26-09-2026 00:31,Arvind Bansal (DNCR)
26-09-2026,26-09-2026,FMPC6527181814,GandhinagarHub_DEL_PL,HIba +919718819941,a176e096c8964caf,dispatched_to_mh,North,LMA,1.00E+11,AADIYOGI LOGISTIC PRIVATE LIMITED,VikasKumar,MotherHub_NDC,BRSNR,GandhinagarHub_DEL_PL,PH-B3-NCRNDC-6040658,expected,OPENED,26-09-2026 05:40,Arvind Bansal (DNCR)
26-09-2026,26-09-2026,FMPC6527875906,GurgaonHub_DEL_PL,SARU COLLECTION +917015372438,24657ecc032f42f8,received_at_mh,North,EKART,4367439,EKART,,MotherHub_NDC,BRSNR,GurgaonHub_DEL_PL,PH-B3-NCRNDC-6320369,expected,OPENED,26-09-2026 01:02,Arvind Bansal (DNCR)
26-09-2026,26-09-2026,FMPP4297655273,FaridabadHub_DEL_PL,JSS TRADING +918076459289,f1a46ec1e60f48d1,received_at_mh,North,EKART,3812136,EKART,,MotherHub_NDC,BRSNR,FaridabadHub_DEL_PL,PH-B3-NCRNDC-6311982,expected,OPENED,26-09-2026 00:47,Arvind Bansal (DNCR)
26-09-2026,26-09-2026,FMPC6529041934,GandhinagarHub_DEL_PL,Grabngogo +919211596804,db7f68a86e7d4427,dispatched_to_mh,North,LMA,1.00E+11,WHEELEY,Manish,MotherHub_NDC,BRSNR,GandhinagarHub_DEL_PL,PH-B3-NCRNDC-6316563,expected,OPENED,26-09-2026 04:35,Arvind Bansal (DNCR)
26-09-2026,26-09-2026,FMPC6528026476,GandhinagarHub_DEL_PL,HIba +919718819941,a176e096c8964caf,received_at_mh,North,LMA,1.00E+11,AADIYOGI LOGISTIC PRIVATE LIMITED,VikasKumar,MotherHub_NDC,BRSNR,GandhinagarHub_DEL_PL,PH-B3-NCRNDC-6040658,expected,OPENED,26-09-2026 05:40,Arvind Bansal (DNCR)
26-09-2026,26-09-2026,FMPP4298451259,FaridabadHub_DEL_PL,SHOPLEX RETAIL PRIVATE LIMITED 6202291960,b8516b7a330b4674,received_at_mh,North,EKART,3870559,EKART,,MotherHub_NDC,BRSNR,FaridabadHub_DEL_PL,PH-B3-NCRNDC-6316450,expected,OPENED,26-09-2026 00:58,Arvind Bansal (DNCR)
26-09-2026,26-09-2026,FMPP4297330173,GandhinagarHub_DEL_PL,HIba +919718819941,a176e096c8964caf,received_at_mh,North,LMA,1.00E+11,AADIYOGI LOGISTIC PRIVATE LIMITED,VikasKumar,MotherHub_NDC,BRSNR,GandhinagarHub_DEL_PL,PH-B3-NCRNDC-6040658,expected,OPENED,26-09-2026 05:40,Arvind Bansal (DNCR)
26-09-2026,26-09-2026,FMPC6524866170,GandhinagarHub_DEL_PL,JARIYAH INTERNATIONAL +918447452580,72cffddf32d44f82,received_at_mh,North,TRUEFLEX,606194,TRUEFLEX,Subham,MotherHub_NDC,BRSNR,GandhinagarHub_DEL_PL,PH-B3-NCRNDC-5859386,expected,OPENED,26-09-2026 06:03,Arvind Bansal (DNCR)
26-09-2026,26-09-2026,FMPC6526649407,GandhinagarHub_DEL_PL,HIba +919718819941,a176e096c8964caf,received_at_mh,North,LMA,1.00E+11,AADIYOGI LOGISTIC PRIVATE LIMITED,VikasKumar,MotherHub_NDC,BRSNR,GandhinagarHub_DEL_PL,PH-B3-NCRNDC-6040658,expected,OPENED,26-09-2026 05:40,Arvind Bansal (DNCR)
26-09-2026,26-09-2026,FMPC6529607127,GurgaonHub_DEL_PL,Wellversed Health Private Limited +919205093359,29fd1ffa68b94e77,received_at_mh,North,LMA,1.00E+11,#N/A,#N/A,MotherHub_NDC,Mixbagging,GurgaonHub_DEL_PL,PH-B3-NCRNDC-6164265,expected,OPENED,26-09-2026 01:02,Arvind Bansal (DNCR)
26-09-2026,26-09-2026,FMPC6528729901,GurgaonHub_DEL_PL,Casotec E-Retail Private Limited 9818991551,531025795c9b4e95,dispatched_to_mh,North,LMA,3143363,#N/A,#N/A,MotherHub_NDC,BRSNR,GurgaonHub_DEL_PL,PH-B3-NCRNDC-6276745,expected,OPENED,26-09-2026 02:09,Arvind Bansal (DNCR)
26-09-2026,26-09-2026,FMPC6527708242,GandhinagarHub_DEL_PL,HIba +919718819941,a176e096c8964caf,received_at_mh,North,LMA,1.00E+11,AADIYOGI LOGISTIC PRIVATE LIMITED,VikasKumar,MotherHub_NDC,BRSNR,GandhinagarHub_DEL_PL,PH-B3-NCRNDC-6040658,expected,OPENED,26-09-2026 05:40,Arvind Bansal (DNCR)
26-09-2026,26-09-2026,FMPC6527181646,GandhinagarHub_DEL_PL,HIba +919718819941,a176e096c8964caf,received_at_mh,North,LMA,1.00E+11,AADIYOGI LOGISTIC PRIVATE LIMITED,VikasKumar,MotherHub_NDC,BRSNR,GandhinagarHub_DEL_PL,PH-B3-NCRNDC-6040658,expected,OPENED,26-09-2026 05:40,Arvind Bansal (DNCR)
26-09-2026,26-09-2026,FMPC6527390207,GandhinagarHub_DEL_PL,HIba +919718819941,a176e096c8964caf,received_at_mh,North,LMA,1.00E+11,AADIYOGI LOGISTIC PRIVATE LIMITED,VikasKumar,MotherHub_NDC,BRSNR,GandhinagarHub_DEL_PL,PH-B3-NCRNDC-6040658,expected,OPENED,26-09-2026 05:40,Arvind Bansal (DNCR)
26-09-2026,26-09-2026,SRSC8897969736,GandhinagarHub_DEL_PL,SRS : raji 7982300352,SRS_afcd18c9c012c29d797f85be38986863,dispatched_to_mh,North,TRUEFLEX,590128,TRUEFLEX,KapilMuni,MotherHub_NDC,BRSNR,GandhinagarHub_DEL_PL,PH-B3-NCRNDC-6275781,expected,OPENED,26-09-2026 05:16,Arvind Bansal (DNCR)
26-09-2026,26-09-2026,SDLP1014077584,GandhinagarHub_DEL_PL,SDL : MAYKR INDUSTRIES 9625186410,SDL_70187e9421fa2b0d6b68e7ba48d43161,dispatched_to_mh,North,LMA,1.00E+11,WHEELEY,Manish,MotherHub_NDC,BRSNR,GandhinagarHub_DEL_PL,PH-B3-NCRNDC-6128089,expected,OPENED,26-09-2026 04:31,Arvind Bansal (DNCR)
26-09-2026,26-09-2026,FMPC6529248172,GurgaonHub_DEL_PL,NATUROHABIT PRIVATE LIMITED 9818224905,832e4d0dc8f94c7f,received_at_mh,North,LMA,3143363,#N/A,#N/A,MotherHub_NDC,BRSNR,GurgaonHub_DEL_PL,PH-B3-NCRNDC-6079479,expected,OPENED,26-09-2026 02:23,Arvind Bansal (DNCR)
26-09-2026,26-09-2026,FMPC6528294530,GandhinagarHub_DEL_PL,RV ENTERPRISES +919217750809,5f4b55061d5749ce,received_at_mh,North,LMA,1.00E+11,Greenteck Logistics and Mobility Pvt Ltd,AvinashKumar,MotherHub_NDC,BRSNR,GandhinagarHub_DEL_PL,PH-B3-NCRNDC-6307835,expected,OPENED,26-09-2026 05:42,Arvind Bansal (DNCR)
26-09-2026,26-09-2026,FMPP4297392502,GandhinagarHub_DEL_PL,Zenvix Hub +918076771452,6d02bb1d5a3f41c3,dispatched_to_mh,North,LMA,1.00E+11,AADIYOGI LOGISTIC PRIVATE LIMITED,VikasKumar,MotherHub_NDC,BRSNR,GandhinagarHub_DEL_PL,PH-B3-NCRNDC-6317371,expected,OPENED,26-09-2026 05:33,Arvind Bansal (DNCR)
26-09-2026,26-09-2026,SRSC8919429423,GandhinagarHub_DEL_PL,SRS : raji 7982300352,SRS_afcd18c9c012c29d797f85be38986863,received_at_mh,North,TRUEFLEX,590128,TRUEFLEX,KapilMuni,MotherHub_NDC,BRSNR,GandhinagarHub_DEL_PL,PH-B3-NCRNDC-6275781,expected,OPENED,26-09-2026 05:16,Arvind Bansal (DNCR)
26-09-2026,26-09-2026,MYEP1137558536,FaridabadHub_DEL_PL,MYE : AAYU CREATION PRIVATE LIMITED_PPMP_CDRA 9289424701,MYE_4778483c4c2d3e7b836a6fe730b49329,dispatched_to_mh,North,TRUEFLEX,600195,TRUEFLEX,VikashYadav,MotherHub_NDC,BRSNR,FaridabadHub_DEL_PL,PH-B3-NCRNDC-6318035,expected,OPENED,26-09-2026 00:00,Arvind Bansal (DNCR)
26-09-2026,26-09-2026,FMPP4298672603,GandhinagarHub_DEL_PL,Anvil Watches +919891656295,a48f73d01f984ac1,received_at_mh,North,LMA,1.00E+11,AADIYOGI LOGISTIC PRIVATE LIMITED,VikasKumar,MotherHub_NDC,BRSNR,GandhinagarHub_DEL_PL,PH-B3-NCRNDC-6317371,expected,OPENED,26-09-2026 05:33,Arvind Bansal (DNCR)
26-09-2026,26-09-2026,FMPC6527462714,GandhinagarHub_DEL_PL,HIba +919718819941,a176e096c8964caf,received_at_mh,North,LMA,1.00E+11,AADIYOGI LOGISTIC PRIVATE LIMITED,VikasKumar,MotherHub_NDC,BRSNR,GandhinagarHub_DEL_PL,PH-B3-NCRNDC-6040658,expected,OPENED,26-09-2026 05:40,Arvind Bansal (DNCR)
26-09-2026,26-09-2026,FMPP4296811946,KanjhawalaHub_DEL_PL,Rastinss Aura +918375072025,654d09da59414a33,received_at_mh,North,LMA,1.00E+11,Fastbeetle service,GulzarHusain,MotherHub_NDC,BRSNR,KanjhawalaHub_DEL_PL,PH-B3-NCRNDC-6335809,expected,OPENED,26-09-2026 04:31,Arvind Bansal (DNCR)
26-09-2026,26-09-2026,FMPP4298519899,KanjhawalaHub_DEL_PL,RANDOM ENTERPRISES +918938891333,29c8bf6a43ff48e6,received_at_mh,North,LMA,1.00E+11,#N/A,#N/A,MotherHub_NDC,BRSNR,KanjhawalaHub_DEL_PL,PH-B3-NCRNDC-6338320,expected,OPENED,26-09-2026 03:54,Arvind Bansal (DNCR)
26-09-2026,26-09-2026,FMPP4296702751,KanjhawalaHub_DEL_PL,Rastinss Aura +918375072025,654d09da59414a33,received_at_mh,North,LMA,1.00E+11,Fastbeetle service,GulzarHusain,MotherHub_NDC,BRSNR,KanjhawalaHub_DEL_PL,PH-B3-NCRNDC-6335809,expected,OPENED,26-09-2026 04:31,Arvind Bansal (DNCR)
26-09-2026,26-09-2026,FMPP4296805574,KanjhawalaHub_DEL_PL,Rastinss Aura +918375072025,654d09da59414a33,received_at_mh,North,LMA,1.00E+11,Fastbeetle service,GulzarHusain,MotherHub_NDC,BRSNR,KanjhawalaHub_DEL_PL,PH-B3-NCRNDC-6335809,expected,OPENED,26-09-2026 04:31,Arvind Bansal (DNCR)
26-09-2026,26-09-2026,FMPP4296172552,KanjhawalaHub_DEL_PL,Rastinss Aura +918375072025,654d09da59414a33,received_at_mh,North,LMA,1.00E+11,Fastbeetle service,GulzarHusain,MotherHub_NDC,BRSNR,KanjhawalaHub_DEL_PL,PH-B3-NCRNDC-6335809,expected,OPENED,26-09-2026 04:31,Arvind Bansal (DNCR)
26-09-2026,26-09-2026,FMPC6527635404,KanakpuraRdHub_BLR_PL,The One Store +917204441444,5a6ba2b3d6ee40ee,dispatched_to_mh,South,LMA,1.00E+11,WERCATALYST VENTURES PVT LTD,Shivashankar,Motherhub_BLR_Flex,BRSNR,KanakpuraRdHub_BLR_PL,PH-B4-BLRBLX-707763,expected,OPENED,25-09-2026 23:59,Anwar Babu Maldar
26-09-2026,26-09-2026,FMPP4298435822,KalyanNagarHub_BLR_PL,EDEN BLOOM +916366141530,88402de90ad0440d,dispatched_to_mh,South,EKART,4386733,EKART,,Motherhub_BLR_Flex,BRSNR,KalyanNagarHub_BLR_PL,PH-B4-BLRBLX-449775,expected,OPENED,26-09-2026 00:40,Anwar Babu Maldar
26-09-2026,26-09-2026,FMPP4296960775,KalyanNagarHub_BLR_PL,MICROSIDD INDIA 7795580199,cae1d84f630e4c26,dispatched_to_mh,South,EKART,4381376,EKART,,Motherhub_BLR_Flex,BRSNR,KalyanNagarHub_BLR_PL,PH-B2-BLRBLX-723692,expected,OPENED,26-09-2026 00:26,Anwar Babu Maldar
26-09-2026,26-09-2026,FMPP4294987802,KanakpuraRdHub_BLR_PL,3 Tech Enterprises +918892203041,0b43d825156045cc,dispatched_to_mh,South,LMA,1.00E+11,#N/A,#N/A,Motherhub_BLR_Flex,BRSNR,KanakpuraRdHub_BLR_PL,PH-B4-BLRBLX-684815,expected,OPENED,26-09-2026 00:07,Anwar Babu Maldar
26-09-2026,26-09-2026,FMPC6527185674,KanjhawalaHub_DEL_PL,Rastinss Aura +918375072025,654d09da59414a33,received_at_mh,North,LMA,1.00E+11,Fastbeetle service,GulzarHusain,MotherHub_NDC,BRSNR,KanjhawalaHub_DEL_PL,PH-B3-NCRNDC-6335809,expected,OPENED,26-09-2026 04:31,Arvind Bansal (DNCR)
26-09-2026,26-09-2026,FMPC6529432200,JasolaHub_DEL_PL,Aim Emporium +919654132303,0983fb0538dd4447,received_at_mh,North,TRUEFLEX,1202119,TRUEFLEX,MohammadZaid,MotherHub_NDC,BRSNR,JasolaHub_DEL_PL,PH-B3-NCRNDC-6322528,expected,OPENED,26-09-2026 01:58,Arvind Bansal (DNCR)
26-09-2026,26-09-2026,MYEC1120322723,JaipurHub_JAI_PL,MYE : WOVEN EARTH RAJASTHAN PPMP 6367569624,MYE_b2d5e406606c5757dfaa656497154e49,received_at_mh,North,LMA,1.00E+11,Transwide Express,DashrathIndoriya,Motherhub_JAI_BTS,BRSNR,JaipurHub_JAI_PL,PH-B3-JAIBTS-23631873,expected,OPENED,25-09-2026 18:36,Akash Sharma
26-09-2026,26-09-2026,FMPC6526142796,KanjhawalaHub_DEL_PL,Rastinss Aura +918375072025,654d09da59414a33,received_at_mh,North,LMA,1.00E+11,Fastbeetle service,GulzarHusain,MotherHub_NDC,BRSNR,KanjhawalaHub_DEL_PL,PH-B3-NCRNDC-6335809,expected,OPENED,26-09-2026 04:31,Arvind Bansal (DNCR)
26-09-2026,26-09-2026,FMPC6528168999,KanakpuraRdHub_BLR_PL,The One Store +917204441444,5a6ba2b3d6ee40ee,dispatched_to_mh,South,LMA,1.00E+11,WERCATALYST VENTURES PVT LTD,Shivashankar,Motherhub_BLR_Flex,BRSNR,KanakpuraRdHub_BLR_PL,PH-B4-BLRBLX-707763,expected,OPENED,25-09-2026 23:59,Anwar Babu Maldar
26-09-2026,26-09-2026,FMPC6529601248,KanjhawalaHub_DEL_PL,Elleva Enterprises +919560163791,55c2ab91a5454be0,dispatched_to_mh,North,TRUEFLEX,905102,TRUEFLEX,SanjeshRajput,MotherHub_NDC,BRSNR,KanjhawalaHub_DEL_PL,PH-B3-NCRNDC-6338968,expected,OPENED,26-09-2026 03:37,Arvind Bansal (DNCR)
26-09-2026,26-09-2026,FMPP4297570067,KanakpuraRdHub_BLR_PL,The One Store +917204441444,5a6ba2b3d6ee40ee,dispatched_to_mh,South,LMA,1.00E+11,WERCATALYST VENTURES PVT LTD,Shivashankar,Motherhub_BLR_Flex,BRSNR,KanakpuraRdHub_BLR_PL,PH-B2-BLRBLX-639872,expected,OPENED,26-09-2026 00:02,Anwar Babu Maldar
26-09-2026,26-09-2026,FMPC6524565894,IPextension_DEL_PL,ATF ENTERPRISES +919354853975,17766f03541144e0,dispatched_to_mh,North,LMA,1.00E+11,AADIYOGI LOGISTIC PRIVATE LIMITED,Shivam,MotherHub_NDC,BRSNR,IPextension_DEL_PL,PH-B3-NCRNDC-6325445,expected,OPENED,26-09-2026 02:28,Arvind Bansal (DNCR)
26-09-2026,26-09-2026,FMPP4296833928,KanjhawalaHub_DEL_PL,Rastinss Aura +918375072025,654d09da59414a33,received_at_mh,North,LMA,1.00E+11,Fastbeetle service,GulzarHusain,MotherHub_NDC,BRSNR,KanjhawalaHub_DEL_PL,PH-B3-NCRNDC-6335809,expected,OPENED,26-09-2026 04:31,Arvind Bansal (DNCR)
26-09-2026,26-09-2026,FMPC6528163251,KanjhawalaHub_DEL_PL,FLAMES ENTERPRISES +918285023475,04504334a88b4630,dispatched_to_mh,North,LMA,1.00E+11,#N/A,#N/A,MotherHub_NDC,BRSNR,KanjhawalaHub_DEL_PL,PH-B3-NCRNDC-6297781,expected,OPENED,26-09-2026 04:00,Arvind Bansal (DNCR)
26-09-2026,26-09-2026,FMPC6527284691,IPextension_DEL_PL,A.R ENTERPRISES +919211548707,f0f7e7fc9c2c43a8,dispatched_to_mh,North,TRUEFLEX,754804,TRUEFLEX,VipinKumar,MotherHub_NDC,BRSNR,IPextension_DEL_PL,PH-B3-NCRNDC-6325349,expected,OPENED,26-09-2026 02:00,Arvind Bansal (DNCR)
26-09-2026,26-09-2026,FMPP4297119759,KanjhawalaHub_DEL_PL,Rastinss Aura +918375072025,654d09da59414a33,received_at_mh,North,LMA,1.00E+11,Fastbeetle service,GulzarHusain,MotherHub_NDC,BRSNR,KanjhawalaHub_DEL_PL,PH-B3-NCRNDC-6335809,expected,OPENED,26-09-2026 04:31,Arvind Bansal (DNCR)
26-09-2026,26-09-2026,FMPC6528496287,IPextension_DEL_PL,DREAM ENTERPRISES +919971344070,c0eb6984513c41c7,received_at_mh,North,EKART,4232064,EKART,,MotherHub_NDC,BRSNR,IPextension_DEL_PL,PH-B3-NCRNDC-6329938,expected,OPENED,26-09-2026 06:22,Arvind Bansal (DNCR)
26-09-2026,26-09-2026,FMPC6530110578,JiganiHub_BLR_PL,CLASSIC CREATION +919632079792,777a10c11bce4c5b,received_at_mh,South,LMA,1.00E+11,WERCATALYST VENTURES PVT LTD,Manas KumarPalai,Motherhub_BLR_Flex,BRSNR,JiganiHub_BLR_PL,PH-B2-BLRBLX-705192,expected,OPENED,25-09-2026 23:57,Anwar Babu Maldar
26-09-2026,26-09-2026,FMPP4297114724,KanakpuraRdHub_BLR_PL,The One Store +917204441444,5a6ba2b3d6ee40ee,dispatched_to_mh,South,LMA,1.00E+11,WERCATALYST VENTURES PVT LTD,Shivashankar,Motherhub_BLR_Flex,BRSNR,KanakpuraRdHub_BLR_PL,PH-B4-BLRBLX-707763,expected,OPENED,25-09-2026 23:59,Anwar Babu Maldar
26-09-2026,26-09-2026,FMPC6527064527,KanjhawalaHub_DEL_PL,Rastinss Aura +918375072025,654d09da59414a33,received_at_mh,North,LMA,1.00E+11,Fastbeetle service,GulzarHusain,MotherHub_NDC,BRSNR,KanjhawalaHub_DEL_PL,PH-B3-NCRNDC-6335809,expected,OPENED,26-09-2026 04:31,Arvind Bansal (DNCR)
26-09-2026,26-09-2026,FMPC6527564972,KanjhawalaHub_DEL_PL,LUJAFUHL INTERNATIONAL +917303896346,32c13ba2237547ce,dispatched_to_mh,North,LMA,1.00E+11,#N/A,#N/A,MotherHub_NDC,BRSNR,KanjhawalaHub_DEL_PL,PH-B3-NCRNDC-6338308,expected,OPENED,26-09-2026 03:39,Arvind Bansal (DNCR)
26-09-2026,26-09-2026,FMPP4298194757,JasolaHub_DEL_PL,BLARY FASHION PLANET +919540281504,f793aef642854ac9,dispatched_to_mh,North,TRUEFLEX,884069,TRUEFLEX,KuldeepBhadana,MotherHub_NDC,BRSNR,JasolaHub_DEL_PL,PH-B3-NCRNDC-6321970,expected,OPENED,26-09-2026 01:56,Arvind Bansal (DNCR)
26-09-2026,26-09-2026,FMPC6528159636,IPextension_DEL_PL,Reyansh & Company +919871597406,06363f0b48334c70,received_at_mh,North,TRUEFLEX,1241643,TRUEFLEX,Anmol,MotherHub_NDC,BRSNR,IPextension_DEL_PL,PH-B3-NCRNDC-6330010,expected,OPENED,26-09-2026 01:57,Arvind Bansal (DNCR)
26-09-2026,26-09-2026,FMPP4296820399,JasolaHub_DEL_PL,FURNISH ME +918744090265,934f603b84114db3,dispatched_to_mh,North,TRUEFLEX,4380874,TRUEFLEX,#N/A,MotherHub_NDC,BRSNR,JasolaHub_DEL_PL,PH-B3-NCRNDC-6302286,expected,OPENED,26-09-2026 01:58,Arvind Bansal (DNCR)
26-09-2026,26-09-2026,FMPP4298188828,KanjhawalaHub_DEL_PL,SHEILDORA +918796877562,130fb14cc92943ac,dispatched_to_mh,North,TRUEFLEX,870454,TRUEFLEX,Abhishek,MotherHub_NDC,BRSNR,KanjhawalaHub_DEL_PL,PH-B3-NCRNDC-5997522,expected,OPENED,26-09-2026 03:37,Arvind Bansal (DNCR)
26-09-2026,26-09-2026,FMPC6525768346,KanjhawalaHub_DEL_PL,Rastinss Aura +918375072025,654d09da59414a33,received_at_mh,North,LMA,1.00E+11,Fastbeetle service,GulzarHusain,MotherHub_NDC,BRSNR,KanjhawalaHub_DEL_PL,PH-B3-NCRNDC-6335809,expected,OPENED,26-09-2026 04:31,Arvind Bansal (DNCR)
26-09-2026,26-09-2026,FMPC6529550677,KanjhawalaHub_DEL_PL,VIVEK INDUSTRIES +919220173156,c12551e448f249d8,received_at_mh,North,TRUEFLEX,633567,TRUEFLEX,Rajesh,MotherHub_NDC,BRSNR,KanjhawalaHub_DEL_PL,PH-B3-NCRNDC-6328295,expected,OPENED,26-09-2026 03:41,Arvind Bansal (DNCR)
26-09-2026,26-09-2026,FMPC6529062003,KanjhawalaHub_DEL_PL,SHREE SHYAAM ENTERPRISES +919911987756,10f469e9e6c8493f,received_at_mh,North,LMA,1.00E+11,Watsoo,ROHAN,MotherHub_NDC,BRSNR,KanjhawalaHub_DEL_PL,PH-B3-NCRNDC-6330071,expected,OPENED,26-09-2026 03:46,Arvind Bansal (DNCR)
26-09-2026,26-09-2026,FMPC6527386182,KanjhawalaHub_DEL_PL,AHAD LEATHER HANDIKRAFT +919310655317,fdf826274cef4298,dispatched_to_mh,North,LMA,1.00E+11,Fastbeetle service,AvinashKumar,MotherHub_NDC,BRSNR,KanjhawalaHub_DEL_PL,PH-B3-NCRNDC-6353141,expected,OPENED,26-09-2026 03:36,Arvind Bansal (DNCR)
26-09-2026,26-09-2026,FMPC6529398996,KanjhawalaHub_DEL_PL,JK GROUP +918882388837,35de59233b094701,dispatched_to_mh,North,LMA,1.00E+11,Greenteck Logistics and Mobility Pvt Ltd,SarfayAlam,MotherHub_NDC,BRSNR,KanjhawalaHub_DEL_PL,PH-B3-NCRNDC-6333335,expected,OPENED,26-09-2026 04:17,Arvind Bansal (DNCR)
26-09-2026,26-09-2026,FMPC6528587993,JasolaHub_DEL_PL,MERACLE ENTERPRISES +919267935804,e0893518c5d848aa,dispatched_to_mh,North,LMA,1.00E+11,#N/A,#N/A,MotherHub_NDC,BRSNR,JasolaHub_DEL_PL,PH-B3-NCRNDC-6326227,expected,OPENED,26-09-2026 02:03,Arvind Bansal (DNCR)
26-09-2026,26-09-2026,FMPC6518173695,KanjhawalaHub_DEL_PL,GAUSULWARA ENTERPRISES +918287983811,f050bf1559784e13,received_at_mh,North,LMA,1.00E+11,Greenteck Logistics and Mobility Pvt Ltd,SarfayAlam,MotherHub_NDC,BRSNR,KanjhawalaHub_DEL_PL,PH-B3-NCRNDC-5862447,expected,OPENED,26-09-2026 03:37,Arvind Bansal (DNCR)
26-09-2026,26-09-2026,FMPC6528946916,KanakpuraRdHub_BLR_PL,The One Store +917204441444,5a6ba2b3d6ee40ee,dispatched_to_mh,South,LMA,1.00E+11,WERCATALYST VENTURES PVT LTD,Shivashankar,Motherhub_BLR_Flex,BRSNR,KanakpuraRdHub_BLR_PL,PH-B4-BLRBLX-707763,expected,OPENED,25-09-2026 23:59,Anwar Babu Maldar
26-09-2026,26-09-2026,FMPP4297787553,KalyanNagarHub_BLR_PL,PATRADERS +919353261843,b1794cd52279442a,dispatched_to_mh,South,EKART,4375799,EKART,,Motherhub_BLR_Flex,BRSNR,KalyanNagarHub_BLR_PL,PH-B4-BLRBLX-725615,expected,OPENED,26-09-2026 00:30,Anwar Babu Maldar
26-09-2026,26-09-2026,FMPC6529088844,IPextension_DEL_PL,LIMESTONE FASHION PRIVATE LIMITED +919811428001,7fa1fbc172244b26,dispatched_to_mh,North,LMA,1.00E+11,We Innovate Business Solutions Pvt Ltd,Vijay KumarSharma,MotherHub_NDC,BRSNR,IPextension_DEL_PL,PH-B3-NCRNDC-6327494,expected,OPENED,26-09-2026 02:14,Arvind Bansal (DNCR)
26-09-2026,26-09-2026,FMPC6527859854,KanjhawalaHub_DEL_PL,WIN WORLD HANDLOOM +919313539595,c26da801f7ac4120,dispatched_to_mh,North,LMA,1.00E+11,Fastbeetle service,AvinashKumar,MotherHub_NDC,BRSNR,KanjhawalaHub_DEL_PL,PH-B3-NCRNDC-6353141,expected,OPENED,26-09-2026 03:36,Arvind Bansal (DNCR)
26-09-2026,26-09-2026,FMPC6527065520,KanjhawalaHub_DEL_PL,Kavish Enterprises +917011138505,c3ea5694f2194874,received_at_mh,North,TRUEFLEX,1414611,TRUEFLEX,#N/A,MotherHub_NDC,BRSNR,KanjhawalaHub_DEL_PL,PH-B3-NCRNDC-6236594,expected,OPENED,26-09-2026 03:38,Arvind Bansal (DNCR)
26-09-2026,26-09-2026,FMPC6528014994,KanjhawalaHub_DEL_PL,KK ENTERPRISES +919354654892,e61cd493d37044dc,dispatched_to_mh,North,LMA,1.00E+11,WHEELEY,Narender KumarChauhan,MotherHub_NDC,BRSNR,KanjhawalaHub_DEL_PL,PH-B3-NCRNDC-6334554,expected,OPENED,26-09-2026 04:11,Arvind Bansal (DNCR)
26-09-2026,26-09-2026,FMPC6527878940,KanakpuraRdHub_BLR_PL,The One Store +917204441444,5a6ba2b3d6ee40ee,dispatched_to_mh,South,LMA,1.00E+11,WERCATALYST VENTURES PVT LTD,Shivashankar,Motherhub_BLR_Flex,BRSNR,KanakpuraRdHub_BLR_PL,PH-B4-BLRBLX-707763,expected,OPENED,25-09-2026 23:59,Anwar Babu Maldar
26-09-2026,26-09-2026,FMPC6525702014,KanjhawalaHub_DEL_PL,Rastinss Aura +918375072025,654d09da59414a33,received_at_mh,North,LMA,1.00E+11,Fastbeetle service,GulzarHusain,MotherHub_NDC,BRSNR,KanjhawalaHub_DEL_PL,PH-B3-NCRNDC-6335809,expected,OPENED,26-09-2026 04:31,Arvind Bansal (DNCR)
26-09-2026,26-09-2026,FMPC6526956781,KanjhawalaHub_DEL_PL,Rastinss Aura +918375072025,654d09da59414a33,received_at_mh,North,LMA,1.00E+11,Fastbeetle service,GulzarHusain,MotherHub_NDC,BRSNR,KanjhawalaHub_DEL_PL,PH-B3-NCRNDC-6335809,expected,OPENED,26-09-2026 04:31,Arvind Bansal (DNCR)
26-09-2026,26-09-2026,FMPC6529446309,KanjhawalaHub_DEL_PL,FLAMES ENTERPRISES +918285023475,04504334a88b4630,dispatched_to_mh,North,LMA,1.00E+11,#N/A,#N/A,MotherHub_NDC,BRSNR,KanjhawalaHub_DEL_PL,PH-B3-NCRNDC-6297781,expected,OPENED,26-09-2026 04:00,Arvind Bansal (DNCR)
26-09-2026,26-09-2026,FMPP4297577973,KanakpuraRdHub_BLR_PL,The One Store +917204441444,5a6ba2b3d6ee40ee,dispatched_to_mh,South,LMA,1.00E+11,WERCATALYST VENTURES PVT LTD,Shivashankar,Motherhub_BLR_Flex,BRSNR,KanakpuraRdHub_BLR_PL,PH-B2-BLRBLX-639872,expected,OPENED,26-09-2026 00:02,Anwar Babu Maldar
26-09-2026,26-09-2026,FMPP4296804956,KanjhawalaHub_DEL_PL,Rastinss Aura +918375072025,654d09da59414a33,received_at_mh,North,LMA,1.00E+11,Fastbeetle service,GulzarHusain,MotherHub_NDC,BRSNR,KanjhawalaHub_DEL_PL,PH-B3-NCRNDC-6335809,expected,OPENED,26-09-2026 04:31,Arvind Bansal (DNCR)
26-09-2026,26-09-2026,FMPP4297175821,IPextension_DEL_PL,BAOT INTERNATIONAL +919811133758,feb58e67e43446b9,received_at_mh,North,LMA,1.00E+11,Transwide Express,ArunPatel,MotherHub_NDC,BRSNR,IPextension_DEL_PL,PH-B3-NCRNDC-6008196,expected,OPENED,26-09-2026 02:45,Arvind Bansal (DNCR)
26-09-2026,26-09-2026,FMPP4296733179,JasolaHub_DEL_PL,RUMANA ELAHI +918700484190,efb28ad98bf449b5,received_at_mh,North,LMA,1.00E+11,#N/A,#N/A,MotherHub_NDC,BRSNR,JasolaHub_DEL_PL,PH-B3-NCRNDC-6324695,expected,OPENED,26-09-2026 01:54,Arvind Bansal (DNCR)
26-09-2026,26-09-2026,FMPC6529378170,KanjhawalaHub_DEL_PL,Roshni Collection +918882241273,063aa8a68f1f4f7d,dispatched_to_mh,North,LMA,1.00E+11,WHEELEY,Narender KumarChauhan,MotherHub_NDC,BRSNR,KanjhawalaHub_DEL_PL,PH-B3-NCRNDC-6334553,expected,OPENED,26-09-2026 03:47,Arvind Bansal (DNCR)
26-09-2026,26-09-2026,FMPC6527993312,IPextension_DEL_PL,A S ENTERPRISES +919555924611,9c9a16704454445a,dispatched_to_mh,North,LMA,1.00E+11,WHEELEY,Arjun,MotherHub_NDC,BRSNR,IPextension_DEL_PL,PH-B3-NCRNDC-6330388,expected,OPENED,26-09-2026 06:11,Arvind Bansal (DNCR)
26-09-2026,26-09-2026,FMPC6529524571,IPextension_DEL_PL,Wardrobe collections +919555696737,b9c29e76e8a64e39,dispatched_to_mh,North,TRUEFLEX,756688,TRUEFLEX,SauravThakur,MotherHub_NDC,BRSNR,IPextension_DEL_PL,PH-B3-NCRNDC-6326028,expected,OPENED,26-09-2026 02:12,Arvind Bansal (DNCR)
26-09-2026,26-09-2026,LUAP0001581661,JasolaHub_DEL_PL,LUA : OMAXE SQUARE 9873320785,LUA_4c6554789752d210af61e0391a344894,received_at_mh,North,TRUEFLEX,4380874,TRUEFLEX,#N/A,MotherHub_NDC,BRSNR,JasolaHub_DEL_PL,PH-B3-NCRNDC-6354271,expected,OPENED,26-09-2026 01:59,Arvind Bansal (DNCR)
26-09-2026,26-09-2026,MYEC1120478268,JasolaHub_DEL_PL,MYE : Shalimar Clothing-DELHI_PPMP_PMLI 9911835460,MYE_a6c2d899a01367c04e84f0c8b8ea0f0c,received_at_mh,North,TRUEFLEX,681649,TRUEFLEX,AjadKumar,MotherHub_NDC,BRSNR,JasolaHub_DEL_PL,PH-B3-NCRNDC-6217155,expected,OPENED,26-09-2026 02:02,Arvind Bansal (DNCR)
26-09-2026,26-09-2026,FMPC6526802878,KanjhawalaHub_DEL_PL,Rastinss Aura +918375072025,654d09da59414a33,received_at_mh,North,LMA,1.00E+11,Fastbeetle service,GulzarHusain,MotherHub_NDC,BRSNR,KanjhawalaHub_DEL_PL,PH-B3-NCRNDC-6335809,expected,OPENED,26-09-2026 04:31,Arvind Bansal (DNCR)
26-09-2026,26-09-2026,FMPC6528243892,KanjhawalaHub_DEL_PL,OCEAN RETAILER +918506834913,96049c8669734190,dispatched_to_mh,North,LMA,1.00E+11,#N/A,#N/A,MotherHub_NDC,BRSNR,KanjhawalaHub_DEL_PL,PH-B3-NCRNDC-6293459,expected,OPENED,26-09-2026 03:57,Arvind Bansal (DNCR)
26-09-2026,26-09-2026,FMPC6529540751,KalyanNagarHub_BLR_PL,M/S ENDEAVAR +918553713611,6127ccc242b14161,dispatched_to_mh,South,EKART,4293226,EKART,,Motherhub_BLR_Flex,BRSNR,KalyanNagarHub_BLR_PL,PH-B4-BLRBLX-571405,expected,OPENED,26-09-2026 00:27,Anwar Babu Maldar
26-09-2026,26-09-2026,MYEC1120439009,JasolaHub_DEL_PL,MYE : Shalimar Clothing-DELHI_PPMP_PMLI 9911835460,MYE_a6c2d899a01367c04e84f0c8b8ea0f0c,received_at_mh,North,TRUEFLEX,681649,TRUEFLEX,AjadKumar,MotherHub_NDC,BRSNR,JasolaHub_DEL_PL,PH-B3-NCRNDC-6217155,expected,OPENED,26-09-2026 02:02,Arvind Bansal (DNCR)
26-09-2026,26-09-2026,NAPC0027914054,IPextension_DEL_PL,NAP : Deep Creation Delhi Parent 9718806773,NAP_e984ad22ee95baa325a5a837aa64adf3,dispatched_to_mh,North,LMA,1.00E+11,Greenteck Logistics and Mobility Pvt Ltd,MohdHilal,MotherHub_NDC,BRSNR,IPextension_DEL_PL,PH-B3-NCRNDC-5649164,expected,OPENED,26-09-2026 01:58,Arvind Bansal (DNCR)
26-09-2026,26-09-2026,FMPC6529612287,IPextension_DEL_PL,A S ENTERPRISES +919555924611,9c9a16704454445a,received_at_mh,North,LMA,1.00E+11,WHEELEY,Arjun,MotherHub_NDC,BRSNR,IPextension_DEL_PL,PH-B3-NCRNDC-6330388,expected,OPENED,26-09-2026 06:11,Arvind Bansal (DNCR)
26-09-2026,26-09-2026,FMPP4295783004,KanjhawalaHub_DEL_PL,Rastinss Aura +918375072025,654d09da59414a33,received_at_mh,North,LMA,1.00E+11,Fastbeetle service,GulzarHusain,MotherHub_NDC,BRSNR,KanjhawalaHub_DEL_PL,PH-B3-NCRNDC-6335809,expected,OPENED,26-09-2026 04:31,Arvind Bansal (DNCR)
26-09-2026,26-09-2026,FMPC6528453405,MangolpuriHub_DEL_PL,ARIHANT ENTERPRISES +918800230323,df607cc70e23482f,received_at_mh,North,TRUEFLEX,593395,TRUEFLEX,Satpal,MotherHub_NDC,BRSNR,MangolpuriHub_DEL_PL,PH-B3-NCRNDC-6304137,expected,OPENED,26-09-2026 01:57,Arvind Bansal (DNCR)
26-09-2026,26-09-2026,FMPP4298470390,MangolpuriHub_DEL_PL,Luxe Studio +919971835845,ec4949648adf4840,dispatched_to_mh,North,TRUEFLEX,977169,TRUEFLEX,#N/A,MotherHub_NDC,BRSNR,MangolpuriHub_DEL_PL,PH-B3-NCRNDC-6268191,expected,OPENED,26-09-2026 04:46,Arvind Bansal (DNCR)
26-09-2026,26-09-2026,FMPC6527774941,MangolpuriHub_DEL_PL,NAVKAR INTERNATIONAL +918076509820,498188b5fd0a4b4e,received_at_mh,North,TRUEFLEX,593395,TRUEFLEX,Satpal,MotherHub_NDC,BRSNR,MangolpuriHub_DEL_PL,PH-B3-NCRNDC-6304137,expected,OPENED,26-09-2026 01:57,Arvind Bansal (DNCR)
26-09-2026,26-09-2026,FMPC6529811518,MangolpuriHub_DEL_PL,MICRO INDUSTRIAL CORPORATION 9599599537,xp4dmcf99imkv5p8,dispatched_to_mh,North,LMA,1.00E+11,KDKN LOGISTICS SERVICES PVT LTD,AnkitKumar,MotherHub_NDC,BRSNR,MangolpuriHub_DEL_PL,PH-B3-NCRNDC-6334943,expected,OPENED,26-09-2026 04:39,Arvind Bansal (DNCR)
26-09-2026,26-09-2026,FMPC6529651236,MangolpuriHub_DEL_PL,ISHANJAY EXPO +919971744190,adf2fa6bd60345a4,dispatched_to_mh,North,TRUEFLEX,593395,TRUEFLEX,Satpal,MotherHub_NDC,BRSNR,MangolpuriHub_DEL_PL,PH-B3-NCRNDC-6304141,expected,OPENED,26-09-2026 01:46,Arvind Bansal (DNCR)
26-09-2026,26-09-2026,FMPC6527416230,MangolpuriHub_DEL_PL,GURU HEELS +919810212940,a289c578f4084d59,received_at_mh,North,TRUEFLEX,749416,TRUEFLEX,SachinHarijan,MotherHub_NDC,BRSNR,MangolpuriHub_DEL_PL,PH-B3-NCRNDC-6005032,expected,OPENED,26-09-2026 02:00,Arvind Bansal (DNCR)
26-09-2026,26-09-2026,FMPC6527957132,MangolpuriHub_DEL_PL,GURU HEELS +919810212940,a289c578f4084d59,received_at_mh,North,TRUEFLEX,749416,TRUEFLEX,SachinHarijan,MotherHub_NDC,BRSNR,MangolpuriHub_DEL_PL,PH-B3-NCRNDC-6005032,expected,OPENED,26-09-2026 02:00,Arvind Bansal (DNCR)
26-09-2026,26-09-2026,FMPP4298341129,MangolpuriHub_DEL_PL,VARADDA OVERSEAS PRIVATE LIMITED +917042600388,a37fbc49bf9e4c08,dispatched_to_mh,North,TRUEFLEX,674609,TRUEFLEX,SunnyKumar,MotherHub_NDC,BRSNR,MangolpuriHub_DEL_PL,PH-B3-NCRNDC-6328424,expected,OPENED,26-09-2026 08:44,Arvind Bansal (DNCR)
26-09-2026,26-09-2026,FMPC6527914449,MangolpuriHub_DEL_PL,Hupshy Designs Sales LLP +919958224100,63fc887d31d54867,received_at_mh,North,TRUEFLEX,977169,TRUEFLEX,#N/A,MotherHub_NDC,BRSNR,MangolpuriHub_DEL_PL,PH-B3-NCRNDC-6268194,expected,OPENED,26-09-2026 01:40,Arvind Bansal (DNCR)
26-09-2026,26-09-2026,FMPC6526871566,MangolpuriHub_DEL_PL,NAVKAR INTERNATIONAL +918076509820,498188b5fd0a4b4e,received_at_mh,North,TRUEFLEX,593395,TRUEFLEX,Satpal,MotherHub_NDC,BRSNR,MangolpuriHub_DEL_PL,PH-B3-NCRNDC-6304137,expected,OPENED,26-09-2026 01:57,Arvind Bansal (DNCR)
26-09-2026,26-09-2026,FMPC6527217617,MangolpuriHub_DEL_PL,VARADDA OVERSEAS PRIVATE LIMITED +917042600388,a37fbc49bf9e4c08,dispatched_to_mh,North,TRUEFLEX,674609,TRUEFLEX,SunnyKumar,MotherHub_NDC,BRSNR,MangolpuriHub_DEL_PL,PH-B3-NCRNDC-6328425,expected,OPENED,26-09-2026 01:49,Arvind Bansal (DNCR)
26-09-2026,26-09-2026,FMPP4297859823,MangolpuriHub_DEL_PL,Jugmug Shoes +919311612178,d22qglm4bwbo2yp2,dispatched_to_mh,North,TRUEFLEX,977169,TRUEFLEX,#N/A,MotherHub_NDC,BRSNR,MangolpuriHub_DEL_PL,PH-B3-NCRNDC-5673854,expected,OPENED,26-09-2026 04:40,Arvind Bansal (DNCR)
26-09-2026,26-09-2026,FMPC6528843822,MangolpuriHub_DEL_PL,ARIHANT ENTERPRISES +918800230323,df607cc70e23482f,received_at_mh,North,TRUEFLEX,593395,TRUEFLEX,Satpal,MotherHub_NDC,BRSNR,MangolpuriHub_DEL_PL,PH-B3-NCRNDC-6304137,expected,OPENED,26-09-2026 01:57,Arvind Bansal (DNCR)
26-09-2026,26-09-2026,FMPP4298365056,MangolpuriHub_DEL_PL,Alwin Poly Plasts Enterprises (APPE) +919891050011,90653e552c634ff2,dispatched_to_mh,North,TRUEFLEX,827366,TRUEFLEX,SurajSingh,MotherHub_NDC,BRSNR,MangolpuriHub_DEL_PL,PH-B3-NCRNDC-6325665,expected,OPENED,26-09-2026 01:41,Arvind Bansal (DNCR)
26-09-2026,26-09-2026,FMPC6529389304,MangolpuriHub_DEL_PL,SABIR TRADERS & CO. +918800212498,5b0ff0c5db8a4dda,dispatched_to_mh,North,LMA,1.00E+11,KDKN LOGISTICS SERVICES PVT LTD,KamalKant,MotherHub_NDC,BRSNR,MangolpuriHub_DEL_PL,PH-B3-NCRNDC-6328560,expected,OPENED,26-09-2026 04:45,Arvind Bansal (DNCR)
26-09-2026,26-09-2026,FMPP4298206844,MangolpuriHub_DEL_PL,Sheetalshoes +919555361483,aa8f1949517a464d,dispatched_to_mh,North,TRUEFLEX,1346953,TRUEFLEX,Rahul,MotherHub_NDC,BRSNR,MangolpuriHub_DEL_PL,PH-B3-NCRNDC-6270420,expected,OPENED,26-09-2026 01:53,Arvind Bansal (DNCR)
26-09-2026,26-09-2026,FMPC6527001736,MangolpuriHub_DEL_PL,TXT TECHNOLOGIES PRIVATE LIMITED +919289001693,7f6acf900ea6433a,received_at_mh,North,LMA,1.00E+11,KDKN LOGISTICS SERVICES PVT LTD,AnkitKumar,MotherHub_NDC,BRSNR,MangolpuriHub_DEL_PL,PH-B3-NCRNDC-6334950,expected,OPENED,26-09-2026 01:50,Arvind Bansal (DNCR)
26-09-2026,26-09-2026,FMPC6527192771,MangolpuriHub_DEL_PL,Sheetalshoes +919555361483,aa8f1949517a464d,dispatched_to_mh,North,TRUEFLEX,1346953,TRUEFLEX,Rahul,MotherHub_NDC,BRSNR,MangolpuriHub_DEL_PL,PH-B3-NCRNDC-6270420,expected,OPENED,26-09-2026 01:53,Arvind Bansal (DNCR)
26-09-2026,26-09-2026,FMPC6527975112,MangolpuriHub_DEL_PL,ARIHANT ENTERPRISES +918800230323,df607cc70e23482f,received_at_mh,North,TRUEFLEX,593395,TRUEFLEX,Satpal,MotherHub_NDC,BRSNR,MangolpuriHub_DEL_PL,PH-B3-NCRNDC-6304137,expected,OPENED,26-09-2026 01:57,Arvind Bansal (DNCR)
26-09-2026,26-09-2026,LSHC0037038627,MangolpuriHub_DEL_PL,LSH : ELITE LIFESTYLE 9716370990,LSH_4e0a39bcddc446bf7a281b8afeae1d5a,dispatched_to_mh,North,TRUEFLEX,592809,TRUEFLEX,RavinderSingh,MotherHub_NDC,BRSNR,MangolpuriHub_DEL_PL,PH-B3-NCRNDC-6308036,expected,OPENED,26-09-2026 04:53,Arvind Bansal (DNCR)
26-09-2026,26-09-2026,FMPC6528983510,MangolpuriHub_DEL_PL,BHASKAR ENTERPRISES +919205014947,fb4350c5586d4a26,dispatched_to_mh,North,LMA,1.00E+11,SHIFTWAY LOGISTICS PVT LTD,KUNAL,MotherHub_NDC,BRSNR,MangolpuriHub_DEL_PL,PH-B3-NCRNDC-6353084,expected,OPENED,26-09-2026 04:39,Arvind Bansal (DNCR)
26-09-2026,26-09-2026,FMPP4296831712,MangolpuriHub_DEL_PL,K S ENTERPRISES +919821687942,cd4fee14a1b54c05,received_at_mh,North,TRUEFLEX,593395,TRUEFLEX,Satpal,MotherHub_NDC,BRSNR,MangolpuriHub_DEL_PL,PH-B3-NCRNDC-6328878,expected,OPENED,26-09-2026 04:48,Arvind Bansal (DNCR)
26-09-2026,26-09-2026,FMPP4297322619,PaharganjHub_DEL_PL,REPRO BOOKS LIMITED 9821647068,1fb9292609fa497e,received_at_mh,North,LMA,1.00E+11,#N/A,#N/A,MotherHub_NDC,BRSNR,PaharganjHub_DEL_PL,PH-B3-NCRNDC-6321235,expected,OPENED,26-09-2026 03:27,Arvind Bansal (DNCR)
26-09-2026,26-09-2026,FMPC6527788807,PaharganjHub_DEL_PL,J D Enterprises +919899250950,059e3c9a9bc44f68,received_at_mh,North,LMA,1.00E+11,We Innovate Business Solutions Pvt Ltd,RahulKumar,MotherHub_NDC,BRSNR,PaharganjHub_DEL_PL,PH-B3-NCRNDC-6280688,expected,OPENED,26-09-2026 02:58,Arvind Bansal (DNCR)
26-09-2026,26-09-2026,FMPP4298617024,PaharganjHub_DEL_PL,Mittal-Brothers +919999410460,uhtawszhifp7kaph,received_at_mh,North,LMA,1.00E+11,#N/A,#N/A,MotherHub_NDC,BRSNR,PaharganjHub_DEL_PL,PH-B3-FRKFRK-10647440,expected,OPENED,26-09-2026 03:04,Arvind Bansal (DNCR)
26-09-2026,26-09-2026,FMPC6527872537,PaharganjHub_DEL_PL,UNIVERSAL BOOK STORE +919910205129,3738e6290ef44727,received_at_mh,North,LMA,1.00E+11,#N/A,#N/A,MotherHub_NDC,BRSNR,PaharganjHub_DEL_PL,PH-B3-NCRNDC-6321236,expected,OPENED,26-09-2026 03:27,Arvind Bansal (DNCR)
26-09-2026,26-09-2026,FMPC6528506075,PaharganjHub_DEL_PL,GURUJI ENTERPRISES +917835898437,db8ccdb2a44c421a,received_at_mh,North,LMA,1.00E+11,We Innovate Business Solutions Pvt Ltd,RahulKumar,MotherHub_NDC,BRSNR,PaharganjHub_DEL_PL,PH-B3-NCRNDC-6280688,expected,OPENED,26-09-2026 02:58,Arvind Bansal (DNCR)
26-09-2026,26-09-2026,FMPC6526090082,NajafgarhHub_DEL_PL,SRI ENTERPRISES +918789113417,a510923454b04a76,dispatched_to_mh,North,LMA,1.00E+11,Sitics,AbhoiRai,MotherHub_NDC,BRSNR,NajafgarhHub_DEL_PL,PH-B3-NCRNDC-6317297,expected,OPENED,26-09-2026 00:13,Arvind Bansal (DNCR)
26-09-2026,26-09-2026,FMPP4298523192,PaharganjHub_DEL_PL,ZUBSHA ENTERPRISES +918700036450,55b1894f9d0c493d,dispatched_to_mh,North,LMA,1.00E+11,RAMEZO ENTERPRISES,PrinceKumar,MotherHub_NDC,BRSNR,PaharganjHub_DEL_PL,PH-B3-NCRNDC-6314200,expected,OPENED,26-09-2026 03:31,Arvind Bansal (DNCR)
26-09-2026,26-09-2026,FMPC6528272554,PaharganjHub_DEL_PL,HIND TRADING CO. +917303878279,2f108f156b074a4a,received_at_mh,North,LMA,1.00E+11,We Innovate Business Solutions Pvt Ltd,RahulKumar,MotherHub_NDC,BRSNR,PaharganjHub_DEL_PL,PH-B3-NCRNDC-6280689,expected,OPENED,26-09-2026 03:13,Arvind Bansal (DNCR)
26-09-2026,26-09-2026,FMPP4298356963,MundkaHub_DEL_PL,BERSACHE SPORTS INTERNATIONAL PRIVATE LIMITED +919560839910,09bc7674f11f4591,dispatched_to_mh,North,LMA,1.00E+11,Transwide Express,NoorMohammad,MotherHub_NDC,BRSNR,MundkaHub_DEL_PL,PH-B3-NCRNDC-5558300,expected,OPENED,26-09-2026 03:09,Arvind Bansal (DNCR)
26-09-2026,26-09-2026,FMPC6526563454,MundkaHub_DEL_PL,PhoshakMandir +919971974867,ea67da1728bd4412,dispatched_to_mh,North,LMA,1.00E+11,#N/A,#N/A,MotherHub_NDC,BRSNR,MundkaHub_DEL_PL,PH-B3-NCRNDC-6332166,expected,OPENED,26-09-2026 00:36,Arvind Bansal (DNCR)
26-09-2026,26-09-2026,FMPP4298596789,NehruPlaceHub_DEL_PL,Geeta Enterprises +918077015105,201b3b7e644a47c8,received_at_mh,North,TRUEFLEX,798046,TRUEFLEX,VikeshKaneriya,MotherHub_NDC,BRSNR,NehruPlaceHub_DEL_PL,PH-B3-NCRNDC-6243069,expected,OPENED,26-09-2026 01:38,Arvind Bansal (DNCR)
26-09-2026,26-09-2026,FMPC6527427859,NehruPlaceHub_DEL_PL,Timewear & Beyond +919811068580,2226a467b4014bc2,dispatched_to_mh,North,TRUEFLEX,592273,TRUEFLEX,Jetendra KumarSah,MotherHub_NDC,BRSNR,NehruPlaceHub_DEL_PL,PH-B3-NCRNDC-6187996,expected,OPENED,26-09-2026 01:21,Arvind Bansal (DNCR)
26-09-2026,26-09-2026,FMPP4297964345,Motibaghhub_DEL_PL,BELLSTAR TRADING PVT LTD +918235950298,wwslzhat46bp4ru1,received_at_mh,North,TRUEFLEX,725822,TRUEFLEX,ROHITGUPTA,MotherHub_NDC,BRSNR,Motibaghhub_DEL_PL,PH-B3-NCRNDC-5981157,expected,OPENED,26-09-2026 01:45,Arvind Bansal (DNCR)
26-09-2026,26-09-2026,FMPC6527631408,PaharganjHub_DEL_PL,Sawariya Seth Traders +918287586964,d30528d056404cc3,received_at_mh,North,LMA,1.00E+11,We Innovate Business Solutions Pvt Ltd,RahulKumar,MotherHub_NDC,BRSNR,PaharganjHub_DEL_PL,PH-B3-NCRNDC-6280688,expected,OPENED,26-09-2026 02:58,Arvind Bansal (DNCR)
26-09-2026,26-09-2026,FMPC6527459838,PaharganjHub_DEL_PL,HIND TRADING CO. +917303878279,2f108f156b074a4a,received_at_mh,North,LMA,1.00E+11,We Innovate Business Solutions Pvt Ltd,RahulKumar,MotherHub_NDC,BRSNR,PaharganjHub_DEL_PL,PH-B3-NCRNDC-6280689,expected,OPENED,26-09-2026 03:13,Arvind Bansal (DNCR)
26-09-2026,26-09-2026,FMPC6529688080,PaharganjHub_DEL_PL,NUTRITION HUB +919837962949,dc27d01f6ad34bc6,received_at_mh,North,LMA,1.00E+11,#N/A,#N/A,MotherHub_NDC,BRSNR,PaharganjHub_DEL_PL,PH-B3-NCRNDC-5625348,expected,OPENED,26-09-2026 02:57,Arvind Bansal (DNCR)
26-09-2026,26-09-2026,FMPC6529855583,PaharganjHub_DEL_PL,SAHIL ENTERPRISES +919315921287,2ed57c4b6533495b,dispatched_to_mh,North,LMA,1.00E+11,We Innovate Business Solutions Pvt Ltd,RahulKumar,MotherHub_NDC,BRSNR,PaharganjHub_DEL_PL,PH-B3-NCRNDC-6243606,expected,OPENED,26-09-2026 02:53,Arvind Bansal (DNCR)
26-09-2026,26-09-2026,FMPP4297315277,PaharganjHub_DEL_PL,HIND TRADING CO. +917303878279,2f108f156b074a4a,received_at_mh,North,LMA,1.00E+11,We Innovate Business Solutions Pvt Ltd,RahulKumar,MotherHub_NDC,BRSNR,PaharganjHub_DEL_PL,PH-B3-NCRNDC-6280689,expected,OPENED,26-09-2026 03:13,Arvind Bansal (DNCR)
26-09-2026,26-09-2026,FMPP4297118952,PaharganjHub_DEL_PL,REPRO BOOKS LIMITED 9821647068,1fb9292609fa497e,received_at_mh,North,LMA,1.00E+11,#N/A,#N/A,MotherHub_NDC,BRSNR,PaharganjHub_DEL_PL,PH-B3-NCRNDC-6321235,expected,OPENED,26-09-2026 03:27,Arvind Bansal (DNCR)
26-09-2026,26-09-2026,FMPC6529436965,PaharganjHub_DEL_PL,HIND TRADING CO. +917303878279,2f108f156b074a4a,received_at_mh,North,LMA,1.00E+11,We Innovate Business Solutions Pvt Ltd,RahulKumar,MotherHub_NDC,BRSNR,PaharganjHub_DEL_PL,PH-B3-NCRNDC-6280689,expected,OPENED,26-09-2026 03:13,Arvind Bansal (DNCR)
26-09-2026,26-09-2026,FMPC6527198520,NajafgarhHub_DEL_PL,R Enterprises +917053532376,f01c165f07284b9c,dispatched_to_mh,North,LMA,1.00E+11,Sitics,MdChand,MotherHub_NDC,BRSNR,NajafgarhHub_DEL_PL,PH-B3-NCRNDC-5885914,expected,OPENED,26-09-2026 00:24,Arvind Bansal (DNCR)
26-09-2026,26-09-2026,FMPC6527502068,PaharganjHub_DEL_PL,HIND TRADING CO. +917303878279,2f108f156b074a4a,received_at_mh,North,LMA,1.00E+11,We Innovate Business Solutions Pvt Ltd,RahulKumar,MotherHub_NDC,BRSNR,PaharganjHub_DEL_PL,PH-B3-NCRNDC-6280689,expected,OPENED,26-09-2026 03:13,Arvind Bansal (DNCR)
26-09-2026,26-09-2026,FMPC6527658727,MundkaHub_DEL_PL,SB ENTERPRISES +919625664035,3c1c560802844655,received_at_mh,North,TRUEFLEX,758608,TRUEFLEX,Avnish,MotherHub_NDC,BRSNR,MundkaHub_DEL_PL,PH-B3-NCRNDC-6298159,expected,OPENED,26-09-2026 03:01,Arvind Bansal (DNCR)
26-09-2026,26-09-2026,SRSC0236345715,NehruPlaceHub_DEL_PL,SRS : Kamayan Ray 9315060739,SRS_6aaaf490769d520b5594b3ee797579c9,received_at_mh,North,LMA,1.00E+11,WHEELEY,VikasKumar,MotherHub_NDC,BRSNR,NehruPlaceHub_DEL_PL,PH-B3-NCRNDC-6225032,expected,OPENED,26-09-2026 01:44,Arvind Bansal (DNCR)
26-09-2026,26-09-2026,FMPP4297142920,PaharganjHub_DEL_PL,HIND TRADING CO. +917303878279,2f108f156b074a4a,received_at_mh,North,LMA,1.00E+11,We Innovate Business Solutions Pvt Ltd,RahulKumar,MotherHub_NDC,BRSNR,PaharganjHub_DEL_PL,PH-B3-NCRNDC-6280689,expected,OPENED,26-09-2026 03:13,Arvind Bansal (DNCR)
26-09-2026,26-09-2026,FMPP4298283697,PaharganjHub_DEL_PL,G P ENTERPRISES +918800723770,3a4aa396e21e4821,dispatched_to_mh,North,LMA,1.00E+11,#N/A,#N/A,MotherHub_NDC,Mixbagging,PaharganjHub_DEL_PL,PH-B3-NCRNDC-6323626,expected,OPENED,26-09-2026 03:17,Arvind Bansal (DNCR)
26-09-2026,26-09-2026,FMPP4297268299,PaharganjHub_DEL_PL,HIND TRADING CO. +917303878279,2f108f156b074a4a,received_at_mh,North,LMA,1.00E+11,We Innovate Business Solutions Pvt Ltd,RahulKumar,MotherHub_NDC,BRSNR,PaharganjHub_DEL_PL,PH-B3-NCRNDC-6280689,expected,OPENED,26-09-2026 03:13,Arvind Bansal (DNCR)
26-09-2026,26-09-2026,FMPC6527768742,PaharganjHub_DEL_PL,Mittal-Brothers +919999410460,uhtawszhifp7kaph,received_at_mh,North,LMA,1.00E+11,#N/A,#N/A,MotherHub_NDC,BRSNR,PaharganjHub_DEL_PL,PH-B3-FRKFRK-10647440,expected,OPENED,26-09-2026 03:04,Arvind Bansal (DNCR)
26-09-2026,26-09-2026,FMPP4298273795,MundkaHub_DEL_PL,TRIKSY INDIA 9289203040,cd631b8264c94e17,dispatched_to_mh,North,TRUEFLEX,985603,TRUEFLEX,#N/A,MotherHub_NDC,BRSNR,MundkaHub_DEL_PL,PH-B3-NCRNDC-6294280,expected,OPENED,26-09-2026 01:57,Arvind Bansal (DNCR)
26-09-2026,26-09-2026,FMPC6528589362,PaharganjHub_DEL_PL,J D Enterprises +919899250950,059e3c9a9bc44f68,received_at_mh,North,LMA,1.00E+11,We Innovate Business Solutions Pvt Ltd,RahulKumar,MotherHub_NDC,BRSNR,PaharganjHub_DEL_PL,PH-B3-NCRNDC-6280688,expected,OPENED,26-09-2026 02:58,Arvind Bansal (DNCR)
26-09-2026,26-09-2026,FMPC6527788580,PaharganjHub_DEL_PL,J D Enterprises +919899250950,059e3c9a9bc44f68,received_at_mh,North,LMA,1.00E+11,We Innovate Business Solutions Pvt Ltd,RahulKumar,MotherHub_NDC,BRSNR,PaharganjHub_DEL_PL,PH-B3-NCRNDC-6280688,expected,OPENED,26-09-2026 02:58,Arvind Bansal (DNCR)
26-09-2026,26-09-2026,FMPP4296908034,PaharganjHub_DEL_PL,R. S. INNERWEAR +919711778646,2caef1927f234f2e,received_at_mh,North,LMA,1.00E+11,We Innovate Business Solutions Pvt Ltd,RahulKumar,MotherHub_NDC,BRSNR,PaharganjHub_DEL_PL,PH-B3-NCRNDC-6280688,expected,OPENED,26-09-2026 02:58,Arvind Bansal (DNCR)
26-09-2026,26-09-2026,FMPC6524214669,PaharganjHub_DEL_PL,SHEE BALAJI COLLECTION +918851898393,ebb5fb43a3da47aa,received_at_mh,North,LMA,1.00E+11,We Innovate Business Solutions Pvt Ltd,Randheer,MotherHub_NDC,BRSNR,PaharganjHub_DEL_PL,PH-B3-NCRNDC-5142638,expected,OPENED,26-09-2026 03:06,Arvind Bansal (DNCR)
26-09-2026,26-09-2026,MYEP1137154522,MundkaHub_DEL_PL,MYE : SOLE MATE ENTERPRISES PPMP 9711142338,MYE_59b0a1cc543ea159aef2b4f4dcdce9be,dispatched_to_mh,North,TRUEFLEX,985603,TRUEFLEX,#N/A,MotherHub_NDC,BRSNR,MundkaHub_DEL_PL,PH-B3-NCRNDC-5928152,expected,OPENED,26-09-2026 02:52,Arvind Bansal (DNCR)
26-09-2026,26-09-2026,FMPC6527945260,Motibaghhub_DEL_PL,GOURAV ENTERPRISES +919953499992,be1bf54a4a1d4bdd,dispatched_to_mh,North,TRUEFLEX,981845,TRUEFLEX,#N/A,MotherHub_NDC,BRSNR,Motibaghhub_DEL_PL,PH-B3-NCRNDC-6320111,expected,OPENED,26-09-2026 02:03,Arvind Bansal (DNCR)
26-09-2026,26-09-2026,FMPC6529629905,Motibaghhub_DEL_PL,AACEPRO TECHNOLOGIES +919355513191,4c65fa6774c340a6,received_at_mh,North,TRUEFLEX,981845,TRUEFLEX,#N/A,MotherHub_NDC,BRSNR,Motibaghhub_DEL_PL,PH-B3-NCRNDC-6320111,expected,OPENED,26-09-2026 02:03,Arvind Bansal (DNCR)
26-09-2026,26-09-2026,FMPC6529467792,PaharganjHub_DEL_PL,LADY QUINTON +919582549737,cdf6c214fcba4479,received_at_mh,North,LMA,1.00E+11,#N/A,#N/A,MotherHub_NDC,Mixbagging,PaharganjHub_DEL_PL,PH-B3-NCRNDC-6183430,expected,OPENED,26-09-2026 02:59,Arvind Bansal (DNCR)
26-09-2026,26-09-2026,FMPC6529077345,MundkaHub_DEL_PL,R.K. ENTERPRISES +919999596082,a6a9c7acf7744c81,received_at_mh,North,TRUEFLEX,864690,TRUEFLEX,MohdRahmat Ali,MotherHub_NDC,BRSNR,MundkaHub_DEL_PL,PH-B3-NCRNDC-6348325,expected,OPENED,26-09-2026 02:48,Arvind Bansal (DNCR)
26-09-2026,26-09-2026,FMPC6529151030,Motibaghhub_DEL_PL,IRC INNOVATIONS +919266514999,57302e0018d543b4,received_at_mh,North,TRUEFLEX,725822,TRUEFLEX,ROHITGUPTA,MotherHub_NDC,BRSNR,Motibaghhub_DEL_PL,PH-B3-NCRNDC-5981155,expected,OPENED,26-09-2026 01:46,Arvind Bansal (DNCR)
26-09-2026,26-09-2026,FMPP4297840610,PaharganjHub_DEL_PL,Srishti Enterprises +919899797491,aa47eaaab57b455f,received_at_mh,North,LMA,1.00E+11,We Innovate Business Solutions Pvt Ltd,RahulKumar,MotherHub_NDC,BRSNR,PaharganjHub_DEL_PL,PH-B3-NCRNDC-6280688,expected,OPENED,26-09-2026 02:58,Arvind Bansal (DNCR)
26-09-2026,26-09-2026,FMPC6529151025,Motibaghhub_DEL_PL,IRC INNOVATIONS +919266514999,57302e0018d543b4,received_at_mh,North,TRUEFLEX,725822,TRUEFLEX,ROHITGUPTA,MotherHub_NDC,BRSNR,Motibaghhub_DEL_PL,PH-B3-NCRNDC-5981155,expected,OPENED,26-09-2026 01:46,Arvind Bansal (DNCR)
26-09-2026,26-09-2026,FMPC6529357010,PaharganjHub_DEL_PL,Srishti Enterprises +919899797491,aa47eaaab57b455f,received_at_mh,North,LMA,1.00E+11,We Innovate Business Solutions Pvt Ltd,RahulKumar,MotherHub_NDC,BRSNR,PaharganjHub_DEL_PL,PH-B3-NCRNDC-6280688,expected,OPENED,26-09-2026 02:58,Arvind Bansal (DNCR)
26-09-2026,26-09-2026,FMPP4297889407,PaharganjHub_DEL_PL,LADY QUINTON +919582549737,cdf6c214fcba4479,received_at_mh,North,LMA,1.00E+11,#N/A,#N/A,MotherHub_NDC,Mixbagging,PaharganjHub_DEL_PL,PH-B3-NCRNDC-6183430,expected,OPENED,26-09-2026 02:59,Arvind Bansal (DNCR)
26-09-2026,26-09-2026,FMPP4298549874,PaharganjHub_DEL_PL,VIDYA CHITR PRAKASHAN +919873970880,2bffabefecf84a92,received_at_mh,North,LMA,1.00E+11,#N/A,#N/A,MotherHub_NDC,BRSNR,PaharganjHub_DEL_PL,PH-B3-NCRNDC-6321237,expected,OPENED,26-09-2026 03:27,Arvind Bansal (DNCR)
26-09-2026,26-09-2026,FMPP4298152973,Motibaghhub_DEL_PL,S K ENTERRPRICES +917678474041,84de08e89d6f4e56,dispatched_to_mh,North,LMA,1.00E+11,#N/A,#N/A,MotherHub_NDC,BRSNR,Motibaghhub_DEL_PL,PH-B3-NCRNDC-6321988,expected,OPENED,26-09-2026 00:44,Arvind Bansal (DNCR)
26-09-2026,26-09-2026,FMPP4297317649,PaharganjHub_DEL_PL,HIND TRADING CO. +917303878279,2f108f156b074a4a,received_at_mh,North,LMA,1.00E+11,We Innovate Business Solutions Pvt Ltd,RahulKumar,MotherHub_NDC,BRSNR,PaharganjHub_DEL_PL,PH-B3-NCRNDC-6280689,expected,OPENED,26-09-2026 03:13,Arvind Bansal (DNCR)
26-09-2026,26-09-2026,FMPP4296976454,PaharganjHub_DEL_PL,REPRO BOOKS LIMITED 9821647068,1fb9292609fa497e,received_at_mh,North,LMA,1.00E+11,#N/A,#N/A,MotherHub_NDC,BRSNR,PaharganjHub_DEL_PL,PH-B3-NCRNDC-6321235,expected,OPENED,26-09-2026 03:27,Arvind Bansal (DNCR)
26-09-2026,26-09-2026,FMPP4298512287,PaharganjHub_DEL_PL,UNIVERSAL BOOK STORE +919910205129,3738e6290ef44727,dispatched_to_mh,North,LMA,1.00E+11,#N/A,#N/A,MotherHub_NDC,BRSNR,PaharganjHub_DEL_PL,PH-B3-NCRNDC-5625348,expected,OPENED,26-09-2026 02:57,Arvind Bansal (DNCR)
26-09-2026,26-09-2026,FMPC6527533677,MysorerdHub_BLR_PL,D.K.Fashion Jewellery +917798479079,0bd03209e05f4e13,dispatched_to_mh,South,LMA,1.00E+11,#N/A,#N/A,Motherhub_BLR_Flex,BRSNR,MysorerdHub_BLR_PL,PH-B4-BLRBLX-648594,expected,OPENED,25-09-2026 22:23,Anwar Babu Maldar
26-09-2026,26-09-2026,FMPC6527297356,PaharganjHub_DEL_PL,R. S. INNERWEAR +919711778646,2caef1927f234f2e,received_at_mh,North,LMA,1.00E+11,We Innovate Business Solutions Pvt Ltd,RahulKumar,MotherHub_NDC,BRSNR,PaharganjHub_DEL_PL,PH-B3-NCRNDC-6280688,expected,OPENED,26-09-2026 02:58,Arvind Bansal (DNCR)
26-09-2026,26-09-2026,FMPC6528507329,PaharganjHub_DEL_PL,GURUJI ENTERPRISES +917835898437,db8ccdb2a44c421a,received_at_mh,North,LMA,1.00E+11,We Innovate Business Solutions Pvt Ltd,RahulKumar,MotherHub_NDC,BRSNR,PaharganjHub_DEL_PL,PH-B3-NCRNDC-6280688,expected,OPENED,26-09-2026 02:58,Arvind Bansal (DNCR)
26-09-2026,26-09-2026,FMPP4298160897,PaharganjHub_DEL_PL,LADY QUINTON +919582549737,cdf6c214fcba4479,received_at_mh,North,LMA,1.00E+11,#N/A,#N/A,MotherHub_NDC,Mixbagging,PaharganjHub_DEL_PL,PH-B3-NCRNDC-6183430,expected,OPENED,26-09-2026 02:59,Arvind Bansal (DNCR)
26-09-2026,26-09-2026,FMPC6528939404,PaharganjHub_DEL_PL,Srishti Enterprises +919899797491,aa47eaaab57b455f,received_at_mh,North,LMA,1.00E+11,We Innovate Business Solutions Pvt Ltd,RahulKumar,MotherHub_NDC,BRSNR,PaharganjHub_DEL_PL,PH-B3-NCRNDC-6280688,expected,OPENED,26-09-2026 02:58,Arvind Bansal (DNCR)
26-09-2026,26-09-2026,FMPC6529768443,PaharganjHub_DEL_PL,Mittal-Brothers +919999410460,uhtawszhifp7kaph,received_at_mh,North,LMA,1.00E+11,#N/A,#N/A,MotherHub_NDC,BRSNR,PaharganjHub_DEL_PL,PH-B3-FRKFRK-10647440,expected,OPENED,26-09-2026 03:04,Arvind Bansal (DNCR)
26-09-2026,26-09-2026,FMPC6527802431,PaharganjHub_DEL_PL,J D Enterprises +919899250950,059e3c9a9bc44f68,received_at_mh,North,LMA,1.00E+11,We Innovate Business Solutions Pvt Ltd,RahulKumar,MotherHub_NDC,BRSNR,PaharganjHub_DEL_PL,PH-B3-NCRNDC-6280688,expected,OPENED,26-09-2026 02:58,Arvind Bansal (DNCR)
26-09-2026,26-09-2026,FMPP4297744915,PaharganjHub_DEL_PL,HIND TRADING CO. +917303878279,2f108f156b074a4a,received_at_mh,North,LMA,1.00E+11,We Innovate Business Solutions Pvt Ltd,RahulKumar,MotherHub_NDC,BRSNR,PaharganjHub_DEL_PL,PH-B3-NCRNDC-6280689,expected,OPENED,26-09-2026 03:13,Arvind Bansal (DNCR)
26-09-2026,26-09-2026,FMPP4298643127,MundkaHub_DEL_PL,AMIT SHOES PVT. LTD. 9811822221,669263fdcebe4aab,received_at_mh,North,TRUEFLEX,758608,TRUEFLEX,Avnish,MotherHub_NDC,BRSNR,MundkaHub_DEL_PL,PH-B3-NCRNDC-6341531,expected,OPENED,26-09-2026 02:55,Arvind Bansal (DNCR)
26-09-2026,26-09-2026,FMPC6528618406,PaharganjHub_DEL_PL,Minsha Exports +918130755640,0478d228ba7a48c2,received_at_mh,North,LMA,1.00E+11,RAMEZO ENTERPRISES,Sahil,MotherHub_NDC,BRSNR,PaharganjHub_DEL_PL,PH-B3-NCRNDC-6314203,expected,OPENED,26-09-2026 03:17,Arvind Bansal (DNCR)
26-09-2026,26-09-2026,FMPP4297583935,Motibaghhub_DEL_PL,JAGDAMBA ENTERPRISES +918851155463,120d3816bb684d83,received_at_mh,North,TRUEFLEX,731272,TRUEFLEX,RajaMehto,MotherHub_NDC,BRSNR,Motibaghhub_DEL_PL,PH-B3-NCRNDC-6289083,expected,OPENED,26-09-2026 01:50,Arvind Bansal (DNCR)
26-09-2026,26-09-2026,FMPC6527923324,NehruPlaceHub_DEL_PL,AYURVEDA HOUSE PRIVATE LIMITED +919311734833,d4291c93523644ab,dispatched_to_mh,North,TRUEFLEX,606372,TRUEFLEX,MongalHaldar,MotherHub_NDC,BRSNR,NehruPlaceHub_DEL_PL,PH-B3-NCRNDC-6093630,expected,OPENED,26-09-2026 00:31,Arvind Bansal (DNCR)
26-09-2026,26-09-2026,FMPP4298434044,PaharganjHub_DEL_PL,HIND TRADING CO. +917303878279,2f108f156b074a4a,received_at_mh,North,LMA,1.00E+11,We Innovate Business Solutions Pvt Ltd,RahulKumar,MotherHub_NDC,BRSNR,PaharganjHub_DEL_PL,PH-B3-NCRNDC-6280689,expected,OPENED,26-09-2026 03:13,Arvind Bansal (DNCR)
26-09-2026,26-09-2026,FMPC6528744008,PaharganjHub_DEL_PL,LADY QUINTON +919582549737,cdf6c214fcba4479,received_at_mh,North,LMA,1.00E+11,#N/A,#N/A,MotherHub_NDC,Mixbagging,PaharganjHub_DEL_PL,PH-B3-NCRNDC-6183430,expected,OPENED,26-09-2026 02:59,Arvind Bansal (DNCR)
26-09-2026,26-09-2026,FMPC6523671637,Motibaghhub_DEL_PL,Pankaj payal garments +917453908251,a7e5ba39816945ac,dispatched_to_mh,North,LMA,1.00E+11,Greenteck Logistics and Mobility Pvt Ltd,Vikas,MotherHub_NDC,BRSNR,Motibaghhub_DEL_PL,PH-B3-NCRNDC-6286780,expected,OPENED,26-09-2026 02:08,Arvind Bansal (DNCR)
26-09-2026,26-09-2026,FMPC6527846324,PaharganjHub_DEL_PL,HIND TRADING CO. +917303878279,2f108f156b074a4a,received_at_mh,North,LMA,1.00E+11,We Innovate Business Solutions Pvt Ltd,RahulKumar,MotherHub_NDC,BRSNR,PaharganjHub_DEL_PL,PH-B3-NCRNDC-6280689,expected,OPENED,26-09-2026 03:13,Arvind Bansal (DNCR)
26-09-2026,26-09-2026,FMPC6527675945,PaharganjHub_DEL_PL,REPRO BOOKS LIMITED 9821647068,1fb9292609fa497e,received_at_mh,North,LMA,1.00E+11,#N/A,#N/A,MotherHub_NDC,BRSNR,PaharganjHub_DEL_PL,PH-B3-NCRNDC-6321235,expected,OPENED,26-09-2026 03:27,Arvind Bansal (DNCR)
26-09-2026,26-09-2026,FMPC6529445197,PaharganjHub_DEL_PL,Sawariya Seth Traders +918287586964,d30528d056404cc3,received_at_mh,North,LMA,1.00E+11,We Innovate Business Solutions Pvt Ltd,RahulKumar,MotherHub_NDC,BRSNR,PaharganjHub_DEL_PL,PH-B3-NCRNDC-6280688,expected,OPENED,26-09-2026 02:58,Arvind Bansal (DNCR)
26-09-2026,26-09-2026,FMPC6527442079,Motibaghhub_DEL_PL,EOI MARKETING PRIVATE LIMITED +919717109004,629b03f7de1b4d37,received_at_mh,North,TRUEFLEX,725822,TRUEFLEX,ROHITGUPTA,MotherHub_NDC,BRSNR,Motibaghhub_DEL_PL,PH-B3-NCRNDC-6070780,expected,OPENED,26-09-2026 00:58,Arvind Bansal (DNCR)
26-09-2026,26-09-2026,FMPC6527752145,PaharganjHub_DEL_PL,REPRO BOOKS LIMITED 9821647068,1fb9292609fa497e,received_at_mh,North,LMA,1.00E+11,#N/A,#N/A,MotherHub_NDC,BRSNR,PaharganjHub_DEL_PL,PH-B3-NCRNDC-6321235,expected,OPENED,26-09-2026 03:27,Arvind Bansal (DNCR)
26-09-2026,26-09-2026,FMPC6528057375,PaharganjHub_DEL_PL,NUTRITION HUB +919837962949,dc27d01f6ad34bc6,received_at_mh,North,LMA,1.00E+11,#N/A,#N/A,MotherHub_NDC,BRSNR,PaharganjHub_DEL_PL,PH-B3-NCRNDC-5625348,expected,OPENED,26-09-2026 02:57,Arvind Bansal (DNCR)
26-09-2026,26-09-2026,FMPC6529731490,MundkaHub_DEL_PL,CORNET OVERSEAS +917876893941,aa726921b67e4226,dispatched_to_mh,North,TRUEFLEX,891077,TRUEFLEX,NarenderNarender,MotherHub_NDC,BRSNR,MundkaHub_DEL_PL,PH-B3-NCRNDC-6333583,expected,OPENED,26-09-2026 00:28,Arvind Bansal (DNCR)
26-09-2026,26-09-2026,FMPC6528002557,PaharganjHub_DEL_PL,HIND TRADING CO. +917303878279,2f108f156b074a4a,received_at_mh,North,LMA,1.00E+11,We Innovate Business Solutions Pvt Ltd,RahulKumar,MotherHub_NDC,BRSNR,PaharganjHub_DEL_PL,PH-B3-NCRNDC-6280689,expected,OPENED,26-09-2026 03:13,Arvind Bansal (DNCR)
26-09-2026,26-09-2026,FMPC6528477335,Motibaghhub_DEL_PL,JAGDAMBA ENTERPRISES +918851155463,120d3816bb684d83,received_at_mh,North,TRUEFLEX,731272,TRUEFLEX,RajaMehto,MotherHub_NDC,BRSNR,Motibaghhub_DEL_PL,PH-B3-NCRNDC-6289080,expected,OPENED,26-09-2026 01:51,Arvind Bansal (DNCR)
26-09-2026,26-09-2026,FMPC6528987475,PaharganjHub_DEL_PL,Toolihub sales corporation +919560723458,9b814df4a0084609,received_at_mh,North,LMA,1.00E+11,AADIYOGI LOGISTIC PRIVATE LIMITED,Ayush,MotherHub_NDC,BRSNR,PaharganjHub_DEL_PL,PH-B3-NCRNDC-6222086,expected,OPENED,26-09-2026 02:11,Arvind Bansal (DNCR)
26-09-2026,26-09-2026,FMPC6528266292,Motibaghhub_DEL_PL,MEDMONGERS INC 9140086259,07d060bcc0f04588,received_at_mh,North,LMA,1.00E+11,Sitics,RaushanKumar,MotherHub_NDC,BRSNR,Motibaghhub_DEL_PL,PH-B3-NCRNDC-6210495,expected,OPENED,26-09-2026 02:07,Arvind Bansal (DNCR)
26-09-2026,26-09-2026,FMPC6529349456,PaharganjHub_DEL_PL,Srishti Enterprises +919899797491,aa47eaaab57b455f,received_at_mh,North,LMA,1.00E+11,We Innovate Business Solutions Pvt Ltd,RahulKumar,MotherHub_NDC,BRSNR,PaharganjHub_DEL_PL,PH-B3-NCRNDC-6280688,expected,OPENED,26-09-2026 02:58,Arvind Bansal (DNCR)
26-09-2026,26-09-2026,FMPC6528244325,PaharganjHub_DEL_PL,DOUBLE 9 BOOKS LLP +918130393865,83d39d01101e4a8d,received_at_mh,North,LMA,1.00E+11,#N/A,#N/A,MotherHub_NDC,BRSNR,PaharganjHub_DEL_PL,PH-B3-NCRNDC-6321235,expected,OPENED,26-09-2026 03:27,Arvind Bansal (DNCR)
26-09-2026,26-09-2026,FMPP4298256483,PaharganjHub_DEL_PL,LADY QUINTON +919582549737,cdf6c214fcba4479,received_at_mh,North,LMA,1.00E+11,#N/A,#N/A,MotherHub_NDC,Mixbagging,PaharganjHub_DEL_PL,PH-B3-NCRNDC-6183430,expected,OPENED,26-09-2026 02:59,Arvind Bansal (DNCR)
26-09-2026,26-09-2026,FMPC6527503340,PaharganjHub_DEL_PL,H.R.Enterprises +919220903547,570c84ab67da4384,received_at_mh,North,LMA,1.00E+11,We Innovate Business Solutions Pvt Ltd,RahulKumar,MotherHub_NDC,BRSNR,PaharganjHub_DEL_PL,PH-B3-NCRNDC-6280688,expected,OPENED,26-09-2026 02:58,Arvind Bansal (DNCR)
26-09-2026,26-09-2026,FMPP4297849420,MundkaHub_DEL_PL,PLANET OF TOYS +918368124434,2b614706c3e44f23,received_at_mh,North,LMA,1.00E+11,Watsoo,AnilKumar,MotherHub_NDC,BRSNR,MundkaHub_DEL_PL,PH-B3-NCRNDC-6157625,expected,OPENED,26-09-2026 02:34,Arvind Bansal (DNCR)
26-09-2026,26-09-2026,FMPP4296974853,Motibaghhub_DEL_PL,JAGDAMBA ENTERPRISES +918851155463,120d3816bb684d83,received_at_mh,North,TRUEFLEX,731272,TRUEFLEX,RajaMehto,MotherHub_NDC,BRSNR,Motibaghhub_DEL_PL,PH-B3-NCRNDC-6289081,expected,OPENED,26-09-2026 01:49,Arvind Bansal (DNCR)
26-09-2026,26-09-2026,FMPC6527246296,PaharganjHub_DEL_PL,REPRO BOOKS LIMITED 9821647068,1fb9292609fa497e,received_at_mh,North,LMA,1.00E+11,#N/A,#N/A,MotherHub_NDC,BRSNR,PaharganjHub_DEL_PL,PH-B3-NCRNDC-6321235,expected,OPENED,26-09-2026 03:27,Arvind Bansal (DNCR)
26-09-2026,26-09-2026,FMPC6529770162,MundkaHub_DEL_PL,Dev International +917015123583,b25147d910a84927,dispatched_to_mh,North,LMA,1.00E+11,#N/A,#N/A,MotherHub_NDC,BRSNR,MundkaHub_DEL_PL,PH-B3-NCRNDC-6333163,expected,OPENED,26-09-2026 03:46,Arvind Bansal (DNCR)
26-09-2026,26-09-2026,FMPP4297526709,PaharganjHub_DEL_PL,NUTRITION HUB +919837962949,dc27d01f6ad34bc6,received_at_mh,North,LMA,1.00E+11,#N/A,#N/A,MotherHub_NDC,BRSNR,PaharganjHub_DEL_PL,PH-B3-NCRNDC-5625348,expected,OPENED,26-09-2026 02:57,Arvind Bansal (DNCR)
26-09-2026,26-09-2026,FMPP4298251545,MundkaHub_DEL_PL,PLANET OF TOYS +918368124434,2b614706c3e44f23,received_at_mh,North,LMA,1.00E+11,Watsoo,AnilKumar,MotherHub_NDC,BRSNR,MundkaHub_DEL_PL,PH-B3-NCRNDC-6157625,expected,OPENED,26-09-2026 02:34,Arvind Bansal (DNCR)
26-09-2026,26-09-2026,FMPC6528651669,PaharganjHub_DEL_PL,LADY QUINTON +919582549737,cdf6c214fcba4479,received_at_mh,North,LMA,1.00E+11,#N/A,#N/A,MotherHub_NDC,Mixbagging,PaharganjHub_DEL_PL,PH-B3-NCRNDC-6183430,expected,OPENED,26-09-2026 02:59,Arvind Bansal (DNCR)
26-09-2026,26-09-2026,FMPC6528070961,PaharganjHub_DEL_PL,HIND TRADING CO. +917303878279,2f108f156b074a4a,received_at_mh,North,LMA,1.00E+11,We Innovate Business Solutions Pvt Ltd,RahulKumar,MotherHub_NDC,BRSNR,PaharganjHub_DEL_PL,PH-B3-NCRNDC-6280689,expected,OPENED,26-09-2026 03:13,Arvind Bansal (DNCR)
26-09-2026,26-09-2026,FMPC6527381457,PaharganjHub_DEL_PL,FIRST CHOICE +919212351721,b1a0c41dc6e74bdd,received_at_mh,North,LMA,1.00E+11,We Innovate Business Solutions Pvt Ltd,RahulKumar,MotherHub_NDC,BRSNR,PaharganjHub_DEL_PL,PH-B3-NCRNDC-6280688,expected,OPENED,26-09-2026 02:58,Arvind Bansal (DNCR)
26-09-2026,26-09-2026,FMPP4298080734,PaharganjHub_DEL_PL,H.R.Enterprises +919220903547,570c84ab67da4384,received_at_mh,North,LMA,1.00E+11,We Innovate Business Solutions Pvt Ltd,RahulKumar,MotherHub_NDC,BRSNR,PaharganjHub_DEL_PL,PH-B3-NCRNDC-6280688,expected,OPENED,26-09-2026 02:58,Arvind Bansal (DNCR)
26-09-2026,26-09-2026,FMPP4297456737,MundkaHub_DEL_PL,A Online Snake +919315799746,fe8667f4d2d946e4,received_at_mh,North,TRUEFLEX,589789,TRUEFLEX,Awadesh KumarTiwari,MotherHub_NDC,BRSNR,MundkaHub_DEL_PL,PH-B3-NCRNDC-6339416,expected,OPENED,26-09-2026 02:56,Arvind Bansal (DNCR)
26-09-2026,26-09-2026,FMPC6529467764,PaharganjHub_DEL_PL,LADY QUINTON +919582549737,cdf6c214fcba4479,received_at_mh,North,LMA,1.00E+11,#N/A,#N/A,MotherHub_NDC,Mixbagging,PaharganjHub_DEL_PL,PH-B3-NCRNDC-6183430,expected,OPENED,26-09-2026 02:59,Arvind Bansal (DNCR)
26-09-2026,26-09-2026,FMPC6528974692,PaharganjHub_DEL_PL,R. S. INNERWEAR +919711778646,2caef1927f234f2e,received_at_mh,North,LMA,1.00E+11,We Innovate Business Solutions Pvt Ltd,RahulKumar,MotherHub_NDC,BRSNR,PaharganjHub_DEL_PL,PH-B3-NCRNDC-6280688,expected,OPENED,26-09-2026 02:58,Arvind Bansal (DNCR)
26-09-2026,26-09-2026,FMPP4297596478,PaharganjHub_DEL_PL,HIND TRADING CO. +917303878279,2f108f156b074a4a,received_at_mh,North,LMA,1.00E+11,We Innovate Business Solutions Pvt Ltd,RahulKumar,MotherHub_NDC,BRSNR,PaharganjHub_DEL_PL,PH-B3-NCRNDC-6280689,expected,OPENED,26-09-2026 03:13,Arvind Bansal (DNCR)
26-09-2026,26-09-2026,FMPC6527465143,Motibaghhub_DEL_PL,KG ENTERPRISES +919310296907,9e75cb561d374571,dispatched_to_mh,North,TRUEFLEX,731272,TRUEFLEX,RajaMehto,MotherHub_NDC,BRSNR,Motibaghhub_DEL_PL,PH-B3-NCRNDC-6042149,expected,OPENED,26-09-2026 02:57,Arvind Bansal (DNCR)
26-09-2026,26-09-2026,FMPP4297030726,PaharganjHub_DEL_PL,SMS TRADERS +919650249721,609566b6c17a4ad0,received_at_mh,North,LMA,1.00E+11,We Innovate Business Solutions Pvt Ltd,RahulKumar,MotherHub_NDC,BRSNR,PaharganjHub_DEL_PL,PH-B3-NCRNDC-6280688,expected,OPENED,26-09-2026 02:58,Arvind Bansal (DNCR)
26-09-2026,26-09-2026,FMPP4297990038,PaharganjHub_DEL_PL,Sawariya Seth Traders +918287586964,d30528d056404cc3,received_at_mh,North,LMA,1.00E+11,We Innovate Business Solutions Pvt Ltd,RahulKumar,MotherHub_NDC,BRSNR,PaharganjHub_DEL_PL,PH-B3-NCRNDC-6280688,expected,OPENED,26-09-2026 02:58,Arvind Bansal (DNCR)
26-09-2026,26-09-2026,FMPP4297326074,MundkaHub_DEL_PL,PLANET OF TOYS +918368124434,2b614706c3e44f23,received_at_mh,North,LMA,1.00E+11,Watsoo,AnilKumar,MotherHub_NDC,BRSNR,MundkaHub_DEL_PL,PH-B3-NCRNDC-6157625,expected,OPENED,26-09-2026 02:34,Arvind Bansal (DNCR)
26-09-2026,26-09-2026,FMPP4298170253,PaharganjHub_DEL_PL,H.R.Enterprises +919220903547,570c84ab67da4384,received_at_mh,North,LMA,1.00E+11,We Innovate Business Solutions Pvt Ltd,RahulKumar,MotherHub_NDC,BRSNR,PaharganjHub_DEL_PL,PH-B3-NCRNDC-6280688,expected,OPENED,26-09-2026 02:58,Arvind Bansal (DNCR)
26-09-2026,26-09-2026,FMPC6527930283,PaharganjHub_DEL_PL,HIND TRADING CO. +917303878279,2f108f156b074a4a,received_at_mh,North,LMA,1.00E+11,We Innovate Business Solutions Pvt Ltd,RahulKumar,MotherHub_NDC,BRSNR,PaharganjHub_DEL_PL,PH-B3-NCRNDC-6280689,expected,OPENED,26-09-2026 03:13,Arvind Bansal (DNCR)
26-09-2026,26-09-2026,FMPP4297653314,PaharganjHub_DEL_PL,HIND TRADING CO. +917303878279,2f108f156b074a4a,received_at_mh,North,LMA,1.00E+11,We Innovate Business Solutions Pvt Ltd,RahulKumar,MotherHub_NDC,BRSNR,PaharganjHub_DEL_PL,PH-B3-NCRNDC-6280689,expected,OPENED,26-09-2026 03:13,Arvind Bansal (DNCR)
26-09-2026,26-09-2026,FMPP4298705195,MundkaHub_DEL_PL,CORNET OVERSEAS +917876893941,aa726921b67e4226,dispatched_to_mh,North,TRUEFLEX,891077,TRUEFLEX,NarenderNarender,MotherHub_NDC,BRSNR,MundkaHub_DEL_PL,PH-B3-NCRNDC-6333583,expected,OPENED,26-09-2026 00:28,Arvind Bansal (DNCR)
26-09-2026,26-09-2026,FMPC6528975685,PaharganjHub_DEL_PL,Srishti Enterprises +919899797491,aa47eaaab57b455f,received_at_mh,North,LMA,1.00E+11,We Innovate Business Solutions Pvt Ltd,RahulKumar,MotherHub_NDC,BRSNR,PaharganjHub_DEL_PL,PH-B3-NCRNDC-6280688,expected,OPENED,26-09-2026 02:58,Arvind Bansal (DNCR)
26-09-2026,26-09-2026,FMPC6527515787,Motibaghhub_DEL_PL,UNITED WINGS INTERNATIONAL +919811180141,4612c8b959e44f44,received_at_mh,North,LMA,1.00E+11,WERCATALYST VENTURES PVT LTD,MOHIT,MotherHub_NDC,BRSNR,Motibaghhub_DEL_PL,PH-B3-NCRNDC-6243657,expected,OPENED,26-09-2026 02:02,Arvind Bansal (DNCR)
26-09-2026,26-09-2026,FMPC6529856042,NehruPlaceHub_DEL_PL,Geeta International +916398350348,6a1d1dee31264bca,received_at_mh,North,TRUEFLEX,798046,TRUEFLEX,VikeshKaneriya,MotherHub_NDC,BRSNR,NehruPlaceHub_DEL_PL,PH-B3-NCRNDC-6243069,expected,OPENED,26-09-2026 01:38,Arvind Bansal (DNCR)
26-09-2026,26-09-2026,FMPC6528992094,Motibaghhub_DEL_PL,KG ENTERPRISES +919310296907,9e75cb561d374571,dispatched_to_mh,North,TRUEFLEX,731272,TRUEFLEX,RajaMehto,MotherHub_NDC,BRSNR,Motibaghhub_DEL_PL,PH-B3-NCRNDC-6042149,expected,OPENED,26-09-2026 02:57,Arvind Bansal (DNCR)
26-09-2026,26-09-2026,FMPC6528510735,PaharganjHub_DEL_PL,Srishti Enterprises +919899797491,aa47eaaab57b455f,received_at_mh,North,LMA,1.00E+11,We Innovate Business Solutions Pvt Ltd,RahulKumar,MotherHub_NDC,BRSNR,PaharganjHub_DEL_PL,PH-B3-NCRNDC-6280688,expected,OPENED,26-09-2026 02:58,Arvind Bansal (DNCR)
26-09-2026,26-09-2026,FMPP4297887017,NajafgarhHub_DEL_PL,Dharampal Enterprises +918368091439,c2bc50cd423f4306,dispatched_to_mh,North,LMA,1.00E+11,#N/A,#N/A,MotherHub_NDC,BRSNR,NajafgarhHub_DEL_PL,PH-B3-NCRNDC-6137752,expected,OPENED,26-09-2026 00:10,Arvind Bansal (DNCR)
26-09-2026,26-09-2026,FMPC6527973373,PaharganjHub_DEL_PL,LADY QUINTON +919582549737,cdf6c214fcba4479,received_at_mh,North,LMA,1.00E+11,#N/A,#N/A,MotherHub_NDC,Mixbagging,PaharganjHub_DEL_PL,PH-B3-NCRNDC-6183430,expected,OPENED,26-09-2026 02:59,Arvind Bansal (DNCR)
26-09-2026,26-09-2026,FMPC6527733803,Motibaghhub_DEL_PL,Vishnu Versa Enterprises +919971401438,7e82d0282c1b4156,received_at_mh,North,LMA,1.00E+11,#N/A,#N/A,MotherHub_NDC,BRSNR,Motibaghhub_DEL_PL,PH-B3-NCRNDC-6322915,expected,OPENED,26-09-2026 01:56,Arvind Bansal (DNCR)
26-09-2026,26-09-2026,FMPC6529335626,PaharganjHub_DEL_PL,STARK ENTERPRISES +919599047675,ffdbd11651b2485d,dispatched_to_mh,North,TRUEFLEX,682258,TRUEFLEX,ManjeetKumar,MotherHub_NDC,BRSNR,PaharganjHub_DEL_PL,PH-B3-NCRNDC-6251868,expected,OPENED,26-09-2026 03:18,Arvind Bansal (DNCR)
26-09-2026,26-09-2026,FMPC6528627098,PaharganjHub_DEL_PL,Sawariya Seth Traders +918287586964,d30528d056404cc3,received_at_mh,North,LMA,1.00E+11,We Innovate Business Solutions Pvt Ltd,RahulKumar,MotherHub_NDC,BRSNR,PaharganjHub_DEL_PL,PH-B3-NCRNDC-6280688,expected,OPENED,26-09-2026 02:58,Arvind Bansal (DNCR)
26-09-2026,26-09-2026,FMPC6527154459,PaharganjHub_DEL_PL,Srishti Enterprises +919899797491,aa47eaaab57b455f,received_at_mh,North,LMA,1.00E+11,We Innovate Business Solutions Pvt Ltd,RahulKumar,MotherHub_NDC,BRSNR,PaharganjHub_DEL_PL,PH-B3-NCRNDC-6280688,expected,OPENED,26-09-2026 02:58,Arvind Bansal (DNCR)
26-09-2026,26-09-2026,FMPC6527355108,PaharganjHub_DEL_PL,Srishti Enterprises +919899797491,aa47eaaab57b455f,received_at_mh,North,LMA,1.00E+11,We Innovate Business Solutions Pvt Ltd,RahulKumar,MotherHub_NDC,BRSNR,PaharganjHub_DEL_PL,PH-B3-NCRNDC-6280688,expected,OPENED,26-09-2026 02:58,Arvind Bansal (DNCR)
26-09-2026,26-09-2026,FMPP4296647786,PaharganjHub_DEL_PL,REPRO BOOKS LIMITED 9821647068,1fb9292609fa497e,received_at_mh,North,LMA,1.00E+11,#N/A,#N/A,MotherHub_NDC,BRSNR,PaharganjHub_DEL_PL,PH-B3-NCRNDC-6321233,expected,OPENED,26-09-2026 03:28,Arvind Bansal (DNCR)
26-09-2026,26-09-2026,FMPP4298463715,PaharganjHub_DEL_PL,LADY QUINTON +919582549737,cdf6c214fcba4479,received_at_mh,North,LMA,1.00E+11,#N/A,#N/A,MotherHub_NDC,Mixbagging,PaharganjHub_DEL_PL,PH-B3-NCRNDC-6183430,expected,OPENED,26-09-2026 02:59,Arvind Bansal (DNCR)
26-09-2026,26-09-2026,FMPP4298434031,PaharganjHub_DEL_PL,HIND TRADING CO. +917303878279,2f108f156b074a4a,received_at_mh,North,LMA,1.00E+11,We Innovate Business Solutions Pvt Ltd,RahulKumar,MotherHub_NDC,BRSNR,PaharganjHub_DEL_PL,PH-B3-NCRNDC-6280689,expected,OPENED,26-09-2026 03:13,Arvind Bansal (DNCR)
26-09-2026,26-09-2026,FMPC6528351418,PaharganjHub_DEL_PL,HIND TRADING CO. +917303878279,2f108f156b074a4a,received_at_mh,North,LMA,1.00E+11,We Innovate Business Solutions Pvt Ltd,RahulKumar,MotherHub_NDC,BRSNR,PaharganjHub_DEL_PL,PH-B3-NCRNDC-6280689,expected,OPENED,26-09-2026 03:13,Arvind Bansal (DNCR)
26-09-2026,26-09-2026,FMPP4297290248,Motibaghhub_DEL_PL,Naunidh Enterprises +919891635355,5335867c54f1488f,received_at_mh,North,LMA,1.00E+11,We Innovate Business Solutions Pvt Ltd,Abhishek,MotherHub_NDC,BRSNR,Motibaghhub_DEL_PL,PH-B3-NCRNDC-6245246,expected,OPENED,26-09-2026 01:54,Arvind Bansal (DNCR)
26-09-2026,26-09-2026,FMPP4298593841,PaharganjHub_DEL_PL,LADY QUINTON +919582549737,cdf6c214fcba4479,received_at_mh,North,LMA,1.00E+11,#N/A,#N/A,MotherHub_NDC,Mixbagging,PaharganjHub_DEL_PL,PH-B3-NCRNDC-6183430,expected,OPENED,26-09-2026 02:59,Arvind Bansal (DNCR)
26-09-2026,26-09-2026,FMPC6529081376,Motibaghhub_DEL_PL,M/S VISION HEIGHTS SOLUTIONS +918130097904,446d69666277483e,dispatched_to_mh,North,LMA,1.00E+11,We Innovate Business Solutions Pvt Ltd,Abhishek,MotherHub_NDC,BRSNR,Motibaghhub_DEL_PL,PH-B3-NCRNDC-6321338,expected,OPENED,26-09-2026 00:54,Arvind Bansal (DNCR)
26-09-2026,26-09-2026,FMPC6529477038,PaharganjHub_DEL_PL,GURUJI ENTERPRISES +917835898437,db8ccdb2a44c421a,received_at_mh,North,LMA,1.00E+11,We Innovate Business Solutions Pvt Ltd,RahulKumar,MotherHub_NDC,BRSNR,PaharganjHub_DEL_PL,PH-B3-NCRNDC-6280688,expected,OPENED,26-09-2026 02:58,Arvind Bansal (DNCR)
26-09-2026,26-09-2026,FMPC6529058155,PaharganjHub_DEL_PL,LADY QUINTON +919582549737,cdf6c214fcba4479,received_at_mh,North,LMA,1.00E+11,#N/A,#N/A,MotherHub_NDC,Mixbagging,PaharganjHub_DEL_PL,PH-B3-NCRNDC-6183430,expected,OPENED,26-09-2026 02:59,Arvind Bansal (DNCR)
26-09-2026,26-09-2026,FMPC6527167827,PaharganjHub_DEL_PL,HIND TRADING CO. +917303878279,2f108f156b074a4a,received_at_mh,North,LMA,1.00E+11,We Innovate Business Solutions Pvt Ltd,RahulKumar,MotherHub_NDC,BRSNR,PaharganjHub_DEL_PL,PH-B3-NCRNDC-6280689,expected,OPENED,26-09-2026 03:13,Arvind Bansal (DNCR)
26-09-2026,26-09-2026,FMPC6529490420,PaharganjHub_DEL_PL,R. S. INNERWEAR +919711778646,2caef1927f234f2e,received_at_mh,North,LMA,1.00E+11,We Innovate Business Solutions Pvt Ltd,RahulKumar,MotherHub_NDC,BRSNR,PaharganjHub_DEL_PL,PH-B3-NCRNDC-6280688,expected,OPENED,26-09-2026 02:58,Arvind Bansal (DNCR)
26-09-2026,26-09-2026,FMPP4297148519,PaharganjHub_DEL_PL,HIND TRADING CO. +917303878279,2f108f156b074a4a,received_at_mh,North,LMA,1.00E+11,We Innovate Business Solutions Pvt Ltd,RahulKumar,MotherHub_NDC,BRSNR,PaharganjHub_DEL_PL,PH-B3-NCRNDC-6280689,expected,OPENED,26-09-2026 03:13,Arvind Bansal (DNCR)
26-09-2026,26-09-2026,FMPP4297154829,Motibaghhub_DEL_PL,DA NOVIRA +919205588560,ea4da39822674fee,dispatched_to_mh,North,TRUEFLEX,893213,TRUEFLEX,AmitKumar,MotherHub_NDC,BRSNR,Motibaghhub_DEL_PL,PH-B3-NCRNDC-6280330,expected,OPENED,26-09-2026 01:38,Arvind Bansal (DNCR)
26-09-2026,26-09-2026,MJHC1670591966,NajafgarhHub_DEL_PL,MJH : Urban Owl - Delhi 8076459450,MJH_2e3c355f343b8b02fbc15f6a4c22e315,dispatched_to_mh,North,LMA,1.00E+11,Greenteck Logistics and Mobility Pvt Ltd,Sangam SinghBhadauria,MotherHub_NDC,BRSNR,NajafgarhHub_DEL_PL,PH-B3-NCRNDC-6216937,expected,OPENED,26-09-2026 00:19,Arvind Bansal (DNCR)
26-09-2026,26-09-2026,FMPC6529291238,Motibaghhub_DEL_PL,IQ INNOVATE +919711977789,25c5eca01ccb46ad,dispatched_to_mh,North,LMA,1.00E+11,#N/A,#N/A,MotherHub_NDC,BRSNR,Motibaghhub_DEL_PL,PH-B3-NCRNDC-6314982,expected,OPENED,26-09-2026 01:01,Arvind Bansal (DNCR)
26-09-2026,26-09-2026,FMPP4298434036,PaharganjHub_DEL_PL,HIND TRADING CO. +917303878279,2f108f156b074a4a,received_at_mh,North,LMA,1.00E+11,We Innovate Business Solutions Pvt Ltd,RahulKumar,MotherHub_NDC,BRSNR,PaharganjHub_DEL_PL,PH-B3-NCRNDC-6280689,expected,OPENED,26-09-2026 03:13,Arvind Bansal (DNCR)
26-09-2026,26-09-2026,FMPP4297710591,PaharganjHub_DEL_PL,J D Enterprises +919899250950,059e3c9a9bc44f68,received_at_mh,North,LMA,1.00E+11,We Innovate Business Solutions Pvt Ltd,RahulKumar,MotherHub_NDC,BRSNR,PaharganjHub_DEL_PL,PH-B3-NCRNDC-6280688,expected,OPENED,26-09-2026 02:58,Arvind Bansal (DNCR)
26-09-2026,26-09-2026,FMPP4296961721,Motibaghhub_DEL_PL,JAGDAMBA ENTERPRISES +918851155463,120d3816bb684d83,received_at_mh,North,TRUEFLEX,731272,TRUEFLEX,RajaMehto,MotherHub_NDC,BRSNR,Motibaghhub_DEL_PL,PH-B3-NCRNDC-6289083,expected,OPENED,26-09-2026 01:50,Arvind Bansal (DNCR)
26-09-2026,26-09-2026,FMPC6528498714,MundkaHub_DEL_PL,Panvi Enterprises +918750613760,0676f54436ea4ac7,received_at_mh,North,TRUEFLEX,864690,TRUEFLEX,MohdRahmat Ali,MotherHub_NDC,BRSNR,MundkaHub_DEL_PL,PH-B3-NCRNDC-6327297,expected,OPENED,26-09-2026 02:16,Arvind Bansal (DNCR)
26-09-2026,26-09-2026,FMPC6528627414,PaharganjHub_DEL_PL,LADY QUINTON +919582549737,cdf6c214fcba4479,received_at_mh,North,LMA,1.00E+11,#N/A,#N/A,MotherHub_NDC,Mixbagging,PaharganjHub_DEL_PL,PH-B3-NCRNDC-6183430,expected,OPENED,26-09-2026 02:59,Arvind Bansal (DNCR)
26-09-2026,26-09-2026,FMPC6529170912,NehruPlaceHub_DEL_PL,ZINAYAA +919759750957,7d21e7b687424299,dispatched_to_mh,North,LMA,1.00E+11,Fastbeetle service,Surendra,MotherHub_NDC,BRSNR,NehruPlaceHub_DEL_PL,PH-B3-NCRNDC-6308717,expected,OPENED,26-09-2026 01:38,Arvind Bansal (DNCR)
26-09-2026,26-09-2026,FMPC6529093921,PaharganjHub_DEL_PL,REPRO BOOKS LIMITED 9821647068,1fb9292609fa497e,received_at_mh,North,LMA,1.00E+11,#N/A,#N/A,MotherHub_NDC,BRSNR,PaharganjHub_DEL_PL,PH-B3-NCRNDC-6321235,expected,OPENED,26-09-2026 03:27,Arvind Bansal (DNCR)
26-09-2026,26-09-2026,FMPP4296784706,PaharganjHub_DEL_PL,PRABHAT PRAKASHAN PRIVATE LIMITED +917827807777,ed5188406f7540bd,received_at_mh,North,TRUEFLEX,839309,TRUEFLEX,SantoshKumar,MotherHub_NDC,BRSNR,PaharganjHub_DEL_PL,PH-B3-NCRNDC-6314099,expected,OPENED,26-09-2026 02:06,Arvind Bansal (DNCR)
26-09-2026,26-09-2026,FMPC6528255613,PaharganjHub_DEL_PL,HIND TRADING CO. +917303878279,2f108f156b074a4a,received_at_mh,North,LMA,1.00E+11,We Innovate Business Solutions Pvt Ltd,RahulKumar,MotherHub_NDC,BRSNR,PaharganjHub_DEL_PL,PH-B3-NCRNDC-6280689,expected,OPENED,26-09-2026 03:13,Arvind Bansal (DNCR)
26-09-2026,26-09-2026,FMPC6527617368,PaharganjHub_DEL_PL,Medico Refresher Publications +919999385254,2d0e742113184891,received_at_mh,North,LMA,1.00E+11,#N/A,#N/A,MotherHub_NDC,BRSNR,PaharganjHub_DEL_PL,PH-B3-NCRNDC-6321236,expected,OPENED,26-09-2026 03:27,Arvind Bansal (DNCR)
26-09-2026,26-09-2026,FMPC6527771136,PaharganjHub_DEL_PL,LADY QUINTON +919582549737,cdf6c214fcba4479,received_at_mh,North,LMA,1.00E+11,#N/A,#N/A,MotherHub_NDC,Mixbagging,PaharganjHub_DEL_PL,PH-B3-NCRNDC-6183430,expected,OPENED,26-09-2026 02:59,Arvind Bansal (DNCR)
26-09-2026,26-09-2026,FMPC6528240377,PaharganjHub_DEL_PL,LADY QUINTON +919582549737,cdf6c214fcba4479,received_at_mh,North,LMA,1.00E+11,#N/A,#N/A,MotherHub_NDC,Mixbagging,PaharganjHub_DEL_PL,PH-B3-NCRNDC-6183430,expected,OPENED,26-09-2026 02:59,Arvind Bansal (DNCR)
26-09-2026,26-09-2026,FMPP4298444294,PaharganjHub_DEL_PL,NUTRITION HUB +919837962949,dc27d01f6ad34bc6,received_at_mh,North,LMA,1.00E+11,#N/A,#N/A,MotherHub_NDC,BRSNR,PaharganjHub_DEL_PL,PH-B3-NCRNDC-5625348,expected,OPENED,26-09-2026 02:57,Arvind Bansal (DNCR)
26-09-2026,26-09-2026,FMPC6528009967,PaharganjHub_DEL_PL,HIND TRADING CO. +917303878279,2f108f156b074a4a,received_at_mh,North,LMA,1.00E+11,We Innovate Business Solutions Pvt Ltd,RahulKumar,MotherHub_NDC,BRSNR,PaharganjHub_DEL_PL,PH-B3-NCRNDC-6280689,expected,OPENED,26-09-2026 03:13,Arvind Bansal (DNCR)
26-09-2026,26-09-2026,FMPC6528582192,PaharganjHub_DEL_PL,J D Enterprises +919899250950,059e3c9a9bc44f68,received_at_mh,North,LMA,1.00E+11,We Innovate Business Solutions Pvt Ltd,RahulKumar,MotherHub_NDC,BRSNR,PaharganjHub_DEL_PL,PH-B3-NCRNDC-6280688,expected,OPENED,26-09-2026 02:58,Arvind Bansal (DNCR)
26-09-2026,26-09-2026,FMPP4297028402,Motibaghhub_DEL_PL,AERTOXX +919643562724,263a8f2458074c92,dispatched_to_mh,North,TRUEFLEX,893213,TRUEFLEX,AmitKumar,MotherHub_NDC,BRSNR,Motibaghhub_DEL_PL,PH-B3-NCRNDC-6280431,expected,OPENED,26-09-2026 02:09,Arvind Bansal (DNCR)
26-09-2026,26-09-2026,FMPP4297259575,PaharganjHub_DEL_PL,HIND TRADING CO. +917303878279,2f108f156b074a4a,received_at_mh,North,LMA,1.00E+11,We Innovate Business Solutions Pvt Ltd,RahulKumar,MotherHub_NDC,BRSNR,PaharganjHub_DEL_PL,PH-B3-NCRNDC-6280689,expected,OPENED,26-09-2026 03:13,Arvind Bansal (DNCR)
26-09-2026,26-09-2026,FMPC6527382327,Motibaghhub_DEL_PL,GIZMO CORRECT +919278782168,094f851123434fcf,received_at_mh,North,LMA,1.00E+11,Greenteck Logistics and Mobility Pvt Ltd,Abhijeet KumarRay,MotherHub_NDC,BRSNR,Motibaghhub_DEL_PL,PH-B3-NCRNDC-6316278,expected,OPENED,26-09-2026 02:46,Arvind Bansal (DNCR)
26-09-2026,26-09-2026,FMPC6528385542,MundkaHub_DEL_PL,R.K. METAL CRAFTS +918700822811,48900da8aa3d4945,received_at_mh,North,TRUEFLEX,864690,TRUEFLEX,MohdRahmat Ali,MotherHub_NDC,BRSNR,MundkaHub_DEL_PL,PH-B3-NCRNDC-6327310,expected,OPENED,26-09-2026 01:47,Arvind Bansal (DNCR)
26-09-2026,26-09-2026,FMPC6527968395,PaharganjHub_DEL_PL,LADY QUINTON +919582549737,cdf6c214fcba4479,received_at_mh,North,LMA,1.00E+11,#N/A,#N/A,MotherHub_NDC,Mixbagging,PaharganjHub_DEL_PL,PH-B3-NCRNDC-6183430,expected,OPENED,26-09-2026 02:59,Arvind Bansal (DNCR)
26-09-2026,26-09-2026,FMPC6528569260,PaharganjHub_DEL_PL,GURUJI ENTERPRISES +917835898437,db8ccdb2a44c421a,received_at_mh,North,LMA,1.00E+11,We Innovate Business Solutions Pvt Ltd,RahulKumar,MotherHub_NDC,BRSNR,PaharganjHub_DEL_PL,PH-B3-NCRNDC-6280688,expected,OPENED,26-09-2026 02:58,Arvind Bansal (DNCR)
26-09-2026,26-09-2026,FMPP4297232250,PaharganjHub_DEL_PL,HIND TRADING CO. +917303878279,2f108f156b074a4a,received_at_mh,North,LMA,1.00E+11,We Innovate Business Solutions Pvt Ltd,RahulKumar,MotherHub_NDC,BRSNR,PaharganjHub_DEL_PL,PH-B3-NCRNDC-6280689,expected,OPENED,26-09-2026 03:13,Arvind Bansal (DNCR)
26-09-2026,26-09-2026,FMPC6528550954,PaharganjHub_DEL_PL,GURUJI ENTERPRISES +917835898437,db8ccdb2a44c421a,received_at_mh,North,LMA,1.00E+11,We Innovate Business Solutions Pvt Ltd,RahulKumar,MotherHub_NDC,BRSNR,PaharganjHub_DEL_PL,PH-B3-NCRNDC-6280688,expected,OPENED,26-09-2026 02:58,Arvind Bansal (DNCR)
26-09-2026,26-09-2026,FMPC6527734442,Motibaghhub_DEL_PL,MR ENTERPRISE +918076483752,5e6b4bdd79d24071,dispatched_to_mh,North,TRUEFLEX,1276705,TRUEFLEX,PawanChand,MotherHub_NDC,BRSNR,Motibaghhub_DEL_PL,PH-B3-NCRNDC-5768012,expected,OPENED,26-09-2026 02:55,Arvind Bansal (DNCR)
26-09-2026,26-09-2026,FMPC6528592282,PaharganjHub_DEL_PL,J D Enterprises +919899250950,059e3c9a9bc44f68,received_at_mh,North,LMA,1.00E+11,We Innovate Business Solutions Pvt Ltd,RahulKumar,MotherHub_NDC,BRSNR,PaharganjHub_DEL_PL,PH-B3-NCRNDC-6280688,expected,OPENED,26-09-2026 02:58,Arvind Bansal (DNCR)
26-09-2026,26-09-2026,FMPC6527888228,PaharganjHub_DEL_PL,Vihaan Enterprises +919717304897,fe397b2be14b4cea,received_at_mh,North,LMA,1.00E+11,We Innovate Business Solutions Pvt Ltd,RahulKumar,MotherHub_NDC,BRSNR,PaharganjHub_DEL_PL,PH-B3-NCRNDC-6280688,expected,OPENED,26-09-2026 02:58,Arvind Bansal (DNCR)
26-09-2026,26-09-2026,FMPC6528799649,PaharganjHub_DEL_PL,HIND TRADING CO. +917303878279,2f108f156b074a4a,received_at_mh,North,LMA,1.00E+11,We Innovate Business Solutions Pvt Ltd,RahulKumar,MotherHub_NDC,BRSNR,PaharganjHub_DEL_PL,PH-B3-NCRNDC-6280689,expected,OPENED,26-09-2026 03:13,Arvind Bansal (DNCR)
26-09-2026,26-09-2026,FMPC6529086763,NehruPlaceHub_DEL_PL,eightpetalledlotus +919999515020,91342491ea6b41f9,dispatched_to_mh,North,LMA,2195651,#N/A,#N/A,MotherHub_NDC,BRSNR,NehruPlaceHub_DEL_PL,PH-B3-NCRNDC-6308716,expected,OPENED,26-09-2026 00:23,Arvind Bansal (DNCR)
26-09-2026,26-09-2026,FMPP4297347910,PaharganjHub_DEL_PL,HIND TRADING CO. +917303878279,2f108f156b074a4a,received_at_mh,North,LMA,1.00E+11,We Innovate Business Solutions Pvt Ltd,RahulKumar,MotherHub_NDC,BRSNR,PaharganjHub_DEL_PL,PH-B3-NCRNDC-6280689,expected,OPENED,26-09-2026 03:13,Arvind Bansal (DNCR)
26-09-2026,26-09-2026,FMPC6528088643,PaharganjHub_DEL_PL,LADY QUINTON +919582549737,cdf6c214fcba4479,received_at_mh,North,LMA,1.00E+11,#N/A,#N/A,MotherHub_NDC,Mixbagging,PaharganjHub_DEL_PL,PH-B3-NCRNDC-6183430,expected,OPENED,26-09-2026 02:59,Arvind Bansal (DNCR)
26-09-2026,26-09-2026,FMPP4298847681,NehruPlaceHub_DEL_PL,SRIVEDA SATTVA PRIVATE LIMITED 9731181058,19bae50b24a746d0,dispatched_to_mh,North,LMA,2195651,#N/A,#N/A,MotherHub_NDC,BRSNR,NehruPlaceHub_DEL_PL,PH-B3-NCRNDC-6289952,expected,OPENED,26-09-2026 00:23,Arvind Bansal (DNCR)
26-09-2026,26-09-2026,FMPC6527246693,PaharganjHub_DEL_PL,HIND TRADING CO. +917303878279,2f108f156b074a4a,received_at_mh,North,LMA,1.00E+11,We Innovate Business Solutions Pvt Ltd,RahulKumar,MotherHub_NDC,BRSNR,PaharganjHub_DEL_PL,PH-B3-NCRNDC-6280689,expected,OPENED,26-09-2026 03:13,Arvind Bansal (DNCR)
26-09-2026,26-09-2026,FMPC6527479352,PaharganjHub_DEL_PL,REPRO BOOKS LIMITED 9821647068,1fb9292609fa497e,received_at_mh,North,LMA,1.00E+11,#N/A,#N/A,MotherHub_NDC,BRSNR,PaharganjHub_DEL_PL,PH-B3-NCRNDC-6321235,expected,OPENED,26-09-2026 03:27,Arvind Bansal (DNCR)
26-09-2026,26-09-2026,FMPC6528580576,PaharganjHub_DEL_PL,Sawariya Seth Traders +918287586964,d30528d056404cc3,received_at_mh,North,LMA,1.00E+11,We Innovate Business Solutions Pvt Ltd,RahulKumar,MotherHub_NDC,BRSNR,PaharganjHub_DEL_PL,PH-B3-NCRNDC-6280688,expected,OPENED,26-09-2026 02:58,Arvind Bansal (DNCR)
26-09-2026,26-09-2026,FMPP4298134373,PaharganjHub_DEL_PL,GURUJI ENTERPRISES +917835898437,db8ccdb2a44c421a,received_at_mh,North,LMA,1.00E+11,We Innovate Business Solutions Pvt Ltd,RahulKumar,MotherHub_NDC,BRSNR,PaharganjHub_DEL_PL,PH-B3-NCRNDC-6280688,expected,OPENED,26-09-2026 02:58,Arvind Bansal (DNCR)
26-09-2026,26-09-2026,FMPP4297377208,PaharganjHub_DEL_PL,Srishti Enterprises +919899797491,aa47eaaab57b455f,received_at_mh,North,LMA,1.00E+11,We Innovate Business Solutions Pvt Ltd,RahulKumar,MotherHub_NDC,BRSNR,PaharganjHub_DEL_PL,PH-B3-NCRNDC-6280688,expected,OPENED,26-09-2026 02:58,Arvind Bansal (DNCR)
26-09-2026,26-09-2026,FMPC6527623726,PaharganjHub_DEL_PL,APICAL SPARES CO +918527934283,e52c2ddbbe3f4a52,dispatched_to_mh,North,LMA,1.00E+11,#N/A,#N/A,MotherHub_NDC,BRSNR,PaharganjHub_DEL_PL,PH-B3-NCRNDC-6138534,expected,OPENED,26-09-2026 02:24,Arvind Bansal (DNCR)
26-09-2026,26-09-2026,FMPC6527881525,PaharganjHub_DEL_PL,LADY QUINTON +919582549737,cdf6c214fcba4479,received_at_mh,North,LMA,1.00E+11,#N/A,#N/A,MotherHub_NDC,Mixbagging,PaharganjHub_DEL_PL,PH-B3-NCRNDC-6183430,expected,OPENED,26-09-2026 02:59,Arvind Bansal (DNCR)
26-09-2026,26-09-2026,FMPC6529284975,PaharganjHub_DEL_PL,Sawariya Seth Traders +918287586964,d30528d056404cc3,received_at_mh,North,LMA,1.00E+11,We Innovate Business Solutions Pvt Ltd,RahulKumar,MotherHub_NDC,BRSNR,PaharganjHub_DEL_PL,PH-B3-NCRNDC-6280688,expected,OPENED,26-09-2026 02:58,Arvind Bansal (DNCR)
26-09-2026,26-09-2026,FMPC6527419388,PaharganjHub_DEL_PL,SMS TRADERS +919650249721,609566b6c17a4ad0,received_at_mh,North,LMA,1.00E+11,We Innovate Business Solutions Pvt Ltd,RahulKumar,MotherHub_NDC,BRSNR,PaharganjHub_DEL_PL,PH-B3-NCRNDC-6280688,expected,OPENED,26-09-2026 02:58,Arvind Bansal (DNCR)
26-09-2026,26-09-2026,FMPP4297363544,PaharganjHub_DEL_PL,R. S. INNERWEAR +919711778646,2caef1927f234f2e,received_at_mh,North,LMA,1.00E+11,We Innovate Business Solutions Pvt Ltd,RahulKumar,MotherHub_NDC,BRSNR,PaharganjHub_DEL_PL,PH-B3-NCRNDC-6280688,expected,OPENED,26-09-2026 02:58,Arvind Bansal (DNCR)
26-09-2026,26-09-2026,FMPC6527665059,NehruPlaceHub_DEL_PL,A&T Solutions +919899674671,rbsf8puaupjob5e0,dispatched_to_mh,North,LMA,1.00E+11,Fastbeetle service,Md SadikJamal,MotherHub_NDC,BRSNR,NehruPlaceHub_DEL_PL,PH-B3-NCRNDC-6250715,expected,OPENED,26-09-2026 01:41,Arvind Bansal (DNCR)
26-09-2026,26-09-2026,FMPC6527035566,PaharganjHub_DEL_PL,HIND TRADING CO. +917303878279,2f108f156b074a4a,received_at_mh,North,LMA,1.00E+11,We Innovate Business Solutions Pvt Ltd,RahulKumar,MotherHub_NDC,BRSNR,PaharganjHub_DEL_PL,PH-B3-NCRNDC-6280689,expected,OPENED,26-09-2026 03:13,Arvind Bansal (DNCR)
26-09-2026,26-09-2026,FMPP4297776096,PaharganjHub_DEL_PL,J D Enterprises +919899250950,059e3c9a9bc44f68,received_at_mh,North,LMA,1.00E+11,We Innovate Business Solutions Pvt Ltd,RahulKumar,MotherHub_NDC,BRSNR,PaharganjHub_DEL_PL,PH-B3-NCRNDC-6280688,expected,OPENED,26-09-2026 02:58,Arvind Bansal (DNCR)
26-09-2026,26-09-2026,FMPP4298200218,PaharganjHub_DEL_PL,REPRO BOOKS LIMITED 9821647068,1fb9292609fa497e,received_at_mh,North,LMA,1.00E+11,#N/A,#N/A,MotherHub_NDC,BRSNR,PaharganjHub_DEL_PL,PH-B3-NCRNDC-6321235,expected,OPENED,26-09-2026 03:27,Arvind Bansal (DNCR)
26-09-2026,26-09-2026,FMPP4297862616,NehruPlaceHub_DEL_PL,Timewear & Beyond +919811068580,2226a467b4014bc2,dispatched_to_mh,North,TRUEFLEX,592273,TRUEFLEX,Jetendra KumarSah,MotherHub_NDC,BRSNR,NehruPlaceHub_DEL_PL,PH-B3-NCRNDC-6187996,expected,OPENED,26-09-2026 01:21,Arvind Bansal (DNCR)
26-09-2026,26-09-2026,FMPC6528575116,PaharganjHub_DEL_PL,Vihaan Enterprises +919717304897,fe397b2be14b4cea,received_at_mh,North,LMA,1.00E+11,We Innovate Business Solutions Pvt Ltd,RahulKumar,MotherHub_NDC,BRSNR,PaharganjHub_DEL_PL,PH-B3-NCRNDC-6280688,expected,OPENED,26-09-2026 02:58,Arvind Bansal (DNCR)
26-09-2026,26-09-2026,MYEP1137538311,PaharganjHub_DEL_PL,MYE : Malifionna Overseas_PPMP 1234567899,MYE_04684718e6e9dfc4cf936200f659f3c0,received_at_mh,North,TRUEFLEX,840114,TRUEFLEX,MohammadSameer,MotherHub_NDC,BRSNR,PaharganjHub_DEL_PL,PH-B3-NCRNDC-6352020,expected,OPENED,26-09-2026 03:16,Arvind Bansal (DNCR)
26-09-2026,26-09-2026,FMPC6527518949,PaharganjHub_DEL_PL,HIND TRADING CO. +917303878279,2f108f156b074a4a,received_at_mh,North,LMA,1.00E+11,We Innovate Business Solutions Pvt Ltd,RahulKumar,MotherHub_NDC,BRSNR,PaharganjHub_DEL_PL,PH-B3-NCRNDC-6280689,expected,OPENED,26-09-2026 03:13,Arvind Bansal (DNCR)
26-09-2026,26-09-2026,FMPP4297017844,PaharganjHub_DEL_PL,R. S. INNERWEAR +919711778646,2caef1927f234f2e,received_at_mh,North,LMA,1.00E+11,We Innovate Business Solutions Pvt Ltd,RahulKumar,MotherHub_NDC,BRSNR,PaharganjHub_DEL_PL,PH-B3-NCRNDC-6280688,expected,OPENED,26-09-2026 02:58,Arvind Bansal (DNCR)
26-09-2026,26-09-2026,FMPC6529762232,PaharganjHub_DEL_PL,RSS TRADERS +919811862144,6910dc47679e4752,received_at_mh,North,TRUEFLEX,947547,TRUEFLEX,#N/A,MotherHub_NDC,BRSNR,PaharganjHub_DEL_PL,PH-B3-NCRNDC-6313369,expected,OPENED,26-09-2026 04:20,Arvind Bansal (DNCR)
26-09-2026,26-09-2026,FMPC6529362214,PaharganjHub_DEL_PL,J D Enterprises +919899250950,059e3c9a9bc44f68,received_at_mh,North,LMA,1.00E+11,We Innovate Business Solutions Pvt Ltd,RahulKumar,MotherHub_NDC,BRSNR,PaharganjHub_DEL_PL,PH-B3-NCRNDC-6280688,expected,OPENED,26-09-2026 02:58,Arvind Bansal (DNCR)
26-09-2026,26-09-2026,FMPP4297953703,NehruPlaceHub_DEL_PL,E FUTURE +917289098284,2742e517fcdd436c,received_at_mh,North,TRUEFLEX,982214,TRUEFLEX,#N/A,MotherHub_NDC,BRSNR,NehruPlaceHub_DEL_PL,PH-B3-NCRNDC-6330872,expected,OPENED,26-09-2026 00:14,Arvind Bansal (DNCR)
26-09-2026,26-09-2026,FMPC6526918389,PaharganjHub_DEL_PL,REPRO BOOKS LIMITED 9821647068,1fb9292609fa497e,received_at_mh,North,LMA,1.00E+11,#N/A,#N/A,MotherHub_NDC,BRSNR,PaharganjHub_DEL_PL,PH-B3-NCRNDC-6321233,expected,OPENED,26-09-2026 03:28,Arvind Bansal (DNCR)
26-09-2026,26-09-2026,FMPC6529110322,Motibaghhub_DEL_PL,KG ENTERPRISES +919310296907,9e75cb561d374571,dispatched_to_mh,North,TRUEFLEX,731272,TRUEFLEX,RajaMehto,MotherHub_NDC,BRSNR,Motibaghhub_DEL_PL,PH-B3-NCRNDC-6042149,expected,OPENED,26-09-2026 02:57,Arvind Bansal (DNCR)
26-09-2026,26-09-2026,FMPC6529334921,PaharganjHub_DEL_PL,H.R.Enterprises +919220903547,570c84ab67da4384,received_at_mh,North,LMA,1.00E+11,We Innovate Business Solutions Pvt Ltd,RahulKumar,MotherHub_NDC,BRSNR,PaharganjHub_DEL_PL,PH-B3-NCRNDC-6280688,expected,OPENED,26-09-2026 02:58,Arvind Bansal (DNCR)
26-09-2026,26-09-2026,FMPP4297978720,NehruPlaceHub_DEL_PL,Geeta Enterprises +918077015105,201b3b7e644a47c8,dispatched_to_mh,North,TRUEFLEX,798046,TRUEFLEX,VikeshKaneriya,MotherHub_NDC,BRSNR,NehruPlaceHub_DEL_PL,PH-B3-NCRNDC-6098663,expected,OPENED,26-09-2026 01:41,Arvind Bansal (DNCR)
26-09-2026,26-09-2026,FMPC6527982840,PaharganjHub_DEL_PL,J D Enterprises +919899250950,059e3c9a9bc44f68,received_at_mh,North,LMA,1.00E+11,We Innovate Business Solutions Pvt Ltd,RahulKumar,MotherHub_NDC,BRSNR,PaharganjHub_DEL_PL,PH-B3-NCRNDC-6280688,expected,OPENED,26-09-2026 02:58,Arvind Bansal (DNCR)
26-09-2026,26-09-2026,FMPC6529394036,PaharganjHub_DEL_PL,Mittal-Brothers +919999410460,uhtawszhifp7kaph,received_at_mh,North,LMA,1.00E+11,#N/A,#N/A,MotherHub_NDC,BRSNR,PaharganjHub_DEL_PL,PH-B3-FRKFRK-10647440,expected,OPENED,26-09-2026 03:04,Arvind Bansal (DNCR)
26-09-2026,26-09-2026,FMPP4296812042,PaharganjHub_DEL_PL,WABZONE +917048990498,49f5b8a98a5e4a24,received_at_mh,North,TRUEFLEX,690928,TRUEFLEX,SunilKumar,MotherHub_NDC,BRSNR,PaharganjHub_DEL_PL,PH-B3-NCRNDC-6332877,expected,OPENED,26-09-2026 02:25,Arvind Bansal (DNCR)
26-09-2026,26-09-2026,FMPC6526927417,Motibaghhub_DEL_PL,Artisan E Com +918447154937,d236da07ff364a99,received_at_mh,North,TRUEFLEX,1314450,TRUEFLEX,SaurabhSingh,MotherHub_NDC,BRSNR,Motibaghhub_DEL_PL,PH-B3-NCRNDC-6137925,expected,OPENED,26-09-2026 02:41,Arvind Bansal (DNCR)
26-09-2026,26-09-2026,FMPC6529662750,PaharganjHub_DEL_PL,LADY QUINTON +919582549737,cdf6c214fcba4479,received_at_mh,North,LMA,1.00E+11,#N/A,#N/A,MotherHub_NDC,Mixbagging,PaharganjHub_DEL_PL,PH-B3-NCRNDC-6183430,expected,OPENED,26-09-2026 02:59,Arvind Bansal (DNCR)
26-09-2026,26-09-2026,FMPC6526998204,PaharganjHub_DEL_PL,HIND TRADING CO. +917303878279,2f108f156b074a4a,received_at_mh,North,LMA,1.00E+11,We Innovate Business Solutions Pvt Ltd,RahulKumar,MotherHub_NDC,BRSNR,PaharganjHub_DEL_PL,PH-B3-NCRNDC-6280689,expected,OPENED,26-09-2026 03:13,Arvind Bansal (DNCR)
26-09-2026,26-09-2026,FMPC6527733534,Motibaghhub_DEL_PL,Pankaj payal garments +917453908251,a7e5ba39816945ac,dispatched_to_mh,North,LMA,1.00E+11,Greenteck Logistics and Mobility Pvt Ltd,Vikas,MotherHub_NDC,BRSNR,Motibaghhub_DEL_PL,PH-B3-NCRNDC-6286780,expected,OPENED,26-09-2026 02:08,Arvind Bansal (DNCR)
26-09-2026,26-09-2026,FMPP4297102968,PaharganjHub_DEL_PL,HIND TRADING CO. +917303878279,2f108f156b074a4a,received_at_mh,North,LMA,1.00E+11,We Innovate Business Solutions Pvt Ltd,RahulKumar,MotherHub_NDC,BRSNR,PaharganjHub_DEL_PL,PH-B3-NCRNDC-6280689,expected,OPENED,26-09-2026 03:13,Arvind Bansal (DNCR)
26-09-2026,26-09-2026,FMPP4298211786,PaharganjHub_DEL_PL,Mittal-Brothers +919999410460,uhtawszhifp7kaph,received_at_mh,North,LMA,1.00E+11,#N/A,#N/A,MotherHub_NDC,BRSNR,PaharganjHub_DEL_PL,PH-B3-FRKFRK-10647440,expected,OPENED,26-09-2026 03:04,Arvind Bansal (DNCR)
26-09-2026,26-09-2026,FMPP4297842542,PaharganjHub_DEL_PL,Vihaan Enterprises +919717304897,fe397b2be14b4cea,received_at_mh,North,LMA,1.00E+11,We Innovate Business Solutions Pvt Ltd,RahulKumar,MotherHub_NDC,BRSNR,PaharganjHub_DEL_PL,PH-B3-NCRNDC-6280688,expected,OPENED,26-09-2026 02:58,Arvind Bansal (DNCR)
26-09-2026,26-09-2026,FMPC6529010998,Motibaghhub_DEL_PL,Darshan Globals +919582803020,3b85f20fa952472e,received_at_mh,North,LMA,1.00E+11,WERCATALYST VENTURES PVT LTD,MOHIT,MotherHub_NDC,BRSNR,Motibaghhub_DEL_PL,PH-B3-NCRNDC-6068406,expected,OPENED,26-09-2026 01:48,Arvind Bansal (DNCR)
26-09-2026,26-09-2026,FMPC6527357041,PaharganjHub_DEL_PL,Sawariya Seth Traders +918287586964,d30528d056404cc3,received_at_mh,North,LMA,1.00E+11,We Innovate Business Solutions Pvt Ltd,RahulKumar,MotherHub_NDC,BRSNR,PaharganjHub_DEL_PL,PH-B3-NCRNDC-6280688,expected,OPENED,26-09-2026 02:58,Arvind Bansal (DNCR)
26-09-2026,26-09-2026,FMPC6528554377,PaharganjHub_DEL_PL,Vihaan Enterprises +919717304897,fe397b2be14b4cea,received_at_mh,North,LMA,1.00E+11,We Innovate Business Solutions Pvt Ltd,RahulKumar,MotherHub_NDC,BRSNR,PaharganjHub_DEL_PL,PH-B3-NCRNDC-6280688,expected,OPENED,26-09-2026 02:58,Arvind Bansal (DNCR)
26-09-2026,26-09-2026,FMPC6527832325,PaharganjHub_DEL_PL,REPRO BOOKS LIMITED 9821647068,1fb9292609fa497e,received_at_mh,North,LMA,1.00E+11,#N/A,#N/A,MotherHub_NDC,BRSNR,PaharganjHub_DEL_PL,PH-B3-NCRNDC-6321235,expected,OPENED,26-09-2026 03:27,Arvind Bansal (DNCR)
26-09-2026,26-09-2026,FMPP4297311004,PaharganjHub_DEL_PL,HIND TRADING CO. +917303878279,2f108f156b074a4a,received_at_mh,North,LMA,1.00E+11,We Innovate Business Solutions Pvt Ltd,RahulKumar,MotherHub_NDC,BRSNR,PaharganjHub_DEL_PL,PH-B3-NCRNDC-6280689,expected,OPENED,26-09-2026 03:13,Arvind Bansal (DNCR)
26-09-2026,26-09-2026,FMPC6529671933,Motibaghhub_DEL_PL,akarshan footwears 9871099102,n3ka941u369fwx65,received_at_mh,North,LMA,1.00E+11,WERCATALYST VENTURES PVT LTD,MOHIT,MotherHub_NDC,BRSNR,Motibaghhub_DEL_PL,PH-B3-NCRNDC-6281223,expected,OPENED,26-09-2026 01:36,Arvind Bansal (DNCR)
26-09-2026,26-09-2026,FMPC6528386228,PaharganjHub_DEL_PL,ANSARI BROTHERS +919205877597,243eead583f645e0,dispatched_to_mh,North,LMA,1.00E+11,We Innovate Business Solutions Pvt Ltd,JAHIR,MotherHub_NDC,BRSNR,PaharganjHub_DEL_PL,PH-B3-NCRNDC-6315473,expected,OPENED,26-09-2026 03:11,Arvind Bansal (DNCR)
26-09-2026,26-09-2026,FMPP4297647347,PaharganjHub_DEL_PL,HIND TRADING CO. +917303878279,2f108f156b074a4a,received_at_mh,North,LMA,1.00E+11,We Innovate Business Solutions Pvt Ltd,RahulKumar,MotherHub_NDC,BRSNR,PaharganjHub_DEL_PL,PH-B3-NCRNDC-6280689,expected,OPENED,26-09-2026 03:13,Arvind Bansal (DNCR)
26-09-2026,26-09-2026,FMPC6527388745,PaharganjHub_DEL_PL,ShubhAarambh Store +919213302085,bb2e652c32304710,received_at_mh,North,LMA,1.00E+11,We Innovate Business Solutions Pvt Ltd,RahulKumar,MotherHub_NDC,BRSNR,PaharganjHub_DEL_PL,PH-B3-NCRNDC-6280688,expected,OPENED,26-09-2026 02:58,Arvind Bansal (DNCR)
26-09-2026,26-09-2026,FMPC6528534498,MundkaHub_DEL_PL,PLANET OF TOYS +918368124434,2b614706c3e44f23,received_at_mh,North,LMA,1.00E+11,Watsoo,AnilKumar,MotherHub_NDC,BRSNR,MundkaHub_DEL_PL,PH-B3-NCRNDC-6157625,expected,OPENED,26-09-2026 02:34,Arvind Bansal (DNCR)
26-09-2026,26-09-2026,FMPC6529169887,PaharganjHub_DEL_PL,REPRO BOOKS LIMITED 9821647068,1fb9292609fa497e,received_at_mh,North,LMA,1.00E+11,#N/A,#N/A,MotherHub_NDC,BRSNR,PaharganjHub_DEL_PL,PH-B3-NCRNDC-6321235,expected,OPENED,26-09-2026 03:27,Arvind Bansal (DNCR)
26-09-2026,26-09-2026,SRSC2217653628,PaharganjHub_DEL_PL,SRS : RX Karol Bagh Delhi 7982290871,SRS_0cb583684f6c888318350c204a323cc2,dispatched_to_mh,North,TRUEFLEX,590407,TRUEFLEX,SunilKumar,MotherHub_NDC,BRSNR,PaharganjHub_DEL_PL,PH-B3-NCRNDC-6193310,expected,OPENED,26-09-2026 03:21,Arvind Bansal (DNCR)
26-09-2026,26-09-2026,FMPP4298514383,PaharganjHub_DEL_PL,Mittal-Brothers +919999410460,uhtawszhifp7kaph,received_at_mh,North,LMA,1.00E+11,#N/A,#N/A,MotherHub_NDC,BRSNR,PaharganjHub_DEL_PL,PH-B3-FRKFRK-10647440,expected,OPENED,26-09-2026 03:04,Arvind Bansal (DNCR)
26-09-2026,26-09-2026,MYEP1137494627,MundkaHub_DEL_PL,MYE : RedroomTechnology Private Limited_PPMP_HDET 9310054380,MYE_63135c5c4c79c0e6a2d2d0f5e3b65a24,dispatched_to_mh,North,LMA,1.00E+11,E2E LOGISTIC SOLUTION,Krishna,MotherHub_NDC,BRSNR,MundkaHub_DEL_PL,PH-B3-NCRNDC-6339249,expected,OPENED,26-09-2026 06:04,Arvind Bansal (DNCR)
26-09-2026,26-09-2026,FMPC6527419361,PaharganjHub_DEL_PL,LADY QUINTON +919582549737,cdf6c214fcba4479,received_at_mh,North,LMA,1.00E+11,#N/A,#N/A,MotherHub_NDC,Mixbagging,PaharganjHub_DEL_PL,PH-B3-NCRNDC-6183430,expected,OPENED,26-09-2026 02:59,Arvind Bansal (DNCR)
26-09-2026,26-09-2026,FMPC6528599525,PaharganjHub_DEL_PL,LADY QUINTON +919582549737,cdf6c214fcba4479,received_at_mh,North,LMA,1.00E+11,#N/A,#N/A,MotherHub_NDC,Mixbagging,PaharganjHub_DEL_PL,PH-B3-NCRNDC-6183430,expected,OPENED,26-09-2026 02:59,Arvind Bansal (DNCR)
26-09-2026,26-09-2026,FMPC6529270965,PaharganjHub_DEL_PL,GURUJI ENTERPRISES +917835898437,db8ccdb2a44c421a,received_at_mh,North,LMA,1.00E+11,We Innovate Business Solutions Pvt Ltd,RahulKumar,MotherHub_NDC,BRSNR,PaharganjHub_DEL_PL,PH-B3-NCRNDC-6280688,expected,OPENED,26-09-2026 02:58,Arvind Bansal (DNCR)
26-09-2026,26-09-2026,FMPC6527600506,PaharganjHub_DEL_PL,HIND TRADING CO. +917303878279,2f108f156b074a4a,received_at_mh,North,LMA,1.00E+11,We Innovate Business Solutions Pvt Ltd,RahulKumar,MotherHub_NDC,BRSNR,PaharganjHub_DEL_PL,PH-B3-NCRNDC-6280689,expected,OPENED,26-09-2026 03:13,Arvind Bansal (DNCR)
26-09-2026,26-09-2026,FMPP4297791404,PaharganjHub_DEL_PL,Srishti Enterprises +919899797491,aa47eaaab57b455f,received_at_mh,North,LMA,1.00E+11,We Innovate Business Solutions Pvt Ltd,RahulKumar,MotherHub_NDC,BRSNR,PaharganjHub_DEL_PL,PH-B3-NCRNDC-6280688,expected,OPENED,26-09-2026 02:58,Arvind Bansal (DNCR)
26-09-2026,26-09-2026,FMPP4298593842,PaharganjHub_DEL_PL,LADY QUINTON +919582549737,cdf6c214fcba4479,received_at_mh,North,LMA,1.00E+11,#N/A,#N/A,MotherHub_NDC,Mixbagging,PaharganjHub_DEL_PL,PH-B3-NCRNDC-6183430,expected,OPENED,26-09-2026 02:59,Arvind Bansal (DNCR)
26-09-2026,26-09-2026,FMPC6529438778,PaharganjHub_DEL_PL,HIND TRADING CO. +917303878279,2f108f156b074a4a,received_at_mh,North,LMA,1.00E+11,We Innovate Business Solutions Pvt Ltd,RahulKumar,MotherHub_NDC,BRSNR,PaharganjHub_DEL_PL,PH-B3-NCRNDC-6280689,expected,OPENED,26-09-2026 03:13,Arvind Bansal (DNCR)
26-09-2026,26-09-2026,FMPC6529582160,Motibaghhub_DEL_PL,DEAL INFOSYSTEM +918802341477,1512199d6d9f43a4,dispatched_to_mh,North,LMA,1.00E+11,WERCATALYST VENTURES PVT LTD,MOHIT,MotherHub_NDC,BRSNR,Motibaghhub_DEL_PL,PH-B3-NCRNDC-6243657,expected,OPENED,26-09-2026 02:02,Arvind Bansal (DNCR)
26-09-2026,26-09-2026,FMPP4297441055,PaharganjHub_DEL_PL,LADY QUINTON +919582549737,cdf6c214fcba4479,received_at_mh,North,LMA,1.00E+11,#N/A,#N/A,MotherHub_NDC,Mixbagging,PaharganjHub_DEL_PL,PH-B3-NCRNDC-6183430,expected,OPENED,26-09-2026 02:59,Arvind Bansal (DNCR)
26-09-2026,26-09-2026,FMPC6527248132,PaharganjHub_DEL_PL,REPRO BOOKS LIMITED 9821647068,1fb9292609fa497e,received_at_mh,North,LMA,1.00E+11,#N/A,#N/A,MotherHub_NDC,BRSNR,PaharganjHub_DEL_PL,PH-B3-NCRNDC-6321233,expected,OPENED,26-09-2026 03:28,Arvind Bansal (DNCR)
26-09-2026,26-09-2026,FMPC6527381778,PaharganjHub_DEL_PL,FIRST CHOICE +919212351721,b1a0c41dc6e74bdd,received_at_mh,North,LMA,1.00E+11,We Innovate Business Solutions Pvt Ltd,RahulKumar,MotherHub_NDC,BRSNR,PaharganjHub_DEL_PL,PH-B3-NCRNDC-6280688,expected,OPENED,26-09-2026 02:58,Arvind Bansal (DNCR)
26-09-2026,26-09-2026,FMPC6528205503,PaharganjHub_DEL_PL,TRENDEVER +918851248308,702532af56d540c0,received_at_mh,North,LMA,1.00E+11,We Innovate Business Solutions Pvt Ltd,RanjeetKumar,MotherHub_NDC,BRSNR,PaharganjHub_DEL_PL,PH-B3-NCRNDC-6315500,expected,OPENED,26-09-2026 03:54,Arvind Bansal (DNCR)
26-09-2026,26-09-2026,FMPC6528538547,PaharganjHub_DEL_PL,R. S. INNERWEAR +919711778646,2caef1927f234f2e,received_at_mh,North,LMA,1.00E+11,We Innovate Business Solutions Pvt Ltd,RahulKumar,MotherHub_NDC,BRSNR,PaharganjHub_DEL_PL,PH-B3-NCRNDC-6280688,expected,OPENED,26-09-2026 02:58,Arvind Bansal (DNCR)
26-09-2026,26-09-2026,FMPC6526918467,PaharganjHub_DEL_PL,REPRO BOOKS LIMITED 9821647068,1fb9292609fa497e,received_at_mh,North,LMA,1.00E+11,#N/A,#N/A,MotherHub_NDC,BRSNR,PaharganjHub_DEL_PL,PH-B3-NCRNDC-6321235,expected,OPENED,26-09-2026 03:27,Arvind Bansal (DNCR)
26-09-2026,26-09-2026,FMPP4297211551,PaharganjHub_DEL_PL,Sawariya Seth Traders +918287586964,d30528d056404cc3,received_at_mh,North,LMA,1.00E+11,We Innovate Business Solutions Pvt Ltd,RahulKumar,MotherHub_NDC,BRSNR,PaharganjHub_DEL_PL,PH-B3-NCRNDC-6280688,expected,OPENED,26-09-2026 02:58,Arvind Bansal (DNCR)
26-09-2026,26-09-2026,FMPP4297379306,PaharganjHub_DEL_PL,J D Enterprises +919899250950,059e3c9a9bc44f68,received_at_mh,North,LMA,1.00E+11,We Innovate Business Solutions Pvt Ltd,RahulKumar,MotherHub_NDC,BRSNR,PaharganjHub_DEL_PL,PH-B3-NCRNDC-6280688,expected,OPENED,26-09-2026 02:58,Arvind Bansal (DNCR)
26-09-2026,26-09-2026,FMPC6529132418,Motibaghhub_DEL_PL,Vishnu Versa Enterprises +919971401438,7e82d0282c1b4156,dispatched_to_mh,North,LMA,1.00E+11,#N/A,#N/A,MotherHub_NDC,BRSNR,Motibaghhub_DEL_PL,PH-B3-NCRNDC-6322915,expected,OPENED,26-09-2026 01:56,Arvind Bansal (DNCR)
26-09-2026,26-09-2026,FMPC6528741701,PaharganjHub_DEL_PL,Mittal-Brothers +919999410460,uhtawszhifp7kaph,received_at_mh,North,LMA,1.00E+11,#N/A,#N/A,MotherHub_NDC,BRSNR,PaharganjHub_DEL_PL,PH-B3-FRKFRK-10647440,expected,OPENED,26-09-2026 03:04,Arvind Bansal (DNCR)
26-09-2026,26-09-2026,FMPC6529098192,Motibaghhub_DEL_PL,KG ENTERPRISES +919310296907,9e75cb561d374571,dispatched_to_mh,North,TRUEFLEX,731272,TRUEFLEX,RajaMehto,MotherHub_NDC,BRSNR,Motibaghhub_DEL_PL,PH-B3-NCRNDC-6042149,expected,OPENED,26-09-2026 02:57,Arvind Bansal (DNCR)
26-09-2026,26-09-2026,FMPC6527237574,PaharganjHub_DEL_PL,REPRO BOOKS LIMITED 9821647068,1fb9292609fa497e,received_at_mh,North,LMA,1.00E+11,#N/A,#N/A,MotherHub_NDC,BRSNR,PaharganjHub_DEL_PL,PH-B3-NCRNDC-6321235,expected,OPENED,26-09-2026 03:27,Arvind Bansal (DNCR)
26-09-2026,26-09-2026,FMPC6526929390,Motibaghhub_DEL_PL,L S TRADERS +918700795971,d93fe0f3021d4d1c,received_at_mh,North,TRUEFLEX,1314450,TRUEFLEX,SaurabhSingh,MotherHub_NDC,BRSNR,Motibaghhub_DEL_PL,PH-B3-NCRNDC-6137925,expected,OPENED,26-09-2026 02:41,Arvind Bansal (DNCR)
26-09-2026,26-09-2026,FMPP4297029747,PaharganjHub_DEL_PL,REPRO BOOKS LIMITED 9821647068,1fb9292609fa497e,received_at_mh,North,LMA,1.00E+11,#N/A,#N/A,MotherHub_NDC,BRSNR,PaharganjHub_DEL_PL,PH-B3-NCRNDC-6321235,expected,OPENED,26-09-2026 03:27,Arvind Bansal (DNCR)
26-09-2026,26-09-2026,FMPP4297632781,Motibaghhub_DEL_PL,Krishna Enterprises +919319778485,0719333c59d3416b,received_at_mh,North,LMA,1.00E+11,We Innovate Business Solutions Pvt Ltd,Abhishek,MotherHub_NDC,BRSNR,Motibaghhub_DEL_PL,PH-B3-NCRNDC-6321338,expected,OPENED,26-09-2026 00:54,Arvind Bansal (DNCR)
26-09-2026,26-09-2026,FMPC6527198916,PaharganjHub_DEL_PL,HIND TRADING CO. +917303878279,2f108f156b074a4a,received_at_mh,North,LMA,1.00E+11,We Innovate Business Solutions Pvt Ltd,RahulKumar,MotherHub_NDC,BRSNR,PaharganjHub_DEL_PL,PH-B3-NCRNDC-6280689,expected,OPENED,26-09-2026 03:13,Arvind Bansal (DNCR)
26-09-2026,26-09-2026,FMPP4298183305,PaharganjHub_DEL_PL,GURUJI ENTERPRISES +917835898437,db8ccdb2a44c421a,received_at_mh,North,LMA,1.00E+11,We Innovate Business Solutions Pvt Ltd,RahulKumar,MotherHub_NDC,BRSNR,PaharganjHub_DEL_PL,PH-B3-NCRNDC-6280688,expected,OPENED,26-09-2026 02:58,Arvind Bansal (DNCR)
26-09-2026,26-09-2026,FMPC6527921609,MundkaHub_DEL_PL,Sapi'S Crafterina +917503945545,4830b8cd182d4f19,received_at_mh,North,TRUEFLEX,929707,TRUEFLEX,AnukalpModanwal,MotherHub_NDC,BRSNR,MundkaHub_DEL_PL,PH-B3-NCRNDC-6340478,expected,OPENED,25-09-2026 23:39,Arvind Bansal (DNCR)
26-09-2026,26-09-2026,FMPC6529212928,PaharganjHub_DEL_PL,LADY QUINTON +919582549737,cdf6c214fcba4479,received_at_mh,North,LMA,1.00E+11,#N/A,#N/A,MotherHub_NDC,Mixbagging,PaharganjHub_DEL_PL,PH-B3-NCRNDC-6183430,expected,OPENED,26-09-2026 02:59,Arvind Bansal (DNCR)
26-09-2026,26-09-2026,FMPC6528598095,PaharganjHub_DEL_PL,Sawariya Seth Traders +918287586964,d30528d056404cc3,received_at_mh,North,LMA,1.00E+11,We Innovate Business Solutions Pvt Ltd,RahulKumar,MotherHub_NDC,BRSNR,PaharganjHub_DEL_PL,PH-B3-NCRNDC-6280688,expected,OPENED,26-09-2026 02:58,Arvind Bansal (DNCR)
26-09-2026,26-09-2026,FMPP4296809594,Motibaghhub_DEL_PL,SARNA TRADERS +919015212223,04d57f321d0b4a27,dispatched_to_mh,North,LMA,1.00E+11,WERCATALYST VENTURES PVT LTD,MOHIT,MotherHub_NDC,BRSNR,Motibaghhub_DEL_PL,PH-B3-NCRNDC-6068404,expected,OPENED,26-09-2026 01:39,Arvind Bansal (DNCR)
26-09-2026,26-09-2026,FMPC6529662647,Motibaghhub_DEL_PL,MANJEET ENTERPRISES +919211367979,04db1f166fb746a4,dispatched_to_mh,North,LMA,1.00E+11,#N/A,#N/A,MotherHub_NDC,BRSNR,Motibaghhub_DEL_PL,PH-B3-NCRNDC-6314310,expected,OPENED,26-09-2026 01:46,Arvind Bansal (DNCR)
26-09-2026,26-09-2026,MYEC1120415982,NehruPlaceHub_DEL_PL,MYE : QA-DELHI_PPMP_LIIH 9717719078,MYE_69e921da8ed9eeb63953e49e082556a4,dispatched_to_mh,North,TRUEFLEX,908487,TRUEFLEX,MdArman,MotherHub_NDC,BRSNR,NehruPlaceHub_DEL_PL,PH-B3-NCRNDC-6330439,expected,OPENED,26-09-2026 00:22,Arvind Bansal (DNCR)
26-09-2026,26-09-2026,MYEC1120479550,MundkaHub_DEL_PL,MYE : RedroomTechnology Private Limited_PPMP_HDET 9310054380,MYE_63135c5c4c79c0e6a2d2d0f5e3b65a24,dispatched_to_mh,North,LMA,1.00E+11,E2E LOGISTIC SOLUTION,Krishna,MotherHub_NDC,BRSNR,MundkaHub_DEL_PL,PH-B3-NCRNDC-6339248,expected,OPENED,26-09-2026 01:42,Arvind Bansal (DNCR)
26-09-2026,26-09-2026,FMPP4297619280,PaharganjHub_DEL_PL,LADY QUINTON +919582549737,cdf6c214fcba4479,received_at_mh,North,LMA,1.00E+11,#N/A,#N/A,MotherHub_NDC,Mixbagging,PaharganjHub_DEL_PL,PH-B3-NCRNDC-6183430,expected,OPENED,26-09-2026 02:59,Arvind Bansal (DNCR)
26-09-2026,26-09-2026,FMPC6528340998,Motibaghhub_DEL_PL,S.M. ENTERPRISES +919711936677,8ac4fec70d7e4681,dispatched_to_mh,North,TRUEFLEX,893213,TRUEFLEX,AmitKumar,MotherHub_NDC,BRSNR,Motibaghhub_DEL_PL,PH-B3-NCRNDC-6184819,expected,OPENED,26-09-2026 02:07,Arvind Bansal (DNCR)
26-09-2026,26-09-2026,FMPC6529151023,Motibaghhub_DEL_PL,IRC INNOVATIONS +919266514999,57302e0018d543b4,received_at_mh,North,TRUEFLEX,725822,TRUEFLEX,ROHITGUPTA,MotherHub_NDC,BRSNR,Motibaghhub_DEL_PL,PH-B3-NCRNDC-5981155,expected,OPENED,26-09-2026 01:46,Arvind Bansal (DNCR)
26-09-2026,26-09-2026,FMPC6526918622,PaharganjHub_DEL_PL,REPRO BOOKS LIMITED 9821647068,1fb9292609fa497e,received_at_mh,North,LMA,1.00E+11,#N/A,#N/A,MotherHub_NDC,BRSNR,PaharganjHub_DEL_PL,PH-B3-NCRNDC-6321233,expected,OPENED,26-09-2026 03:28,Arvind Bansal (DNCR)
26-09-2026,26-09-2026,FMPP4297193216,PaharganjHub_DEL_PL,Krishna Enterprises +919716224332,7b1963ebd2184b9b,received_at_mh,North,TRUEFLEX,590407,TRUEFLEX,SunilKumar,MotherHub_NDC,BRSNR,PaharganjHub_DEL_PL,PH-B3-NCRNDC-6193312,expected,OPENED,26-09-2026 03:21,Arvind Bansal (DNCR)
26-09-2026,26-09-2026,FMPC6528044124,MundkaHub_DEL_PL,SARITA CREATION +918810526088,416bf3754bdd41cc,dispatched_to_mh,North,TRUEFLEX,891077,TRUEFLEX,NarenderNarender,MotherHub_NDC,BRSNR,MundkaHub_DEL_PL,PH-B3-NCRNDC-6333583,expected,OPENED,26-09-2026 00:28,Arvind Bansal (DNCR)
26-09-2026,26-09-2026,FMPP4297070282,PaharganjHub_DEL_PL,REPRO BOOKS LIMITED 9821647068,1fb9292609fa497e,received_at_mh,North,LMA,1.00E+11,#N/A,#N/A,MotherHub_NDC,BRSNR,PaharganjHub_DEL_PL,PH-B3-NCRNDC-6321235,expected,OPENED,26-09-2026 03:27,Arvind Bansal (DNCR)
26-09-2026,26-09-2026,FMPC6529445186,PaharganjHub_DEL_PL,Sawariya Seth Traders +918287586964,d30528d056404cc3,received_at_mh,North,LMA,1.00E+11,We Innovate Business Solutions Pvt Ltd,RahulKumar,MotherHub_NDC,BRSNR,PaharganjHub_DEL_PL,PH-B3-NCRNDC-6280688,expected,OPENED,26-09-2026 02:58,Arvind Bansal (DNCR)
26-09-2026,26-09-2026,FMPP4297946591,PaharganjHub_DEL_PL,LADY QUINTON +919582549737,cdf6c214fcba4479,received_at_mh,North,LMA,1.00E+11,#N/A,#N/A,MotherHub_NDC,Mixbagging,PaharganjHub_DEL_PL,PH-B3-NCRNDC-6183430,expected,OPENED,26-09-2026 02:59,Arvind Bansal (DNCR)
26-09-2026,26-09-2026,FMPP4297023395,PaharganjHub_DEL_PL,ShubhAarambh Store +919213302085,bb2e652c32304710,received_at_mh,North,LMA,1.00E+11,We Innovate Business Solutions Pvt Ltd,RahulKumar,MotherHub_NDC,BRSNR,PaharganjHub_DEL_PL,PH-B3-NCRNDC-6280688,expected,OPENED,26-09-2026 02:58,Arvind Bansal (DNCR)
26-09-2026,26-09-2026,FMPC6529334822,PaharganjHub_DEL_PL,roshni enterprises +919312303700,da56389470024898,dispatched_to_mh,North,TRUEFLEX,839309,TRUEFLEX,SantoshKumar,MotherHub_NDC,BRSNR,PaharganjHub_DEL_PL,PH-B3-NCRNDC-6314098,expected,OPENED,26-09-2026 03:16,Arvind Bansal (DNCR)
26-09-2026,26-09-2026,FMPP4297976442,PaharganjHub_DEL_PL,LADY QUINTON +919582549737,cdf6c214fcba4479,received_at_mh,North,LMA,1.00E+11,#N/A,#N/A,MotherHub_NDC,Mixbagging,PaharganjHub_DEL_PL,PH-B3-NCRNDC-6183430,expected,OPENED,26-09-2026 02:59,Arvind Bansal (DNCR)
26-09-2026,26-09-2026,FMPC6527857210,PaharganjHub_DEL_PL,Srishti Enterprises +919899797491,aa47eaaab57b455f,received_at_mh,North,LMA,1.00E+11,We Innovate Business Solutions Pvt Ltd,RahulKumar,MotherHub_NDC,BRSNR,PaharganjHub_DEL_PL,PH-B3-NCRNDC-6280688,expected,OPENED,26-09-2026 02:58,Arvind Bansal (DNCR)
26-09-2026,26-09-2026,FMPP4298541196,NajafgarhHub_DEL_PL,pikkme +919717531363,ac5abb1c93cd48aa,received_at_mh,North,LMA,1.00E+11,Greenteck Logistics and Mobility Pvt Ltd,Satyam SinghChauhan,MotherHub_NDC,BRSNR,NajafgarhHub_DEL_PL,PH-B3-NCRNDC-6332238,expected,OPENED,26-09-2026 00:19,Arvind Bansal (DNCR)
26-09-2026,26-09-2026,FMPP4298341895,PaharganjHub_DEL_PL,Sawariya Seth Traders +918287586964,d30528d056404cc3,received_at_mh,North,LMA,1.00E+11,We Innovate Business Solutions Pvt Ltd,RahulKumar,MotherHub_NDC,BRSNR,PaharganjHub_DEL_PL,PH-B3-NCRNDC-6280688,expected,OPENED,26-09-2026 02:58,Arvind Bansal (DNCR)
26-09-2026,26-09-2026,FMPC6529651218,PaharganjHub_DEL_PL,LADY QUINTON +919582549737,cdf6c214fcba4479,received_at_mh,North,LMA,1.00E+11,#N/A,#N/A,MotherHub_NDC,Mixbagging,PaharganjHub_DEL_PL,PH-B3-NCRNDC-6183430,expected,OPENED,26-09-2026 02:59,Arvind Bansal (DNCR)
26-09-2026,26-09-2026,FMPC6527462776,NajafgarhHub_DEL_PL,NATURAWINS +918076501575,361f95ebf858454f,received_at_mh,North,LMA,1.00E+11,Fastbeetle service,SHARADYadav,MotherHub_NDC,BRSNR,NajafgarhHub_DEL_PL,PH-B3-NCRNDC-6348501,expected,OPENED,26-09-2026 00:10,Arvind Bansal (DNCR)
26-09-2026,26-09-2026,FMPC6527930317,Motibaghhub_DEL_PL,REJUVE ORGANICS PRIVATE LIMITED +918171657787,a39bd918b0514193,received_at_mh,North,LMA,1.00E+11,#N/A,#N/A,MotherHub_NDC,BRSNR,Motibaghhub_DEL_PL,PH-B3-NCRNDC-6310518,expected,OPENED,26-09-2026 01:00,Arvind Bansal (DNCR)
26-09-2026,26-09-2026,FMPP4297711858,MundkaHub_DEL_PL,Tail Mart Enterprises 8595198820,e1e2e1a3124345c0,received_at_mh,North,LMA,1.00E+11,E2E LOGISTIC SOLUTION,PawanRawat,MotherHub_NDC,BRSNR,MundkaHub_DEL_PL,PH-B3-NCRNDC-6201019,expected,OPENED,26-09-2026 02:39,Arvind Bansal (DNCR)
26-09-2026,26-09-2026,FMPP4297807798,NajafgarhHub_DEL_PL,BHASKAR ENTERPRISES +917210741061,0865e5f0880f4207,received_at_mh,North,LMA,1.00E+11,#N/A,#N/A,MotherHub_NDC,BRSNR,NajafgarhHub_DEL_PL,PH-B3-NCRNDC-6348501,expected,OPENED,26-09-2026 00:10,Arvind Bansal (DNCR)
26-09-2026,26-09-2026,FMPC6528499280,PaharganjHub_DEL_PL,Malifionna overseas +919999949105,905e38dc1d4e45bd,received_at_mh,North,TRUEFLEX,840114,TRUEFLEX,MohammadSameer,MotherHub_NDC,BRSNR,PaharganjHub_DEL_PL,PH-B3-NCRNDC-6313253,expected,OPENED,26-09-2026 03:13,Arvind Bansal (DNCR)
26-09-2026,26-09-2026,FMPC6527411287,PaharganjHub_DEL_PL,HIND TRADING CO. +917303878279,2f108f156b074a4a,received_at_mh,North,LMA,1.00E+11,We Innovate Business Solutions Pvt Ltd,RahulKumar,MotherHub_NDC,BRSNR,PaharganjHub_DEL_PL,PH-B3-NCRNDC-6280689,expected,OPENED,26-09-2026 03:13,Arvind Bansal (DNCR)
26-09-2026,26-09-2026,FMPC6528650781,PaharganjHub_DEL_PL,EMPIRE FASHION +919871918724,94f1da609f74494a,dispatched_to_mh,North,LMA,1.00E+11,#N/A,#N/A,MotherHub_NDC,BRSNR,PaharganjHub_DEL_PL,PH-B3-NCRNDC-6221535,expected,OPENED,26-09-2026 02:55,Arvind Bansal (DNCR)
26-09-2026,26-09-2026,FMPC6528969407,PaharganjHub_DEL_PL,HIND TRADING CO. +917303878279,2f108f156b074a4a,received_at_mh,North,LMA,1.00E+11,We Innovate Business Solutions Pvt Ltd,RahulKumar,MotherHub_NDC,BRSNR,PaharganjHub_DEL_PL,PH-B3-NCRNDC-6280689,expected,OPENED,26-09-2026 03:13,Arvind Bansal (DNCR)
26-09-2026,26-09-2026,FMPC6529469829,PaharganjHub_DEL_PL,H.R.Enterprises +919220903547,570c84ab67da4384,received_at_mh,North,LMA,1.00E+11,We Innovate Business Solutions Pvt Ltd,RahulKumar,MotherHub_NDC,BRSNR,PaharganjHub_DEL_PL,PH-B3-NCRNDC-6280688,expected,OPENED,26-09-2026 02:58,Arvind Bansal (DNCR)
26-09-2026,26-09-2026,FMPC6529632667,PaharganjHub_DEL_PL,GURUJI ENTERPRISES +917835898437,db8ccdb2a44c421a,received_at_mh,North,LMA,1.00E+11,We Innovate Business Solutions Pvt Ltd,RahulKumar,MotherHub_NDC,BRSNR,PaharganjHub_DEL_PL,PH-B3-NCRNDC-6280688,expected,OPENED,26-09-2026 02:58,Arvind Bansal (DNCR)
26-09-2026,26-09-2026,FMPC6529159499,Motibaghhub_DEL_PL,KG ENTERPRISES +919310296907,9e75cb561d374571,dispatched_to_mh,North,TRUEFLEX,731272,TRUEFLEX,RajaMehto,MotherHub_NDC,BRSNR,Motibaghhub_DEL_PL,PH-B3-NCRNDC-6042149,expected,OPENED,26-09-2026 02:57,Arvind Bansal (DNCR)
26-09-2026,26-09-2026,FMPP4297730672,PaharganjHub_DEL_PL,DOUBLE 9 BOOKS LLP +918130393865,83d39d01101e4a8d,received_at_mh,North,LMA,1.00E+11,#N/A,#N/A,MotherHub_NDC,BRSNR,PaharganjHub_DEL_PL,PH-B3-NCRNDC-6321235,expected,OPENED,26-09-2026 03:27,Arvind Bansal (DNCR)
26-09-2026,26-09-2026,FMPP4297236881,PaharganjHub_DEL_PL,Mittal-Brothers +919999410460,uhtawszhifp7kaph,received_at_mh,North,LMA,1.00E+11,#N/A,#N/A,MotherHub_NDC,BRSNR,PaharganjHub_DEL_PL,PH-B3-FRKFRK-10647440,expected,OPENED,26-09-2026 03:04,Arvind Bansal (DNCR)
26-09-2026,26-09-2026,FMPC6529436966,PaharganjHub_DEL_PL,HIND TRADING CO. +917303878279,2f108f156b074a4a,received_at_mh,North,LMA,1.00E+11,We Innovate Business Solutions Pvt Ltd,RahulKumar,MotherHub_NDC,BRSNR,PaharganjHub_DEL_PL,PH-B3-NCRNDC-6280689,expected,OPENED,26-09-2026 03:13,Arvind Bansal (DNCR)
26-09-2026,26-09-2026,FMPC6529241861,NajafgarhHub_DEL_PL,SMOOTH LIFE MAKER +918860116630,c4434b9887624016,received_at_mh,North,TRUEFLEX,1025512,TRUEFLEX,AmitKumar,MotherHub_NDC,BRSNR,NajafgarhHub_DEL_PL,PH-B3-NCRNDC-6329995,expected,OPENED,26-09-2026 00:22,Arvind Bansal (DNCR)
26-09-2026,26-09-2026,FMPC6528662134,Motibaghhub_DEL_PL,Hitesh Enterprises +917011355439,8ccb27a0f28a4378,dispatched_to_mh,North,LMA,1.00E+11,#N/A,#N/A,MotherHub_NDC,BRSNR,Motibaghhub_DEL_PL,PH-B3-NCRNDC-6332612,expected,OPENED,26-09-2026 00:52,Arvind Bansal (DNCR)
26-09-2026,26-09-2026,FMPC6529465091,Motibaghhub_DEL_PL,MEDONINT LLP +919999116862,54be13851f244ae0,dispatched_to_mh,North,LMA,1.00E+11,#N/A,#N/A,MotherHub_NDC,BRSNR,Motibaghhub_DEL_PL,PH-B3-NCRNDC-6340915,expected,OPENED,26-09-2026 01:57,Arvind Bansal (DNCR)
26-09-2026,26-09-2026,FMPC6527073691,NajafgarhHub_DEL_PL,VIRAJSANCHI ENTERPRISES +917543034445,0510fac6e59e49db,received_at_mh,North,LMA,1.00E+11,WHEELEY,ShambhuKumar,MotherHub_NDC,BRSNR,NajafgarhHub_DEL_PL,PH-B3-NCRNDC-6291835,expected,OPENED,26-09-2026 00:12,Arvind Bansal (DNCR)
26-09-2026,26-09-2026,FMPC6527946809,Motibaghhub_DEL_PL,DEAL INFOSYSTEM +918802341477,1512199d6d9f43a4,dispatched_to_mh,North,LMA,1.00E+11,WERCATALYST VENTURES PVT LTD,MOHIT,MotherHub_NDC,BRSNR,Motibaghhub_DEL_PL,PH-B3-NCRNDC-6243657,expected,OPENED,26-09-2026 02:02,Arvind Bansal (DNCR)
26-09-2026,26-09-2026,FMPC6529737726,PaharganjHub_DEL_PL,H.R.Enterprises +919220903547,570c84ab67da4384,received_at_mh,North,LMA,1.00E+11,We Innovate Business Solutions Pvt Ltd,RahulKumar,MotherHub_NDC,BRSNR,PaharganjHub_DEL_PL,PH-B3-NCRNDC-6280688,expected,OPENED,26-09-2026 02:58,Arvind Bansal (DNCR)
26-09-2026,26-09-2026,MYEP1137535364,NajafgarhHub_DEL_PL,MYE : AKM FirstRate Hub-delhi_PPMP_EKKM 8570905001,MYE_9377c624e03f834fabe92643742287a1,dispatched_to_mh,North,LMA,1.00E+11,Sitics,MdChand,MotherHub_NDC,BRSNR,NajafgarhHub_DEL_PL,PH-B3-NCRNDC-6348501,expected,OPENED,26-09-2026 00:10,Arvind Bansal (DNCR)
26-09-2026,26-09-2026,FMPC6529086150,PaharganjHub_DEL_PL,Sawariya Seth Traders +918287586964,d30528d056404cc3,received_at_mh,North,LMA,1.00E+11,We Innovate Business Solutions Pvt Ltd,RahulKumar,MotherHub_NDC,BRSNR,PaharganjHub_DEL_PL,PH-B3-NCRNDC-6280688,expected,OPENED,26-09-2026 02:58,Arvind Bansal (DNCR)
26-09-2026,26-09-2026,FMPC6527981346,PaharganjHub_DEL_PL,Srishti Enterprises +919899797491,aa47eaaab57b455f,received_at_mh,North,LMA,1.00E+11,We Innovate Business Solutions Pvt Ltd,RahulKumar,MotherHub_NDC,BRSNR,PaharganjHub_DEL_PL,PH-B3-NCRNDC-6280688,expected,OPENED,26-09-2026 02:58,Arvind Bansal (DNCR)
26-09-2026,26-09-2026,FMPC6529764891,PaharganjHub_DEL_PL,H.R.Enterprises +919220903547,570c84ab67da4384,received_at_mh,North,LMA,1.00E+11,We Innovate Business Solutions Pvt Ltd,RahulKumar,MotherHub_NDC,BRSNR,PaharganjHub_DEL_PL,PH-B3-NCRNDC-6280688,expected,OPENED,26-09-2026 02:58,Arvind Bansal (DNCR)
26-09-2026,26-09-2026,FMPC6529744893,NajafgarhHub_DEL_PL,S & K ENTERPRISES +918700551523,1004d438cc4e45b1,received_at_mh,North,TRUEFLEX,1314847,TRUEFLEX,SudheerSingh,MotherHub_NDC,BRSNR,NajafgarhHub_DEL_PL,PH-B3-NCRNDC-6232070,expected,OPENED,25-09-2026 23:52,Arvind Bansal (DNCR)
26-09-2026,26-09-2026,FMPC6526842231,PaharganjHub_DEL_PL,REPRO BOOKS LIMITED 9821647068,1fb9292609fa497e,received_at_mh,North,LMA,1.00E+11,#N/A,#N/A,MotherHub_NDC,BRSNR,PaharganjHub_DEL_PL,PH-B3-NCRNDC-6321235,expected,OPENED,26-09-2026 03:27,Arvind Bansal (DNCR)
26-09-2026,26-09-2026,FMPC6528895576,Motibaghhub_DEL_PL,S.M. ENTERPRISES +919711936677,8ac4fec70d7e4681,received_at_mh,North,TRUEFLEX,893213,TRUEFLEX,AmitKumar,MotherHub_NDC,BRSNR,Motibaghhub_DEL_PL,PH-B3-NCRNDC-6280429,expected,OPENED,26-09-2026 02:09,Arvind Bansal (DNCR)
26-09-2026,26-09-2026,FMPC6528412010,PaharganjHub_DEL_PL,HIND TRADING CO. +917303878279,2f108f156b074a4a,received_at_mh,North,LMA,1.00E+11,We Innovate Business Solutions Pvt Ltd,RahulKumar,MotherHub_NDC,BRSNR,PaharganjHub_DEL_PL,PH-B3-NCRNDC-6280689,expected,OPENED,26-09-2026 03:13,Arvind Bansal (DNCR)
26-09-2026,26-09-2026,FMPC6529080658,MundkaHub_DEL_PL,CORNET OVERSEAS +917876893941,aa726921b67e4226,dispatched_to_mh,North,TRUEFLEX,891077,TRUEFLEX,NarenderNarender,MotherHub_NDC,BRSNR,MundkaHub_DEL_PL,PH-B3-NCRNDC-6333583,expected,OPENED,26-09-2026 00:28,Arvind Bansal (DNCR)
26-09-2026,26-09-2026,FMPC6527472055,PaharganjHub_DEL_PL,SMS TRADERS +919650249721,609566b6c17a4ad0,received_at_mh,North,LMA,1.00E+11,We Innovate Business Solutions Pvt Ltd,RahulKumar,MotherHub_NDC,BRSNR,PaharganjHub_DEL_PL,PH-B3-NCRNDC-6280688,expected,OPENED,26-09-2026 02:58,Arvind Bansal (DNCR)
26-09-2026,26-09-2026,FMPC6529586868,MundkaHub_DEL_PL,Sapi'S Crafterina +917503945545,4830b8cd182d4f19,received_at_mh,North,TRUEFLEX,929707,TRUEFLEX,AnukalpModanwal,MotherHub_NDC,BRSNR,MundkaHub_DEL_PL,PH-B3-NCRNDC-6340481,expected,OPENED,26-09-2026 01:46,Arvind Bansal (DNCR)
26-09-2026,26-09-2026,FMPP4297015903,PaharganjHub_DEL_PL,FIRST CHOICE +919212351721,b1a0c41dc6e74bdd,received_at_mh,North,LMA,1.00E+11,We Innovate Business Solutions Pvt Ltd,RahulKumar,MotherHub_NDC,BRSNR,PaharganjHub_DEL_PL,PH-B3-NCRNDC-6280688,expected,OPENED,26-09-2026 02:58,Arvind Bansal (DNCR)
26-09-2026,26-09-2026,FMPC6528401380,Motibaghhub_DEL_PL,JAGDAMBA ENTERPRISES +918851155463,120d3816bb684d83,received_at_mh,North,TRUEFLEX,731272,TRUEFLEX,RajaMehto,MotherHub_NDC,BRSNR,Motibaghhub_DEL_PL,PH-B3-NCRNDC-6289080,expected,OPENED,26-09-2026 01:51,Arvind Bansal (DNCR)
26-09-2026,26-09-2026,FMPC6528763641,PaharganjHub_DEL_PL,H.R.Enterprises +919220903547,570c84ab67da4384,received_at_mh,North,LMA,1.00E+11,We Innovate Business Solutions Pvt Ltd,RahulKumar,MotherHub_NDC,BRSNR,PaharganjHub_DEL_PL,PH-B3-NCRNDC-6280688,expected,OPENED,26-09-2026 02:58,Arvind Bansal (DNCR)
26-09-2026,26-09-2026,FMPC6529075612,MundkaHub_DEL_PL,R.K. METAL CRAFTS +918700822811,48900da8aa3d4945,received_at_mh,North,TRUEFLEX,864690,TRUEFLEX,MohdRahmat Ali,MotherHub_NDC,BRSNR,MundkaHub_DEL_PL,PH-B3-NCRNDC-6327310,expected,OPENED,26-09-2026 01:47,Arvind Bansal (DNCR)
26-09-2026,26-09-2026,FMPC6527349716,PaharganjHub_DEL_PL,H.R.Enterprises +919220903547,570c84ab67da4384,received_at_mh,North,LMA,1.00E+11,We Innovate Business Solutions Pvt Ltd,RahulKumar,MotherHub_NDC,BRSNR,PaharganjHub_DEL_PL,PH-B3-NCRNDC-6280688,expected,OPENED,26-09-2026 02:58,Arvind Bansal (DNCR)
26-09-2026,26-09-2026,FMPC6528741013,PaharganjHub_DEL_PL,LADY QUINTON +919582549737,cdf6c214fcba4479,received_at_mh,North,LMA,1.00E+11,#N/A,#N/A,MotherHub_NDC,Mixbagging,PaharganjHub_DEL_PL,PH-B3-NCRNDC-6183430,expected,OPENED,26-09-2026 02:59,Arvind Bansal (DNCR)
26-09-2026,26-09-2026,FMPC6527787485,PaharganjHub_DEL_PL,Mr. Hub +919870262406,1eabc3e3323547c1,dispatched_to_mh,North,TRUEFLEX,682258,TRUEFLEX,ManjeetKumar,MotherHub_NDC,BRSNR,PaharganjHub_DEL_PL,PH-B3-NCRNDC-6320395,expected,OPENED,26-09-2026 03:24,Arvind Bansal (DNCR)
26-09-2026,26-09-2026,FMPP4298436189,PaharganjHub_DEL_PL,Sawariya Seth Traders +918287586964,d30528d056404cc3,received_at_mh,North,LMA,1.00E+11,We Innovate Business Solutions Pvt Ltd,RahulKumar,MotherHub_NDC,BRSNR,PaharganjHub_DEL_PL,PH-B3-NCRNDC-6280688,expected,OPENED,26-09-2026 02:58,Arvind Bansal (DNCR)
26-09-2026,26-09-2026,FMPP4297845572,PaharganjHub_DEL_PL,Srishti Enterprises +919899797491,aa47eaaab57b455f,received_at_mh,North,LMA,1.00E+11,We Innovate Business Solutions Pvt Ltd,RahulKumar,MotherHub_NDC,BRSNR,PaharganjHub_DEL_PL,PH-B3-NCRNDC-6280688,expected,OPENED,26-09-2026 02:58,Arvind Bansal (DNCR)
26-09-2026,26-09-2026,FMPC6527330372,PaharganjHub_DEL_PL,REPRO BOOKS LIMITED 9821647068,1fb9292609fa497e,received_at_mh,North,LMA,1.00E+11,#N/A,#N/A,MotherHub_NDC,BRSNR,PaharganjHub_DEL_PL,PH-B3-NCRNDC-6321235,expected,OPENED,26-09-2026 03:27,Arvind Bansal (DNCR)
26-09-2026,26-09-2026,FMPP4298026671,NehruPlaceHub_DEL_PL,UNIQUE INTEGRATED SIGN & SOLUTION +919971619033,e2306aeea1714596,dispatched_to_mh,North,LMA,1.00E+11,Fastbeetle service,Ranu,MotherHub_NDC,BRSNR,NehruPlaceHub_DEL_PL,PH-B3-NCRNDC-6308717,expected,OPENED,26-09-2026 01:38,Arvind Bansal (DNCR)
26-09-2026,26-09-2026,FMPP4297932611,PaharganjHub_DEL_PL,Mittal-Brothers +919999410460,uhtawszhifp7kaph,received_at_mh,North,LMA,1.00E+11,#N/A,#N/A,MotherHub_NDC,BRSNR,PaharganjHub_DEL_PL,PH-B3-FRKFRK-10647440,expected,OPENED,26-09-2026 03:04,Arvind Bansal (DNCR)
26-09-2026,26-09-2026,FMPC6529467828,PaharganjHub_DEL_PL,LADY QUINTON +919582549737,cdf6c214fcba4479,received_at_mh,North,LMA,1.00E+11,#N/A,#N/A,MotherHub_NDC,Mixbagging,PaharganjHub_DEL_PL,PH-B3-NCRNDC-6183430,expected,OPENED,26-09-2026 02:59,Arvind Bansal (DNCR)
26-09-2026,26-09-2026,FMPC6528585692,PaharganjHub_DEL_PL,J D Enterprises +919899250950,059e3c9a9bc44f68,received_at_mh,North,LMA,1.00E+11,We Innovate Business Solutions Pvt Ltd,RahulKumar,MotherHub_NDC,BRSNR,PaharganjHub_DEL_PL,PH-B3-NCRNDC-6280688,expected,OPENED,26-09-2026 02:58,Arvind Bansal (DNCR)
26-09-2026,26-09-2026,FMPC6529632601,PaharganjHub_DEL_PL,GURUJI ENTERPRISES +917835898437,db8ccdb2a44c421a,received_at_mh,North,LMA,1.00E+11,We Innovate Business Solutions Pvt Ltd,RahulKumar,MotherHub_NDC,BRSNR,PaharganjHub_DEL_PL,PH-B3-NCRNDC-6280688,expected,OPENED,26-09-2026 02:58,Arvind Bansal (DNCR)
26-09-2026,26-09-2026,FMPC6528673172,NehruPlaceHub_DEL_PL,Timewear & Beyond +919811068580,2226a467b4014bc2,dispatched_to_mh,North,TRUEFLEX,592273,TRUEFLEX,Jetendra KumarSah,MotherHub_NDC,BRSNR,NehruPlaceHub_DEL_PL,PH-B3-NCRNDC-6187996,expected,OPENED,26-09-2026 01:21,Arvind Bansal (DNCR)
26-09-2026,26-09-2026,FMPC6528508087,NajafgarhHub_DEL_PL,NEW J.D. CAR ACCESSORIES +919319479119,5987af58b41f4671,dispatched_to_mh,North,LMA,1.00E+11,Fastbeetle service,VivekRaj,MotherHub_NDC,BRSNR,NajafgarhHub_DEL_PL,PH-B3-NCRNDC-6251726,expected,OPENED,26-09-2026 00:15,Arvind Bansal (DNCR)
26-09-2026,26-09-2026,FMPP4297030551,PaharganjHub_DEL_PL,SMS TRADERS +919650249721,609566b6c17a4ad0,received_at_mh,North,LMA,1.00E+11,We Innovate Business Solutions Pvt Ltd,RahulKumar,MotherHub_NDC,BRSNR,PaharganjHub_DEL_PL,PH-B3-NCRNDC-6280688,expected,OPENED,26-09-2026 02:58,Arvind Bansal (DNCR)
26-09-2026,26-09-2026,FMPC6529637941,Motibaghhub_DEL_PL,Naunidh Enterprises +919891635355,5335867c54f1488f,received_at_mh,North,LMA,1.00E+11,We Innovate Business Solutions Pvt Ltd,Abhishek,MotherHub_NDC,BRSNR,Motibaghhub_DEL_PL,PH-B3-NCRNDC-6245246,expected,OPENED,26-09-2026 01:54,Arvind Bansal (DNCR)
26-09-2026,26-09-2026,FMPP4296712736,PaharganjHub_DEL_PL,Motilal Banarsidass Publications +919811202854,706ed61ecf0a4f32,received_at_mh,North,LMA,1.00E+11,Fastbeetle service,AnkitKumar,MotherHub_NDC,BRSNR,PaharganjHub_DEL_PL,PH-B3-NCRNDC-6321236,expected,OPENED,26-09-2026 03:27,Arvind Bansal (DNCR)
26-09-2026,26-09-2026,FMPC6528744145,MundkaHub_DEL_PL,Vivaan International +919643739611,1dfd695eb6d4466c,received_at_mh,North,LMA,1.00E+11,Transwide Express,NoorMohammad,MotherHub_NDC,BRSNR,MundkaHub_DEL_PL,PH-B3-NCRNDC-5558320,expected,OPENED,26-09-2026 00:55,Arvind Bansal (DNCR)
26-09-2026,26-09-2026,FMPC6529347747,PaharganjHub_DEL_PL,Srishti Enterprises +919899797491,aa47eaaab57b455f,received_at_mh,North,LMA,1.00E+11,We Innovate Business Solutions Pvt Ltd,RahulKumar,MotherHub_NDC,BRSNR,PaharganjHub_DEL_PL,PH-B3-NCRNDC-6280688,expected,OPENED,26-09-2026 02:58,Arvind Bansal (DNCR)
26-09-2026,26-09-2026,MYEC1120437213,PaharganjHub_DEL_PL,MYE : Trendzie Skin Care-delhi_PPMP_PIDK 9560353343,MYE_9c50d8f9efebf8f4bca59422f56122db,dispatched_to_mh,North,TRUEFLEX,667309,TRUEFLEX,KanchanThakur,MotherHub_NDC,BRSNR,PaharganjHub_DEL_PL,PH-B3-NCRNDC-6314046,expected,OPENED,26-09-2026 02:06,Arvind Bansal (DNCR)
26-09-2026,26-09-2026,FMPC6528298184,PaharganjHub_DEL_PL,DOUBLE 9 BOOKS LLP +918130393865,83d39d01101e4a8d,received_at_mh,North,LMA,1.00E+11,#N/A,#N/A,MotherHub_NDC,BRSNR,PaharganjHub_DEL_PL,PH-B3-NCRNDC-6321235,expected,OPENED,26-09-2026 03:27,Arvind Bansal (DNCR)
26-09-2026,26-09-2026,FMPC6527632735,NehruPlaceHub_DEL_PL,FIRST LIKE ENTERPRISES +917303555172,106db3814faf4623,received_at_mh,North,LMA,1.00E+11,#N/A,#N/A,MotherHub_NDC,BRSNR,NehruPlaceHub_DEL_PL,PH-B3-NCRNDC-6332965,expected,OPENED,26-09-2026 00:20,Arvind Bansal (DNCR)
26-09-2026,26-09-2026,FMPC6528631145,PaharganjHub_DEL_PL,LADY QUINTON +919582549737,cdf6c214fcba4479,received_at_mh,North,LMA,1.00E+11,#N/A,#N/A,MotherHub_NDC,Mixbagging,PaharganjHub_DEL_PL,PH-B3-NCRNDC-6183430,expected,OPENED,26-09-2026 02:59,Arvind Bansal (DNCR)
26-09-2026,26-09-2026,FMPC6526918624,PaharganjHub_DEL_PL,REPRO BOOKS LIMITED 9821647068,1fb9292609fa497e,received_at_mh,North,LMA,1.00E+11,#N/A,#N/A,MotherHub_NDC,BRSNR,PaharganjHub_DEL_PL,PH-B3-NCRNDC-6321233,expected,OPENED,26-09-2026 03:28,Arvind Bansal (DNCR)
26-09-2026,26-09-2026,NAPC0027915890,MundkaHub_DEL_PL,NAP : M/s Saanvi Industry Delhi 9718009880,NAP_3e66430fa21f7cf0305d3c71128386d1,received_at_mh,North,TRUEFLEX,616053,TRUEFLEX,JitendraKumar,MotherHub_NDC,BRSNR,MundkaHub_DEL_PL,PH-B3-NCRNDC-6332529,expected,OPENED,26-09-2026 01:50,Arvind Bansal (DNCR)
26-09-2026,26-09-2026,FMPC6528986530,PaharganjHub_DEL_PL,GURUJI ENTERPRISES +917835898437,db8ccdb2a44c421a,received_at_mh,North,LMA,1.00E+11,We Innovate Business Solutions Pvt Ltd,RahulKumar,MotherHub_NDC,BRSNR,PaharganjHub_DEL_PL,PH-B3-NCRNDC-6280688,expected,OPENED,26-09-2026 02:58,Arvind Bansal (DNCR)
26-09-2026,26-09-2026,FMPC6528729499,PaharganjHub_DEL_PL,LADY QUINTON +919582549737,cdf6c214fcba4479,received_at_mh,North,LMA,1.00E+11,#N/A,#N/A,MotherHub_NDC,Mixbagging,PaharganjHub_DEL_PL,PH-B3-NCRNDC-6183430,expected,OPENED,26-09-2026 02:59,Arvind Bansal (DNCR)
26-09-2026,26-09-2026,FMPP4296666402,PaharganjHub_DEL_PL,HIND TRADING CO. +917303878279,2f108f156b074a4a,received_at_mh,North,LMA,1.00E+11,We Innovate Business Solutions Pvt Ltd,RahulKumar,MotherHub_NDC,BRSNR,PaharganjHub_DEL_PL,PH-B3-NCRNDC-6280689,expected,OPENED,26-09-2026 03:13,Arvind Bansal (DNCR)
26-09-2026,26-09-2026,FMPP4297301284,PaharganjHub_DEL_PL,REPRO BOOKS LIMITED 9821647068,1fb9292609fa497e,received_at_mh,North,LMA,1.00E+11,#N/A,#N/A,MotherHub_NDC,BRSNR,PaharganjHub_DEL_PL,PH-B3-NCRNDC-6321235,expected,OPENED,26-09-2026 03:27,Arvind Bansal (DNCR)
26-09-2026,26-09-2026,FMPC6528020743,PaharganjHub_DEL_PL,LADY QUINTON +919582549737,cdf6c214fcba4479,received_at_mh,North,LMA,1.00E+11,#N/A,#N/A,MotherHub_NDC,Mixbagging,PaharganjHub_DEL_PL,PH-B3-NCRNDC-6183430,expected,OPENED,26-09-2026 02:59,Arvind Bansal (DNCR)
26-09-2026,26-09-2026,FMPP4296609294,PrahladPur_DEL_PL,Dangwal Enterprises +919650745841,0ea75d9ef3344620,received_at_mh,North,LMA,1.00E+11,Fastbeetle service,VarunChauhan,MotherHub_NDC,BRSNR,PrahladPur_DEL_PL,PH-B3-NCRNDC-6279070,expected,OPENED,26-09-2026 03:01,Arvind Bansal (DNCR)
26-09-2026,26-09-2026,FMPP4298424196,SahibabadHub_DEL_PL,ABHIGYA TRADERS +919354253378,ebe2631c1c304101,received_at_mh,North,TRUEFLEX,861333,TRUEFLEX,SabeshKhan,MotherHub_NDC,BRSNR,SahibabadHub_DEL_PL,PH-B3-NCRNDC-6079204,expected,OPENED,26-09-2026 04:02,Arvind Bansal (DNCR)
26-09-2026,26-09-2026,FMPC6527225993,Rohinihub_DEL_PL,BALAJI ENTERPRISES +919999161510,eaed42c785434448,received_at_mh,North,TRUEFLEX,590023,TRUEFLEX,Rahul,MotherHub_NDC,BRSNR,Rohinihub_DEL_PL,PH-B3-NCRNDC-5999514,expected,OPENED,26-09-2026 00:51,Arvind Bansal (DNCR)
26-09-2026,26-09-2026,FMPC6527940068,PrahladPur_DEL_PL,POPPEX INDIA +919309590484,6c3a611b5930453d,received_at_mh,North,TRUEFLEX,592657,TRUEFLEX,Hare KrishnaJha,MotherHub_NDC,BRSNR,PrahladPur_DEL_PL,PH-B3-NCRNDC-6278963,expected,OPENED,26-09-2026 04:54,Arvind Bansal (DNCR)
26-09-2026,26-09-2026,FMPP4298446530,PrahladPur_DEL_PL,MR. GAGAN DEV SAH +916203404114,dee456bc6a524231,dispatched_to_mh,North,LMA,1.00E+11,Greenteck Logistics and Mobility Pvt Ltd,MohdAtik,MotherHub_NDC,Mixbagging,PrahladPur_DEL_PL,PH-B3-NCRNDC-6343383,expected,OPENED,26-09-2026 03:20,Arvind Bansal (DNCR)
26-09-2026,26-09-2026,FMPC6527337527,Pitampurahub_DEL_PL,Buyer's Choice +918800602474,c125278ef0d74acd,dispatched_to_mh,North,LMA,1.00E+11,#N/A,#N/A,MotherHub_NDC,BRSNR,Pitampurahub_DEL_PL,PH-B3-NCRNDC-5927839,expected,OPENED,26-09-2026 03:38,Arvind Bansal (DNCR)
26-09-2026,26-09-2026,FMPP4297355742,Rohinihub_DEL_PL,Shreya Overseas India +919711096106,f979866524054629,received_at_mh,North,TRUEFLEX,622341,TRUEFLEX,Dharmender,MotherHub_NDC,BRSNR,Rohinihub_DEL_PL,PH-B3-NCRNDC-6308481,expected,OPENED,26-09-2026 00:31,Arvind Bansal (DNCR)
26-09-2026,26-09-2026,FMPC6528293471,Ramaroadhub_DEL_PL,EVERFLOW TRADE +919315751108,5df5efe745404344,received_at_mh,North,LMA,1.00E+11,WHEELEY,DeepakKumar,MotherHub_NDC,BRSNR,Ramaroadhub_DEL_PL,PH-B3-NCRNDC-6314019,expected,OPENED,26-09-2026 01:48,Arvind Bansal (DNCR)
26-09-2026,26-09-2026,FMPC6529550612,Pitampurahub_DEL_PL,Speaker World +918851211958,9624f04f112e491d,received_at_mh,North,LMA,1.00E+11,#N/A,#N/A,MotherHub_NDC,BRSNR,Pitampurahub_DEL_PL,PH-B3-NCRNDC-5533570,expected,OPENED,26-09-2026 04:45,Arvind Bansal (DNCR)
26-09-2026,26-09-2026,FMPP4297816834,PrahladPur_DEL_PL,BHAVANI TRADERS +919313856001,487e577b3470452d,received_at_mh,North,LMA,1.00E+11,Greenteck Logistics and Mobility Pvt Ltd,Ganesh,MotherHub_NDC,BRSNR,PrahladPur_DEL_PL,PH-B3-NCRNDC-6342559,expected,OPENED,26-09-2026 04:29,Arvind Bansal (DNCR)
26-09-2026,26-09-2026,FMPP4296709989,PrahladPur_DEL_PL,WILDVEDIC NATURALS PRIVATE LIMITED +918287134553,2824230af209433d,dispatched_to_mh,North,TRUEFLEX,594047,TRUEFLEX,SandeepPal,MotherHub_NDC,BRSNR,PrahladPur_DEL_PL,PH-B3-NCRNDC-5874434,expected,OPENED,26-09-2026 05:07,Arvind Bansal (DNCR)
26-09-2026,26-09-2026,FMPP4297379730,Rohinihub_DEL_PL,Rampal Enterprises +919319531774,a80a2ad13ac54e4c,received_at_mh,North,TRUEFLEX,746473,TRUEFLEX,SumitSumit,MotherHub_NDC,BRSNR,Rohinihub_DEL_PL,PH-B3-NCRNDC-6307732,expected,OPENED,26-09-2026 00:40,Arvind Bansal (DNCR)
26-09-2026,26-09-2026,FMPC6528979445,PrahladPur_DEL_PL,Dangwal Enterprises +919650745841,0ea75d9ef3344620,received_at_mh,North,LMA,1.00E+11,Fastbeetle service,VarunChauhan,MotherHub_NDC,BRSNR,PrahladPur_DEL_PL,PH-B3-NCRNDC-6279070,expected,OPENED,26-09-2026 03:01,Arvind Bansal (DNCR)
26-09-2026,26-09-2026,FMPP4294471198,PrahladPur_DEL_PL,Mizaaj Outlet +918076813033,10224e58d8314fb1,received_at_mh,North,LMA,1.00E+11,Greenteck Logistics and Mobility Pvt Ltd,DevaSharma,MotherHub_NDC,BRSNR,PrahladPur_DEL_PL,PH-B3-NCRNDC-6255640,expected,OPENED,26-09-2026 02:54,Arvind Bansal (DNCR)
26-09-2026,26-09-2026,FMPP4298242164,Ramaroadhub_DEL_PL,JUST FLOWERS +919990044406,93fa45d1aa5b4586,dispatched_to_mh,North,LMA,1.00E+11,AADIYOGI LOGISTIC PRIVATE LIMITED,AmitKumar,MotherHub_NDC,BRSNR,Ramaroadhub_DEL_PL,PH-B3-NCRNDC-6323471,expected,OPENED,26-09-2026 01:41,Arvind Bansal (DNCR)
26-09-2026,26-09-2026,MYEC1120449696,PrahladPur_DEL_PL,MYE : SAP FASHION-delhi_PPMP_NFPP 7291914049,MYE_92ee8c1dd78a3f2ff1f632931e55ed53,received_at_mh,North,LMA,1.00E+11,Greenteck Logistics and Mobility Pvt Ltd,SurajKumar,MotherHub_NDC,BRSNR,PrahladPur_DEL_PL,PH-B3-NCRNDC-6344552,expected,OPENED,26-09-2026 02:15,Arvind Bansal (DNCR)
26-09-2026,26-09-2026,FMPC6529381163,Pitampurahub_DEL_PL,AFSARI ENTERPRISES +917982114907,d9d00c5eb9054c46,dispatched_to_mh,North,TRUEFLEX,593499,TRUEFLEX,VishalTyagi,MotherHub_NDC,BRSNR,Pitampurahub_DEL_PL,PH-B3-NCRNDC-6193807,expected,OPENED,26-09-2026 03:48,Arvind Bansal (DNCR)
26-09-2026,26-09-2026,FMPC6527907467,PrahladPur_DEL_PL,S Culinary Cubes +917303393522,801ae48a2df54f7b,received_at_mh,North,LMA,1.00E+11,Sitics,Umang,MotherHub_NDC,BRSNR,PrahladPur_DEL_PL,PH-B3-NCRNDC-6335881,expected,OPENED,26-09-2026 02:55,Arvind Bansal (DNCR)
26-09-2026,26-09-2026,FMPC6528968734,Rohinihub_DEL_PL,SAI SAFETY & WORKSWEAR +919891109626,21ce7785d7014f58,received_at_mh,North,LMA,1.00E+11,WHEELEY,Nizam,MotherHub_NDC,BRSNR,Rohinihub_DEL_PL,PH-B3-NCRNDC-0308932,expected,OPENED,26-09-2026 05:22,Arvind Bansal (DNCR)
26-09-2026,26-09-2026,NAPC0027928266,Pitampurahub_DEL_PL,NAP : M/s Riddhi Creation Delhi 9310452293,NAP_f130ed57301afd75274108c3b52f6f80,dispatched_to_mh,North,LMA,1.00E+11,RAMEZO ENTERPRISES,Rohit,MotherHub_NDC,BRSNR,Pitampurahub_DEL_PL,PH-B3-NCRNDC-6237478,expected,OPENED,26-09-2026 04:16,Arvind Bansal (DNCR)
26-09-2026,26-09-2026,FMPC6529272870,Rohinihub_DEL_PL,ANANTA ENTERPRISES +917531040590,0290d884bfcc4497,received_at_mh,North,LMA,1.00E+11,WHEELEY,Nizam,MotherHub_NDC,Mixbagging,Rohinihub_DEL_PL,PH-B3-NCRNDC-6265235,expected,OPENED,26-09-2026 02:59,Arvind Bansal (DNCR)
26-09-2026,26-09-2026,MYEP1137469576,SahibabadHub_DEL_PL,MYE : Mochi Ghaziabad Kaushambi Omni 7021987937,MYE_e83fac0c06c4f85b9ee75814221db2c6,received_at_mh,North,LMA,1.00E+11,Greenteck Logistics and Mobility Pvt Ltd,Maneesh,MotherHub_NDC,BRSNR,SahibabadHub_DEL_PL,PH-B3-NCRNDC-6322787,expected,OPENED,26-09-2026 05:06,Arvind Bansal (DNCR)
26-09-2026,26-09-2026,FMPC6527457311,PrahladPur_DEL_PL,MR. GAGAN DEV SAH +916203404114,dee456bc6a524231,dispatched_to_mh,North,LMA,1.00E+11,Greenteck Logistics and Mobility Pvt Ltd,MohdAtik,MotherHub_NDC,Mixbagging,PrahladPur_DEL_PL,PH-B3-NCRNDC-6343385,expected,OPENED,26-09-2026 03:20,Arvind Bansal (DNCR)
26-09-2026,26-09-2026,FMPC6528323062,SahibabadHub_DEL_PL,ANKIT TRADING +918800929244,ab07aa41157b4556,dispatched_to_mh,North,TRUEFLEX,861328,TRUEFLEX,KaranKumar,MotherHub_NDC,BRSNR,SahibabadHub_DEL_PL,PH-B3-NCRNDC-6110428,expected,OPENED,26-09-2026 04:03,Arvind Bansal (DNCR)
26-09-2026,26-09-2026,FMPP4297636207,PrahladPur_DEL_PL,Dangwal Enterprises +919650745841,0ea75d9ef3344620,received_at_mh,North,LMA,1.00E+11,Fastbeetle service,VarunChauhan,MotherHub_NDC,BRSNR,PrahladPur_DEL_PL,PH-B3-NCRNDC-6279070,expected,OPENED,26-09-2026 03:01,Arvind Bansal (DNCR)
26-09-2026,26-09-2026,FMPC6529065538,Rohinihub_DEL_PL,UMART24 +919911792789,0dca09951b1f4ea1,received_at_mh,North,TRUEFLEX,746473,TRUEFLEX,SumitSumit,MotherHub_NDC,BRSNR,Rohinihub_DEL_PL,PH-B3-NCRNDC-6222373,expected,OPENED,26-09-2026 00:40,Arvind Bansal (DNCR)
26-09-2026,26-09-2026,FMPC6527473225,SahibabadHub_DEL_PL,AAss TRADING CO. +919971037962,4d873778ff6d49da,dispatched_to_mh,North,LMA,1.00E+11,Greenteck Logistics and Mobility Pvt Ltd,SawanKumar,MotherHub_NDC,BRSNR,SahibabadHub_DEL_PL,PH-B3-NCRNDC-6322334,expected,OPENED,26-09-2026 05:15,Arvind Bansal (DNCR)
26-09-2026,26-09-2026,FMPP4296811278,PrahladPur_DEL_PL,Kiran Enterprises +917838097303,73405be884b64569,dispatched_to_mh,North,LMA,1.00E+11,WHEELEY,FaimKhan,MotherHub_NDC,BRSNR,PrahladPur_DEL_PL,PH-B3-NCRNDC-6285333,expected,OPENED,26-09-2026 03:11,Arvind Bansal (DNCR)
26-09-2026,26-09-2026,MYEC1120361572,Rohinihub_DEL_PL,MYE : Pantaloons Westburry Delhi Unity One Omni 7838731300,MYE_c9ddf51124ce12ce7b1187b4078e9854,dispatched_to_mh,North,TRUEFLEX,590483,TRUEFLEX,VinayKumar,MotherHub_NDC,BRSNR,Rohinihub_DEL_PL,PH-B3-NCRNDC-5616856,expected,OPENED,26-09-2026 00:55,Arvind Bansal (DNCR)
26-09-2026,26-09-2026,FMPP4297178164,Ramaroadhub_DEL_PL,HEALTHY LIVING +918368485294,56f4da38c79f4338,received_at_mh,North,LMA,1.00E+11,#N/A,#N/A,MotherHub_NDC,BRSNR,Ramaroadhub_DEL_PL,PH-B3-NCRNDC-6320844,expected,OPENED,26-09-2026 00:54,Arvind Bansal (DNCR)
26-09-2026,26-09-2026,FMPC6528305312,PrahladPur_DEL_PL,VIBHA INDUSTRIES +918448821024,d90ffa764c354adb,dispatched_to_mh,North,LMA,1.00E+11,#N/A,#N/A,MotherHub_NDC,Mixbagging,PrahladPur_DEL_PL,PH-B3-NCRNDC-6343690,expected,OPENED,26-09-2026 03:21,Arvind Bansal (DNCR)
26-09-2026,26-09-2026,FMPP4296992315,PrahladPur_DEL_PL,Krishna Traders +919667097199,cac7a42d6fd641c0,received_at_mh,North,TRUEFLEX,592657,TRUEFLEX,Hare KrishnaJha,MotherHub_NDC,BRSNR,PrahladPur_DEL_PL,PH-B3-NCRNDC-6278963,expected,OPENED,26-09-2026 04:54,Arvind Bansal (DNCR)
26-09-2026,26-09-2026,FMPC6528489720,SahibabadHub_DEL_PL,M/S PRETTY PERFECT +918826966766,e69970c65140427c,received_at_mh,North,EKART,1347979,EKART,,MotherHub_NDC,BRSNR,SahibabadHub_DEL_PL,PH-B3-NCRNDC-5882535,expected,OPENED,26-09-2026 03:19,Arvind Bansal (DNCR)
26-09-2026,26-09-2026,NAPC0027914357,Pitampurahub_DEL_PL,NAP : M/s Riddhi Creation Delhi 9310452293,NAP_f130ed57301afd75274108c3b52f6f80,dispatched_to_mh,North,LMA,1.00E+11,RAMEZO ENTERPRISES,Rohit,MotherHub_NDC,BRSNR,Pitampurahub_DEL_PL,PH-B3-NCRNDC-6237478,expected,OPENED,26-09-2026 04:16,Arvind Bansal (DNCR)
26-09-2026,26-09-2026,FMPC6528979952,PrahladPur_DEL_PL,AKSHAT ENTERPRISES +919953275239,b43c9b7c44404eea,received_at_mh,North,EKART,4367425,EKART,,MotherHub_NDC,BRSNR,PrahladPur_DEL_PL,PH-B3-NCRNDC-6340071,expected,OPENED,26-09-2026 04:15,Arvind Bansal (DNCR)
26-09-2026,26-09-2026,FMPC6529029680,Pitampurahub_DEL_PL,A K enterprises +919911903594,fe30f20d69944294,dispatched_to_mh,North,TRUEFLEX,803355,TRUEFLEX,ManishKumar,MotherHub_NDC,BRSNR,Pitampurahub_DEL_PL,PH-B3-NCRNDC-6273335,expected,OPENED,26-09-2026 03:25,Arvind Bansal (DNCR)
26-09-2026,26-09-2026,FMPC6529236639,SahibabadHub_DEL_PL,A R SALES +919958414104,bcea0fed949d4bcd,received_at_mh,North,LMA,1.00E+11,Greenteck Logistics and Mobility Pvt Ltd,MunkadAli,MotherHub_NDC,BRSNR,SahibabadHub_DEL_PL,PH-B3-NCRNDC-6324015,expected,OPENED,26-09-2026 08:44,Arvind Bansal (DNCR)
26-09-2026,26-09-2026,FMPC6529875011,Rohinihub_DEL_PL,BR Enterprises +917743875519,38fda53dc24342b7,received_at_mh,North,TRUEFLEX,618215,TRUEFLEX,Lokesh,MotherHub_NDC,BRSNR,Rohinihub_DEL_PL,PH-B3-NCRNDC-6349132,expected,OPENED,26-09-2026 02:27,Arvind Bansal (DNCR)
26-09-2026,26-09-2026,FMPC6526152569,Rohinihub_DEL_PL,Sandhaya Enterprises +919871014931,a9d4494425fc4c62,received_at_mh,North,LMA,1.00E+11,#N/A,#N/A,MotherHub_NDC,BRSNR,Rohinihub_DEL_PL,PH-B3-NCRNDC-5539085,expected,OPENED,26-09-2026 00:45,Arvind Bansal (DNCR)
26-09-2026,26-09-2026,FMPC6528708441,Pitampurahub_DEL_PL,H.M.UNIQUE WORLD +919873848802,ef8c637e68764404,dispatched_to_mh,North,TRUEFLEX,961730,TRUEFLEX,#N/A,MotherHub_NDC,BRSNR,Pitampurahub_DEL_PL,PH-B3-NCRNDC-6009578,expected,OPENED,26-09-2026 04:43,Arvind Bansal (DNCR)
26-09-2026,26-09-2026,FMPC6527695048,SahibabadHub_DEL_PL,NAVDEV INDIA +918851464749,55fff50571db4788,received_at_mh,North,LMA,1.00E+11,Greenteck Logistics and Mobility Pvt Ltd,SawanKumar,MotherHub_NDC,BRSNR,SahibabadHub_DEL_PL,PH-B3-NCRNDC-6322337,expected,OPENED,26-09-2026 05:09,Arvind Bansal (DNCR)
26-09-2026,26-09-2026,FMPC6529801707,SahibabadHub_DEL_PL,fancy steps +918700707472,fpgp6dlqb9ahor5p,received_at_mh,North,EKART,2668831,EKART,,MotherHub_NDC,BRSNR,SahibabadHub_DEL_PL,PH-B3-NCRNDC-6327522,expected,OPENED,26-09-2026 04:00,Arvind Bansal (DNCR)
26-09-2026,26-09-2026,NAPC0027919665,SahibabadHub_DEL_PL,NAP : M/s Quewin Products Pvt Ltd Ghaziabad Parent 9873939456,NAP_a91ff9446a191fa889ac9cc9c6db76e7,dispatched_to_mh,North,TRUEFLEX,644226,TRUEFLEX,SanjeetKumar,MotherHub_NDC,BRSNR,SahibabadHub_DEL_PL,PH-B3-NCRNDC-6294268,expected,OPENED,26-09-2026 03:57,Arvind Bansal (DNCR)
26-09-2026,26-09-2026,FMPC6527737579,PrahladPur_DEL_PL,SABRANG MIX AND MATCH +919911151982,90af903f7c5b4e37,received_at_mh,North,LMA,1.00E+11,Greenteck Logistics and Mobility Pvt Ltd,SurajKumar,MotherHub_NDC,BRSNR,PrahladPur_DEL_PL,PH-B3-NCRNDC-6344552,expected,OPENED,26-09-2026 02:15,Arvind Bansal (DNCR)
26-09-2026,26-09-2026,FMPC6527439435,PrahladPur_DEL_PL,Dangwal Enterprises +919650745841,0ea75d9ef3344620,received_at_mh,North,LMA,1.00E+11,Fastbeetle service,VarunChauhan,MotherHub_NDC,BRSNR,PrahladPur_DEL_PL,PH-B3-NCRNDC-6279070,expected,OPENED,26-09-2026 03:01,Arvind Bansal (DNCR)
26-09-2026,26-09-2026,FMPP4297237117,PrahladPur_DEL_PL,POPPEX INDIA +919309590484,6c3a611b5930453d,received_at_mh,North,TRUEFLEX,592657,TRUEFLEX,Hare KrishnaJha,MotherHub_NDC,BRSNR,PrahladPur_DEL_PL,PH-B3-NCRNDC-6278963,expected,OPENED,26-09-2026 04:54,Arvind Bansal (DNCR)
26-09-2026,26-09-2026,FMPC6526982057,SahibabadHub_DEL_PL,NAVDEV INDIA +918851464749,55fff50571db4788,received_at_mh,North,LMA,1.00E+11,Greenteck Logistics and Mobility Pvt Ltd,SawanKumar,MotherHub_NDC,BRSNR,SahibabadHub_DEL_PL,PH-B3-NCRNDC-6322337,expected,OPENED,26-09-2026 05:09,Arvind Bansal (DNCR)
26-09-2026,26-09-2026,FMPC6529317591,PrahladPur_DEL_PL,POPPEX INDIA +919309590484,6c3a611b5930453d,received_at_mh,North,TRUEFLEX,592657,TRUEFLEX,Hare KrishnaJha,MotherHub_NDC,BRSNR,PrahladPur_DEL_PL,PH-B3-NCRNDC-6278963,expected,OPENED,26-09-2026 04:54,Arvind Bansal (DNCR)
26-09-2026,26-09-2026,FMPC6522403782,Rohinihub_DEL_PL,Dream Hub +917011712168,f8f7261beb564a12,dispatched_to_mh,North,TRUEFLEX,877762,TRUEFLEX,TilakSingh,MotherHub_NDC,BRSNR,Rohinihub_DEL_PL,PH-B3-NCRNDC-6262224,expected,OPENED,26-09-2026 00:41,Arvind Bansal (DNCR)
26-09-2026,26-09-2026,FMPC6528671044,Ramaroadhub_DEL_PL,M/S SHOELAMB +919818013033,1710251fdba94550,dispatched_to_mh,North,LMA,1.00E+11,#N/A,#N/A,MotherHub_NDC,BRSNR,Ramaroadhub_DEL_PL,PH-B3-NCRNDC-6351794,expected,OPENED,26-09-2026 01:17,Arvind Bansal (DNCR)
26-09-2026,26-09-2026,FMPC6528221349,Pitampurahub_DEL_PL,Vishnu GreenVeda +919667283450,aba4ea8932224ddf,dispatched_to_mh,North,TRUEFLEX,593499,TRUEFLEX,VishalTyagi,MotherHub_NDC,BRSNR,Pitampurahub_DEL_PL,PH-B3-NCRNDC-5964372,expected,OPENED,26-09-2026 04:19,Arvind Bansal (DNCR)
26-09-2026,26-09-2026,FMPP4297064643,PrahladPur_DEL_PL,MALLORY WINSTON CLOTHING +918368489140,b9f5780fb96e4272,received_at_mh,North,LMA,1.00E+11,Fastbeetle service,Basim,MotherHub_NDC,BRSNR,PrahladPur_DEL_PL,PH-B3-NCRNDC-6341514,expected,OPENED,26-09-2026 03:57,Arvind Bansal (DNCR)
26-09-2026,26-09-2026,FMPC6527338645,Pitampurahub_DEL_PL,Buyer's Choice +918800602474,c125278ef0d74acd,dispatched_to_mh,North,LMA,1.00E+11,#N/A,#N/A,MotherHub_NDC,BRSNR,Pitampurahub_DEL_PL,PH-B3-NCRNDC-5927839,expected,OPENED,26-09-2026 03:38,Arvind Bansal (DNCR)
26-09-2026,26-09-2026,FMPC6529585637,SahibabadHub_DEL_PL,A R SALES +919958414104,bcea0fed949d4bcd,received_at_mh,North,LMA,1.00E+11,Greenteck Logistics and Mobility Pvt Ltd,MunkadAli,MotherHub_NDC,BRSNR,SahibabadHub_DEL_PL,PH-B3-NCRNDC-6324015,expected,OPENED,26-09-2026 08:44,Arvind Bansal (DNCR)
26-09-2026,26-09-2026,FMPC6527541418,Pitampurahub_DEL_PL,EASYSHOP OVERSEAS +919555107729,3b37e092307a47d2,received_at_mh,North,LMA,1.00E+11,#N/A,#N/A,MotherHub_NDC,BRSNR,Pitampurahub_DEL_PL,PH-B3-NCRNDC-6006161,expected,OPENED,26-09-2026 04:16,Arvind Bansal (DNCR)
26-09-2026,26-09-2026,FMPC6527744961,PrahladPur_DEL_PL,MR. GAGAN DEV SAH +916203404114,dee456bc6a524231,dispatched_to_mh,North,LMA,1.00E+11,Greenteck Logistics and Mobility Pvt Ltd,MohdAtik,MotherHub_NDC,Mixbagging,PrahladPur_DEL_PL,PH-B3-NCRNDC-6343384,expected,OPENED,26-09-2026 03:18,Arvind Bansal (DNCR)
26-09-2026,26-09-2026,FMPP4298623718,Pitampurahub_DEL_PL,JYOTI ENTERPRISES +919599820234,d5d71db79bdd4d05,dispatched_to_mh,North,LMA,1.00E+11,WHEELEY,RahulKumar,MotherHub_NDC,BRSNR,Pitampurahub_DEL_PL,PH-B3-NCRNDC-5809182,expected,OPENED,25-09-2026 23:51,Arvind Bansal (DNCR)
26-09-2026,26-09-2026,FMPC6527726962,Ramaroadhub_DEL_PL,SACHDEVA ENTERPRISES +918826426653,7b2f995d65f04431,received_at_mh,North,LMA,1.00E+11,WHEELEY,ShivamKumar,MotherHub_NDC,BRSNR,Ramaroadhub_DEL_PL,PH-B3-NCRNDC-6313967,expected,OPENED,26-09-2026 06:06,Arvind Bansal (DNCR)
26-09-2026,26-09-2026,FMPC6527216229,Rohinihub_DEL_PL,TOOVUS INDIA +918130119772,ebecae1fbfc44f35,received_at_mh,North,TRUEFLEX,618215,TRUEFLEX,Lokesh,MotherHub_NDC,BRSNR,Rohinihub_DEL_PL,PH-B3-NCRNDC-6336090,expected,OPENED,26-09-2026 02:42,Arvind Bansal (DNCR)
26-09-2026,26-09-2026,FMPC6527289911,PrahladPur_DEL_PL,SIXOHMS +919560213571,6aed4fb24612422f,received_at_mh,North,EKART,4367425,EKART,,MotherHub_NDC,BRSNR,PrahladPur_DEL_PL,PH-B3-NCRNDC-6264249,expected,OPENED,26-09-2026 04:14,Arvind Bansal (DNCR)
26-09-2026,26-09-2026,FMPC6527701219,SahibabadHub_DEL_PL,MAHESHWARI TRADERS +917983257268,398772d80dd64c6c,dispatched_to_mh,North,TRUEFLEX,773142,TRUEFLEX,ArmanHusain,MotherHub_NDC,BRSNR,SahibabadHub_DEL_PL,PH-B3-NCRNDC-6043033,expected,OPENED,26-09-2026 03:19,Arvind Bansal (DNCR)
26-09-2026,26-09-2026,FMPP4298463343,SahibabadHub_DEL_PL,SHOPPERS CLUB +919205457576,edb8681aa27c4917,dispatched_to_mh,North,EKART,3073369,EKART,,MotherHub_NDC,BRSNR,SahibabadHub_DEL_PL,PH-B3-NCRNDC-6106305,expected,OPENED,26-09-2026 03:25,Arvind Bansal (DNCR)
26-09-2026,26-09-2026,FMPC6527943823,PrahladPur_DEL_PL,POPPEX INDIA +919309590484,6c3a611b5930453d,received_at_mh,North,TRUEFLEX,592657,TRUEFLEX,Hare KrishnaJha,MotherHub_NDC,BRSNR,PrahladPur_DEL_PL,PH-B3-NCRNDC-6278963,expected,OPENED,26-09-2026 04:54,Arvind Bansal (DNCR)
26-09-2026,26-09-2026,FMPC6529218168,Rohinihub_DEL_PL,Rampal Enterprises +919319531774,a80a2ad13ac54e4c,received_at_mh,North,TRUEFLEX,746473,TRUEFLEX,SumitSumit,MotherHub_NDC,BRSNR,Rohinihub_DEL_PL,PH-B3-NCRNDC-6307732,expected,OPENED,26-09-2026 00:40,Arvind Bansal (DNCR)
26-09-2026,26-09-2026,FMPP4295607830,PrahladPur_DEL_PL,zomboZone +919990392398,db0d24cafe3d4dcd,received_at_mh,North,TRUEFLEX,593703,TRUEFLEX,ManojKumar,MotherHub_NDC,BRSNR,PrahladPur_DEL_PL,PH-B3-NCRNDC-6336715,expected,OPENED,26-09-2026 03:56,Arvind Bansal (DNCR)
26-09-2026,26-09-2026,FMPP4298523241,SahibabadHub_DEL_PL,SHIV MARKETING +919319911553,c358b90930644790,received_at_mh,North,LMA,1.00E+11,Greenteck Logistics and Mobility Pvt Ltd,MunkadAli,MotherHub_NDC,BRSNR,SahibabadHub_DEL_PL,PH-B3-NCRNDC-6324007,expected,OPENED,26-09-2026 05:13,Arvind Bansal (DNCR)
26-09-2026,26-09-2026,FMPC6528945095,Pitampurahub_DEL_PL,CHARBHUJA TRADING CO. +919355200940,d717cc94bc434b8e,received_at_mh,North,TRUEFLEX,803355,TRUEFLEX,ManishKumar,MotherHub_NDC,BRSNR,Pitampurahub_DEL_PL,PH-B3-NCRNDC-6152196,expected,OPENED,26-09-2026 00:05,Arvind Bansal (DNCR)
26-09-2026,26-09-2026,FMPC6526925758,SahibabadHub_DEL_PL,suroskie +919711148187,28af541b7ec84657,received_at_mh,North,LMA,1.00E+11,Greenteck Logistics and Mobility Pvt Ltd,Maneesh,MotherHub_NDC,BRSNR,SahibabadHub_DEL_PL,PH-B3-NCRNDC-6139383,expected,OPENED,26-09-2026 05:08,Arvind Bansal (DNCR)
26-09-2026,26-09-2026,FMPC6528658270,PrahladPur_DEL_PL,RUHI ENTERPRISES +918810445012,1e8b794555554b69,received_at_mh,North,LMA,1.00E+11,Greenteck Logistics and Mobility Pvt Ltd,SurajKumar,MotherHub_NDC,BRSNR,PrahladPur_DEL_PL,PH-B3-NCRNDC-6344551,expected,OPENED,26-09-2026 02:42,Arvind Bansal (DNCR)
26-09-2026,26-09-2026,FMPP4297427325,Ramaroadhub_DEL_PL,DFIX VENTURE +919718718918,af5a8272f5164a8e,received_at_mh,North,LMA,1.00E+11,WHEELEY,SandeepKumar,MotherHub_NDC,BRSNR,Ramaroadhub_DEL_PL,PH-B3-NCRNDC-6314334,expected,OPENED,26-09-2026 01:17,Arvind Bansal (DNCR)
26-09-2026,26-09-2026,FMPC6527269121,SahibabadHub_DEL_PL,Miss Highness +918700036944,c7576bfa139d4c11,received_at_mh,North,LMA,1.00E+11,Greenteck Logistics and Mobility Pvt Ltd,Maneesh,MotherHub_NDC,BRSNR,SahibabadHub_DEL_PL,PH-B3-NCRNDC-6322787,expected,OPENED,26-09-2026 05:06,Arvind Bansal (DNCR)
26-09-2026,26-09-2026,FMPP4297980192,Ramaroadhub_DEL_PL,M/S SHOELAMB +919818013033,1710251fdba94550,dispatched_to_mh,North,LMA,1.00E+11,#N/A,#N/A,MotherHub_NDC,BRSNR,Ramaroadhub_DEL_PL,PH-B3-NCRNDC-6351794,expected,OPENED,26-09-2026 01:17,Arvind Bansal (DNCR)
26-09-2026,26-09-2026,FMPC6527453804,SahibabadHub_DEL_PL,M/S.Roop Enterprises +918533076545,aafdf0bc2ea941a6,dispatched_to_mh,North,EKART,3073369,EKART,,MotherHub_NDC,BRSNR,SahibabadHub_DEL_PL,PH-B3-NCRNDC-6106305,expected,OPENED,26-09-2026 03:25,Arvind Bansal (DNCR)
26-09-2026,26-09-2026,FMPC6526877597,Rohinihub_DEL_PL,YANYA COLLECTION +919899148542,7fe7d90b827144d6,dispatched_to_mh,North,LMA,1.00E+11,We Innovate Business Solutions Pvt Ltd,LalkeshRam,MotherHub_NDC,BRSNR,Rohinihub_DEL_PL,PH-B3-NCRNDC-3869994,expected,OPENED,26-09-2026 02:50,Arvind Bansal (DNCR)
26-09-2026,26-09-2026,FMPC6529550627,Pitampurahub_DEL_PL,Speaker World +918851211958,9624f04f112e491d,received_at_mh,North,LMA,1.00E+11,#N/A,#N/A,MotherHub_NDC,BRSNR,Pitampurahub_DEL_PL,PH-B3-NCRNDC-5533570,expected,OPENED,26-09-2026 04:45,Arvind Bansal (DNCR)
26-09-2026,26-09-2026,FMPC6529282334,SahibabadHub_DEL_PL,FANY +919315475733,34485d85dccb4581,dispatched_to_mh,North,TRUEFLEX,621162,TRUEFLEX,AbdulAziz,MotherHub_NDC,BRSNR,SahibabadHub_DEL_PL,PH-B3-NCRNDC-6325424,expected,OPENED,26-09-2026 03:57,Arvind Bansal (DNCR)
26-09-2026,26-09-2026,FMPC6527577379,Pitampurahub_DEL_PL,HAPPY TRADERS +919958184948,337beac151284d20,dispatched_to_mh,North,LMA,1.00E+11,#N/A,#N/A,MotherHub_NDC,BRSNR,Pitampurahub_DEL_PL,PH-B3-NCRNDC-6183084,expected,OPENED,26-09-2026 04:45,Arvind Bansal (DNCR)
26-09-2026,26-09-2026,FMPP4297154042,Pitampurahub_DEL_PL,DPA VENTURES COMPANY +919911166557,e817552a5e2b442c,received_at_mh,North,TRUEFLEX,593499,TRUEFLEX,VishalTyagi,MotherHub_NDC,BRSNR,Pitampurahub_DEL_PL,PH-B3-NCRNDC-6110459,expected,OPENED,25-09-2026 23:34,Arvind Bansal (DNCR)
26-09-2026,26-09-2026,FMPC6528063448,SahibabadHub_DEL_PL,NAVDEV INDIA +918851464749,55fff50571db4788,received_at_mh,North,LMA,1.00E+11,Greenteck Logistics and Mobility Pvt Ltd,SawanKumar,MotherHub_NDC,BRSNR,SahibabadHub_DEL_PL,PH-B3-NCRNDC-6322337,expected,OPENED,26-09-2026 05:09,Arvind Bansal (DNCR)
26-09-2026,26-09-2026,FMPC6529574592,Rohinihub_DEL_PL,UMART24 +919911792789,0dca09951b1f4ea1,received_at_mh,North,TRUEFLEX,746473,TRUEFLEX,SumitSumit,MotherHub_NDC,BRSNR,Rohinihub_DEL_PL,PH-B3-NCRNDC-6222373,expected,OPENED,26-09-2026 00:40,Arvind Bansal (DNCR)
26-09-2026,26-09-2026,FMPP4296817044,PrahladPur_DEL_PL,KOTTY LIFESTYLE PVT LTD +918510022244,qsm29nukm5dhxgl9,received_at_mh,North,TRUEFLEX,593501,TRUEFLEX,Manish,MotherHub_NDC,BRSNR,PrahladPur_DEL_PL,PH-B3-NCRNDC-6341086,expected,OPENED,26-09-2026 04:13,Arvind Bansal (DNCR)
26-09-2026,26-09-2026,FMPC6528159172,Rohinihub_DEL_PL,TANIYA TRADERS +918700923518,29822e6b81ff49ab,received_at_mh,North,TRUEFLEX,598572,TRUEFLEX,Ramesh,MotherHub_NDC,BRSNR,Rohinihub_DEL_PL,PH-B3-NCRNDC-6334141,expected,OPENED,26-09-2026 02:54,Arvind Bansal (DNCR)
26-09-2026,26-09-2026,NAPC0027916827,SahibabadHub_DEL_PL,NAP : QANQC Enterprises Ghaziabad 9058533365,NAP_23eac2a8e4a70606ed52856bed699940,received_at_mh,North,TRUEFLEX,644226,TRUEFLEX,SanjeetKumar,MotherHub_NDC,BRSNR,SahibabadHub_DEL_PL,PH-B3-NCRNDC-6294263,expected,OPENED,26-09-2026 03:17,Arvind Bansal (DNCR)
26-09-2026,26-09-2026,FMPP4296902665,PrahladPur_DEL_PL,Ruggine Retails +919717113569,99b2010bdbbe403b,dispatched_to_mh,North,LMA,1.00E+11,#N/A,#N/A,MotherHub_NDC,BRSNR,PrahladPur_DEL_PL,PH-B3-NCRNDC-6342621,expected,OPENED,26-09-2026 02:44,Arvind Bansal (DNCR)
26-09-2026,26-09-2026,FMPP4296902526,Rohinihub_DEL_PL,MAYAVASTRA +918882782615,a4ae9bf1e3ae457c,dispatched_to_mh,North,LMA,1.00E+11,#N/A,#N/A,MotherHub_NDC,BRSNR,Rohinihub_DEL_PL,PH-B3-NCRNDC-6339192,expected,OPENED,26-09-2026 03:01,Arvind Bansal (DNCR)
26-09-2026,26-09-2026,FMPC6529450420,Rohinihub_DEL_PL,GP PUBLICATION PRIVATE LIMITED +918802117189,f5dcf57b572d4567,dispatched_to_mh,North,TRUEFLEX,618215,TRUEFLEX,Lokesh,MotherHub_NDC,BRSNR,Rohinihub_DEL_PL,PH-B3-NCRNDC-6307241,expected,OPENED,26-09-2026 03:24,Arvind Bansal (DNCR)
26-09-2026,26-09-2026,NAPC0027914359,Pitampurahub_DEL_PL,NAP : M/s Riddhi Creation Delhi 9310452293,NAP_f130ed57301afd75274108c3b52f6f80,dispatched_to_mh,North,LMA,1.00E+11,RAMEZO ENTERPRISES,Rohit,MotherHub_NDC,BRSNR,Pitampurahub_DEL_PL,PH-B3-NCRNDC-6237478,expected,OPENED,26-09-2026 04:16,Arvind Bansal (DNCR)
26-09-2026,26-09-2026,NAPC0027921147,SahibabadHub_DEL_PL,NAP : M/s Quewin Products Pvt Ltd Ghaziabad Parent 9873939456,NAP_a91ff9446a191fa889ac9cc9c6db76e7,dispatched_to_mh,North,TRUEFLEX,644226,TRUEFLEX,SanjeetKumar,MotherHub_NDC,BRSNR,SahibabadHub_DEL_PL,PH-B3-NCRNDC-6294268,expected,OPENED,26-09-2026 03:57,Arvind Bansal (DNCR)
26-09-2026,26-09-2026,FMPP4297011475,Pitampurahub_DEL_PL,Buyer's Choice +918800602474,c125278ef0d74acd,dispatched_to_mh,North,LMA,1.00E+11,#N/A,#N/A,MotherHub_NDC,BRSNR,Pitampurahub_DEL_PL,PH-B3-NCRNDC-5927839,expected,OPENED,26-09-2026 03:38,Arvind Bansal (DNCR)
26-09-2026,26-09-2026,FMPC6527429920,SahibabadHub_DEL_PL,Fushion India +919871737057,646e4beb0d3c46e0,dispatched_to_mh,North,EKART,4370669,EKART,,MotherHub_NDC,BRSNR,SahibabadHub_DEL_PL,PH-B3-NCRNDC-4999781,expected,OPENED,26-09-2026 03:19,Arvind Bansal (DNCR)
26-09-2026,26-09-2026,FMPC6527899761,Pitampurahub_DEL_PL,Speaker World +918851211958,9624f04f112e491d,received_at_mh,North,LMA,1.00E+11,#N/A,#N/A,MotherHub_NDC,BRSNR,Pitampurahub_DEL_PL,PH-B3-NCRNDC-5533570,expected,OPENED,26-09-2026 04:45,Arvind Bansal (DNCR)
26-09-2026,26-09-2026,FMPC6529186542,PrahladPur_DEL_PL,Voorkoms +919266560390,91c15f6ef6754d43,received_at_mh,North,TRUEFLEX,590742,TRUEFLEX,AnasHasan,MotherHub_NDC,BRSNR,PrahladPur_DEL_PL,PH-B3-NCRNDC-6327112,expected,OPENED,26-09-2026 02:56,Arvind Bansal (DNCR)
26-09-2026,26-09-2026,FMPP4298015783,Ramaroadhub_DEL_PL,JSR ENTERPRISES +917011511498,29cea7774c7a48f6,received_at_mh,North,LMA,1.00E+11,#N/A,#N/A,MotherHub_NDC,BRSNR,Ramaroadhub_DEL_PL,PH-B3-NCRNDC-6320844,expected,OPENED,26-09-2026 00:54,Arvind Bansal (DNCR)
26-09-2026,26-09-2026,FMPC6529432709,PrahladPur_DEL_PL,JANGALEE INDUSTRIES +917303598523,a8d3836cb9a442c2,dispatched_to_mh,North,LMA,1.00E+11,#N/A,#N/A,MotherHub_NDC,BRSNR,PrahladPur_DEL_PL,PH-B3-NCRNDC-6342625,expected,OPENED,26-09-2026 02:40,Arvind Bansal (DNCR)
26-09-2026,26-09-2026,FMPP4297612495,Pitampurahub_DEL_PL,Mzee Creations +919717336266,8619d078ff4a4a95,received_at_mh,North,TRUEFLEX,592563,TRUEFLEX,DileepKumar,MotherHub_NDC,BRSNR,Pitampurahub_DEL_PL,PH-B3-NCRNDC-6032704,expected,OPENED,26-09-2026 00:05,Arvind Bansal (DNCR)
26-09-2026,26-09-2026,FMPC6529377331,PrahladPur_DEL_PL,Nandini Enterprises +918954200996,2732b99a7f0843e8,dispatched_to_mh,North,LMA,1.00E+11,Fastbeetle service,SumitSharma,MotherHub_NDC,BRSNR,PrahladPur_DEL_PL,PH-B3-NCRNDC-6297501,expected,OPENED,26-09-2026 02:17,Arvind Bansal (DNCR)
26-09-2026,26-09-2026,FMPC6528058493,PrahladPur_DEL_PL,GK GARMENT +918210120913,413cb6395ed14b38,received_at_mh,North,TRUEFLEX,592657,TRUEFLEX,Hare KrishnaJha,MotherHub_NDC,BRSNR,PrahladPur_DEL_PL,PH-B3-NCRNDC-6311012,expected,OPENED,26-09-2026 03:14,Arvind Bansal (DNCR)
26-09-2026,26-09-2026,FMPC6527398431,PrahladPur_DEL_PL,Gaurav Enterprises +919650772514,4fcf4bfea2c248f6,received_at_mh,North,LMA,1.00E+11,Greenteck Logistics and Mobility Pvt Ltd,Ganesh,MotherHub_NDC,BRSNR,PrahladPur_DEL_PL,PH-B3-NCRNDC-6342559,expected,OPENED,26-09-2026 04:29,Arvind Bansal (DNCR)
26-09-2026,26-09-2026,NAPC0027914358,Pitampurahub_DEL_PL,NAP : M/s Riddhi Creation Delhi 9310452293,NAP_f130ed57301afd75274108c3b52f6f80,dispatched_to_mh,North,LMA,1.00E+11,RAMEZO ENTERPRISES,Rohit,MotherHub_NDC,BRSNR,Pitampurahub_DEL_PL,PH-B3-NCRNDC-6237478,expected,OPENED,26-09-2026 04:16,Arvind Bansal (DNCR)
26-09-2026,26-09-2026,SRSC2958702658,Rohinihub_DEL_PL,SRS : Mohit Pal 9599315096,SRS_0ce5cd658535934785d4016efa0534c8,received_at_mh,North,LMA,1.00E+11,Watsoo,GovindKumar,MotherHub_NDC,BRSNR,Rohinihub_DEL_PL,PH-B3-NCRNDC-6206255,expected,OPENED,26-09-2026 02:54,Arvind Bansal (DNCR)
26-09-2026,26-09-2026,FMPC6528769210,Rohinihub_DEL_PL,MEHTA ENTERPRISES +919899936768,a3eb2ff01835429e,received_at_mh,North,LMA,1.00E+11,We Innovate Business Solutions Pvt Ltd,SONUKUMAR,MotherHub_NDC,BRSNR,Rohinihub_DEL_PL,PH-B3-NCRNDC-6295232,expected,OPENED,26-09-2026 03:24,Arvind Bansal (DNCR)
26-09-2026,26-09-2026,FMPC6527199384,Pitampurahub_DEL_PL,Prime creations +918743075405,faeed666cb354a73,dispatched_to_mh,North,LMA,1.00E+11,#N/A,#N/A,MotherHub_NDC,BRSNR,Pitampurahub_DEL_PL,PH-B3-NCRNDC-5908144,expected,OPENED,25-09-2026 23:42,Arvind Bansal (DNCR)
26-09-2026,26-09-2026,FMPP4296722563,Pitampurahub_DEL_PL,Anvi Group co. +917838774994,cd2ff520c13348e4,dispatched_to_mh,North,LMA,1.00E+11,WHEELEY,Faizal,MotherHub_NDC,BRSNR,Pitampurahub_DEL_PL,PH-B3-NCRNDC-6260635,expected,OPENED,26-09-2026 00:21,Arvind Bansal (DNCR)
26-09-2026,26-09-2026,FMPC6527069147,SahibabadHub_DEL_PL,NAVDEV INDIA +918851464749,55fff50571db4788,received_at_mh,North,LMA,1.00E+11,Greenteck Logistics and Mobility Pvt Ltd,SawanKumar,MotherHub_NDC,BRSNR,SahibabadHub_DEL_PL,PH-B3-NCRNDC-6322337,expected,OPENED,26-09-2026 05:09,Arvind Bansal (DNCR)
26-09-2026,26-09-2026,FMPC6528679082,Rohinihub_DEL_PL,FashionBash +918368729054,50c2b850215e466d,received_at_mh,North,TRUEFLEX,746473,TRUEFLEX,SumitSumit,MotherHub_NDC,BRSNR,Rohinihub_DEL_PL,PH-B3-NCRNDC-6307732,expected,OPENED,26-09-2026 00:40,Arvind Bansal (DNCR)
26-09-2026,26-09-2026,FMPC6529177215,Rohinihub_DEL_PL,AD ENTERPRISE +919711812295,2c9f305ab3f047fb,received_at_mh,North,LMA,1.00E+11,We Innovate Business Solutions Pvt Ltd,LalkeshRam,MotherHub_NDC,BRSNR,Rohinihub_DEL_PL,PH-B3-NCRNDC-3870003,expected,OPENED,26-09-2026 02:42,Arvind Bansal (DNCR)
26-09-2026,26-09-2026,FMPC6527969810,PrahladPur_DEL_PL,M/S HILLTOP ENTERPRISES +919852950273,a334a591bc464b89,received_at_mh,North,LMA,1.00E+11,Fastbeetle service,VarunChauhan,MotherHub_NDC,BRSNR,PrahladPur_DEL_PL,PH-B3-NCRNDC-6279070,expected,OPENED,26-09-2026 03:01,Arvind Bansal (DNCR)
26-09-2026,26-09-2026,FMPC6527398188,PrahladPur_DEL_PL,POPPEX INDIA +919309590484,6c3a611b5930453d,received_at_mh,North,TRUEFLEX,592657,TRUEFLEX,Hare KrishnaJha,MotherHub_NDC,BRSNR,PrahladPur_DEL_PL,PH-B3-NCRNDC-6278963,expected,OPENED,26-09-2026 04:54,Arvind Bansal (DNCR)
26-09-2026,26-09-2026,FMPC6527330996,Pitampurahub_DEL_PL,Prime creations +918743075405,faeed666cb354a73,dispatched_to_mh,North,LMA,1.00E+11,#N/A,#N/A,MotherHub_NDC,BRSNR,Pitampurahub_DEL_PL,PH-B3-NCRNDC-5908144,expected,OPENED,25-09-2026 23:42,Arvind Bansal (DNCR)
26-09-2026,26-09-2026,NAPC0027917448,Pitampurahub_DEL_PL,NAP : M/s Riddhi Creation Delhi 9310452293,NAP_f130ed57301afd75274108c3b52f6f80,received_at_mh,North,LMA,1.00E+11,RAMEZO ENTERPRISES,Rohit,MotherHub_NDC,BRSNR,Pitampurahub_DEL_PL,PH-B3-NCRNDC-6237478,expected,OPENED,26-09-2026 04:16,Arvind Bansal (DNCR)
26-09-2026,26-09-2026,FMPC6525225582,Ramaroadhub_DEL_PL,M/S SHOELAMB +919818013033,1710251fdba94550,dispatched_to_mh,North,LMA,1.00E+11,#N/A,#N/A,MotherHub_NDC,BRSNR,Ramaroadhub_DEL_PL,PH-B3-NCRNDC-6351794,expected,OPENED,26-09-2026 01:17,Arvind Bansal (DNCR)
26-09-2026,26-09-2026,FMPP4296811586,PrahladPur_DEL_PL,KOTTY LIFESTYLE PVT LTD +918510022244,qsm29nukm5dhxgl9,received_at_mh,North,TRUEFLEX,593501,TRUEFLEX,Manish,MotherHub_NDC,BRSNR,PrahladPur_DEL_PL,PH-B3-NCRNDC-6341094,expected,OPENED,26-09-2026 06:01,Arvind Bansal (DNCR)
26-09-2026,26-09-2026,FMPP4298742827,SahibabadHub_DEL_PL,M/S RITIK AGENCY +919599937620,3786fa5603e340ee,received_at_mh,North,TRUEFLEX,861328,TRUEFLEX,KaranKumar,MotherHub_NDC,BRSNR,SahibabadHub_DEL_PL,PH-B3-NCRNDC-6110429,expected,OPENED,26-09-2026 04:07,Arvind Bansal (DNCR)
26-09-2026,26-09-2026,FMPC6528140304,Ramaroadhub_DEL_PL,P.R. Trading +918700697129,f91b6f838b29465b,dispatched_to_mh,North,LMA,1.00E+11,WHEELEY,SandeepKumar,MotherHub_NDC,BRSNR,Ramaroadhub_DEL_PL,PH-B3-NCRNDC-6314333,expected,OPENED,26-09-2026 02:39,Arvind Bansal (DNCR)
26-09-2026,26-09-2026,FMPP4297655663,PrahladPur_DEL_PL,INAM COMMUNICATION +919211000066,838eb99df6dd4193,received_at_mh,North,TRUEFLEX,603249,TRUEFLEX,AkshayPal,MotherHub_NDC,BRSNR,PrahladPur_DEL_PL,PH-B3-NCRNDC-6178155,expected,OPENED,26-09-2026 02:54,Arvind Bansal (DNCR)
26-09-2026,26-09-2026,FMPC6529717836,SahibabadHub_DEL_PL,M/S RITIK AGENCY +919599937620,3786fa5603e340ee,received_at_mh,North,TRUEFLEX,861328,TRUEFLEX,KaranKumar,MotherHub_NDC,BRSNR,SahibabadHub_DEL_PL,PH-B3-NCRNDC-6110429,expected,OPENED,26-09-2026 04:07,Arvind Bansal (DNCR)
26-09-2026,26-09-2026,FMPC6528246187,Pitampurahub_DEL_PL,SR TRADERS +919711153753,c50ba1848d854334,received_at_mh,North,LMA,1.00E+11,#N/A,#N/A,MotherHub_NDC,BRSNR,Pitampurahub_DEL_PL,PH-B3-NCRNDC-5927832,expected,OPENED,25-09-2026 23:32,Arvind Bansal (DNCR)
26-09-2026,26-09-2026,MYEC1120451243,SahibabadHub_DEL_PL,MYE : Mochi Ghaziabad Kaushambi Omni 7021987937,MYE_e83fac0c06c4f85b9ee75814221db2c6,received_at_mh,North,LMA,1.00E+11,Greenteck Logistics and Mobility Pvt Ltd,Maneesh,MotherHub_NDC,BRSNR,SahibabadHub_DEL_PL,PH-B3-NCRNDC-6322787,expected,OPENED,26-09-2026 05:06,Arvind Bansal (DNCR)
26-09-2026,26-09-2026,MYEP1137495178,PrahladPur_DEL_PL,MYE : Sameer Swing Machine-delhi_PPMP_GHME 8595666764,MYE_dcf690b2ec075b5e9d51a756dd74c828,dispatched_to_mh,North,LMA,1.00E+11,WHEELEY,Rohit,MotherHub_NDC,BRSNR,PrahladPur_DEL_PL,PH-B3-NCRNDC-6182445,expected,OPENED,26-09-2026 03:07,Arvind Bansal (DNCR)
26-09-2026,26-09-2026,FMPP4298493961,Pitampurahub_DEL_PL,TRIKUTA ENTERPRISES +919205451193,21507ac57c374930,dispatched_to_mh,North,LMA,1.00E+11,WHEELEY,RahulKumar,MotherHub_NDC,BRSNR,Pitampurahub_DEL_PL,PH-B3-NCRNDC-5809181,expected,OPENED,25-09-2026 23:33,Arvind Bansal (DNCR)
26-09-2026,26-09-2026,FMPP4296845911,Rohinihub_DEL_PL,SUKHMANI ENTERPRISES 8178931716,f314da0ec65545a2,received_at_mh,North,TRUEFLEX,590483,TRUEFLEX,VinayKumar,MotherHub_NDC,BRSNR,Rohinihub_DEL_PL,PH-B3-NCRNDC-5616855,expected,OPENED,26-09-2026 00:52,Arvind Bansal (DNCR)
26-09-2026,26-09-2026,FMPC6527684690,Rohinihub_DEL_PL,SMART24 +919999558561,c995c60aaab74814,received_at_mh,North,TRUEFLEX,746473,TRUEFLEX,SumitSumit,MotherHub_NDC,BRSNR,Rohinihub_DEL_PL,PH-B3-NCRNDC-6086929,expected,OPENED,26-09-2026 00:41,Arvind Bansal (DNCR)
26-09-2026,26-09-2026,FMPC6527021148,PrahladPur_DEL_PL,POPPEX INDIA +919309590484,6c3a611b5930453d,received_at_mh,North,TRUEFLEX,592657,TRUEFLEX,Hare KrishnaJha,MotherHub_NDC,BRSNR,PrahladPur_DEL_PL,PH-B3-NCRNDC-6278963,expected,OPENED,26-09-2026 04:54,Arvind Bansal (DNCR)
26-09-2026,26-09-2026,FMPC6524983077,Pitampurahub_DEL_PL,Buyer's Choice +918800602474,c125278ef0d74acd,dispatched_to_mh,North,LMA,1.00E+11,#N/A,#N/A,MotherHub_NDC,BRSNR,Pitampurahub_DEL_PL,PH-B3-NCRNDC-5927839,expected,OPENED,26-09-2026 03:38,Arvind Bansal (DNCR)
26-09-2026,26-09-2026,FMPC6529051683,Pitampurahub_DEL_PL,crayon enterprises +918368343411,a73d47f8f1e84ef9,dispatched_to_mh,North,TRUEFLEX,803355,TRUEFLEX,ManishKumar,MotherHub_NDC,BRSNR,Pitampurahub_DEL_PL,PH-B3-NCRNDC-6345134,expected,OPENED,26-09-2026 00:20,Arvind Bansal (DNCR)
26-09-2026,26-09-2026,FMPC6527577424,SahibabadHub_DEL_PL,Ridiitcreation +918700103896,303004bfa0fd4c51,received_at_mh,North,TRUEFLEX,600449,TRUEFLEX,PushpendraRajak,MotherHub_NDC,BRSNR,SahibabadHub_DEL_PL,PH-B3-NCRNDC-6132567,expected,OPENED,26-09-2026 03:19,Arvind Bansal (DNCR)
26-09-2026,26-09-2026,FMPC6529616770,Rohinihub_DEL_PL,PK ENTERPRISES +919990404886,98efd62b29de4095,dispatched_to_mh,North,LMA,1.00E+11,#N/A,#N/A,MotherHub_NDC,BRSNR,Rohinihub_DEL_PL,PH-B3-NCRNDC-6338827,expected,OPENED,26-09-2026 02:51,Arvind Bansal (DNCR)
26-09-2026,26-09-2026,FMPP4297334251,PrahladPur_DEL_PL,THE PROFESSIONAL HAIR SALON & SPA PVT LTD +919315743367,5a17ab4d0fba4c7d,received_at_mh,North,TRUEFLEX,594047,TRUEFLEX,SandeepPal,MotherHub_NDC,BRSNR,PrahladPur_DEL_PL,PH-B3-NCRNDC-5874434,expected,OPENED,26-09-2026 05:07,Arvind Bansal (DNCR)
26-09-2026,26-09-2026,FMPP4296852369,Rohinihub_DEL_PL,KSS WHOLESALE PRIVATE LIMITED +919811879666,0b43819af50c45ab,received_at_mh,North,LMA,1.00E+11,We Innovate Business Solutions Pvt Ltd,Bharat,MotherHub_NDC,BRSNR,Rohinihub_DEL_PL,PH-B3-NCRNDC-6334673,expected,OPENED,26-09-2026 00:50,Arvind Bansal (DNCR)
26-09-2026,26-09-2026,FMPP4297218111,Pitampurahub_DEL_PL,OMJA-MART 9318388732,1205fefcdff74f40,dispatched_to_mh,North,TRUEFLEX,592563,TRUEFLEX,DileepKumar,MotherHub_NDC,BRSNR,Pitampurahub_DEL_PL,PH-B3-NCRNDC-6032704,expected,OPENED,26-09-2026 00:05,Arvind Bansal (DNCR)
26-09-2026,26-09-2026,MYEC1120436558,SoukyaRoad_BLR_PL,MYE : MERHAKI FOODS AND NUTRITION PRIVATE LIMITED_Hobli_PPNP_TINA 9729933898,MYE_97bf4212f08dcc812da3ba23b4336323,dispatched_to_mh,South,LMA,1.00E+11,#N/A,#N/A,Motherhub_BLR_Flex,BRSNR,SoukyaRoad_BLR_PL,PH-B4-BLRBLX-678843,expected,OPENED,25-09-2026 22:30,Anwar Babu Maldar
26-09-2026,26-09-2026,FCYP0008905970,SoukyaRoad_BLR_PL,FCY : BLR 8892952039,FCY_8afafa779a93f4a58ab2f88cd566ffb8,dispatched_to_mh,South,LMA,1.00E+11,Logis Express,Mahmadakhaja NayajValikar,Motherhub_BLR_Flex,BRSNR,SoukyaRoad_BLR_PL,PH-B4-BLRBLX-698880,expected,OPENED,25-09-2026 19:58,Anwar Babu Maldar
26-09-2026,26-09-2026,FMPP4295884992,UttamNagarHub_DEL_PL,SHOPEASY +919667126197,750992974b19430c,dispatched_to_mh,North,LMA,1.00E+11,WHEELEY,Nitish,MotherHub_NDC,BRSNR,UttamNagarHub_DEL_PL,PH-B3-NCRNDC-6328961,expected,OPENED,26-09-2026 00:54,Arvind Bansal (DNCR)
26-09-2026,26-09-2026,FMPC6527435151,UttamNagarHub_DEL_PL,R S ENTERPRISES +918527200435,8f64481ab27e4c26,received_at_mh,North,LMA,1.00E+11,WHEELEY,Vikas,MotherHub_NDC,BRSNR,UttamNagarHub_DEL_PL,PH-B3-NCRNDC-6354586,expected,OPENED,26-09-2026 00:41,Arvind Bansal (DNCR)
26-09-2026,26-09-2026,FMPC6529019895,UttamNagarHub_DEL_PL,DGAURD +918796494620,c4988c8e64354511,received_at_mh,North,LMA,1.00E+11,Watsoo,GulshanKumar,MotherHub_NDC,BRSNR,UttamNagarHub_DEL_PL,PH-B3-NCRNDC-6216727,expected,OPENED,26-09-2026 00:52,Arvind Bansal (DNCR)
26-09-2026,26-09-2026,MYEP1137534646,UttamNagarHub_DEL_PL,MYE : SOILKART ENTERPRISES LLP DELHI PPMP 9667725164,MYE_c1c4f0cba41d903f74bdb9c67a58871f,dispatched_to_mh,North,LMA,1.00E+11,WERCATALYST VENTURES PVT LTD,Pawan,MotherHub_NDC,BRSNR,UttamNagarHub_DEL_PL,PH-B3-NCRNDC-6354586,expected,OPENED,26-09-2026 00:41,Arvind Bansal (DNCR)
26-09-2026,26-09-2026,MYEP1137539468,UttamNagarHub_DEL_PL,MYE : BANSONS FASHION DESIGNS PRIVATE LIMITED-delhi_PPMP_MSSA 9560187715,MYE_1450b9b372e3eafb7cdb7be056d46db9,received_at_mh,North,LMA,1.00E+11,WHEELEY,NeerajKumar,MotherHub_NDC,BRSNR,UttamNagarHub_DEL_PL,PH-B3-NCRNDC-6354357,expected,OPENED,26-09-2026 01:02,Arvind Bansal (DNCR)
26-09-2026,26-09-2026,FMPP4297649018,UttamNagarHub_DEL_PL,Aggarwal Traders +918851155025,f752270c141744bc,received_at_mh,North,LMA,1.00E+11,WERCATALYST VENTURES PVT LTD,Pawan,MotherHub_NDC,BRSNR,UttamNagarHub_DEL_PL,PH-B3-NCRNDC-6354586,expected,OPENED,26-09-2026 00:41,Arvind Bansal (DNCR)
26-09-2026,26-09-2026,FMPC6527462286,UttamNagarHub_DEL_PL,R&S TRENDS +919958583015,4c5f92ff27bd4227,received_at_mh,North,LMA,1.00E+11,Watsoo,SidhantSagar,MotherHub_NDC,BRSNR,UttamNagarHub_DEL_PL,PH-B3-NCRNDC-6293466,expected,OPENED,26-09-2026 04:39,Arvind Bansal (DNCR)
26-09-2026,26-09-2026,FMPC6529367741,UttamNagarHub_DEL_PL,DGAURD +918796494620,c4988c8e64354511,received_at_mh,North,LMA,1.00E+11,Watsoo,GulshanKumar,MotherHub_NDC,BRSNR,UttamNagarHub_DEL_PL,PH-B3-NCRNDC-6216727,expected,OPENED,26-09-2026 00:52,Arvind Bansal (DNCR)
26-09-2026,26-09-2026,FMPC6529680394,UttamNagarHub_DEL_PL,LN ENTERPRISES +919711662851,efd74b0c306842e2,received_at_mh,North,TRUEFLEX,787431,TRUEFLEX,AnkitMathur,MotherHub_NDC,BRSNR,UttamNagarHub_DEL_PL,PH-B3-NCRNDC-6325028,expected,OPENED,26-09-2026 00:50,Arvind Bansal (DNCR)
26-09-2026,26-09-2026,FMPC6527345558,UttamNagarHub_DEL_PL,M/S GOYAL BROTHERS +919910586889,0a895646da6f4a21,dispatched_to_mh,North,TRUEFLEX,926698,TRUEFLEX,RishirajGupta,MotherHub_NDC,BRSNR,UttamNagarHub_DEL_PL,PH-B3-NCRNDC-6325362,expected,OPENED,26-09-2026 06:36,Arvind Bansal (DNCR)
26-09-2026,26-09-2026,FMPC6528962327,UttamNagarHub_DEL_PL,J.D.A. Enterprises +918750275467,6dd34bb7be5247a6,received_at_mh,North,LMA,1.00E+11,#N/A,#N/A,MotherHub_NDC,BRSNR,UttamNagarHub_DEL_PL,PH-B3-NCRNDC-6326767,expected,OPENED,26-09-2026 01:06,Arvind Bansal (DNCR)
26-09-2026,26-09-2026,FMPC6529007844,UttamNagarHub_DEL_PL,PSP BHARATVEDA LLP 9971108328,922978f354eb4109,dispatched_to_mh,North,TRUEFLEX,926698,TRUEFLEX,RishirajGupta,MotherHub_NDC,BRSNR,UttamNagarHub_DEL_PL,PH-B3-NCRNDC-5822844,expected,OPENED,26-09-2026 04:28,Arvind Bansal (DNCR)
26-09-2026,26-09-2026,FMPC6528697972,UttamNagarHub_DEL_PL,M/S GOYAL BROTHERS +919910586889,0a895646da6f4a21,dispatched_to_mh,North,TRUEFLEX,926698,TRUEFLEX,RishirajGupta,MotherHub_NDC,BRSNR,UttamNagarHub_DEL_PL,PH-B3-NCRNDC-6325362,expected,OPENED,26-09-2026 06:36,Arvind Bansal (DNCR)
26-09-2026,26-09-2026,FMPP4297350033,UttamNagarHub_DEL_PL,Clinch Kids Toy +918800905062,e2ba320dfdfe4db6,received_at_mh,North,TRUEFLEX,787431,TRUEFLEX,AnkitMathur,MotherHub_NDC,BRSNR,UttamNagarHub_DEL_PL,PH-B3-NCRNDC-5690476,expected,OPENED,26-09-2026 04:38,Arvind Bansal (DNCR)
26-09-2026,26-09-2026,FMPC6524992324,UttamNagarHub_DEL_PL,NAVYA ENTERPRISES +919899861706,98914b27a4c34746,dispatched_to_mh,North,LMA,1.00E+11,WHEELEY,NeerajKumar,MotherHub_NDC,BRSNR,UttamNagarHub_DEL_PL,PH-B3-NCRNDC-5872228,expected,OPENED,26-09-2026 01:02,Arvind Bansal (DNCR)
26-09-2026,26-09-2026,FMPC6529688944,UttamNagarHub_DEL_PL,A.M. TRADERS +917303282961,4dd9217b8a774999,received_at_mh,North,LMA,1.00E+11,WERCATALYST VENTURES PVT LTD,Rajan,MotherHub_NDC,BRSNR,UttamNagarHub_DEL_PL,PH-B3-NCRNDC-6215885,expected,OPENED,26-09-2026 04:38,Arvind Bansal (DNCR)
26-09-2026,26-09-2026,FMPC6529692720,UttamNagarHub_DEL_PL,SWIPE KART +918595431005,9fa05fead0a844da,dispatched_to_mh,North,LMA,1.00E+11,Watsoo,Ramu,MotherHub_NDC,BRSNR,UttamNagarHub_DEL_PL,PH-B3-NCRNDC-6013425,expected,OPENED,26-09-2026 04:39,Arvind Bansal (DNCR)
26-09-2026,26-09-2026,FMPC6528640573,UttamNagarHub_DEL_PL,Nava HealthCare Pvt. Ltd. +919910270294,yh7blb4vbmb7mtia,received_at_mh,North,TRUEFLEX,624805,TRUEFLEX,MohdSameer,MotherHub_NDC,BRSNR,UttamNagarHub_DEL_PL,PH-B3-NCRNDC-6330864,expected,OPENED,26-09-2026 00:49,Arvind Bansal (DNCR)
26-09-2026,26-09-2026,FMPP4297789771,UttamNagarHub_DEL_PL,INDIA FLAVOUR +919999570322,ef624ef8f26c4850,received_at_mh,North,LMA,1.00E+11,WHEELEY,Nitish,MotherHub_NDC,BRSNR,UttamNagarHub_DEL_PL,PH-B3-NCRNDC-6328956,expected,OPENED,26-09-2026 00:52,Arvind Bansal (DNCR)
26-09-2026,26-09-2026,FMPC6528044717,UttamNagarHub_DEL_PL,MAHADEV ENTERPRISE +919910313097,9664f78a6c674db8,dispatched_to_mh,North,LMA,1.00E+11,Watsoo,GulshanKumar,MotherHub_NDC,BRSNR,UttamNagarHub_DEL_PL,PH-B3-NCRNDC-6326567,expected,OPENED,26-09-2026 00:51,Arvind Bansal (DNCR)
26-09-2026,26-09-2026,MYEC1120391481,UttamNagarHub_DEL_PL,MYE : FBAR-delhi_PPMP_BPRH 9278710100,MYE_03e6e8897c590a6d324d8c82c3f31f3d,received_at_mh,North,LMA,1.00E+11,WERCATALYST VENTURES PVT LTD,Manish KumarSharma,MotherHub_NDC,BRSNR,UttamNagarHub_DEL_PL,PH-B3-NCRNDC-6354586,expected,OPENED,26-09-2026 00:41,Arvind Bansal (DNCR)
26-09-2026,26-09-2026,FMPC6529655084,UttamNagarHub_DEL_PL,FriendzzWorld +919654037889,5ca3b02d7f0d4a5d,received_at_mh,North,LMA,1.00E+11,WHEELEY,Nitish,MotherHub_NDC,BRSNR,UttamNagarHub_DEL_PL,PH-B3-NCRNDC-6328952,expected,OPENED,26-09-2026 00:50,Arvind Bansal (DNCR)
26-09-2026,26-09-2026,FMPP4297618928,UttamNagarHub_DEL_PL,SHREE RADHA ENTERPRISES +918006116039,280c91cc5ebf49b2,received_at_mh,North,LMA,1.00E+11,Watsoo,GulshanKumar,MotherHub_NDC,BRSNR,UttamNagarHub_DEL_PL,PH-B3-NCRNDC-6221176,expected,OPENED,26-09-2026 00:51,Arvind Bansal (DNCR)
26-09-2026,26-09-2026,FMPC6528654999,UttamNagarHub_DEL_PL,craft house +918882232418,61f6a8c54de04a35,dispatched_to_mh,North,LMA,1.00E+11,Watsoo,MohammadSanaullah,MotherHub_NDC,BRSNR,UttamNagarHub_DEL_PL,PH-B3-NCRNDC-6291850,expected,OPENED,26-09-2026 00:48,Arvind Bansal (DNCR)
26-09-2026,26-09-2026,FMPP4297770002,UttamNagarHub_DEL_PL,KAT Enterprises +919911814413,1ae537dfabb243f2,received_at_mh,North,LMA,1.00E+11,WHEELEY,NeerajKumar,MotherHub_NDC,BRSNR,UttamNagarHub_DEL_PL,PH-B3-NCRNDC-5872227,expected,OPENED,26-09-2026 00:48,Arvind Bansal (DNCR)
26-09-2026,26-09-2026,FMPC6527967870,UttamNagarHub_DEL_PL,Laxmi Enterprises +917503654201,f0a802c14d55452e,received_at_mh,North,LMA,1.00E+11,WHEELEY,Nitish,MotherHub_NDC,BRSNR,UttamNagarHub_DEL_PL,PH-B3-NCRNDC-6328955,expected,OPENED,26-09-2026 00:54,Arvind Bansal (DNCR)
26-09-2026,26-09-2026,FMPP4297419933,VasundharaHub_DEL_PL,BloomEco +918954028219,6c3751b201a44535,dispatched_to_mh,North,TRUEFLEX,594526,TRUEFLEX,ArunKumar,MotherHub_NDC,BRSNR,VasundharaHub_DEL_PL,PH-B3-NCRNDC-5336968,expected,OPENED,26-09-2026 02:55,Arvind Bansal (DNCR)
26-09-2026,26-09-2026,FMPP4298422389,VasundharaHub_DEL_PL,TAJ BAG EMPORIUM +918750521832,3216dea561da4bac,received_at_mh,North,TRUEFLEX,590011,TRUEFLEX,SumitKumar,MotherHub_NDC,BRSNR,VasundharaHub_DEL_PL,PH-B3-NCRNDC-2706875,expected,OPENED,26-09-2026 02:46,Arvind Bansal (DNCR)
26-09-2026,26-09-2026,FMPC6527434724,VasundharaHub_DEL_PL,KRIDHA ENTERPRISES +919990615598,1573f94748b74ab9,received_at_mh,North,LMA,1.00E+11,Vxpress,Gautam,MotherHub_NDC,BRSNR,VasundharaHub_DEL_PL,PH-B3-NCRNDC-6332984,expected,OPENED,26-09-2026 00:43,Arvind Bansal (DNCR)
26-09-2026,26-09-2026,FMPP4297306287,VasundharaHub_DEL_PL,GIVASHU HOSPITALITY PRIVATE LIMITED +918810612246,8be61ff894da4065,received_at_mh,North,LMA,1.00E+11,Vxpress,Gautam,MotherHub_NDC,BRSNR,VasundharaHub_DEL_PL,PH-B3-NCRNDC-6332976,expected,OPENED,26-09-2026 01:02,Arvind Bansal (DNCR)
26-09-2026,26-09-2026,FMPC6527724899,VasundharaHub_DEL_PL,The Sandbox +918920470177,3de3725738d44935,dispatched_to_mh,North,TRUEFLEX,590011,TRUEFLEX,SumitKumar,MotherHub_NDC,BRSNR,VasundharaHub_DEL_PL,PH-B3-NCRNDC-6301644,expected,OPENED,26-09-2026 02:52,Arvind Bansal (DNCR)
26-09-2026,26-09-2026,FMPC6528324681,VKIAHub_JAI_PL,SUPBIR FASHION +918690965476,79e6267e444b4cb9,dispatched_to_mh,North,LMA,1.00E+11,We Innovate Business Solutions Pvt Ltd,Govind SinghGour,Motherhub_JAI_BTS,BRSNR,VKIAHub_JAI_PL,PH-B3-JAIBTS-9399390,expected,OPENED,26-09-2026 00:43,Akash Sharma
26-09-2026,26-09-2026,FMPP4297872652,VasundharaHub_DEL_PL,Gadget Deals +918800940529,8a46623fd0054edf,dispatched_to_mh,North,TRUEFLEX,594526,TRUEFLEX,ArunKumar,MotherHub_NDC,BRSNR,VasundharaHub_DEL_PL,PH-B3-NCRNDC-5336968,expected,OPENED,26-09-2026 02:55,Arvind Bansal (DNCR)
26-09-2026,26-09-2026,FMPP4298588647,VasundharaHub_DEL_PL,HUDA INTERIOR +919210108080,f3125f0d56d64219,received_at_mh,North,TRUEFLEX,590011,TRUEFLEX,SumitKumar,MotherHub_NDC,BRSNR,VasundharaHub_DEL_PL,PH-B3-NCRNDC-6301644,expected,OPENED,26-09-2026 02:52,Arvind Bansal (DNCR)
26-09-2026,26-09-2026,FMPC6527994723,VasundharaHub_DEL_PL,Anshu global world +919625452114,0597cf08d1c3432a,dispatched_to_mh,North,TRUEFLEX,590011,TRUEFLEX,SumitKumar,MotherHub_NDC,BRSNR,VasundharaHub_DEL_PL,PH-B3-NCRNDC-6301644,expected,OPENED,26-09-2026 02:52,Arvind Bansal (DNCR)
26-09-2026,26-09-2026,FMPC6529152768,VasundharaHub_DEL_PL,LuvCareInternational +918595630938,8d97e76fd9634f6c,received_at_mh,North,LMA,1.00E+11,Vxpress,RaushanKumar,MotherHub_NDC,BRSNR,VasundharaHub_DEL_PL,PH-B3-NCRNDC-3424917,expected,OPENED,26-09-2026 02:35,Arvind Bansal (DNCR)
26-09-2026,26-09-2026,FMPC6529679736,VasundharaHub_DEL_PL,KRISHNA CREATION +919625624709,0782ba6a023643da,received_at_mh,North,LMA,1.00E+11,#N/A,#N/A,MotherHub_NDC,BRSNR,VasundharaHub_DEL_PL,PH-B3-NCRNDC-6318151,expected,OPENED,26-09-2026 01:09,Arvind Bansal (DNCR)
26-09-2026,26-09-2026,NAPC0027955182,VasundharaHub_DEL_PL,NAP : M/s Shri Traders Delhi 9811600603,NAP_f0535ff02837d6391cc27b55c8217ab9,dispatched_to_mh,North,TRUEFLEX,590008,TRUEFLEX,KamalJeet,MotherHub_NDC,BRSNR,VasundharaHub_DEL_PL,PH-B3-NCRNDC-6318480,expected,OPENED,26-09-2026 00:53,Arvind Bansal (DNCR)
26-09-2026,26-09-2026,FMPC6527305872,VasundharaHub_DEL_PL,YADAV ENTERPRISE +917982778377,118774f51a5742db,dispatched_to_mh,North,LMA,1.00E+11,WHEELEY,ArunKumar,MotherHub_NDC,BRSNR,VasundharaHub_DEL_PL,PH-B3-NCRNDC-6131060,expected,OPENED,26-09-2026 02:58,Arvind Bansal (DNCR)
26-09-2026,26-09-2026,NAPC0027954876,VasundharaHub_DEL_PL,NAP : M/s Shri Traders Delhi 9811600603,NAP_f0535ff02837d6391cc27b55c8217ab9,dispatched_to_mh,North,TRUEFLEX,590008,TRUEFLEX,KamalJeet,MotherHub_NDC,BRSNR,VasundharaHub_DEL_PL,PH-B3-NCRNDC-6318480,expected,OPENED,26-09-2026 00:53,Arvind Bansal (DNCR)
26-09-2026,26-09-2026,FMPP4297644898,VasundharaHub_DEL_PL,CREATIVE ADS +919999266897,b9da88bfbd47457c,dispatched_to_mh,North,LMA,1.00E+11,Vxpress,Gautam,MotherHub_NDC,BRSNR,VasundharaHub_DEL_PL,PH-B3-NCRNDC-6073712,expected,OPENED,26-09-2026 02:49,Arvind Bansal (DNCR)
26-09-2026,26-09-2026,FMPP4298325212,VasundharaHub_DEL_PL,WOOGER +918384005054,fe04f0fdf6974180,dispatched_to_mh,North,TRUEFLEX,710238,TRUEFLEX,MohdSuhail,MotherHub_NDC,BRSNR,VasundharaHub_DEL_PL,PH-B3-NCRNDC-6316387,expected,OPENED,26-09-2026 00:38,Arvind Bansal (DNCR)
26-09-2026,26-09-2026,FMPP4298300912,VasundharaHub_DEL_PL,GIVASHU HOSPITALITY PRIVATE LIMITED +918810612246,8be61ff894da4065,received_at_mh,North,LMA,1.00E+11,Vxpress,Gautam,MotherHub_NDC,BRSNR,VasundharaHub_DEL_PL,PH-B3-NCRNDC-6332976,expected,OPENED,26-09-2026 01:02,Arvind Bansal (DNCR)
26-09-2026,26-09-2026,FMPC6529321352,VasundharaHub_DEL_PL,DESIGN MY HOME +918595607494,4fe5b1b560f74f60,received_at_mh,North,LMA,1.00E+11,#N/A,#N/A,MotherHub_NDC,BRSNR,VasundharaHub_DEL_PL,PH-B3-NCRNDC-6316893,expected,OPENED,26-09-2026 02:46,Arvind Bansal (DNCR)
26-09-2026,26-09-2026,FMPC6528566003,VasundharaHub_DEL_PL,MOHD SHARIQ +918292614438,c79d47f005bd4e44,received_at_mh,North,TRUEFLEX,710238,TRUEFLEX,MohdSuhail,MotherHub_NDC,BRSNR,VasundharaHub_DEL_PL,PH-B3-NCRNDC-6215065,expected,OPENED,26-09-2026 00:46,Arvind Bansal (DNCR)
26-09-2026,26-09-2026,FMPC6527441328,VasundharaHub_DEL_PL,Sehajbooks +919999352082,876b8a53b63042fd,received_at_mh,North,LMA,1.00E+11,Transwide Express,Sonu,MotherHub_NDC,BRSNR,VasundharaHub_DEL_PL,PH-B3-NCRNDC-6214457,expected,OPENED,26-09-2026 00:37,Arvind Bansal (DNCR)
26-09-2026,26-09-2026,FMPC6529695102,VasundharaHub_DEL_PL,AISH ENTERPRISES +919013390523,785c394d01f94d26,dispatched_to_mh,North,LMA,1.00E+11,WHEELEY,VivekShukla,MotherHub_NDC,BRSNR,VasundharaHub_DEL_PL,PH-B3-FRKFRK-13116757,expected,OPENED,26-09-2026 02:52,Arvind Bansal (DNCR)
26-09-2026,26-09-2026,NAPC0027927759,VasundharaHub_DEL_PL,NAP : M/s Shri Traders Delhi 9811600603,NAP_f0535ff02837d6391cc27b55c8217ab9,received_at_mh,North,TRUEFLEX,590008,TRUEFLEX,KamalJeet,MotherHub_NDC,BRSNR,VasundharaHub_DEL_PL,PH-B3-NCRNDC-6318480,expected,OPENED,26-09-2026 00:53,Arvind Bansal (DNCR)
26-09-2026,26-09-2026,FMPP4298739735,VasundharaHub_DEL_PL,Sehajbooks +919999352082,876b8a53b63042fd,received_at_mh,North,LMA,1.00E+11,Transwide Express,Sonu,MotherHub_NDC,BRSNR,VasundharaHub_DEL_PL,PH-B3-NCRNDC-6214457,expected,OPENED,26-09-2026 00:37,Arvind Bansal (DNCR)
26-09-2026,26-09-2026,FMPC6529127795,VasundharaHub_DEL_PL,SR TRADERS +918076363991,06ffc413b1134ec5,dispatched_to_mh,North,LMA,1.00E+11,Transwide Express,Sonu,MotherHub_NDC,BRSNR,VasundharaHub_DEL_PL,PH-B3-NCRNDC-6317205,expected,OPENED,26-09-2026 01:06,Arvind Bansal (DNCR)
26-09-2026,26-09-2026,FMPC6528901691,VasundharaHub_DEL_PL,BORN CREATOR +918595857653,7811512de23d495b,dispatched_to_mh,North,TRUEFLEX,590011,TRUEFLEX,SumitKumar,MotherHub_NDC,BRSNR,VasundharaHub_DEL_PL,PH-B3-NCRNDC-2706875,expected,OPENED,26-09-2026 02:46,Arvind Bansal (DNCR)
26-09-2026,26-09-2026,FMPC6529622574,VasundharaHub_DEL_PL,kishanbookhub +918700957298,e96bf64eee0d4ba9,received_at_mh,North,LMA,1.00E+11,#N/A,#N/A,MotherHub_NDC,BRSNR,VasundharaHub_DEL_PL,PH-B3-NCRNDC-6334737,expected,OPENED,26-09-2026 02:35,Arvind Bansal (DNCR)
26-09-2026,26-09-2026,FMPC6527584947,VasundharaHub_DEL_PL,KNV GROUP +917703846604,7325d815ba7543a5,received_at_mh,North,TRUEFLEX,596062,TRUEFLEX,AnuragVerma,MotherHub_NDC,Mixbagging,VasundharaHub_DEL_PL,PH-B3-NCRNDC-6330674,expected,OPENED,26-09-2026 03:03,Arvind Bansal (DNCR)
26-09-2026,26-09-2026,FMPP4297847522,VasundharaHub_DEL_PL,AISH ENTERPRISES +919013390523,785c394d01f94d26,dispatched_to_mh,North,LMA,1.00E+11,WHEELEY,VivekShukla,MotherHub_NDC,BRSNR,VasundharaHub_DEL_PL,PH-B3-FRKFRK-13116757,expected,OPENED,26-09-2026 02:52,Arvind Bansal (DNCR)
26-09-2026,26-09-2026,FMPP4297593290,VasundharaHub_DEL_PL,Raj Car & Decor +919971070361,30abd56b911f470c,received_at_mh,North,LMA,1.00E+11,Watsoo,SantoshKumar,MotherHub_NDC,BRSNR,VasundharaHub_DEL_PL,PH-B3-NCRNDC-6316572,expected,OPENED,26-09-2026 00:39,Arvind Bansal (DNCR)
26-09-2026,26-09-2026,FMPC6527892484,VasundharaHub_DEL_PL,GLOBAL IMPORT AND EXPORT +917838885555,0a10f73fa34f405f,dispatched_to_mh,North,LMA,1.00E+11,WHEELEY,ArunKumar,MotherHub_NDC,BRSNR,VasundharaHub_DEL_PL,PH-B3-NCRNDC-6334732,expected,OPENED,26-09-2026 02:50,Arvind Bansal (DNCR)
26-09-2026,26-09-2026,FMPC6527841821,WelcomeHub_DEL_PL,S.F. FASHION +919211343734,a27055e8d23e414d,dispatched_to_mh,North,LMA,4234823,#N/A,#N/A,MotherHub_NDC,BRSNR,WelcomeHub_DEL_PL,PH-B3-NCRNDC-6326775,expected,OPENED,26-09-2026 04:10,Arvind Bansal (DNCR)
26-09-2026,26-09-2026,FMPC6527536342,WelcomeHub_DEL_PL,SHANMICK ENTERPRISES +919773636990,921a718b3fdd4372,received_at_mh,North,TRUEFLEX,977101,TRUEFLEX,#N/A,MotherHub_NDC,Mixbagging,WelcomeHub_DEL_PL,PH-B3-NCRNDC-6187080,expected,OPENED,26-09-2026 03:04,Arvind Bansal (DNCR)
26-09-2026,26-09-2026,FMPC6529010366,Yashwantpurahub_BLR_PL,UVID ART & CRAFT SUPPLIES +917406155738,cdf54fe6b4b145a9,dispatched_to_mh,South,EKART,3971563,EKART,,Motherhub_BLR_Flex,BRSNR,Yashwantpurahub_BLR_PL,PH-B4-BLRBLX-723870,expected,OPENED,26-09-2026 00:48,Anwar Babu Maldar
26-09-2026,26-09-2026,FMPC6527697777,WelcomeHub_DEL_PL,Workwave Incorporates +919560922593,7f267103601e43c2,dispatched_to_mh,North,TRUEFLEX,867969,TRUEFLEX,BhoopSingh,MotherHub_NDC,BRSNR,WelcomeHub_DEL_PL,PH-B3-NCRNDC-6106478,expected,OPENED,26-09-2026 03:23,Arvind Bansal (DNCR)
26-09-2026,26-09-2026,FMPC6527537435,WelcomeHub_DEL_PL,SHANMICK ENTERPRISES +919773636990,921a718b3fdd4372,received_at_mh,North,TRUEFLEX,977101,TRUEFLEX,#N/A,MotherHub_NDC,Mixbagging,WelcomeHub_DEL_PL,PH-B3-NCRNDC-6187080,expected,OPENED,26-09-2026 03:04,Arvind Bansal (DNCR)
26-09-2026,26-09-2026,FMPC6529109304,WelcomeHub_DEL_PL,IND GRAM COMMERCE LIMITED +918595883766,226253a223a34214,received_at_mh,North,TRUEFLEX,977101,TRUEFLEX,#N/A,MotherHub_NDC,BRSNR,WelcomeHub_DEL_PL,PH-B3-NCRNDC-6187079,expected,OPENED,26-09-2026 02:33,Arvind Bansal (DNCR)
26-09-2026,26-09-2026,FMPP4298282478,WelcomeHub_DEL_PL,IND GRAM COMMERCE LIMITED +918595883766,226253a223a34214,received_at_mh,North,TRUEFLEX,977101,TRUEFLEX,#N/A,MotherHub_NDC,BRSNR,WelcomeHub_DEL_PL,PH-B3-NCRNDC-6187079,expected,OPENED,26-09-2026 02:33,Arvind Bansal (DNCR)
26-09-2026,26-09-2026,FMPC6527536452,WelcomeHub_DEL_PL,SHANMICK ENTERPRISES +919773636990,921a718b3fdd4372,received_at_mh,North,TRUEFLEX,977101,TRUEFLEX,#N/A,MotherHub_NDC,Mixbagging,WelcomeHub_DEL_PL,PH-B3-NCRNDC-6187080,expected,OPENED,26-09-2026 03:04,Arvind Bansal (DNCR)
26-09-2026,26-09-2026,FMPP4297128489,WelcomeHub_DEL_PL,SHANMICK ENTERPRISES +919773636990,921a718b3fdd4372,received_at_mh,North,TRUEFLEX,977101,TRUEFLEX,#N/A,MotherHub_NDC,Mixbagging,WelcomeHub_DEL_PL,PH-B3-NCRNDC-6187080,expected,OPENED,26-09-2026 03:04,Arvind Bansal (DNCR)
26-09-2026,26-09-2026,FMPC6529979482,WelcomeHub_DEL_PL,DEVIKA ENTERPRISES +918826088879,0a2bf406866843a3,received_at_mh,North,LMA,1.00E+11,MyBox Logistics,LokeshKumar,MotherHub_NDC,BRSNR,WelcomeHub_DEL_PL,PH-B3-NCRNDC-5961589,expected,OPENED,26-09-2026 02:46,Arvind Bansal (DNCR)
26-09-2026,26-09-2026,FMPC6527748457,WelcomeHub_DEL_PL,SHRI JI +918750789307,2cd29a8758db4389,received_at_mh,North,LMA,1.00E+11,Greenteck Logistics and Mobility Pvt Ltd,Akash,MotherHub_NDC,BRSNR,WelcomeHub_DEL_PL,PH-B3-NCRNDC-6324579,expected,OPENED,26-09-2026 03:12,Arvind Bansal (DNCR)
26-09-2026,26-09-2026,NAPC0027922867,WelcomeHub_DEL_PL,NAP : M/s Kanushi Handloom Delhi Parent 9650493511,NAP_97f8f09450b5ff5fb2088ee9c869ff1d,dispatched_to_mh,North,TRUEFLEX,743276,TRUEFLEX,AshishKumar,MotherHub_NDC,BRSNR,WelcomeHub_DEL_PL,PH-B3-NCRNDC-6334407,expected,OPENED,26-09-2026 04:09,Arvind Bansal (DNCR)
26-09-2026,26-09-2026,FMPP4298282485,WelcomeHub_DEL_PL,IND GRAM COMMERCE LIMITED +918595883766,226253a223a34214,received_at_mh,North,TRUEFLEX,977101,TRUEFLEX,#N/A,MotherHub_NDC,BRSNR,WelcomeHub_DEL_PL,PH-B3-NCRNDC-6187079,expected,OPENED,26-09-2026 02:33,Arvind Bansal (DNCR)
26-09-2026,26-09-2026,FMPC6529662572,WelcomeHub_DEL_PL,MG FASHION +919310215491,15edd7a2703e4dda,received_at_mh,North,LMA,1.00E+11,Transwide Express,Kamlakar,MotherHub_NDC,BRSNR,WelcomeHub_DEL_PL,PH-B3-NCRNDC-6111873,expected,OPENED,26-09-2026 03:05,Arvind Bansal (DNCR)
26-09-2026,26-09-2026,FMPC6527687668,WelcomeHub_DEL_PL,R N TRADING COMPANY +918810503345,e0df106636b4412f,dispatched_to_mh,North,LMA,1.00E+11,Transwide Express,Afak,MotherHub_NDC,BRSNR,WelcomeHub_DEL_PL,PH-B3-NCRNDC-6329711,expected,OPENED,26-09-2026 02:53,Arvind Bansal (DNCR)
26-09-2026,26-09-2026,FMPC6527152253,WelcomeHub_DEL_PL,AQRIN ENTERPRISES +919873549149,435ac9230710415a,received_at_mh,North,LMA,4234823,#N/A,#N/A,MotherHub_NDC,BRSNR,WelcomeHub_DEL_PL,PH-B3-NCRNDC-6326780,expected,OPENED,26-09-2026 02:58,Arvind Bansal (DNCR)
26-09-2026,26-09-2026,FMPC6525389614,WelcomeHub_DEL_PL,V.K. UNIVERSE +917838043727,d8b146ca1d204806,dispatched_to_mh,North,LMA,1.00E+11,#N/A,#N/A,MotherHub_NDC,BRSNR,WelcomeHub_DEL_PL,PH-B3-NCRNDC-6283722,expected,OPENED,26-09-2026 03:17,Arvind Bansal (DNCR)
26-09-2026,26-09-2026,FMPP4296706644,WelcomeHub_DEL_PL,Smart Buy India +918287422438,32ca142e1ba545bf,received_at_ph,North,LMA,1.00E+11,Greenteck Logistics and Mobility Pvt Ltd,Akash,MotherHub_NDC,BRSNR,WelcomeHub_DEL_PL,PH-B3-NCRNDC-6350159,expected,OPENED,26-09-2026 05:09,Arvind Bansal (DNCR)
26-09-2026,26-09-2026,FMPP4297945069,WelcomeHub_DEL_PL,IND GRAM COMMERCE LIMITED +918595883766,226253a223a34214,received_at_mh,North,TRUEFLEX,977101,TRUEFLEX,#N/A,MotherHub_NDC,BRSNR,WelcomeHub_DEL_PL,PH-B3-NCRNDC-6187079,expected,OPENED,26-09-2026 02:33,Arvind Bansal (DNCR)
26-09-2026,26-09-2026,FMPP4298632948,WelcomeHub_DEL_PL,SHANMICK ENTERPRISES +919773636990,921a718b3fdd4372,received_at_mh,North,TRUEFLEX,977101,TRUEFLEX,#N/A,MotherHub_NDC,Mixbagging,WelcomeHub_DEL_PL,PH-B3-NCRNDC-6187080,expected,OPENED,26-09-2026 03:04,Arvind Bansal (DNCR)
26-09-2026,26-09-2026,FMPC6529191924,WelcomeHub_DEL_PL,SHANMICK ENTERPRISES +919773636990,921a718b3fdd4372,received_at_mh,North,TRUEFLEX,977101,TRUEFLEX,#N/A,MotherHub_NDC,Mixbagging,WelcomeHub_DEL_PL,PH-B3-NCRNDC-6187080,expected,OPENED,26-09-2026 03:04,Arvind Bansal (DNCR)
26-09-2026,26-09-2026,FMPP4297873505,WelcomeHub_DEL_PL,SONI & SONS +919811057523,b7e825fcc0ce44cc,dispatched_to_mh,North,LMA,1.00E+11,Greenteck Logistics and Mobility Pvt Ltd,Rohit,MotherHub_NDC,BRSNR,WelcomeHub_DEL_PL,PH-B3-NCRNDC-6322693,expected,OPENED,26-09-2026 04:08,Arvind Bansal (DNCR)
26-09-2026,26-09-2026,FMPP4298530722,WelcomeHub_DEL_PL,R N TRADING COMPANY +918810503345,e0df106636b4412f,dispatched_to_mh,North,LMA,1.00E+11,Transwide Express,Afak,MotherHub_NDC,BRSNR,WelcomeHub_DEL_PL,PH-B3-NCRNDC-6329711,expected,OPENED,26-09-2026 02:53,Arvind Bansal (DNCR)
26-09-2026,26-09-2026,FMPC6527553230,WelcomeHub_DEL_PL,R N TRADING COMPANY +918810503345,e0df106636b4412f,dispatched_to_mh,North,LMA,1.00E+11,Transwide Express,Afak,MotherHub_NDC,BRSNR,WelcomeHub_DEL_PL,PH-B3-NCRNDC-6329711,expected,OPENED,26-09-2026 02:53,Arvind Bansal (DNCR)
26-09-2026,26-09-2026,FMPP4298221758,WelcomeHub_DEL_PL,U.V.CREATION +919015345127,0c6ac1a810bd478d,received_at_mh,North,LMA,1.00E+11,Transwide Express,Kamlakar,MotherHub_NDC,BRSNR,WelcomeHub_DEL_PL,PH-B3-NCRNDC-6290304,expected,OPENED,26-09-2026 02:47,Arvind Bansal (DNCR)
26-09-2026,26-09-2026,FMPP4298634917,WelcomeHub_DEL_PL,SHANMICK ENTERPRISES +919773636990,921a718b3fdd4372,received_at_mh,North,TRUEFLEX,977101,TRUEFLEX,#N/A,MotherHub_NDC,Mixbagging,WelcomeHub_DEL_PL,PH-B3-NCRNDC-6187080,expected,OPENED,26-09-2026 03:04,Arvind Bansal (DNCR)
26-09-2026,26-09-2026,FMPC6529192080,WelcomeHub_DEL_PL,SHANMICK ENTERPRISES +919773636990,921a718b3fdd4372,received_at_mh,North,TRUEFLEX,977101,TRUEFLEX,#N/A,MotherHub_NDC,Mixbagging,WelcomeHub_DEL_PL,PH-B3-NCRNDC-6187080,expected,OPENED,26-09-2026 03:04,Arvind Bansal (DNCR)
26-09-2026,26-09-2026,FMPC6527265747,WelcomeHub_DEL_PL,UAM Enterprises +919310220163,40f9c192bd4e498e,received_at_mh,North,TRUEFLEX,977095,TRUEFLEX,#N/A,MotherHub_NDC,BRSNR,WelcomeHub_DEL_PL,PH-B3-NCRNDC-6259925,expected,OPENED,26-09-2026 04:09,Arvind Bansal (DNCR)
26-09-2026,26-09-2026,FMPC6528990485,WelcomeHub_DEL_PL,garu enterprises +919810370087,1387da34fc27413d,dispatched_to_mh,North,EKART,3785953,EKART,,MotherHub_NDC,BRSNR,WelcomeHub_DEL_PL,PH-B3-NCRNDC-6331427,expected,OPENED,26-09-2026 02:55,Arvind Bansal (DNCR)
26-09-2026,26-09-2026,FMPC6529793798,WelcomeHub_DEL_PL,SHANMICK ENTERPRISES +919773636990,921a718b3fdd4372,received_at_mh,North,TRUEFLEX,977101,TRUEFLEX,#N/A,MotherHub_NDC,Mixbagging,WelcomeHub_DEL_PL,PH-B3-NCRNDC-6187080,expected,OPENED,26-09-2026 03:04,Arvind Bansal (DNCR)
26-09-2026,26-09-2026,FMPP4297129271,WelcomeHub_DEL_PL,SHANMICK ENTERPRISES +919773636990,921a718b3fdd4372,received_at_mh,North,TRUEFLEX,977101,TRUEFLEX,#N/A,MotherHub_NDC,Mixbagging,WelcomeHub_DEL_PL,PH-B3-NCRNDC-6187080,expected,OPENED,26-09-2026 03:04,Arvind Bansal (DNCR)
26-09-2026,26-09-2026,FMPP4298271664,WelcomeHub_DEL_PL,SHANMICK ENTERPRISES +919773636990,921a718b3fdd4372,received_at_mh,North,TRUEFLEX,977101,TRUEFLEX,#N/A,MotherHub_NDC,Mixbagging,WelcomeHub_DEL_PL,PH-B3-NCRNDC-6187080,expected,OPENED,26-09-2026 03:04,Arvind Bansal (DNCR)
26-09-2026,26-09-2026,FMPC6529923043,WelcomeHub_DEL_PL,Aniitek Enterprises +918130903961,b7b1d67986334c59,received_at_mh,North,LMA,4234823,#N/A,#N/A,MotherHub_NDC,BRSNR,WelcomeHub_DEL_PL,PH-B3-NCRNDC-6326782,expected,OPENED,26-09-2026 03:02,Arvind Bansal (DNCR)
26-09-2026,26-09-2026,FMPP4298538812,WelcomeHub_DEL_PL,IND GRAM COMMERCE LIMITED +918595883766,226253a223a34214,received_at_mh,North,TRUEFLEX,977101,TRUEFLEX,#N/A,MotherHub_NDC,BRSNR,WelcomeHub_DEL_PL,PH-B3-NCRNDC-6187079,expected,OPENED,26-09-2026 02:33,Arvind Bansal (DNCR)
26-09-2026,26-09-2026,FMPC6527548295,WelcomeHub_DEL_PL,IND GRAM COMMERCE LIMITED +918595883766,226253a223a34214,received_at_mh,North,TRUEFLEX,977101,TRUEFLEX,#N/A,MotherHub_NDC,BRSNR,WelcomeHub_DEL_PL,PH-B3-NCRNDC-6187079,expected,OPENED,26-09-2026 02:33,Arvind Bansal (DNCR)
26-09-2026,26-09-2026,FMPC6528592534,WelcomeHub_DEL_PL,Bhavi electronics +918285508649,4f5d262dac2a43b4,dispatched_to_mh,North,LMA,1.00E+11,We Innovate Business Solutions Pvt Ltd,PankajYadav,MotherHub_NDC,BRSNR,WelcomeHub_DEL_PL,PH-B3-NCRNDC-5855813,expected,OPENED,26-09-2026 03:09,Arvind Bansal (DNCR)
26-09-2026,26-09-2026,FMPP4298776169,WelcomeHub_DEL_PL,SHANMICK ENTERPRISES +919773636990,921a718b3fdd4372,received_at_mh,North,TRUEFLEX,977101,TRUEFLEX,#N/A,MotherHub_NDC,Mixbagging,WelcomeHub_DEL_PL,PH-B3-NCRNDC-6187080,expected,OPENED,26-09-2026 03:04,Arvind Bansal (DNCR)
26-09-2026,26-09-2026,FMPC6527536280,WelcomeHub_DEL_PL,SHANMICK ENTERPRISES +919773636990,921a718b3fdd4372,received_at_mh,North,TRUEFLEX,977101,TRUEFLEX,#N/A,MotherHub_NDC,Mixbagging,WelcomeHub_DEL_PL,PH-B3-NCRNDC-6187080,expected,OPENED,26-09-2026 03:04,Arvind Bansal (DNCR)
26-09-2026,26-09-2026,FMPC6528027159,WelcomeHub_DEL_PL,SHANMICK ENTERPRISES +919773636990,921a718b3fdd4372,received_at_mh,North,TRUEFLEX,977101,TRUEFLEX,#N/A,MotherHub_NDC,Mixbagging,WelcomeHub_DEL_PL,PH-B3-NCRNDC-6187080,expected,OPENED,26-09-2026 03:04,Arvind Bansal (DNCR)
26-09-2026,26-09-2026,FMPP4297544305,WelcomeHub_DEL_PL,RUSH4 JAM WORLD ENTERPRISES +918802981332,64771c1be7254439,received_at_mh,North,LMA,1.00E+11,Transwide Express,KushalSharma,MotherHub_NDC,BRSNR,WelcomeHub_DEL_PL,PH-B3-NCRNDC-6289975,expected,OPENED,26-09-2026 03:00,Arvind Bansal (DNCR)
26-09-2026,26-09-2026,FMPP4298632837,WelcomeHub_DEL_PL,SHANMICK ENTERPRISES +919773636990,921a718b3fdd4372,received_at_mh,North,TRUEFLEX,977101,TRUEFLEX,#N/A,MotherHub_NDC,Mixbagging,WelcomeHub_DEL_PL,PH-B3-NCRNDC-6187080,expected,OPENED,26-09-2026 03:04,Arvind Bansal (DNCR)
26-09-2026,26-09-2026,FMPP4297645105,WelcomeHub_DEL_PL,DURGA ENTERPRISES +919211340435,4dd143b2a3c7405a,dispatched_to_mh,North,LMA,1.00E+11,We Innovate Business Solutions Pvt Ltd,PankajYadav,MotherHub_NDC,BRSNR,WelcomeHub_DEL_PL,PH-B3-NCRNDC-6338251,expected,OPENED,26-09-2026 03:20,Arvind Bansal (DNCR)
26-09-2026,26-09-2026,MYEP1137462680,YelahankaHub_BLR_PL,MYE : SNITCH APPARELS PRIVATE LIMITED-karnataka_PPMP_NTSM 7795684227,MYE_cfa0936e0f59acfb594787df8aec20f9,dispatched_to_mh,South,EKART,4381122,EKART,,Motherhub_BLR_Flex,BRSNR,YelahankaHub_BLR_PL,PH-B4-BLRBLX-678560,expected,OPENED,25-09-2026 23:07,Anwar Babu Maldar
26-09-2026,26-09-2026,FMPP4297129106,WelcomeHub_DEL_PL,SHANMICK ENTERPRISES +919773636990,921a718b3fdd4372,received_at_mh,North,TRUEFLEX,977101,TRUEFLEX,#N/A,MotherHub_NDC,Mixbagging,WelcomeHub_DEL_PL,PH-B3-NCRNDC-6187080,expected,OPENED,26-09-2026 03:04,Arvind Bansal (DNCR)
26-09-2026,26-09-2026,FMPC6529839705,WelcomeHub_DEL_PL,SHANMICK ENTERPRISES +919773636990,921a718b3fdd4372,received_at_mh,North,TRUEFLEX,977101,TRUEFLEX,#N/A,MotherHub_NDC,Mixbagging,WelcomeHub_DEL_PL,PH-B3-NCRNDC-6187080,expected,OPENED,26-09-2026 03:04,Arvind Bansal (DNCR)
26-09-2026,26-09-2026,FMPC6527537534,WelcomeHub_DEL_PL,SHANMICK ENTERPRISES +919773636990,921a718b3fdd4372,received_at_mh,North,TRUEFLEX,977101,TRUEFLEX,#N/A,MotherHub_NDC,Mixbagging,WelcomeHub_DEL_PL,PH-B3-NCRNDC-6187080,expected,OPENED,26-09-2026 03:04,Arvind Bansal (DNCR)
26-09-2026,26-09-2026,FMPC6527267017,WelcomeHub_DEL_PL,Relax Jeans +919557860743,20aa6753046c4366,dispatched_to_mh,North,LMA,1.00E+11,Greenteck Logistics and Mobility Pvt Ltd,Rohit,MotherHub_NDC,BRSNR,WelcomeHub_DEL_PL,PH-B3-NCRNDC-6322688,expected,OPENED,26-09-2026 04:12,Arvind Bansal (DNCR)
26-09-2026,26-09-2026,FMPC6528655761,WelcomeHub_DEL_PL,SHANMICK ENTERPRISES +919773636990,921a718b3fdd4372,received_at_mh,North,TRUEFLEX,977101,TRUEFLEX,#N/A,MotherHub_NDC,Mixbagging,WelcomeHub_DEL_PL,PH-B3-NCRNDC-6187080,expected,OPENED,26-09-2026 03:04,Arvind Bansal (DNCR)
26-09-2026,26-09-2026,FMPC6529856937,WelcomeHub_DEL_PL,K S INDUSTRIES +919350858468,45ef8eca437a4d35,received_at_mh,North,LMA,1.00E+11,Greenteck Logistics and Mobility Pvt Ltd,Akash,MotherHub_NDC,BRSNR,WelcomeHub_DEL_PL,PH-B3-NCRNDC-5646051,expected,OPENED,26-09-2026 03:17,Arvind Bansal (DNCR)
26-09-2026,26-09-2026,FMPC6528956640,WelcomeHub_DEL_PL,SHRI JI +918750789307,2cd29a8758db4389,received_at_mh,North,LMA,1.00E+11,Greenteck Logistics and Mobility Pvt Ltd,Akash,MotherHub_NDC,BRSNR,WelcomeHub_DEL_PL,PH-B3-NCRNDC-6324579,expected,OPENED,26-09-2026 03:12,Arvind Bansal (DNCR)
26-09-2026,26-09-2026,FMPP4298861633,WelcomeHub_DEL_PL,GBS +918826767077,18851fdd32f94228,received_at_mh,North,LMA,1.00E+11,#N/A,#N/A,MotherHub_NDC,BRSNR,WelcomeHub_DEL_PL,PH-B3-NCRNDC-6072324,expected,OPENED,26-09-2026 02:54,Arvind Bansal (DNCR)
26-09-2026,26-09-2026,FMPC6529655137,WelcomeHub_DEL_PL,SHAYAM CREATION +919599847954,30ba6cb82755434b,received_at_mh,North,TRUEFLEX,977034,TRUEFLEX,#N/A,MotherHub_NDC,BRSNR,WelcomeHub_DEL_PL,PH-B3-NCRNDC-5881533,expected,OPENED,26-09-2026 02:48,Arvind Bansal (DNCR)
26-09-2026,26-09-2026,FMPP4298282498,WelcomeHub_DEL_PL,IND GRAM COMMERCE LIMITED +918595883766,226253a223a34214,received_at_mh,North,TRUEFLEX,977101,TRUEFLEX,#N/A,MotherHub_NDC,BRSNR,WelcomeHub_DEL_PL,PH-B3-NCRNDC-6187079,expected,OPENED,26-09-2026 02:33,Arvind Bansal (DNCR)
26-09-2026,26-09-2026,FMPC6527969789,WelcomeHub_DEL_PL,SHANMICK ENTERPRISES +919773636990,921a718b3fdd4372,received_at_mh,North,TRUEFLEX,977101,TRUEFLEX,#N/A,MotherHub_NDC,Mixbagging,WelcomeHub_DEL_PL,PH-B3-NCRNDC-6187080,expected,OPENED,26-09-2026 03:04,Arvind Bansal (DNCR)
26-09-2026,26-09-2026,FMPC6527537480,WelcomeHub_DEL_PL,SHANMICK ENTERPRISES +919773636990,921a718b3fdd4372,received_at_mh,North,TRUEFLEX,977101,TRUEFLEX,#N/A,MotherHub_NDC,Mixbagging,WelcomeHub_DEL_PL,PH-B3-NCRNDC-6187080,expected,OPENED,26-09-2026 03:04,Arvind Bansal (DNCR)
26-09-2026,26-09-2026,FMPP4297588993,WelcomeHub_DEL_PL,R N TRADING COMPANY +918810503345,e0df106636b4412f,dispatched_to_mh,North,LMA,1.00E+11,Transwide Express,Afak,MotherHub_NDC,BRSNR,WelcomeHub_DEL_PL,PH-B3-NCRNDC-6329711,expected,OPENED,26-09-2026 02:53,Arvind Bansal (DNCR)
26-09-2026,26-09-2026,FMPP4297684578,WelcomeHub_DEL_PL,DHURVIFLORA +917982945690,5a665d95f1ef44d5,received_at_mh,North,LMA,1.00E+11,#N/A,#N/A,MotherHub_NDC,BRSNR,WelcomeHub_DEL_PL,PH-B3-NCRNDC-5549760,expected,OPENED,26-09-2026 04:12,Arvind Bansal (DNCR)
26-09-2026,26-09-2026,FMPP4297128794,WelcomeHub_DEL_PL,SHANMICK ENTERPRISES +919773636990,921a718b3fdd4372,received_at_mh,North,TRUEFLEX,977101,TRUEFLEX,#N/A,MotherHub_NDC,Mixbagging,WelcomeHub_DEL_PL,PH-B3-NCRNDC-6187080,expected,OPENED,26-09-2026 03:04,Arvind Bansal (DNCR)
26-09-2026,26-09-2026,FMPC6527713672,WelcomeHub_DEL_PL,IND GRAM COMMERCE LIMITED +918595883766,226253a223a34214,received_at_mh,North,TRUEFLEX,977101,TRUEFLEX,#N/A,MotherHub_NDC,BRSNR,WelcomeHub_DEL_PL,PH-B3-NCRNDC-6187079,expected,OPENED,26-09-2026 02:33,Arvind Bansal (DNCR)
26-09-2026,26-09-2026,MYEP1137473231,WelcomeHub_DEL_PL,MYE : Pantaloons Westburry Delhi Cross River Mall Omni 7827313900,MYE_23f5131c0a3c0b774959c74cc50e45d4,received_at_mh,North,LMA,1.00E+11,Transwide Express,Pankaj KumarSharma,MotherHub_NDC,BRSNR,WelcomeHub_DEL_PL,PH-B3-NCRNDC-6289602,expected,OPENED,26-09-2026 04:21,Arvind Bansal (DNCR)
26-09-2026,26-09-2026,FMPC6529191966,WelcomeHub_DEL_PL,SHANMICK ENTERPRISES +919773636990,921a718b3fdd4372,received_at_mh,North,TRUEFLEX,977101,TRUEFLEX,#N/A,MotherHub_NDC,Mixbagging,WelcomeHub_DEL_PL,PH-B3-NCRNDC-6187080,expected,OPENED,26-09-2026 03:04,Arvind Bansal (DNCR)
26-09-2026,26-09-2026,FMPC6529720064,WelcomeHub_DEL_PL,SHANMICK ENTERPRISES +919773636990,921a718b3fdd4372,received_at_mh,North,TRUEFLEX,977101,TRUEFLEX,#N/A,MotherHub_NDC,Mixbagging,WelcomeHub_DEL_PL,PH-B3-NCRNDC-6187080,expected,OPENED,26-09-2026 03:04,Arvind Bansal (DNCR)
26-09-2026,26-09-2026,FMPC6528393425,WelcomeHub_DEL_PL,FS DECOR +919315827826,31b88f1d39074568,received_at_mh,North,TRUEFLEX,809562,TRUEFLEX,VIJAYKumar,MotherHub_NDC,BRSNR,WelcomeHub_DEL_PL,PH-B3-NCRNDC-6223243,expected,OPENED,26-09-2026 02:57,Arvind Bansal (DNCR)
26-09-2026,26-09-2026,FMPC6529648344,WelcomeHub_DEL_PL,SHANMICK ENTERPRISES +919773636990,921a718b3fdd4372,received_at_mh,North,TRUEFLEX,977101,TRUEFLEX,#N/A,MotherHub_NDC,Mixbagging,WelcomeHub_DEL_PL,PH-B3-NCRNDC-6187080,expected,OPENED,26-09-2026 03:04,Arvind Bansal (DNCR)
26-09-2026,26-09-2026,FMPC6529210924,WelcomeHub_DEL_PL,Fashionista Enterprise +919910624488,55951e9126b1453b,received_at_mh,North,EKART,3785953,EKART,,MotherHub_NDC,BRSNR,WelcomeHub_DEL_PL,PH-B3-NCRNDC-6254813,expected,OPENED,26-09-2026 02:55,Arvind Bansal (DNCR)
26-09-2026,26-09-2026,FMPC6529885209,WelcomeHub_DEL_PL,SHANMICK ENTERPRISES +919773636990,921a718b3fdd4372,received_at_mh,North,TRUEFLEX,977101,TRUEFLEX,#N/A,MotherHub_NDC,Mixbagging,WelcomeHub_DEL_PL,PH-B3-NCRNDC-6187080,expected,OPENED,26-09-2026 03:04,Arvind Bansal (DNCR)
26-09-2026,26-09-2026,FMPC6527537031,WelcomeHub_DEL_PL,SHANMICK ENTERPRISES +919773636990,921a718b3fdd4372,received_at_mh,North,TRUEFLEX,977101,TRUEFLEX,#N/A,MotherHub_NDC,Mixbagging,WelcomeHub_DEL_PL,PH-B3-NCRNDC-6187080,expected,OPENED,26-09-2026 03:04,Arvind Bansal (DNCR)
26-09-2026,26-09-2026,FMPC6528079127,WelcomeHub_DEL_PL,IND GRAM COMMERCE LIMITED +918595883766,226253a223a34214,received_at_mh,North,TRUEFLEX,977101,TRUEFLEX,#N/A,MotherHub_NDC,BRSNR,WelcomeHub_DEL_PL,PH-B3-NCRNDC-6187079,expected,OPENED,26-09-2026 02:33,Arvind Bansal (DNCR)
26-09-2026,26-09-2026,FMPC6527537893,WelcomeHub_DEL_PL,SHANMICK ENTERPRISES +919773636990,921a718b3fdd4372,received_at_mh,North,TRUEFLEX,977101,TRUEFLEX,#N/A,MotherHub_NDC,Mixbagging,WelcomeHub_DEL_PL,PH-B3-NCRNDC-6187080,expected,OPENED,26-09-2026 03:04,Arvind Bansal (DNCR)
26-09-2026,26-09-2026,FMPC6527506900,WelcomeHub_DEL_PL,MERU MART +919818077317,fc203c76a8204800,received_at_mh,North,TRUEFLEX,977095,TRUEFLEX,#N/A,MotherHub_NDC,BRSNR,WelcomeHub_DEL_PL,PH-B3-NCRNDC-6350071,expected,OPENED,26-09-2026 04:08,Arvind Bansal (DNCR)
26-09-2026,26-09-2026,FMPC6527536915,WelcomeHub_DEL_PL,SHANMICK ENTERPRISES +919773636990,921a718b3fdd4372,received_at_mh,North,TRUEFLEX,977101,TRUEFLEX,#N/A,MotherHub_NDC,Mixbagging,WelcomeHub_DEL_PL,PH-B3-NCRNDC-6187080,expected,OPENED,26-09-2026 03:04,Arvind Bansal (DNCR)
26-09-2026,26-09-2026,FMPP4298143622,WelcomeHub_DEL_PL,ALMARYAM ENTERPRISES +919210635918,8e52c9172722454c,received_at_mh,North,LMA,4234823,#N/A,#N/A,MotherHub_NDC,BRSNR,WelcomeHub_DEL_PL,PH-B3-NCRNDC-6326775,expected,OPENED,26-09-2026 04:10,Arvind Bansal (DNCR)
26-09-2026,26-09-2026,FMPC6529967638,WelcomeHub_DEL_PL,SHANMICK ENTERPRISES +919773636990,921a718b3fdd4372,received_at_mh,North,TRUEFLEX,977101,TRUEFLEX,#N/A,MotherHub_NDC,Mixbagging,WelcomeHub_DEL_PL,PH-B3-NCRNDC-6187080,expected,OPENED,26-09-2026 03:04,Arvind Bansal (DNCR)
26-09-2026,26-09-2026,FMPC6528349196,WelcomeHub_DEL_PL,COZIA FOOTWEAR +918700501516,2d8377ded4b041f4,dispatched_to_mh,North,EKART,4234823,EKART,,MotherHub_NDC,BRSNR,WelcomeHub_DEL_PL,PH-B3-NCRNDC-6045194,expected,OPENED,26-09-2026 02:48,Arvind Bansal (DNCR)
26-09-2026,26-09-2026,FMPP4298816294,WelcomeHub_DEL_PL,R N TRADING COMPANY +918810503345,e0df106636b4412f,dispatched_to_mh,North,LMA,1.00E+11,Transwide Express,Afak,MotherHub_NDC,BRSNR,WelcomeHub_DEL_PL,PH-B3-NCRNDC-6329711,expected,OPENED,26-09-2026 02:53,Arvind Bansal (DNCR)
26-09-2026,26-09-2026,FMPC6529720488,WelcomeHub_DEL_PL,SHANMICK ENTERPRISES +919773636990,921a718b3fdd4372,received_at_mh,North,TRUEFLEX,977101,TRUEFLEX,#N/A,MotherHub_NDC,Mixbagging,WelcomeHub_DEL_PL,PH-B3-NCRNDC-6187080,expected,OPENED,26-09-2026 03:04,Arvind Bansal (DNCR)
26-09-2026,26-09-2026,FMPC6529598182,WelcomeHub_DEL_PL,IND GRAM COMMERCE LIMITED +918595883766,226253a223a34214,received_at_mh,North,TRUEFLEX,977101,TRUEFLEX,#N/A,MotherHub_NDC,BRSNR,WelcomeHub_DEL_PL,PH-B3-NCRNDC-6187079,expected,OPENED,26-09-2026 02:33,Arvind Bansal (DNCR)
26-09-2026,26-09-2026,FMPC6527532718,WelcomeHub_DEL_PL,ROYAL SHIFT +918447978711,f0efe20031724de4,received_at_mh,North,TRUEFLEX,901908,TRUEFLEX,AqibAlvi,MotherHub_NDC,BRSNR,WelcomeHub_DEL_PL,PH-B3-NCRNDC-6337497,expected,OPENED,26-09-2026 03:12,Arvind Bansal (DNCR)
26-09-2026,26-09-2026,FMPC6528450963,Alipur_DEL_PL,KUNAL ENTERPRISES +919667699406,fcb74d8f01cc426e,dispatched_to_mh,North,LMA,1.00E+11,WHEELEY,AmarKumar,MotherHub_YKB,BRSNR,Alipur_DEL_PL,PH-ZO-DELYKB-65931507,expected,OPENED,25-09-2026 23:19,Arvind Bansal (DNCR)
26-09-2026,26-09-2026,FMPC6527109970,BawanaHub_DEL_PL,NIKHIL ENTERPRISE +919953534049,d24ac019d48d4fbc,dispatched_to_mh,North,LMA,1.00E+11,WHEELEY,ANKUSH,MotherHub_YKB,BRSNR,BawanaHub_DEL_PL,PH-ZO-DELYKB-65944159,expected,OPENED,26-09-2026 02:56,Arvind Bansal (DNCR)
26-09-2026,26-09-2026,FMPP4297556287,Alipur_DEL_PL,RITIK SHARMA +918750334529,3e06236dfc8343e1,received_at_mh,North,LMA,1.00E+11,WHEELEY,Rajnit,MotherHub_YKB,BRSNR,Alipur_DEL_PL,PH-ZO-DELYKB-65930385,expected,OPENED,25-09-2026 23:28,Arvind Bansal (DNCR)
26-09-2026,26-09-2026,FMPC6528596374,BallabhgarhHub_Del_PL,M H K TRADER +918882119882,f6f10ef55de340f3,dispatched_to_mh,North,EKART,2945518,EKART,,MotherHub_YKB,BRSNR,BallabhgarhHub_Del_PL,PH-ZO-DELYKB-65951520,expected,OPENED,26-09-2026 01:58,Arvind Bansal (DNCR)
26-09-2026,26-09-2026,FMPC6528756304,Alipur_DEL_PL,NAGDEV INDUSTRIES +919416476292,a87db51ff1ae4717,dispatched_to_mh,North,LMA,1.00E+11,#N/A,#N/A,MotherHub_YKB,BRSNR,Alipur_DEL_PL,PH-ZO-DELYKB-65889462,expected,OPENED,26-09-2026 02:54,Arvind Bansal (DNCR)
26-09-2026,26-09-2026,FMPC6528754063,BallabhgarhHub_Del_PL,CASEKOO 7827206845,06378e426f1349fb,dispatched_to_mh,North,EKART,2296369,EKART,,MotherHub_YKB,BRSNR,BallabhgarhHub_Del_PL,PH-ZO-DELYKB-65898871,expected,OPENED,26-09-2026 01:37,Arvind Bansal (DNCR)
26-09-2026,26-09-2026,FMPC6528925837,Alipur_DEL_PL,RSAYAH RETAIL LLP +919211481717,e567c74a5ee9410d,dispatched_to_mh,North,LMA,1.00E+11,SUSAH SUPPLY CHAIN AND NETWORK PRIVATE LIMITED,Vinay,MotherHub_YKB,BRSNR,Alipur_DEL_PL,PH-ZO-DELYKB-65923085,expected,OPENED,26-09-2026 03:00,Arvind Bansal (DNCR)
26-09-2026,26-09-2026,FMPC6529566982,Alipur_DEL_PL,VISHAL ENTERPRISES +918287259143,f6ed591d6fd34bc0,dispatched_to_mh,North,LMA,1.00E+11,WHEELEY,AmarKumar,MotherHub_YKB,BRSNR,Alipur_DEL_PL,PH-ZO-DELYKB-65931506,expected,OPENED,25-09-2026 23:29,Arvind Bansal (DNCR)
26-09-2026,26-09-2026,FMPP4298490285,BawanaHub_DEL_PL,NASH & HAMES PRIVATE LIMITED +918287848221,15da719465e94efe,dispatched_to_mh,North,LMA,1.00E+11,AADIYOGI LOGISTIC PRIVATE LIMITED,Sovit,MotherHub_YKB,BRSNR,BawanaHub_DEL_PL,PH-ZO-DELYKB-65795408,expected,OPENED,25-09-2026 23:47,Arvind Bansal (DNCR)
26-09-2026,26-09-2026,FMPC6529714517,Alipur_DEL_PL,HAMILTON SCIENCES PRIVATE LIMITED +919205658383,dcb3b526e1d34a21,dispatched_to_mh,North,LMA,1.00E+11,Loadshare,SachinKumar,MotherHub_YKB,BRSNR,Alipur_DEL_PL,PH-ZO-DELYKB-65923018,expected,OPENED,26-09-2026 02:43,Arvind Bansal (DNCR)
26-09-2026,26-09-2026,FMPC6529371434,BawanaHub_DEL_PL,III Industries +919319165522,3c64576bbe754ef4,dispatched_to_mh,North,LMA,1.00E+11,Sitics,Ankit,MotherHub_YKB,BRSNR,BawanaHub_DEL_PL,PH-ZO-DELYKB-65489696,expected,OPENED,26-09-2026 02:04,Arvind Bansal (DNCR)
26-09-2026,26-09-2026,FMPC6528603041,BawanaHub_DEL_PL,Homirai Technologies +918750048891,0c5f3b4089214905,dispatched_to_mh,North,LMA,1.00E+11,WHEELEY,ANKUSH,MotherHub_YKB,BRSNR,BawanaHub_DEL_PL,PH-ZO-DELYKB-65944159,expected,OPENED,26-09-2026 02:56,Arvind Bansal (DNCR)
26-09-2026,26-09-2026,FMPC6527780960,BawanaHub_DEL_PL,Grover Traders +919560743607,4340e6513caa42d9,received_at_mh,North,LMA,1.00E+11,WHEELEY,ANKUSH,MotherHub_YKB,BRSNR,BawanaHub_DEL_PL,PH-ZO-DELYKB-65949417,expected,OPENED,25-09-2026 22:53,Arvind Bansal (DNCR)
26-09-2026,26-09-2026,FMPP4298726692,Alipur_DEL_PL,SHRUTI ENTERPRISES 8527840633,4dc5631563e34d96,dispatched_to_mh,North,LMA,1.00E+11,#N/A,#N/A,MotherHub_YKB,BRSNR,Alipur_DEL_PL,PH-ZO-DELYKB-65958858,expected,OPENED,26-09-2026 02:45,Arvind Bansal (DNCR)
26-09-2026,26-09-2026,FMPC6528636047,Alipur_DEL_PL,VISHAL GARMENTS +919899513768,4943d547b97946c3,received_at_mh,North,LMA,1.00E+11,#N/A,#N/A,MotherHub_YKB,BRSNR,Alipur_DEL_PL,PH-ZO-DELYKB-65958864,expected,OPENED,26-09-2026 02:42,Arvind Bansal (DNCR)
26-09-2026,26-09-2026,FMPP4297368631,BawanaHub_DEL_PL,BALAJI RETAILS +919811761126,f7cc347033f240f7,dispatched_to_mh,North,LMA,1.00E+11,WHEELEY,ANKUSH,MotherHub_YKB,BRSNR,BawanaHub_DEL_PL,PH-ZO-DELYKB-65949417,expected,OPENED,25-09-2026 22:53,Arvind Bansal (DNCR)
26-09-2026,26-09-2026,FMPP4297668311,Alipur_DEL_PL,RITIK SHARMA +918750334529,3e06236dfc8343e1,received_at_mh,North,LMA,1.00E+11,WHEELEY,Rajnit,MotherHub_YKB,BRSNR,Alipur_DEL_PL,PH-ZO-DELYKB-65930385,expected,OPENED,25-09-2026 23:28,Arvind Bansal (DNCR)
26-09-2026,26-09-2026,FMPC6528378612,BallabhgarhHub_Del_PL,AIK INDIA ENTERPRISES +919205700648,2959f3ac578346df,dispatched_to_mh,North,EKART,2296369,EKART,,MotherHub_YKB,BRSNR,BallabhgarhHub_Del_PL,PH-ZO-DELYKB-65898871,expected,OPENED,26-09-2026 01:37,Arvind Bansal (DNCR)
26-09-2026,26-09-2026,FMPC6526983931,BawanaHub_DEL_PL,Veertical +919911415588,7234c46f4db54b77,dispatched_to_mh,North,LMA,1.00E+11,SHIFTWAY LOGISTICS PVT LTD,Akhilesh,MotherHub_YKB,BRSNR,BawanaHub_DEL_PL,PH-ZO-DELYKB-65939910,expected,OPENED,26-09-2026 01:26,Arvind Bansal (DNCR)
26-09-2026,26-09-2026,FMPP4298468517,BawanaHub_DEL_PL,KDS HOSIERY +918287771546,862293a49fa94e30,dispatched_to_mh,North,TRUEFLEX,1268066,TRUEFLEX,VikashKumar,MotherHub_YKB,BRSNR,BawanaHub_DEL_PL,PH-ZO-DELYKB-65950904,expected,OPENED,25-09-2026 23:37,Arvind Bansal (DNCR)
26-09-2026,26-09-2026,FMPC6529407333,Alipur_DEL_PL,AMREEN ENTERPRISES +919354852474,cc48bfe9382048e3,dispatched_to_mh,North,LMA,1.00E+11,#N/A,#N/A,MotherHub_YKB,BRSNR,Alipur_DEL_PL,PH-ZO-DELYKB-65923061,expected,OPENED,25-09-2026 23:35,Arvind Bansal (DNCR)
26-09-2026,26-09-2026,FMPC6529931309,BawanaHub_DEL_PL,FabbMate +918700221475,8bcb6c4ab0db4d34,dispatched_to_mh,North,TRUEFLEX,949169,TRUEFLEX,#N/A,MotherHub_YKB,BRSNR,BawanaHub_DEL_PL,PH-ZO-DELYKB-65794243,expected,OPENED,26-09-2026 01:29,Arvind Bansal (DNCR)
26-09-2026,26-09-2026,NAPC0027816767,Alipur_DEL_PL,NAP : Jensons International 8130623416,NAP_3a1e98b53c7fa261e3285edd69c2c3c7,received_at_mh,North,LMA,1.00E+11,SUSAH SUPPLY CHAIN AND NETWORK PRIVATE LIMITED,Vinay,MotherHub_YKB,BRSNR,Alipur_DEL_PL,PH-ZO-DELYKB-65923074,expected,OPENED,25-09-2026 23:24,Arvind Bansal (DNCR)
26-09-2026,26-09-2026,FMPP4297339717,BallabhgarhHub_Del_PL,G B Traders +919911311955,24d839070b134e6b,dispatched_to_mh,North,EKART,4300608,EKART,,MotherHub_YKB,BRSNR,BallabhgarhHub_Del_PL,PH-ZO-DELYKB-65946710,expected,OPENED,26-09-2026 01:52,Arvind Bansal (DNCR)
26-09-2026,26-09-2026,FMPC6527243162,BawanaHub_DEL_PL,III Industries +919319165522,3c64576bbe754ef4,dispatched_to_mh,North,LMA,1.00E+11,Sitics,Ankit,MotherHub_YKB,BRSNR,BawanaHub_DEL_PL,PH-ZO-DELYKB-65489696,expected,OPENED,26-09-2026 02:04,Arvind Bansal (DNCR)
26-09-2026,26-09-2026,FMPP4298770822,BawanaHub_DEL_PL,KARTHIK ENTERPRISES +917296892575,9dca362129a041f0,dispatched_to_mh,North,TRUEFLEX,1268066,TRUEFLEX,VikashKumar,MotherHub_YKB,BRSNR,BawanaHub_DEL_PL,PH-ZO-DELYKB-65910597,expected,OPENED,25-09-2026 23:22,Arvind Bansal (DNCR)
26-09-2026,26-09-2026,FMPP4297617092,Alipur_DEL_PL,Shivam Enterprises 9953829373,85c78b545edb4265,dispatched_to_mh,North,LMA,1.00E+11,WHEELEY,AmarKumar,MotherHub_YKB,BRSNR,Alipur_DEL_PL,PH-ZO-DELYKB-65889144,expected,OPENED,26-09-2026 02:41,Arvind Bansal (DNCR)
26-09-2026,26-09-2026,MYEC1120403637,Alipur_DEL_PL,MYE : MARS COSMETICS PRIVATE LIMITED DELHI PPMP 9717571927,MYE_9b943364a5ca3c9c37100c4d0d2e51da,dispatched_to_mh,North,LMA,1.00E+11,Loadshare,SachinKumar,MotherHub_YKB,BRSNR,Alipur_DEL_PL,PH-ZO-DELYKB-65643103,expected,OPENED,26-09-2026 03:00,Arvind Bansal (DNCR)
26-09-2026,26-09-2026,PSPP0000338967,BallabhgarhHub_Del_PL,PSP : Altura Lifesciences Private Limited 7676038408,PSP_f1678ab9cee89cccb5cbc4b8d41c6613,received_at_mh,North,EKART,4303634,EKART,,MotherHub_YKB,BRSNR,BallabhgarhHub_Del_PL,PH-ZO-DELYKB-65082524,expected,OPENED,26-09-2026 01:50,Arvind Bansal (DNCR)
26-09-2026,26-09-2026,FMPP4297888903,Alipur_DEL_PL,SPARIO PRIVATE LIMITED +919958741133,5c43d77adcc04dc1,dispatched_to_mh,North,LMA,1.00E+11,#N/A,#N/A,MotherHub_YKB,BRSNR,Alipur_DEL_PL,PH-ZO-DELYKB-65923138,expected,OPENED,25-09-2026 23:23,Arvind Bansal (DNCR)
26-09-2026,26-09-2026,FMPC6529168304,Alipur_DEL_PL,VAGH TRADER PRIVATE LIMITED 8860961470,cfb1de049b7c49d0,received_at_mh,North,LMA,1.00E+11,SUSAH SUPPLY CHAIN AND NETWORK PRIVATE LIMITED,Vinay,MotherHub_YKB,BRSNR,Alipur_DEL_PL,PH-ZO-DELYKB-65953860,expected,OPENED,26-09-2026 03:01,Arvind Bansal (DNCR)
26-09-2026,26-09-2026,FMPC6529616107,BawanaHub_DEL_PL,CHHABRA TRADERS +919354720755,5f7f1d77ea3b4535,dispatched_to_mh,North,LMA,1.00E+11,WHEELEY,ANKUSH,MotherHub_YKB,BRSNR,BawanaHub_DEL_PL,PH-ZO-DELYKB-65944131,expected,OPENED,26-09-2026 03:12,Arvind Bansal (DNCR)
26-09-2026,26-09-2026,ZGQP0000011383,BallabhgarhHub_Del_PL,ZGQ : 47-AM-Sec16 9218192574,ZGQ_89b2650f3e0dbbe3734af7f35882cfad,dispatched_to_mh,North,LMA,1.00E+11,Fastbeetle service,RajatKumar,MotherHub_YKB,BRSNR,BallabhgarhHub_Del_PL,PH-ZO-DELYKB-65946225,expected,OPENED,26-09-2026 02:00,Arvind Bansal (DNCR)
26-09-2026,26-09-2026,FMPC6527007101,BurariHub_DEL_PL,Vinayaka Traders +917011840051,3bb255f2e3714948,dispatched_to_mh,North,TRUEFLEX,1240294,TRUEFLEX,OmPrakash,MotherHub_YKB,BRSNR,BurariHub_DEL_PL,PH-ZO-DELYKB-65936607,expected,OPENED,26-09-2026 02:13,Arvind Bansal (DNCR)
26-09-2026,26-09-2026,FMPC6528329487,BurariHub_DEL_PL,KRISHNA CREATION +917042668206,9ba1496a9a234a92,received_at_mh,North,LMA,1.00E+11,#N/A,#N/A,MotherHub_YKB,BRSNR,BurariHub_DEL_PL,PH-ZO-DELYKB-65936584,expected,OPENED,26-09-2026 02:00,Arvind Bansal (DNCR)
26-09-2026,26-09-2026,FMPP4297760531,Chhatarpur_DEL_PL,INNOPACE TECHNOLOGIES +918750522626,d3b197adc2b54ed4,dispatched_to_mh,North,LMA,1.00E+11,Greenteck Logistics and Mobility Pvt Ltd,VikasSharma,MotherHub_YKB,BRSNR,Chhatarpur_DEL_PL,PH-ZO-DELYKB-65934518,expected,OPENED,26-09-2026 01:57,Arvind Bansal (DNCR)
26-09-2026,26-09-2026,FMPC6526836889,BudhViharHub_DEL_PL,Leon corporation +919711832667,22ded27852f042da,dispatched_to_mh,North,LMA,1.00E+11,SHIFTWAY LOGISTICS PVT LTD,Shivam,MotherHub_YKB,BRSNR,BudhViharHub_DEL_PL,PH-ZO-DELYKB-65933901,expected,OPENED,26-09-2026 03:21,Arvind Bansal (DNCR)
26-09-2026,26-09-2026,FMPP4297716024,BurariHub_DEL_PL,KRISHNA CREATION +917042668206,9ba1496a9a234a92,received_at_mh,North,LMA,1.00E+11,#N/A,#N/A,MotherHub_YKB,BRSNR,BurariHub_DEL_PL,PH-ZO-DELYKB-65936584,expected,OPENED,26-09-2026 02:00,Arvind Bansal (DNCR)
26-09-2026,26-09-2026,FMPC6526561466,BurariHub_DEL_PL,SHRI GANESH ENTERPRISES +919319596580,173373042975426c,dispatched_to_mh,North,TRUEFLEX,1240294,TRUEFLEX,OmPrakash,MotherHub_YKB,BRSNR,BurariHub_DEL_PL,PH-ZO-DELYKB-65936605,expected,OPENED,26-09-2026 02:35,Arvind Bansal (DNCR)
26-09-2026,26-09-2026,FMPP4296932608,Chhatarpur_DEL_PL,RUVIDO CASO PRIVATE LIMITED +919634606000,20972ddf694b4da8,received_at_mh,North,LMA,1.00E+11,Greenteck Logistics and Mobility Pvt Ltd,VikasSharma,MotherHub_YKB,BRSNR,Chhatarpur_DEL_PL,PH-ZO-DELYKB-65930350,expected,OPENED,26-09-2026 01:40,Arvind Bansal (DNCR)
26-09-2026,26-09-2026,FMPP4296695194,BudhViharHub_DEL_PL,S N ENTERPRISES +917210696807,6cb3a5bbfc014d90,dispatched_to_mh,North,LMA,1.00E+11,Loadshare,Manish,MotherHub_YKB,BRSNR,BudhViharHub_DEL_PL,PH-ZO-DELYKB-65944005,expected,OPENED,26-09-2026 07:58,Arvind Bansal (DNCR)
26-09-2026,26-09-2026,FMPP4297574333,Chhatarpur_DEL_PL,Neal Ecom +917827068941,fe548f97cf934d96,dispatched_to_mh,North,LMA,3950797,#N/A,#N/A,MotherHub_YKB,BRSNR,Chhatarpur_DEL_PL,PH-ZO-DELYKB-65925425,expected,OPENED,26-09-2026 01:50,Arvind Bansal (DNCR)
26-09-2026,26-09-2026,FMPC6528964433,BurariHub_DEL_PL,Universe Factory +919810360672,3c13539d4fe0474b,dispatched_to_mh,North,TRUEFLEX,1241637,TRUEFLEX,PrinceKumar,MotherHub_YKB,BRSNR,BurariHub_DEL_PL,PH-ZO-DELYKE-653238,expected,OPENED,26-09-2026 08:09,Arvind Bansal (DNCR)
26-09-2026,26-09-2026,FMPC6527846226,BudhViharHub_DEL_PL,Riddhi Siddhi Enterprises +917011732332,3b378b99a86d4b8e,dispatched_to_mh,North,TRUEFLEX,679400,TRUEFLEX,PurshotamJha,MotherHub_YKB,BRSNR,BudhViharHub_DEL_PL,PH-ZO-DELYKB-65942263,expected,OPENED,26-09-2026 00:56,Arvind Bansal (DNCR)
26-09-2026,26-09-2026,FMPC6529670758,BudhViharHub_DEL_PL,CHAHAL ENTERPRISES +918527559396,4206967d3aa24ec2,dispatched_to_mh,North,LMA,1.00E+11,KDKN LOGISTICS SERVICES PVT LTD,PraveenSharma,MotherHub_YKB,BRSNR,BudhViharHub_DEL_PL,PH-ZO-DELYKB-65907130,expected,OPENED,26-09-2026 03:10,Arvind Bansal (DNCR)
26-09-2026,26-09-2026,FMPC6528481063,BurariHub_DEL_PL,Dress Collection +918076065177,0f30cbdf52424933,received_at_mh,North,LMA,1.00E+11,#N/A,#N/A,MotherHub_YKB,BRSNR,BurariHub_DEL_PL,PH-ZO-DELYKB-65936584,expected,OPENED,26-09-2026 02:00,Arvind Bansal (DNCR)
26-09-2026,26-09-2026,FMPP4298454301,BurariHub_DEL_PL,Pradeep soft toys creation +918960623502,e1e85d38f5fb4405,received_at_mh,North,LMA,1.00E+11,#N/A,#N/A,MotherHub_YKB,BRSNR,BurariHub_DEL_PL,PH-ZO-DELYKB-65936602,expected,OPENED,26-09-2026 02:00,Arvind Bansal (DNCR)
26-09-2026,26-09-2026,FMPP4298382392,BijwasanHub_DEL_PL,GLAZR +919540122153,2ac24dbc1e524213,dispatched_to_mh,North,LMA,1.00E+11,Greenteck Logistics and Mobility Pvt Ltd,RohanKumar,MotherHub_YKB,BRSNR,BijwasanHub_DEL_PL,PH-ZO-DELYKB-65506901,expected,OPENED,26-09-2026 01:02,Arvind Bansal (DNCR)
26-09-2026,26-09-2026,FMPC6529257859,Chhatarpur_DEL_PL,One Shot Retail +919971712443,763fb2d496b24578,received_at_mh,North,LMA,1.00E+11,Greenteck Logistics and Mobility Pvt Ltd,VikasSharma,MotherHub_YKB,BRSNR,Chhatarpur_DEL_PL,PH-ZO-DELYKB-65929151,expected,OPENED,26-09-2026 01:43,Arvind Bansal (DNCR)
26-09-2026,26-09-2026,MYEP1137500529,BudhViharHub_DEL_PL,MYE : M J ENTERPRISES-delhi_PPMP_RPLT 8076565537,MYE_622b2027400f62f3fc1d3f4033611248,received_at_mh,North,TRUEFLEX,706346,TRUEFLEX,VivekKumar,MotherHub_YKB,BRSNR,BudhViharHub_DEL_PL,PH-ZO-DELYKB-65824749,expected,OPENED,25-09-2026 22:52,Arvind Bansal (DNCR)
26-09-2026,26-09-2026,FMPP4298314522,BudhViharHub_DEL_PL,AK Enterprises +918799767107,39ff50f530f04060,dispatched_to_mh,North,TRUEFLEX,940336,TRUEFLEX,#N/A,MotherHub_YKB,BRSNR,BudhViharHub_DEL_PL,PH-ZO-DELYKB-65954411,expected,OPENED,26-09-2026 05:58,Arvind Bansal (DNCR)
26-09-2026,26-09-2026,FMPC6529232872,BurariHub_DEL_PL,Pradeep soft toys creation +918960623502,e1e85d38f5fb4405,received_at_mh,North,LMA,1.00E+11,#N/A,#N/A,MotherHub_YKB,BRSNR,BurariHub_DEL_PL,PH-ZO-DELYKB-65936602,expected,OPENED,26-09-2026 02:00,Arvind Bansal (DNCR)
26-09-2026,26-09-2026,FMPC6527563299,BurariHub_DEL_PL,Pradeep soft toys creation +918960623502,e1e85d38f5fb4405,received_at_mh,North,LMA,1.00E+11,#N/A,#N/A,MotherHub_YKB,BRSNR,BurariHub_DEL_PL,PH-ZO-DELYKB-65936602,expected,OPENED,26-09-2026 02:00,Arvind Bansal (DNCR)
26-09-2026,26-09-2026,FMPC6527845836,BudhViharHub_DEL_PL,Riddhi Siddhi Enterprises +917011732332,3b378b99a86d4b8e,dispatched_to_mh,North,TRUEFLEX,679400,TRUEFLEX,PurshotamJha,MotherHub_YKB,BRSNR,BudhViharHub_DEL_PL,PH-ZO-DELYKB-65942263,expected,OPENED,26-09-2026 00:56,Arvind Bansal (DNCR)
26-09-2026,26-09-2026,FMPC6526912399,BudhViharHub_DEL_PL,Riddhi Siddhi Enterprises +917011732332,3b378b99a86d4b8e,dispatched_to_mh,North,TRUEFLEX,679400,TRUEFLEX,PurshotamJha,MotherHub_YKB,BRSNR,BudhViharHub_DEL_PL,PH-ZO-DELYKB-65942263,expected,OPENED,26-09-2026 00:56,Arvind Bansal (DNCR)
26-09-2026,26-09-2026,FMPC6529232931,BurariHub_DEL_PL,Pradeep soft toys creation +918960623502,e1e85d38f5fb4405,received_at_mh,North,LMA,1.00E+11,#N/A,#N/A,MotherHub_YKB,BRSNR,BurariHub_DEL_PL,PH-ZO-DELYKB-65936602,expected,OPENED,26-09-2026 02:00,Arvind Bansal (DNCR)
26-09-2026,26-09-2026,FMPP4298823241,Chhatarpur_DEL_PL,MRIDA AND MAATI +919560415976,32d2c44253264e0d,dispatched_to_mh,North,LMA,1.00E+11,Greenteck Logistics and Mobility Pvt Ltd,VikasSharma,MotherHub_YKB,BRSNR,Chhatarpur_DEL_PL,PH-ZO-DELYKB-65930351,expected,OPENED,26-09-2026 01:39,Arvind Bansal (DNCR)
26-09-2026,26-09-2026,FMPC6526784192,BurariHub_DEL_PL,Pradeep soft toys creation +918960623502,e1e85d38f5fb4405,received_at_mh,North,LMA,1.00E+11,#N/A,#N/A,MotherHub_YKB,BRSNR,BurariHub_DEL_PL,PH-ZO-DELYKB-65936602,expected,OPENED,26-09-2026 02:00,Arvind Bansal (DNCR)
26-09-2026,26-09-2026,FMPC6528456150,BurariHub_DEL_PL,KRISHNA CREATION +917042668206,9ba1496a9a234a92,received_at_mh,North,LMA,1.00E+11,#N/A,#N/A,MotherHub_YKB,BRSNR,BurariHub_DEL_PL,PH-ZO-DELYKB-65936584,expected,OPENED,26-09-2026 02:00,Arvind Bansal (DNCR)
26-09-2026,26-09-2026,FMPP4297327194,Chhatarpur_DEL_PL,WLIC Enterprises +919625949039,2d7ef63a2393444f,received_at_mh,North,EKART,2736451,EKART,,MotherHub_YKB,BRSNR,Chhatarpur_DEL_PL,PH-ZO-DELYKB-65925652,expected,OPENED,26-09-2026 01:46,Arvind Bansal (DNCR)
26-09-2026,26-09-2026,FMPC6528996169,Chhatarpur_DEL_PL,AYNTA DREAM +918929603176,e07318c3b6054b75,dispatched_to_mh,North,LMA,1.00E+11,Greenteck Logistics and Mobility Pvt Ltd,VikasSharma,MotherHub_YKB,BRSNR,Chhatarpur_DEL_PL,PH-ZO-DELYKB-65942246,expected,OPENED,26-09-2026 01:45,Arvind Bansal (DNCR)
26-09-2026,26-09-2026,FMPP4297034521,BudhViharHub_DEL_PL,SIAZ FOOTWEAR +918700703172,f3b87290f04b4e4b,dispatched_to_mh,North,TRUEFLEX,679400,TRUEFLEX,PurshotamJha,MotherHub_YKB,BRSNR,BudhViharHub_DEL_PL,PH-ZO-DELYKB-65942269,expected,OPENED,26-09-2026 03:12,Arvind Bansal (DNCR)
26-09-2026,26-09-2026,MYEP1137501546,BudhViharHub_DEL_PL,MYE : M J ENTERPRISES-delhi_PPMP_RPLT 8076565537,MYE_622b2027400f62f3fc1d3f4033611248,received_at_mh,North,TRUEFLEX,706346,TRUEFLEX,VivekKumar,MotherHub_YKB,BRSNR,BudhViharHub_DEL_PL,PH-ZO-DELYKB-65824749,expected,OPENED,25-09-2026 22:52,Arvind Bansal (DNCR)
26-09-2026,26-09-2026,FMPC6526802786,BurariHub_DEL_PL,Pradeep soft toys creation +918960623502,e1e85d38f5fb4405,received_at_mh,North,LMA,1.00E+11,#N/A,#N/A,MotherHub_YKB,BRSNR,BurariHub_DEL_PL,PH-ZO-DELYKB-65936602,expected,OPENED,26-09-2026 02:00,Arvind Bansal (DNCR)
26-09-2026,26-09-2026,FMPC6529667146,BudhViharHub_DEL_PL,TRINETRA ENTERPRISES +919318421763,03957f289afa432d,dispatched_to_mh,North,TRUEFLEX,741972,TRUEFLEX,RitikJha,MotherHub_YKB,BRSNR,BudhViharHub_DEL_PL,PH-ZO-DELYKB-65939219,expected,OPENED,26-09-2026 00:41,Arvind Bansal (DNCR)
26-09-2026,26-09-2026,FMPP4297662893,BurariHub_DEL_PL,SARJURAJ TRADING COMPANY +919958549706,fbdffc52bc754d04,dispatched_to_mh,North,TRUEFLEX,604202,TRUEFLEX,Ajit KumarYadav,MotherHub_YKB,BRSNR,BurariHub_DEL_PL,PH-ZO-DELYKB-64459448,expected,OPENED,26-09-2026 02:07,Arvind Bansal (DNCR)
26-09-2026,26-09-2026,FMPC6529456270,BurariHub_DEL_PL,7ELEVEN ENTERPRISES +919899723323,3f14bd93c9e04fb7,dispatched_to_mh,North,TRUEFLEX,688405,TRUEFLEX,ShivamShivam,MotherHub_YKB,BRSNR,BurariHub_DEL_PL,PH-ZO-DELYKB-65931292,expected,OPENED,26-09-2026 02:31,Arvind Bansal (DNCR)
26-09-2026,26-09-2026,FMPC6526923880,BudhViharHub_DEL_PL,S N ENTERPRISES +917210696807,6cb3a5bbfc014d90,dispatched_to_mh,North,LMA,1.00E+11,Loadshare,Manish,MotherHub_YKB,BRSNR,BudhViharHub_DEL_PL,PH-ZO-DELYKB-65944005,expected,OPENED,26-09-2026 07:58,Arvind Bansal (DNCR)
26-09-2026,26-09-2026,FMPC6527663722,BurariHub_DEL_PL,Universe Factory +919810360672,3c13539d4fe0474b,dispatched_to_mh,North,TRUEFLEX,1241637,TRUEFLEX,PrinceKumar,MotherHub_YKB,BRSNR,BurariHub_DEL_PL,PH-ZO-DELYKE-653238,expected,OPENED,26-09-2026 08:09,Arvind Bansal (DNCR)
26-09-2026,26-09-2026,FMPC6524626457,BudhViharHub_DEL_PL,Riddhi Siddhi Enterprises +917011732332,3b378b99a86d4b8e,dispatched_to_mh,North,TRUEFLEX,679400,TRUEFLEX,PurshotamJha,MotherHub_YKB,BRSNR,BudhViharHub_DEL_PL,PH-ZO-DELYKB-65942263,expected,OPENED,26-09-2026 00:56,Arvind Bansal (DNCR)
26-09-2026,26-09-2026,FMPC6527599769,BurariHub_DEL_PL,Pradeep soft toys creation +918960623502,e1e85d38f5fb4405,received_at_mh,North,LMA,1.00E+11,#N/A,#N/A,MotherHub_YKB,BRSNR,BurariHub_DEL_PL,PH-ZO-DELYKB-65936602,expected,OPENED,26-09-2026 02:00,Arvind Bansal (DNCR)
26-09-2026,26-09-2026,FMPC6528462675,BudhViharHub_DEL_PL,shiv enterprises +918383073918,605993af7793428a,dispatched_to_mh,North,TRUEFLEX,706346,TRUEFLEX,VivekKumar,MotherHub_YKB,BRSNR,BudhViharHub_DEL_PL,PH-ZO-DELYKB-65868965,expected,OPENED,26-09-2026 00:22,Arvind Bansal (DNCR)
26-09-2026,26-09-2026,FMPP4296743066,BurariHub_DEL_PL,Pradeep soft toys creation +918960623502,e1e85d38f5fb4405,received_at_mh,North,LMA,1.00E+11,#N/A,#N/A,MotherHub_YKB,BRSNR,BurariHub_DEL_PL,PH-ZO-DELYKB-65936602,expected,OPENED,26-09-2026 02:00,Arvind Bansal (DNCR)
26-09-2026,26-09-2026,FMPC6529228790,Chhatarpur_DEL_PL,AYNTA DREAM +918929603176,e07318c3b6054b75,dispatched_to_mh,North,LMA,1.00E+11,Greenteck Logistics and Mobility Pvt Ltd,VikasSharma,MotherHub_YKB,BRSNR,Chhatarpur_DEL_PL,PH-ZO-DELYKB-65942246,expected,OPENED,26-09-2026 01:45,Arvind Bansal (DNCR)
26-09-2026,26-09-2026,FMPC6527230812,BurariHub_DEL_PL,TPT SECURE +919643890992,1f5ff4e4a3ee4f55,dispatched_to_mh,North,TRUEFLEX,592378,TRUEFLEX,Abhishek,MotherHub_YKB,BRSNR,BurariHub_DEL_PL,PH-ZO-DELYKB-65931291,expected,OPENED,26-09-2026 02:33,Arvind Bansal (DNCR)
26-09-2026,26-09-2026,FMPP4297172989,BurariHub_DEL_PL,Pradeep soft toys creation +918960623502,e1e85d38f5fb4405,received_at_mh,North,LMA,1.00E+11,#N/A,#N/A,MotherHub_YKB,BRSNR,BurariHub_DEL_PL,PH-ZO-DELYKB-65936602,expected,OPENED,26-09-2026 02:00,Arvind Bansal (DNCR)
26-09-2026,26-09-2026,FMPC6528181654,BijwasanHub_DEL_PL,GLAZR +919540122153,2ac24dbc1e524213,dispatched_to_mh,North,LMA,1.00E+11,Greenteck Logistics and Mobility Pvt Ltd,RohanKumar,MotherHub_YKB,BRSNR,BijwasanHub_DEL_PL,PH-ZO-DELYKB-65506896,expected,OPENED,26-09-2026 01:18,Arvind Bansal (DNCR)
26-09-2026,26-09-2026,FMPP4298380082,BurariHub_DEL_PL,Pradeep soft toys creation +918960623502,e1e85d38f5fb4405,received_at_mh,North,LMA,1.00E+11,#N/A,#N/A,MotherHub_YKB,BRSNR,BurariHub_DEL_PL,PH-ZO-DELYKB-65936602,expected,OPENED,26-09-2026 02:00,Arvind Bansal (DNCR)
26-09-2026,26-09-2026,FMPC6526924049,BudhViharHub_DEL_PL,S N ENTERPRISES +917210696807,6cb3a5bbfc014d90,dispatched_to_mh,North,LMA,1.00E+11,Loadshare,Manish,MotherHub_YKB,BRSNR,BudhViharHub_DEL_PL,PH-ZO-DELYKB-65944005,expected,OPENED,26-09-2026 07:58,Arvind Bansal (DNCR)
26-09-2026,26-09-2026,FMPC6527433850,BijwasanHub_DEL_PL,GLAZR +919540122153,2ac24dbc1e524213,dispatched_to_mh,North,LMA,1.00E+11,Greenteck Logistics and Mobility Pvt Ltd,RohanKumar,MotherHub_YKB,BRSNR,BijwasanHub_DEL_PL,PH-ZO-DELYKB-65506896,expected,OPENED,26-09-2026 01:18,Arvind Bansal (DNCR)
26-09-2026,26-09-2026,FMPC6527018497,BudhViharHub_DEL_PL,Crossfit +919555472738,8ae1a5f2545b4404,received_at_mh,North,TRUEFLEX,918890,TRUEFLEX,MohitKumar,MotherHub_YKB,BRSNR,BudhViharHub_DEL_PL,PH-ZO-DELYKB-65927803,expected,OPENED,26-09-2026 00:21,Arvind Bansal (DNCR)
26-09-2026,26-09-2026,FMPP4298637909,Chhatarpur_DEL_PL,DIVA FASHIONS +917985557392,be17c81dd0294afd,received_at_mh,North,LMA,1.00E+11,#N/A,#N/A,MotherHub_YKB,BRSNR,Chhatarpur_DEL_PL,PH-ZO-DELYKB-65934222,expected,OPENED,26-09-2026 01:45,Arvind Bansal (DNCR)
26-09-2026,26-09-2026,FMPP4296970657,BurariHub_DEL_PL,Vinayak Toys +919711363057,c66ecdaef4e84e22,dispatched_to_mh,North,TRUEFLEX,1240294,TRUEFLEX,OmPrakash,MotherHub_YKB,BRSNR,BurariHub_DEL_PL,PH-ZO-DELYKB-65936607,expected,OPENED,26-09-2026 02:13,Arvind Bansal (DNCR)
26-09-2026,26-09-2026,FMPC6526923979,BudhViharHub_DEL_PL,S N ENTERPRISES +917210696807,6cb3a5bbfc014d90,dispatched_to_mh,North,LMA,1.00E+11,Loadshare,Manish,MotherHub_YKB,BRSNR,BudhViharHub_DEL_PL,PH-ZO-DELYKB-65944005,expected,OPENED,26-09-2026 07:58,Arvind Bansal (DNCR)
26-09-2026,26-09-2026,FMPP4297391406,BijwasanHub_DEL_PL,GLAZR +919540122153,2ac24dbc1e524213,dispatched_to_mh,North,LMA,1.00E+11,Greenteck Logistics and Mobility Pvt Ltd,RohanKumar,MotherHub_YKB,BRSNR,BijwasanHub_DEL_PL,PH-ZO-DELYKB-65506901,expected,OPENED,26-09-2026 01:02,Arvind Bansal (DNCR)
26-09-2026,26-09-2026,FMPC6528183803,BurariHub_DEL_PL,Pradeep soft toys creation +918960623502,e1e85d38f5fb4405,received_at_mh,North,LMA,1.00E+11,#N/A,#N/A,MotherHub_YKB,BRSNR,BurariHub_DEL_PL,PH-ZO-DELYKB-65936602,expected,OPENED,26-09-2026 02:00,Arvind Bansal (DNCR)
26-09-2026,26-09-2026,FMPC6527627896,BurariHub_DEL_PL,Universe Factory +919810360672,3c13539d4fe0474b,dispatched_to_mh,North,TRUEFLEX,1241637,TRUEFLEX,PrinceKumar,MotherHub_YKB,BRSNR,BurariHub_DEL_PL,PH-ZO-DELYKE-653238,expected,OPENED,26-09-2026 08:09,Arvind Bansal (DNCR)
26-09-2026,26-09-2026,FMPP4297608518,BurariHub_DEL_PL,KRISHNA CREATION +917042668206,9ba1496a9a234a92,received_at_mh,North,LMA,1.00E+11,#N/A,#N/A,MotherHub_YKB,BRSNR,BurariHub_DEL_PL,PH-ZO-DELYKB-65936584,expected,OPENED,26-09-2026 02:00,Arvind Bansal (DNCR)
26-09-2026,26-09-2026,FMPC6529182213,BudhViharHub_DEL_PL,TRINETRA ENTERPRISES +919318421763,03957f289afa432d,dispatched_to_mh,North,TRUEFLEX,741972,TRUEFLEX,RitikJha,MotherHub_YKB,BRSNR,BudhViharHub_DEL_PL,PH-ZO-DELYKB-65939219,expected,OPENED,26-09-2026 00:41,Arvind Bansal (DNCR)
26-09-2026,26-09-2026,FMPC6528668815,BudhViharHub_DEL_PL,HARDIK ENTERPRISES +918851406952,5768fc86f77547f3,dispatched_to_mh,North,TRUEFLEX,711197,TRUEFLEX,AbhishekKumar Sah,MotherHub_YKB,BRSNR,BudhViharHub_DEL_PL,PH-ZO-DELYKB-65867700,expected,OPENED,26-09-2026 00:29,Arvind Bansal (DNCR)
26-09-2026,26-09-2026,FMPC6527161790,BurariHub_DEL_PL,Pradeep soft toys creation +918960623502,e1e85d38f5fb4405,received_at_mh,North,LMA,1.00E+11,#N/A,#N/A,MotherHub_YKB,BRSNR,BurariHub_DEL_PL,PH-ZO-DELYKB-65936602,expected,OPENED,26-09-2026 02:00,Arvind Bansal (DNCR)
26-09-2026,26-09-2026,FMPP4298628980,BudhViharHub_DEL_PL,ASHISH ENTERPRISES +917827289081,5cbaac7138824a88,dispatched_to_mh,North,LMA,1.00E+11,#N/A,#N/A,MotherHub_YKB,BRSNR,BudhViharHub_DEL_PL,PH-ZO-DELYKB-65338227,expected,OPENED,26-09-2026 03:21,Arvind Bansal (DNCR)
26-09-2026,26-09-2026,FMPC6527024111,BudhViharHub_DEL_PL,BRISHKA ENTERPRISES +918860380624,0e32ad22e5034a5c,dispatched_to_mh,North,TRUEFLEX,741972,TRUEFLEX,RitikJha,MotherHub_YKB,BRSNR,BudhViharHub_DEL_PL,PH-ZO-DELYKB-65938239,expected,OPENED,25-09-2026 22:53,Arvind Bansal (DNCR)
26-09-2026,26-09-2026,FMPP4297650162,BudhViharHub_DEL_PL,JD ENTERPRISES +917859993821,cf41ed4c4e544aab,dispatched_to_mh,North,TRUEFLEX,679400,TRUEFLEX,PurshotamJha,MotherHub_YKB,BRSNR,BudhViharHub_DEL_PL,PH-ZO-DELYKB-65942263,expected,OPENED,26-09-2026 00:56,Arvind Bansal (DNCR)
26-09-2026,26-09-2026,FMPC6524575776,BudhViharHub_DEL_PL,Riddhi Siddhi Enterprises +917011732332,3b378b99a86d4b8e,dispatched_to_mh,North,TRUEFLEX,679400,TRUEFLEX,PurshotamJha,MotherHub_YKB,BRSNR,BudhViharHub_DEL_PL,PH-ZO-DELYKB-65942263,expected,OPENED,26-09-2026 00:56,Arvind Bansal (DNCR)
26-09-2026,26-09-2026,FMPC6529450294,BurariHub_DEL_PL,P S ENTERPRISES +919565855706,548d012be7034bbf,dispatched_to_mh,North,TRUEFLEX,1240294,TRUEFLEX,OmPrakash,MotherHub_YKB,BRSNR,BurariHub_DEL_PL,PH-ZO-DELYKB-65936605,expected,OPENED,26-09-2026 02:35,Arvind Bansal (DNCR)
26-09-2026,26-09-2026,FMPC6527351429,BurariHub_DEL_PL,Pradeep soft toys creation +918960623502,e1e85d38f5fb4405,received_at_mh,North,LMA,1.00E+11,#N/A,#N/A,MotherHub_YKB,BRSNR,BurariHub_DEL_PL,PH-ZO-DELYKB-65936602,expected,OPENED,26-09-2026 02:00,Arvind Bansal (DNCR)
26-09-2026,26-09-2026,FMPC6529233955,BurariHub_DEL_PL,Satpal Trading Co. +918766336050,807076d5170b4147,received_at_mh,North,LMA,1.00E+11,#N/A,#N/A,MotherHub_YKB,BRSNR,BurariHub_DEL_PL,PH-ZO-DELYKB-65936602,expected,OPENED,26-09-2026 02:00,Arvind Bansal (DNCR)
26-09-2026,26-09-2026,FMPC6526933062,BudhViharHub_DEL_PL,Riddhi Siddhi Enterprises +917011732332,3b378b99a86d4b8e,dispatched_to_mh,North,TRUEFLEX,679400,TRUEFLEX,PurshotamJha,MotherHub_YKB,BRSNR,BudhViharHub_DEL_PL,PH-ZO-DELYKB-65942263,expected,OPENED,26-09-2026 00:56,Arvind Bansal (DNCR)
26-09-2026,26-09-2026,FMPP4296695043,BudhViharHub_DEL_PL,S N ENTERPRISES +917210696807,6cb3a5bbfc014d90,dispatched_to_mh,North,LMA,1.00E+11,Loadshare,Manish,MotherHub_YKB,BRSNR,BudhViharHub_DEL_PL,PH-ZO-DELYKB-65944005,expected,OPENED,26-09-2026 07:58,Arvind Bansal (DNCR)
26-09-2026,26-09-2026,FMPP4296695233,BudhViharHub_DEL_PL,S N ENTERPRISES +917210696807,6cb3a5bbfc014d90,dispatched_to_mh,North,LMA,1.00E+11,Loadshare,Manish,MotherHub_YKB,BRSNR,BudhViharHub_DEL_PL,PH-ZO-DELYKB-65944005,expected,OPENED,26-09-2026 07:58,Arvind Bansal (DNCR)
26-09-2026,26-09-2026,FMPC6528499127,BijwasanHub_DEL_PL,Infojerk Lifestyle +917678521246,78667e3d133044ef,dispatched_to_mh,North,LMA,1.00E+11,Greenteck Logistics and Mobility Pvt Ltd,RohanKumar,MotherHub_YKB,BRSNR,BijwasanHub_DEL_PL,PH-ZO-DELYKB-65506903,expected,OPENED,26-09-2026 01:02,Arvind Bansal (DNCR)
26-09-2026,26-09-2026,FMPC6528378724,BurariHub_DEL_PL,KRISHNA CREATION +917042668206,9ba1496a9a234a92,received_at_mh,North,LMA,1.00E+11,#N/A,#N/A,MotherHub_YKB,BRSNR,BurariHub_DEL_PL,PH-ZO-DELYKB-65936584,expected,OPENED,26-09-2026 02:00,Arvind Bansal (DNCR)
26-09-2026,26-09-2026,FMPC6528227586,BudhViharHub_DEL_PL,CHIRAG ENTERPRISES +918700469465,6f3b28550ec047d8,dispatched_to_mh,North,TRUEFLEX,741972,TRUEFLEX,RitikJha,MotherHub_YKB,BRSNR,BudhViharHub_DEL_PL,PH-ZO-DELYKB-65939219,expected,OPENED,26-09-2026 00:41,Arvind Bansal (DNCR)
26-09-2026,26-09-2026,FMPP4297591775,BudhViharHub_DEL_PL,OnePlus Industries +919599137192,9a90a820e6194cca,received_at_mh,North,LMA,1.00E+11,#N/A,#N/A,MotherHub_YKB,BRSNR,BudhViharHub_DEL_PL,PH-ZO-DELYKB-65909662,expected,OPENED,26-09-2026 08:18,Arvind Bansal (DNCR)
26-09-2026,26-09-2026,FMPC6529114354,BudhViharHub_DEL_PL,HINDUSTAN MILK AGENCY +918700363169,9bb6a69514144ec6,dispatched_to_mh,North,TRUEFLEX,706346,TRUEFLEX,VivekKumar,MotherHub_YKB,BRSNR,BudhViharHub_DEL_PL,PH-ZO-DELYKB-65868965,expected,OPENED,26-09-2026 00:22,Arvind Bansal (DNCR)
26-09-2026,26-09-2026,FMPP4297672909,BurariHub_DEL_PL,BP ASSOCIATES +918700451381,c8224affd0d14924,received_at_mh,North,TRUEFLEX,1236736,TRUEFLEX,JaiSaxena,MotherHub_YKB,BRSNR,BurariHub_DEL_PL,PH-ZO-DELYKB-65936741,expected,OPENED,26-09-2026 02:27,Arvind Bansal (DNCR)
26-09-2026,26-09-2026,FMPP4298155294,BurariHub_DEL_PL,Pradeep soft toys creation +918960623502,e1e85d38f5fb4405,received_at_mh,North,LMA,1.00E+11,#N/A,#N/A,MotherHub_YKB,BRSNR,BurariHub_DEL_PL,PH-ZO-DELYKB-65936602,expected,OPENED,26-09-2026 02:00,Arvind Bansal (DNCR)
26-09-2026,26-09-2026,FMPC6527547373,BudhViharHub_DEL_PL,Riddhi Siddhi Enterprises +917011732332,3b378b99a86d4b8e,dispatched_to_mh,North,TRUEFLEX,679400,TRUEFLEX,PurshotamJha,MotherHub_YKB,BRSNR,BudhViharHub_DEL_PL,PH-ZO-DELYKB-65942263,expected,OPENED,26-09-2026 00:56,Arvind Bansal (DNCR)
26-09-2026,26-09-2026,FMPC6529161162,BijwasanHub_DEL_PL,NOVASHERE TRADING +919625788789,572f27615e2d4ad8,received_at_mh,North,LMA,1.00E+11,Greenteck Logistics and Mobility Pvt Ltd,RohanKumar,MotherHub_YKB,BRSNR,BijwasanHub_DEL_PL,PH-ZO-DELYKB-65506902,expected,OPENED,26-09-2026 01:05,Arvind Bansal (DNCR)
26-09-2026,26-09-2026,FMPC6526913824,BurariHub_DEL_PL,Pradeep soft toys creation +918960623502,e1e85d38f5fb4405,received_at_mh,North,LMA,1.00E+11,#N/A,#N/A,MotherHub_YKB,BRSNR,BurariHub_DEL_PL,PH-ZO-DELYKB-65936602,expected,OPENED,26-09-2026 02:00,Arvind Bansal (DNCR)
26-09-2026,26-09-2026,FMPC6528937402,BudhViharHub_DEL_PL,BROTHER ZILLA 8287626658,ea454d1cdba04c91,dispatched_to_mh,North,LMA,1.00E+11,#N/A,#N/A,MotherHub_YKB,BRSNR,BudhViharHub_DEL_PL,PH-ZO-DELYKB-65937182,expected,OPENED,26-09-2026 00:08,Arvind Bansal (DNCR)
26-09-2026,26-09-2026,FMPP4297762405,BurariHub_DEL_PL,Dress Collection +918076065177,0f30cbdf52424933,received_at_mh,North,LMA,1.00E+11,#N/A,#N/A,MotherHub_YKB,BRSNR,BurariHub_DEL_PL,PH-ZO-DELYKB-65936584,expected,OPENED,26-09-2026 02:00,Arvind Bansal (DNCR)
26-09-2026,26-09-2026,FMPC6527022127,BurariHub_DEL_PL,Gee Aey Enterprises +919289824185,ec52806880104e55,dispatched_to_mh,North,TRUEFLEX,592319,TRUEFLEX,Tushar,MotherHub_YKB,BRSNR,BurariHub_DEL_PL,PH-ZO-DELYKB-65927552,expected,OPENED,26-09-2026 02:34,Arvind Bansal (DNCR)
26-09-2026,26-09-2026,FMPC6528444693,BudhViharHub_DEL_PL,TOKO FASHION +919560113610,5c769cd099944271,dispatched_to_mh,North,LMA,1.00E+11,SHIFTWAY LOGISTICS PVT LTD,Abdulla,MotherHub_YKB,BRSNR,BudhViharHub_DEL_PL,PH-ZO-DELYKB-65929258,expected,OPENED,25-09-2026 23:36,Arvind Bansal (DNCR)
26-09-2026,26-09-2026,FMPC6529826818,BudhViharHub_DEL_PL,Raj fashion style +919582973206,4df757aff0844d23,dispatched_to_mh,North,TRUEFLEX,741972,TRUEFLEX,RitikJha,MotherHub_YKB,BRSNR,BudhViharHub_DEL_PL,PH-ZO-DELYKB-65939219,expected,OPENED,26-09-2026 00:41,Arvind Bansal (DNCR)
26-09-2026,26-09-2026,FMPC6526997605,BudhViharHub_DEL_PL,Riddhi Siddhi Enterprises +917011732332,3b378b99a86d4b8e,dispatched_to_mh,North,TRUEFLEX,679400,TRUEFLEX,PurshotamJha,MotherHub_YKB,BRSNR,BudhViharHub_DEL_PL,PH-ZO-DELYKB-65942263,expected,OPENED,26-09-2026 00:56,Arvind Bansal (DNCR)
26-09-2026,26-09-2026,FMPC6529262736,BudhViharHub_DEL_PL,Riddhi Siddhi Enterprises +917011732332,3b378b99a86d4b8e,dispatched_to_mh,North,TRUEFLEX,679400,TRUEFLEX,PurshotamJha,MotherHub_YKB,BRSNR,BudhViharHub_DEL_PL,PH-ZO-DELYKB-65942263,expected,OPENED,26-09-2026 00:56,Arvind Bansal (DNCR)
26-09-2026,26-09-2026,FMPC6529039900,BurariHub_DEL_PL,Pradeep soft toys creation +918960623502,e1e85d38f5fb4405,received_at_mh,North,LMA,1.00E+11,#N/A,#N/A,MotherHub_YKB,BRSNR,BurariHub_DEL_PL,PH-ZO-DELYKB-65936602,expected,OPENED,26-09-2026 02:00,Arvind Bansal (DNCR)
26-09-2026,26-09-2026,MYEP1137343464,GandhinagarHub_DEL_PL,MYE : NANDI GARMENTS DELHI PPMP 9650313504,MYE_76890463f9118bc504d64026e6d2aaf7,received_at_mh,North,LMA,1.00E+11,RAMEZO ENTERPRISES,LalitYadav,MotherHub_YKB,BRSNR,GandhinagarHub_DEL_PL,PH-ZO-DELYKB-65927086,expected,OPENED,26-09-2026 03:01,Arvind Bansal (DNCR)
26-09-2026,26-09-2026,FMPC6529331249,GandhinagarHub_DEL_PL,KASHYAP SEWING MACHINE +919810870500,ac1ca14285e244e6,received_at_mh,North,LMA,1.00E+11,RAMEZO ENTERPRISES,LalitYadav,MotherHub_YKB,BRSNR,GandhinagarHub_DEL_PL,PH-ZO-DELYKB-65927086,expected,OPENED,26-09-2026 03:01,Arvind Bansal (DNCR)
26-09-2026,26-09-2026,FMPP4298473386,GurgaonHub_DEL_PL,NUTRIBRAY HEALTHCARE PRIVATE LIMITED +919911625695,625cdc1021d543b3,dispatched_to_mh,North,LMA,1.00E+11,#N/A,#N/A,MotherHub_YKB,BRSNR,GurgaonHub_DEL_PL,PH-ZO-DELYKB-65779186,expected,OPENED,25-09-2026 23:55,Arvind Bansal (DNCR)
26-09-2026,26-09-2026,FMPC6528577555,GandhinagarHub_DEL_PL,SIYA GARMENTS +918743879270,930fd418d27243aa,dispatched_to_mh,North,LMA,1.00E+11,#N/A,#N/A,MotherHub_YKB,BRSNR,GandhinagarHub_DEL_PL,PH-ZO-DELYKB-65889000,expected,OPENED,26-09-2026 03:01,Arvind Bansal (DNCR)
26-09-2026,26-09-2026,FMPC6527812902,GurgaonHub_DEL_PL,MANASH E-COMMERCE PRIVATE LIMITED 7982788052,2d9c5e5bc4ba4748,received_at_mh,North,EKART,4367439,EKART,,MotherHub_YKB,BRSNR,GurgaonHub_DEL_PL,PH-ZO-DELYKB-65716841,expected,OPENED,26-09-2026 00:04,Arvind Bansal (DNCR)
26-09-2026,26-09-2026,FMPC6528020263,GandhinagarHub_DEL_PL,M.S. ENTERPRISES +918586087304,f05345f43a4e4da7,dispatched_to_mh,North,LMA,1.00E+11,#N/A,#N/A,MotherHub_YKB,BRSNR,GandhinagarHub_DEL_PL,PH-ZO-DELYKB-64951595,expected,OPENED,26-09-2026 04:35,Arvind Bansal (DNCR)
26-09-2026,26-09-2026,FMPC6529124459,GandhinagarHub_DEL_PL,Swastik Industries +918265962929,423d3e6548df415c,dispatched_to_mh,North,LMA,1.00E+11,Greenteck Logistics and Mobility Pvt Ltd,AvinashKumar,MotherHub_YKB,BRSNR,GandhinagarHub_DEL_PL,PH-ZO-DELYKB-63054415,expected,OPENED,26-09-2026 04:13,Arvind Bansal (DNCR)
26-09-2026,26-09-2026,FMPC6528241300,GandhinagarHub_DEL_PL,VIDMAX INDIA (OPC) PRIVATE LIMITED +919266898750,4bfb506b2d8d487e,dispatched_to_mh,North,LMA,1.00E+11,AADIYOGI LOGISTIC PRIVATE LIMITED,VikasKumar,MotherHub_YKB,BRSNR,GandhinagarHub_DEL_PL,PH-ZO-DELYKB-65927532,expected,OPENED,26-09-2026 04:33,Arvind Bansal (DNCR)
26-09-2026,26-09-2026,MYEC1120452953,GandhinagarHub_DEL_PL,MYE : RS Jewels_PPMP 9643010959,MYE_6eb557901e9b366a17806e4e5488a645,received_at_mh,North,LMA,1.00E+11,RAMEZO ENTERPRISES,LalitYadav,MotherHub_YKB,BRSNR,GandhinagarHub_DEL_PL,PH-ZO-DELYKB-65927086,expected,OPENED,26-09-2026 03:01,Arvind Bansal (DNCR)
26-09-2026,26-09-2026,FMPP4297120955,GurgaonHub_DEL_PL,KHUSHI EXPORT +919664299000,20e71949ff314700,received_at_mh,North,LMA,3143363,#N/A,#N/A,MotherHub_YKB,BRSNR,GurgaonHub_DEL_PL,PH-ZO-DELYKB-65842922,expected,OPENED,25-09-2026 23:50,Arvind Bansal (DNCR)
26-09-2026,26-09-2026,FMPC6528397224,GurgaonHub_DEL_PL,PEGASUS SPORTS +919729925524,ab9870551d3e45db,dispatched_to_mh,North,LMA,3143363,#N/A,#N/A,MotherHub_YKB,BRSNR,GurgaonHub_DEL_PL,PH-ZO-DELYKB-65675419,expected,OPENED,26-09-2026 00:15,Arvind Bansal (DNCR)
26-09-2026,26-09-2026,FMPC6529147464,GurgaonHub_DEL_PL,NUTRIBRAY HEALTHCARE PRIVATE LIMITED +919911625695,625cdc1021d543b3,dispatched_to_mh,North,LMA,1.00E+11,#N/A,#N/A,MotherHub_YKB,BRSNR,GurgaonHub_DEL_PL,PH-ZO-DELYKB-65779186,expected,OPENED,25-09-2026 23:55,Arvind Bansal (DNCR)
26-09-2026,26-09-2026,FMPC6529581840,GurgaonHub_DEL_PL,NUTRIBRAY HEALTHCARE PRIVATE LIMITED +919911625695,625cdc1021d543b3,dispatched_to_mh,North,LMA,1.00E+11,#N/A,#N/A,MotherHub_YKB,BRSNR,GurgaonHub_DEL_PL,PH-ZO-DELYKB-65779186,expected,OPENED,25-09-2026 23:55,Arvind Bansal (DNCR)
26-09-2026,26-09-2026,FMPP4297615752,GandhinagarHub_DEL_PL,VIDMAX INDIA (OPC) PRIVATE LIMITED +919266898750,4bfb506b2d8d487e,dispatched_to_mh,North,LMA,1.00E+11,AADIYOGI LOGISTIC PRIVATE LIMITED,VikasKumar,MotherHub_YKB,BRSNR,GandhinagarHub_DEL_PL,PH-ZO-DELYKB-65927532,expected,OPENED,26-09-2026 04:33,Arvind Bansal (DNCR)
26-09-2026,26-09-2026,FMPC6528581984,FaridabadHub_DEL_PL,WISH LIST GALLERY +918851125214,2652e9c5123344b0,dispatched_to_mh,North,LMA,1.00E+11,Vxpress,ShankarKumar,MotherHub_YKB,BRSNR,FaridabadHub_DEL_PL,PH-ZO-DELYKB-65933907,expected,OPENED,25-09-2026 23:48,Arvind Bansal (DNCR)
26-09-2026,26-09-2026,FMPP4297497166,GandhinagarHub_DEL_PL,SRFRZ ENTERPRISES +919891798027,d667612b040944f4,received_at_mh,North,LMA,1.00E+11,#N/A,#N/A,MotherHub_YKB,BRSNR,GandhinagarHub_DEL_PL,PH-ZO-DELYKB-65927428,expected,OPENED,26-09-2026 04:27,Arvind Bansal (DNCR)
26-09-2026,26-09-2026,FMPP4297230129,GurgaonHub_DEL_PL,NUTRIBRAY HEALTHCARE PRIVATE LIMITED +919911625695,625cdc1021d543b3,dispatched_to_mh,North,LMA,1.00E+11,#N/A,#N/A,MotherHub_YKB,BRSNR,GurgaonHub_DEL_PL,PH-ZO-DELYKB-65779186,expected,OPENED,25-09-2026 23:55,Arvind Bansal (DNCR)
26-09-2026,26-09-2026,FMPC6528841803,GandhinagarHub_DEL_PL,Z D Traders +918750176708,82942e4463c240f5,dispatched_to_mh,North,LMA,1.00E+11,#N/A,#N/A,MotherHub_YKB,BRSNR,GandhinagarHub_DEL_PL,PH-ZO-DELYKB-64951595,expected,OPENED,26-09-2026 04:35,Arvind Bansal (DNCR)
26-09-2026,26-09-2026,LSHC0036990293,GurgaonHub_DEL_PL,LSH : Customer Support 9810078887,LSH_116802f3b7d87ed0a8d52b9f8b7490e3,dispatched_to_mh,North,LMA,1.00E+11,#N/A,#N/A,MotherHub_YKB,BRSNR,GurgaonHub_DEL_PL,PH-ZO-DELYKB-65779738,expected,OPENED,26-09-2026 00:16,Arvind Bansal (DNCR)
26-09-2026,26-09-2026,FMPC6528502827,GurgaonHub_DEL_PL,Wellversed Health Private Limited +919205093359,29fd1ffa68b94e77,dispatched_to_mh,North,LMA,1.00E+11,#N/A,#N/A,MotherHub_YKB,BRSNR,GurgaonHub_DEL_PL,PH-ZO-DELYKB-65894083,expected,OPENED,26-09-2026 00:10,Arvind Bansal (DNCR)
26-09-2026,26-09-2026,FMPC6529081370,GandhinagarHub_DEL_PL,Shambhu Enterprises +919315222373,c00f62153fac4f61,dispatched_to_mh,North,TRUEFLEX,1398630,TRUEFLEX,#N/A,MotherHub_YKB,BRSNR,GandhinagarHub_DEL_PL,PH-ZO-DELYKB-65790437,expected,OPENED,26-09-2026 04:28,Arvind Bansal (DNCR)
26-09-2026,26-09-2026,FMPC6527301062,FaridabadHub_DEL_PL,PARNAI ENTERPRISES +917428671985,85ad0bd38f294c39,dispatched_to_mh,North,TRUEFLEX,919114,TRUEFLEX,IshuGautam,MotherHub_YKB,BRSNR,FaridabadHub_DEL_PL,PH-ZO-DELYKB-65929186,expected,OPENED,26-09-2026 00:29,Arvind Bansal (DNCR)
26-09-2026,26-09-2026,FMPP4297276047,GurgaonHub_DEL_PL,LAKSHYA COLLECTIONS +917291965067,bb0ab66770244abf,dispatched_to_mh,North,EKART,4367439,EKART,,MotherHub_YKB,BRSNR,GurgaonHub_DEL_PL,PH-ZO-DELYKB-65930062,expected,OPENED,25-09-2026 23:56,Arvind Bansal (DNCR)
26-09-2026,26-09-2026,FMPC6528110375,GandhinagarHub_DEL_PL,JARIYAH INTERNATIONAL +918447452580,72cffddf32d44f82,received_at_mh,North,TRUEFLEX,606194,TRUEFLEX,Subham,MotherHub_YKB,BRSNR,GandhinagarHub_DEL_PL,PH-ZO-DELYKB-65322410,expected,OPENED,26-09-2026 05:00,Arvind Bansal (DNCR)
26-09-2026,26-09-2026,LSHC0036681273,GurgaonHub_DEL_PL,LSH : Customer Support 9810078887,LSH_116802f3b7d87ed0a8d52b9f8b7490e3,dispatched_to_mh,North,LMA,1.00E+11,#N/A,#N/A,MotherHub_YKB,BRSNR,GurgaonHub_DEL_PL,PH-ZO-DELYKB-65779738,expected,OPENED,26-09-2026 00:16,Arvind Bansal (DNCR)
26-09-2026,26-09-2026,MYEC1120453133,GandhinagarHub_DEL_PL,MYE : RS Jewels_PPMP 9643010959,MYE_6eb557901e9b366a17806e4e5488a645,received_at_mh,North,LMA,1.00E+11,RAMEZO ENTERPRISES,LalitYadav,MotherHub_YKB,BRSNR,GandhinagarHub_DEL_PL,PH-ZO-DELYKB-65927086,expected,OPENED,26-09-2026 03:01,Arvind Bansal (DNCR)
26-09-2026,26-09-2026,FMPC6529246875,GurgaonHub_DEL_PL,SPAETZILE GLOBAL INDIA PRIVATE LIMITED +918448119244,8c47825d2a554987,dispatched_to_mh,North,LMA,1.00E+11,#N/A,#N/A,MotherHub_YKB,BRSNR,GurgaonHub_DEL_PL,PH-ZO-DELYKB-65890044,expected,OPENED,25-09-2026 23:53,Arvind Bansal (DNCR)
26-09-2026,26-09-2026,FMPC6527447214,FaridabadHub_DEL_PL,BUDGET MART +917011387931,3cd5a43f3c664742,dispatched_to_mh,North,LMA,1.00E+11,Vxpress,Himanshu KumarPrasad,MotherHub_YKB,BRSNR,FaridabadHub_DEL_PL,PH-ZO-DELYKB-65934307,expected,OPENED,26-09-2026 00:34,Arvind Bansal (DNCR)
26-09-2026,26-09-2026,MYEC1120452740,GandhinagarHub_DEL_PL,MYE : RS Jewels_PPMP 9643010959,MYE_6eb557901e9b366a17806e4e5488a645,received_at_mh,North,LMA,1.00E+11,RAMEZO ENTERPRISES,LalitYadav,MotherHub_YKB,BRSNR,GandhinagarHub_DEL_PL,PH-ZO-DELYKB-65927086,expected,OPENED,26-09-2026 03:01,Arvind Bansal (DNCR)
26-09-2026,26-09-2026,FMPC6524758137,GandhinagarHub_DEL_PL,JARIYAH INTERNATIONAL +918447452580,72cffddf32d44f82,received_at_mh,North,TRUEFLEX,606194,TRUEFLEX,Subham,MotherHub_YKB,BRSNR,GandhinagarHub_DEL_PL,PH-ZO-DELYKB-65322410,expected,OPENED,26-09-2026 05:00,Arvind Bansal (DNCR)
26-09-2026,26-09-2026,FMPC6526923460,GandhinagarHub_DEL_PL,M.S. ENTERPRISES +918586087304,f05345f43a4e4da7,dispatched_to_mh,North,LMA,1.00E+11,#N/A,#N/A,MotherHub_YKB,BRSNR,GandhinagarHub_DEL_PL,PH-ZO-DELYKB-64951595,expected,OPENED,26-09-2026 04:35,Arvind Bansal (DNCR)
26-09-2026,26-09-2026,SMVC1061214817,GurgaonHub_DEL_PL,SMV : Sanjay Warehouse 9811635109,SMV_fc67177b559245ba7de6ad65ce0ceb9f,dispatched_to_mh,North,LMA,3143363,#N/A,#N/A,MotherHub_YKB,BRSNR,GurgaonHub_DEL_PL,PH-ZO-DELYKB-65719128,expected,OPENED,26-09-2026 00:01,Arvind Bansal (DNCR)
26-09-2026,26-09-2026,FMPC6527883706,GandhinagarHub_DEL_PL,Jewels Galaxy +919899538253,5ceb319f58504d9e,received_at_mh,North,LMA,1.00E+11,RAMEZO ENTERPRISES,LalitYadav,MotherHub_YKB,BRSNR,GandhinagarHub_DEL_PL,PH-ZO-DELYKB-65927086,expected,OPENED,26-09-2026 03:01,Arvind Bansal (DNCR)
26-09-2026,26-09-2026,FMPC6526909838,GandhinagarHub_DEL_PL,TIRUPATI TEXTILES +919811528172,35adb1ed20374ccd,dispatched_to_mh,North,LMA,1.00E+11,RAMEZO ENTERPRISES,DipanshuJaiswal,MotherHub_YKB,BRSNR,GandhinagarHub_DEL_PL,PH-ZO-DELYKB-65928220,expected,OPENED,26-09-2026 02:54,Arvind Bansal (DNCR)
26-09-2026,26-09-2026,FMPC6528919568,GurgaonHub_DEL_PL,SANGRILA LIFESTYLE PRIVATE LIMITED 8588036579,b7dc23d6e24c436c,dispatched_to_mh,North,LMA,1.00E+11,#N/A,#N/A,MotherHub_YKB,BRSNR,GurgaonHub_DEL_PL,PH-ZO-DELYKB-65779190,expected,OPENED,25-09-2026 23:43,Arvind Bansal (DNCR)
26-09-2026,26-09-2026,FMPC6529586963,GandhinagarHub_DEL_PL,Bombshell +918448369466,97d1ee37bb52417e,dispatched_to_mh,North,TRUEFLEX,606194,TRUEFLEX,Subham,MotherHub_YKB,BRSNR,GandhinagarHub_DEL_PL,PH-ZO-DELYKB-65934749,expected,OPENED,26-09-2026 02:56,Arvind Bansal (DNCR)
26-09-2026,26-09-2026,FMPC6529616746,GurgaonHub_DEL_PL,NATUROHABIT PRIVATE LIMITED 9818224905,832e4d0dc8f94c7f,received_at_mh,North,LMA,3143363,#N/A,#N/A,MotherHub_YKB,BRSNR,GurgaonHub_DEL_PL,PH-ZO-DELYKB-65718989,expected,OPENED,26-09-2026 00:13,Arvind Bansal (DNCR)
26-09-2026,26-09-2026,FMPP4298462608,GurgaonHub_DEL_PL,Pearl Polymers Limited +919205289873,62726f14487149b8,dispatched_to_mh,North,EKART,4387317,EKART,,MotherHub_YKB,BRSNR,GurgaonHub_DEL_PL,PH-ZO-DELYKB-65934599,expected,OPENED,26-09-2026 00:23,Arvind Bansal (DNCR)
26-09-2026,26-09-2026,SMVC0231511228,GurgaonHub_DEL_PL,SMV : Sanjay Warehouse 9811635109,SMV_fc67177b559245ba7de6ad65ce0ceb9f,dispatched_to_mh,North,LMA,3143363,#N/A,#N/A,MotherHub_YKB,BRSNR,GurgaonHub_DEL_PL,PH-ZO-DELYKB-65719128,expected,OPENED,26-09-2026 00:01,Arvind Bansal (DNCR)
26-09-2026,26-09-2026,FMPC6529305246,GurgaonHub_DEL_PL,ADI CREATIONS +919910940046,1943cb81da3a4c33,received_at_mh,North,LMA,1.00E+11,#N/A,#N/A,MotherHub_YKB,BRSNR,GurgaonHub_DEL_PL,PH-ZO-DELYKB-65890015,expected,OPENED,26-09-2026 00:15,Arvind Bansal (DNCR)
26-09-2026,26-09-2026,FMPC6528769838,GurgaonHub_DEL_PL,NUTRIBRAY HEALTHCARE PRIVATE LIMITED +919911625695,625cdc1021d543b3,dispatched_to_mh,North,LMA,1.00E+11,#N/A,#N/A,MotherHub_YKB,BRSNR,GurgaonHub_DEL_PL,PH-ZO-DELYKB-65779186,expected,OPENED,25-09-2026 23:55,Arvind Bansal (DNCR)
26-09-2026,26-09-2026,MYEC1120453522,GandhinagarHub_DEL_PL,MYE : RS Jewels_PPMP 9643010959,MYE_6eb557901e9b366a17806e4e5488a645,received_at_mh,North,LMA,1.00E+11,RAMEZO ENTERPRISES,LalitYadav,MotherHub_YKB,BRSNR,GandhinagarHub_DEL_PL,PH-ZO-DELYKB-65927086,expected,OPENED,26-09-2026 03:01,Arvind Bansal (DNCR)
26-09-2026,26-09-2026,FMPC6527928799,GandhinagarHub_DEL_PL,TIRUPATI TEXTILES +919811528172,35adb1ed20374ccd,dispatched_to_mh,North,LMA,1.00E+11,RAMEZO ENTERPRISES,DipanshuJaiswal,MotherHub_YKB,BRSNR,GandhinagarHub_DEL_PL,PH-ZO-DELYKB-65928220,expected,OPENED,26-09-2026 02:54,Arvind Bansal (DNCR)
26-09-2026,26-09-2026,LSHC0036977072,GandhinagarHub_DEL_PL,LSH : Naksh bhalla 9268382920,LSH_af24e5b9fb8f55197b891e1b68f8ab07,dispatched_to_mh,North,TRUEFLEX,590128,TRUEFLEX,KapilMuni,MotherHub_YKB,BRSNR,GandhinagarHub_DEL_PL,PH-ZO-DELYKB-65534296,expected,OPENED,26-09-2026 04:40,Arvind Bansal (DNCR)
26-09-2026,26-09-2026,FMPC6528955137,FaridabadHub_DEL_PL,KOILAKH DEVI ENTERPRISES +918505814134,3e472fb51ce1492f,dispatched_to_mh,North,TRUEFLEX,749447,TRUEFLEX,RihanQureshi,MotherHub_YKB,BRSNR,FaridabadHub_DEL_PL,PH-ZO-DELYKB-65928831,expected,OPENED,25-09-2026 23:55,Arvind Bansal (DNCR)
26-09-2026,26-09-2026,MYEC1120460003,GandhinagarHub_DEL_PL,MYE : JVM GARMENTS DELHI PPMP 8510822358,MYE_d75e8428a65b1fff4b15902573de26cd,dispatched_to_mh,North,LMA,1.00E+11,#N/A,#N/A,MotherHub_YKB,BRSNR,GandhinagarHub_DEL_PL,PH-ZO-DELYKB-65889000,expected,OPENED,26-09-2026 03:01,Arvind Bansal (DNCR)
26-09-2026,26-09-2026,FMPP4298162387,GurgaonHub_DEL_PL,NUTRIBRAY HEALTHCARE PRIVATE LIMITED +919911625695,625cdc1021d543b3,dispatched_to_mh,North,LMA,1.00E+11,#N/A,#N/A,MotherHub_YKB,BRSNR,GurgaonHub_DEL_PL,PH-ZO-DELYKB-65779186,expected,OPENED,25-09-2026 23:55,Arvind Bansal (DNCR)
26-09-2026,26-09-2026,FMPC6529668813,GurgaonHub_DEL_PL,SOUNDSCAPE SOLUTIONS PRIVATE LIMITED +917982913130,3f2b64c027234d4d,dispatched_to_mh,North,LMA,3143363,#N/A,#N/A,MotherHub_YKB,BRSNR,GurgaonHub_DEL_PL,PH-ZO-DELYKB-65890155,expected,OPENED,25-09-2026 23:50,Arvind Bansal (DNCR)
26-09-2026,26-09-2026,FMPC6527167698,FaridabadHub_DEL_PL,KOTTY LIFESTYLE PVT LTD 8510022244,qsm29nukm5dhxgl9,dispatched_to_mh,North,TRUEFLEX,600195,TRUEFLEX,VikashYadav,MotherHub_YKB,BRSNR,FaridabadHub_DEL_PL,PH-ZO-DELYKB-65957183,expected,OPENED,25-09-2026 23:47,Arvind Bansal (DNCR)
26-09-2026,26-09-2026,MYEC1120398029,GandhinagarHub_DEL_PL,MYE : VIDMAX INDIA OPC PRIVATE LIMITED PPMP 8178927311,MYE_92be786e9c6e1bfa57dfbc651d2faa8d,dispatched_to_mh,North,LMA,1.00E+11,AADIYOGI LOGISTIC PRIVATE LIMITED,VikasKumar,MotherHub_YKB,BRSNR,GandhinagarHub_DEL_PL,PH-ZO-DELYKB-65927532,expected,OPENED,26-09-2026 04:33,Arvind Bansal (DNCR)
26-09-2026,26-09-2026,FMPC6528574193,IPextension_DEL_PL,COLOUR INDIA +919899064516,9903279578ba45b4,dispatched_to_mh,North,LMA,1.00E+11,Transwide Express,ArunPatel,MotherHub_YKB,BRSNR,IPextension_DEL_PL,PH-ZO-DELYKB-65867859,expected,OPENED,26-09-2026 01:21,Arvind Bansal (DNCR)
26-09-2026,26-09-2026,FMPC6527821724,IPextension_DEL_PL,Aasma Creatives +919811995857,3118cf86eed24c12,dispatched_to_mh,North,TRUEFLEX,603940,TRUEFLEX,GyanVerma,MotherHub_YKB,BRSNR,IPextension_DEL_PL,PH-ZO-DELYKB-65945704,expected,OPENED,26-09-2026 01:30,Arvind Bansal (DNCR)
26-09-2026,26-09-2026,FMPC6525984527,IPextension_DEL_PL,FARHEEN BEGUM IDRISHI +918512942408,fa78b3420a8b4d4b,dispatched_to_mh,North,LMA,1.00E+11,We Innovate Business Solutions Pvt Ltd,Vijay KumarSharma,MotherHub_YKB,BRSNR,IPextension_DEL_PL,PH-ZO-DELYKB-65936714,expected,OPENED,26-09-2026 01:16,Arvind Bansal (DNCR)
26-09-2026,26-09-2026,MYEC1120435147,JasolaHub_DEL_PL,MYE : NICE PURSE-delhi_PPMP_MPUE 8851977093,MYE_919c1cc1fe7a45451ebb7f1a4e406d69,dispatched_to_mh,North,TRUEFLEX,884069,TRUEFLEX,KuldeepBhadana,MotherHub_YKB,BRSNR,JasolaHub_DEL_PL,PH-ZO-DELYKB-65931658,expected,OPENED,26-09-2026 00:52,Arvind Bansal (DNCR)
26-09-2026,26-09-2026,FMPC6528019730,KanjhawalaHub_DEL_PL,J P Traders +918383918404,dc9f9dd0a68f4522,dispatched_to_mh,North,LMA,1.00E+11,#N/A,#N/A,MotherHub_YKB,BRSNR,KanjhawalaHub_DEL_PL,PH-ZO-DELYKB-65946807,expected,OPENED,26-09-2026 01:54,Arvind Bansal (DNCR)
26-09-2026,26-09-2026,FMPP4298190678,KanjhawalaHub_DEL_PL,SHEILDORA +918796877562,130fb14cc92943ac,dispatched_to_mh,North,TRUEFLEX,870454,TRUEFLEX,Abhishek,MotherHub_YKB,BRSNR,KanjhawalaHub_DEL_PL,PH-ZO-DELYKB-65958170,expected,OPENED,26-09-2026 05:52,Arvind Bansal (DNCR)
26-09-2026,26-09-2026,FMPC6529062748,KanjhawalaHub_DEL_PL,WIN WORLD HANDLOOM +919313539595,c26da801f7ac4120,dispatched_to_mh,North,LMA,1.00E+11,Fastbeetle service,AvinashKumar,MotherHub_YKB,BRSNR,KanjhawalaHub_DEL_PL,PH-ZO-DELYKB-65938107,expected,OPENED,26-09-2026 04:24,Arvind Bansal (DNCR)
26-09-2026,26-09-2026,FMPC6527067885,KanjhawalaHub_DEL_PL,QUVUZ ENTERPRISES +919540639438,041c143fd02f4600,dispatched_to_mh,North,LMA,1.00E+11,#N/A,#N/A,MotherHub_YKB,BRSNR,KanjhawalaHub_DEL_PL,PH-ZO-DELYKB-65947407,expected,OPENED,26-09-2026 05:30,Arvind Bansal (DNCR)
26-09-2026,26-09-2026,FMPP4294693617,KanjhawalaHub_DEL_PL,VELVAKRAFT +918851440314,b39e414e11ac4aa4,dispatched_to_mh,North,LMA,1.00E+11,Watsoo,ROHAN,MotherHub_YKB,BRSNR,KanjhawalaHub_DEL_PL,PH-ZO-DELYKB-65935881,expected,OPENED,26-09-2026 04:30,Arvind Bansal (DNCR)
26-09-2026,26-09-2026,FMPC6528360600,KanjhawalaHub_DEL_PL,QUVUZ ENTERPRISES +919540639438,041c143fd02f4600,dispatched_to_mh,North,LMA,1.00E+11,#N/A,#N/A,MotherHub_YKB,BRSNR,KanjhawalaHub_DEL_PL,PH-ZO-DELYKB-65947407,expected,OPENED,26-09-2026 05:30,Arvind Bansal (DNCR)
26-09-2026,26-09-2026,FMPC6527405943,JasolaHub_DEL_PL,SHOPPYA CREATIONS +918507041352,420a31228ca94d46,dispatched_to_mh,North,LMA,1.00E+11,Greenteck Logistics and Mobility Pvt Ltd,Muzammilalam,MotherHub_YKB,BRSNR,JasolaHub_DEL_PL,PH-ZO-DELYKB-65934948,expected,OPENED,26-09-2026 01:06,Arvind Bansal (DNCR)
26-09-2026,26-09-2026,FMPC6524914552,KanjhawalaHub_DEL_PL,YASHASVI ENTERPRISES +918130699152,08fcb0ced9e84931,dispatched_to_mh,North,LMA,1.00E+11,We Innovate Business Solutions Pvt Ltd,Gaurav,MotherHub_YKB,BRSNR,KanjhawalaHub_DEL_PL,PH-ZO-DELYKB-65937393,expected,OPENED,26-09-2026 01:06,Arvind Bansal (DNCR)
26-09-2026,26-09-2026,FMPC6527425384,IPextension_DEL_PL,Ridhi baluja +918368401696,622990bd058f4f8f,dispatched_to_mh,North,TRUEFLEX,754804,TRUEFLEX,VipinKumar,MotherHub_YKB,BRSNR,IPextension_DEL_PL,PH-ZO-DELYKB-65866913,expected,OPENED,26-09-2026 08:02,Arvind Bansal (DNCR)
26-09-2026,26-09-2026,FMPC6527535604,KanjhawalaHub_DEL_PL,LUJAFUHL INTERNATIONAL +917303896346,32c13ba2237547ce,dispatched_to_mh,North,LMA,1.00E+11,#N/A,#N/A,MotherHub_YKB,BRSNR,KanjhawalaHub_DEL_PL,PH-ZO-DELYKB-65945986,expected,OPENED,26-09-2026 05:25,Arvind Bansal (DNCR)
26-09-2026,26-09-2026,FMPC6528677489,KanjhawalaHub_DEL_PL,VIVEK ENTERPRISES +917011614908,48eff36732dc4d1b,dispatched_to_mh,North,LMA,1.00E+11,We Innovate Business Solutions Pvt Ltd,Gaurav,MotherHub_YKB,BRSNR,KanjhawalaHub_DEL_PL,PH-ZO-DELYKB-65937425,expected,OPENED,26-09-2026 02:05,Arvind Bansal (DNCR)
26-09-2026,26-09-2026,FMPC6529129727,KanjhawalaHub_DEL_PL,AMR ENTERPRISES +919354820770,3765c95951b04fd6,received_at_mh,North,LMA,1.00E+11,#N/A,#N/A,MotherHub_YKB,BRSNR,KanjhawalaHub_DEL_PL,PH-ZO-DELYKB-65887600,expected,OPENED,26-09-2026 01:57,Arvind Bansal (DNCR)
26-09-2026,26-09-2026,FMPC6529530217,IPextension_DEL_PL,HJ ENTERPRISES +918368101346,2f11367f5f984edc,dispatched_to_mh,North,LMA,1.00E+11,Transwide Express,ArunPatel,MotherHub_YKB,BRSNR,IPextension_DEL_PL,PH-ZO-DELYKB-64575659,expected,OPENED,26-09-2026 01:31,Arvind Bansal (DNCR)
26-09-2026,26-09-2026,NAPC0027915131,IPextension_DEL_PL,NAP : Deep Creation Delhi Parent 9718806773,NAP_e984ad22ee95baa325a5a837aa64adf3,dispatched_to_mh,North,LMA,1.00E+11,Greenteck Logistics and Mobility Pvt Ltd,MohdHilal,MotherHub_YKB,BRSNR,IPextension_DEL_PL,PH-ZO-DELYKB-65687640,expected,OPENED,26-09-2026 03:09,Arvind Bansal (DNCR)
26-09-2026,26-09-2026,FMPP4297731305,KanjhawalaHub_DEL_PL,QUVUZ ENTERPRISES +919540639438,041c143fd02f4600,dispatched_to_mh,North,LMA,1.00E+11,#N/A,#N/A,MotherHub_YKB,BRSNR,KanjhawalaHub_DEL_PL,PH-ZO-DELYKB-65947407,expected,OPENED,26-09-2026 05:30,Arvind Bansal (DNCR)
26-09-2026,26-09-2026,FMPP4298438083,IPextension_DEL_PL,THE GOLDEN SEW +918375031818,6691c088102c43c1,dispatched_to_mh,North,LMA,1.00E+11,Watsoo,Sumit PratapSingh,MotherHub_YKB,BRSNR,IPextension_DEL_PL,PH-ZO-DELYKB-65834498,expected,OPENED,26-09-2026 03:07,Arvind Bansal (DNCR)
26-09-2026,26-09-2026,FMPC6527918151,KanjhawalaHub_DEL_PL,VIVEK INDUSTRIES +919220173156,c12551e448f249d8,received_at_mh,North,TRUEFLEX,633567,TRUEFLEX,Rajesh,MotherHub_YKB,BRSNR,KanjhawalaHub_DEL_PL,PH-ZO-DELYKB-65936809,expected,OPENED,26-09-2026 01:36,Arvind Bansal (DNCR)
26-09-2026,26-09-2026,FMPC6529670387,JasolaHub_DEL_PL,FASHION AND DIGITAL SOLUTIONS +918368269447,37bb8c1c2c92476b,received_at_mh,North,TRUEFLEX,4380874,TRUEFLEX,#N/A,MotherHub_YKB,BRSNR,JasolaHub_DEL_PL,PH-ZO-DELYKB-65914376,expected,OPENED,26-09-2026 00:47,Arvind Bansal (DNCR)
26-09-2026,26-09-2026,FMPC6529066452,KanjhawalaHub_DEL_PL,PIYUSH ENTERPRISES +917042901177,5c703bd82eb948d0,dispatched_to_mh,North,LMA,1.00E+11,#N/A,#N/A,MotherHub_YKB,BRSNR,KanjhawalaHub_DEL_PL,PH-ZO-DELYKB-65887597,expected,OPENED,26-09-2026 01:49,Arvind Bansal (DNCR)
26-09-2026,26-09-2026,LSHC0036995856,JasolaHub_DEL_PL,LSH : 9560305609 9560305609,LSH_bd769e9272bdf53f73e2d58a828df769,received_at_mh,North,LMA,1.00E+11,#N/A,#N/A,MotherHub_YKB,BRSNR,JasolaHub_DEL_PL,PH-ZO-DELYKB-65961530,expected,OPENED,26-09-2026 00:44,Arvind Bansal (DNCR)
26-09-2026,26-09-2026,FMPC6528635484,KanjhawalaHub_DEL_PL,S L ELECTRICALS +918882929799,fd3ae347827643db,received_at_mh,North,LMA,1.00E+11,We Innovate Business Solutions Pvt Ltd,Gaurav,MotherHub_YKB,BRSNR,KanjhawalaHub_DEL_PL,PH-ZO-DELYKB-65936103,expected,OPENED,26-09-2026 02:10,Arvind Bansal (DNCR)
26-09-2026,26-09-2026,FMPP4296855527,KanjhawalaHub_DEL_PL,WIN WORLD HANDLOOM +919313539595,c26da801f7ac4120,dispatched_to_mh,North,LMA,1.00E+11,Fastbeetle service,AvinashKumar,MotherHub_YKB,BRSNR,KanjhawalaHub_DEL_PL,PH-ZO-DELYKB-65938107,expected,OPENED,26-09-2026 04:24,Arvind Bansal (DNCR)
26-09-2026,26-09-2026,FMPC6529176762,KanjhawalaHub_DEL_PL,SHEILDORA +918796877562,130fb14cc92943ac,dispatched_to_mh,North,TRUEFLEX,870454,TRUEFLEX,Abhishek,MotherHub_YKB,BRSNR,KanjhawalaHub_DEL_PL,PH-ZO-DELYKB-65845801,expected,OPENED,26-09-2026 05:50,Arvind Bansal (DNCR)
26-09-2026,26-09-2026,MYEP1137527759,JasolaHub_DEL_PL,MYE : NICE PURSE-delhi_PPMP_MPUE 8851977093,MYE_919c1cc1fe7a45451ebb7f1a4e406d69,dispatched_to_mh,North,TRUEFLEX,884069,TRUEFLEX,KuldeepBhadana,MotherHub_YKB,BRSNR,JasolaHub_DEL_PL,PH-ZO-DELYKB-65931658,expected,OPENED,26-09-2026 00:52,Arvind Bansal (DNCR)
26-09-2026,26-09-2026,FMPC6528455589,KanjhawalaHub_DEL_PL,QUVUZ ENTERPRISES +919540639438,041c143fd02f4600,dispatched_to_mh,North,LMA,1.00E+11,#N/A,#N/A,MotherHub_YKB,BRSNR,KanjhawalaHub_DEL_PL,PH-ZO-DELYKB-65947407,expected,OPENED,26-09-2026 05:30,Arvind Bansal (DNCR)
26-09-2026,26-09-2026,FMPC6526999550,KanjhawalaHub_DEL_PL,COUNAIN COLLECTION +919899558183,ec4644fdd4184ad5,received_at_ph,North,LMA,1.00E+11,Greenteck Logistics and Mobility Pvt Ltd,SarfayAlam,MotherHub_YKB,BRSNR,KanjhawalaHub_DEL_PL,PH-ZO-DELYKB-65942074,expected,OPENED,26-09-2026 08:07,Arvind Bansal (DNCR)
26-09-2026,26-09-2026,FMPP4297153850,MangolpuriHub_DEL_PL,ASIAN RETAIL VENTURES +919871417000,7d400def2f504b7e,dispatched_to_mh,North,TRUEFLEX,611786,TRUEFLEX,MundirikaRam,MotherHub_YKB,BRSNR,MangolpuriHub_DEL_PL,PH-ZO-DELYKB-65953931,expected,OPENED,25-09-2026 23:11,Arvind Bansal (DNCR)
26-09-2026,26-09-2026,FMPC6529469107,MangolpuriHub_DEL_PL,ASIAN RETAIL VENTURES +919871417000,7d400def2f504b7e,dispatched_to_mh,North,TRUEFLEX,611786,TRUEFLEX,MundirikaRam,MotherHub_YKB,BRSNR,MangolpuriHub_DEL_PL,PH-ZO-DELYKB-65935964,expected,OPENED,25-09-2026 23:08,Arvind Bansal (DNCR)
26-09-2026,26-09-2026,SDLC1078622856,MangolpuriHub_DEL_PL,SDL : ASIAN FOOTWEARS PVT. LTD 7217778710,SDL_0ed2fee89632062cdd14ff183486310f,dispatched_to_mh,North,TRUEFLEX,611786,TRUEFLEX,MundirikaRam,MotherHub_YKB,BRSNR,MangolpuriHub_DEL_PL,PH-ZO-DELYKB-65918367,expected,OPENED,26-09-2026 01:04,Arvind Bansal (DNCR)
26-09-2026,26-09-2026,FMPC6529808285,MangolpuriHub_DEL_PL,ASIAN RETAIL VENTURES +919871417000,7d400def2f504b7e,dispatched_to_mh,North,TRUEFLEX,611786,TRUEFLEX,MundirikaRam,MotherHub_YKB,BRSNR,MangolpuriHub_DEL_PL,PH-ZO-DELYKB-65935964,expected,OPENED,25-09-2026 23:08,Arvind Bansal (DNCR)
26-09-2026,26-09-2026,SRSC8811394683,MangolpuriHub_DEL_PL,SRS : RX Peeragarhi 8810408843,SRS_6eb11a22be651f606edfc140f182b175,dispatched_to_mh,North,TRUEFLEX,827366,TRUEFLEX,SurajSingh,MotherHub_YKB,BRSNR,MangolpuriHub_DEL_PL,PH-ZO-DELYKB-65960347,expected,OPENED,26-09-2026 00:45,Arvind Bansal (DNCR)
26-09-2026,26-09-2026,FMPP4298637533,MangolpuriHub_DEL_PL,ASIAN RETAIL VENTURES +919871417000,7d400def2f504b7e,dispatched_to_mh,North,TRUEFLEX,611786,TRUEFLEX,MundirikaRam,MotherHub_YKB,BRSNR,MangolpuriHub_DEL_PL,PH-ZO-DELYKB-65953935,expected,OPENED,25-09-2026 23:11,Arvind Bansal (DNCR)
26-09-2026,26-09-2026,FMPC6529774911,MangolpuriHub_DEL_PL,ASIAN RETAIL VENTURES +919871417000,7d400def2f504b7e,dispatched_to_mh,North,TRUEFLEX,611786,TRUEFLEX,MundirikaRam,MotherHub_YKB,BRSNR,MangolpuriHub_DEL_PL,PH-ZO-DELYKB-65953922,expected,OPENED,26-09-2026 08:41,Arvind Bansal (DNCR)
26-09-2026,26-09-2026,FMPC6527663243,MangolpuriHub_DEL_PL,ASIAN RETAIL VENTURES +919871417000,7d400def2f504b7e,dispatched_to_mh,North,TRUEFLEX,611786,TRUEFLEX,MundirikaRam,MotherHub_YKB,BRSNR,MangolpuriHub_DEL_PL,PH-ZO-DELYKB-65935964,expected,OPENED,25-09-2026 23:08,Arvind Bansal (DNCR)
26-09-2026,26-09-2026,FMPP4298598216,MangolpuriHub_DEL_PL,SABIR TRADERS & CO. +918800212498,5b0ff0c5db8a4dda,received_at_mh,North,LMA,1.00E+11,KDKN LOGISTICS SERVICES PVT LTD,KamalKant,MotherHub_YKB,BRSNR,MangolpuriHub_DEL_PL,PH-ZO-DELYKB-65937102,expected,OPENED,26-09-2026 00:51,Arvind Bansal (DNCR)
26-09-2026,26-09-2026,FMPC6529884415,MangolpuriHub_DEL_PL,ASIAN RETAIL VENTURES +919871417000,7d400def2f504b7e,dispatched_to_mh,North,TRUEFLEX,611786,TRUEFLEX,MundirikaRam,MotherHub_YKB,BRSNR,MangolpuriHub_DEL_PL,PH-ZO-DELYKB-65935964,expected,OPENED,25-09-2026 23:08,Arvind Bansal (DNCR)
26-09-2026,26-09-2026,FMPC6527619260,MangolpuriHub_DEL_PL,ASIAN RETAIL VENTURES +919871417000,7d400def2f504b7e,dispatched_to_mh,North,TRUEFLEX,611786,TRUEFLEX,MundirikaRam,MotherHub_YKB,BRSNR,MangolpuriHub_DEL_PL,PH-ZO-DELYKB-65953922,expected,OPENED,26-09-2026 08:41,Arvind Bansal (DNCR)
26-09-2026,26-09-2026,FMPP4298225876,MangolpuriHub_DEL_PL,ASIAN RETAIL VENTURES +919871417000,7d400def2f504b7e,dispatched_to_mh,North,TRUEFLEX,611786,TRUEFLEX,MundirikaRam,MotherHub_YKB,BRSNR,MangolpuriHub_DEL_PL,PH-ZO-DELYKB-65953921,expected,OPENED,26-09-2026 00:57,Arvind Bansal (DNCR)
26-09-2026,26-09-2026,FMPC6529793354,MangolpuriHub_DEL_PL,ASIAN RETAIL VENTURES +919871417000,7d400def2f504b7e,dispatched_to_mh,North,TRUEFLEX,611786,TRUEFLEX,MundirikaRam,MotherHub_YKB,BRSNR,MangolpuriHub_DEL_PL,PH-ZO-DELYKB-65935964,expected,OPENED,25-09-2026 23:08,Arvind Bansal (DNCR)
26-09-2026,26-09-2026,FMPP4297677537,MangolpuriHub_DEL_PL,ASIAN RETAIL VENTURES +919871417000,7d400def2f504b7e,dispatched_to_mh,North,TRUEFLEX,611786,TRUEFLEX,MundirikaRam,MotherHub_YKB,BRSNR,MangolpuriHub_DEL_PL,PH-ZO-DELYKB-65953931,expected,OPENED,25-09-2026 23:11,Arvind Bansal (DNCR)
26-09-2026,26-09-2026,FMPP4298421651,MangolpuriHub_DEL_PL,ASIAN RETAIL VENTURES +919871417000,7d400def2f504b7e,dispatched_to_mh,North,TRUEFLEX,611786,TRUEFLEX,MundirikaRam,MotherHub_YKB,BRSNR,MangolpuriHub_DEL_PL,PH-ZO-DELYKB-65935964,expected,OPENED,25-09-2026 23:08,Arvind Bansal (DNCR)
26-09-2026,26-09-2026,FMPC6527641475,MangolpuriHub_DEL_PL,ASIAN RETAIL VENTURES +919871417000,7d400def2f504b7e,dispatched_to_mh,North,TRUEFLEX,611786,TRUEFLEX,MundirikaRam,MotherHub_YKB,BRSNR,MangolpuriHub_DEL_PL,PH-ZO-DELYKB-65953922,expected,OPENED,26-09-2026 08:41,Arvind Bansal (DNCR)
26-09-2026,26-09-2026,FMPC6529696170,MangolpuriHub_DEL_PL,ASIAN RETAIL VENTURES +919871417000,7d400def2f504b7e,dispatched_to_mh,North,TRUEFLEX,611786,TRUEFLEX,MundirikaRam,MotherHub_YKB,BRSNR,MangolpuriHub_DEL_PL,PH-ZO-DELYKB-65953935,expected,OPENED,25-09-2026 23:11,Arvind Bansal (DNCR)
26-09-2026,26-09-2026,FMPP4298732889,MangolpuriHub_DEL_PL,ASIAN RETAIL VENTURES +919871417000,7d400def2f504b7e,dispatched_to_mh,North,TRUEFLEX,611786,TRUEFLEX,MundirikaRam,MotherHub_YKB,BRSNR,MangolpuriHub_DEL_PL,PH-ZO-DELYKB-65953931,expected,OPENED,25-09-2026 23:11,Arvind Bansal (DNCR)
26-09-2026,26-09-2026,FMPP4298758010,MangolpuriHub_DEL_PL,ASIAN RETAIL VENTURES +919871417000,7d400def2f504b7e,dispatched_to_mh,North,TRUEFLEX,611786,TRUEFLEX,MundirikaRam,MotherHub_YKB,BRSNR,MangolpuriHub_DEL_PL,PH-ZO-DELYKB-65953931,expected,OPENED,25-09-2026 23:11,Arvind Bansal (DNCR)
26-09-2026,26-09-2026,FMPP4296916586,MangolpuriHub_DEL_PL,LASHKARA ESSENTIALS +919899330856,4c8122cd3aa64077,dispatched_to_mh,North,TRUEFLEX,845458,TRUEFLEX,TabrejTabrej,MotherHub_YKB,BRSNR,MangolpuriHub_DEL_PL,PH-ZO-DELYKB-65453926,expected,OPENED,26-09-2026 01:14,Arvind Bansal (DNCR)
26-09-2026,26-09-2026,FMPP4297239752,MangolpuriHub_DEL_PL,MAHI ENTERPRISES +918796149645,5b958b9aaabb42e0,dispatched_to_mh,North,TRUEFLEX,827366,TRUEFLEX,SurajSingh,MotherHub_YKB,BRSNR,MangolpuriHub_DEL_PL,PH-ZO-DELYKB-65935220,expected,OPENED,26-09-2026 01:15,Arvind Bansal (DNCR)
26-09-2026,26-09-2026,FMPC6527185851,MangolpuriHub_DEL_PL,Msv Prompt Shop private limited +917428844084,cb6b58770e8647e4,dispatched_to_mh,North,TRUEFLEX,593395,TRUEFLEX,Satpal,MotherHub_YKB,BRSNR,MangolpuriHub_DEL_PL,PH-ZO-DELYKB-65937442,expected,OPENED,26-09-2026 00:48,Arvind Bansal (DNCR)
26-09-2026,26-09-2026,FMPP4297431424,MangolpuriHub_DEL_PL,ASIAN RETAIL VENTURES +919871417000,7d400def2f504b7e,dispatched_to_mh,North,TRUEFLEX,611786,TRUEFLEX,MundirikaRam,MotherHub_YKB,BRSNR,MangolpuriHub_DEL_PL,PH-ZO-DELYKB-65953922,expected,OPENED,26-09-2026 08:41,Arvind Bansal (DNCR)
26-09-2026,26-09-2026,FMPC6527638439,MangolpuriHub_DEL_PL,ASIAN FOOTWEARS PVT.LTD. +917217777673,57f1076aa72b4ef4,dispatched_to_mh,North,TRUEFLEX,611786,TRUEFLEX,MundirikaRam,MotherHub_YKB,BRSNR,MangolpuriHub_DEL_PL,PH-ZO-DELYKB-65918352,expected,OPENED,26-09-2026 01:11,Arvind Bansal (DNCR)
26-09-2026,26-09-2026,FMPC6529539935,MangolpuriHub_DEL_PL,GROUPONE RETAIL +919999427172,4e215dbc51634565,dispatched_to_mh,North,TRUEFLEX,593395,TRUEFLEX,Satpal,MotherHub_YKB,BRSNR,MangolpuriHub_DEL_PL,PH-ZO-DELYKB-65915072,expected,OPENED,26-09-2026 01:00,Arvind Bansal (DNCR)
26-09-2026,26-09-2026,MYEP1137564883,MangolpuriHub_DEL_PL,MYE : ARSHAN FOOT FASHION DELHI PPMP 7827342763,MYE_4a46236c6050779470d2b768bde53e43,dispatched_to_mh,North,TRUEFLEX,635051,TRUEFLEX,LalitKumar,MotherHub_YKB,BRSNR,MangolpuriHub_DEL_PL,PH-ZO-DELYKB-65939294,expected,OPENED,26-09-2026 00:48,Arvind Bansal (DNCR)
26-09-2026,26-09-2026,FMPP4298152450,MangolpuriHub_DEL_PL,ASIAN RETAIL VENTURES +919871417000,7d400def2f504b7e,dispatched_to_mh,North,TRUEFLEX,611786,TRUEFLEX,MundirikaRam,MotherHub_YKB,BRSNR,MangolpuriHub_DEL_PL,PH-ZO-DELYKB-65953935,expected,OPENED,25-09-2026 23:11,Arvind Bansal (DNCR)
26-09-2026,26-09-2026,FMPC6529870953,MangolpuriHub_DEL_PL,ASIAN RETAIL VENTURES +919871417000,7d400def2f504b7e,dispatched_to_mh,North,TRUEFLEX,611786,TRUEFLEX,MundirikaRam,MotherHub_YKB,BRSNR,MangolpuriHub_DEL_PL,PH-ZO-DELYKB-65953935,expected,OPENED,25-09-2026 23:11,Arvind Bansal (DNCR)
26-09-2026,26-09-2026,FMPP4297573802,NehruPlaceHub_DEL_PL,RAR BUSINESS SOLUTIONS +919555920467,71453a215a3c4aca,dispatched_to_mh,North,LMA,1.00E+11,Fastbeetle service,Ranu,MotherHub_YKB,BRSNR,NehruPlaceHub_DEL_PL,PH-ZO-DELYKB-65941263,expected,OPENED,26-09-2026 01:38,Arvind Bansal (DNCR)
26-09-2026,26-09-2026,FMPC6529276744,NajafgarhHub_DEL_PL,Sahil Traders +918527055591,f18cd26ff6ba4170,received_at_mh,North,LMA,1.00E+11,Fastbeetle service,VivekRaj,MotherHub_YKB,BRSNR,NajafgarhHub_DEL_PL,PH-ZO-DELYKB-65935734,expected,OPENED,26-09-2026 04:57,Arvind Bansal (DNCR)
26-09-2026,26-09-2026,FMPP4298653810,MundkaHub_DEL_PL,CORNET OVERSEAS +917876893941,aa726921b67e4226,dispatched_to_mh,North,TRUEFLEX,891077,TRUEFLEX,NarenderNarender,MotherHub_YKB,BRSNR,MundkaHub_DEL_PL,PH-ZO-DELYKB-65942315,expected,OPENED,25-09-2026 23:30,Arvind Bansal (DNCR)
26-09-2026,26-09-2026,FMPP4296576273,Motibaghhub_DEL_PL,JMD ENTERPRISES +918800190619,6f72b55545d2450f,received_at_mh,North,LMA,1.00E+11,We Innovate Business Solutions Pvt Ltd,Abhishek,MotherHub_YKB,BRSNR,Motibaghhub_DEL_PL,PH-ZO-DELYKB-65930478,expected,OPENED,26-09-2026 03:02,Arvind Bansal (DNCR)
26-09-2026,26-09-2026,FMPP4298162401,PaharganjHub_DEL_PL,LDS MARKETING +919999094451,87750640a76044a0,received_at_mh,North,TRUEFLEX,667309,TRUEFLEX,KanchanThakur,MotherHub_YKB,BRSNR,PaharganjHub_DEL_PL,PH-ZO-DELYKB-65641419,expected,OPENED,26-09-2026 01:24,Arvind Bansal (DNCR)
26-09-2026,26-09-2026,FMPP4297460838,NajafgarhHub_DEL_PL,Harsh Book Depot +918860411654,8c590eed7ee94993,received_at_mh,North,LMA,1.00E+11,AADIYOGI LOGISTIC PRIVATE LIMITED,Yuvraj,MotherHub_YKB,BRSNR,NajafgarhHub_DEL_PL,PH-ZO-DELYKB-65662823,expected,OPENED,26-09-2026 01:56,Arvind Bansal (DNCR)
26-09-2026,26-09-2026,FMPC6528134991,NehruPlaceHub_DEL_PL,ARJ FASHION +917065823187,4dfb184fbea64687,dispatched_to_mh,North,TRUEFLEX,982214,TRUEFLEX,#N/A,MotherHub_YKB,BRSNR,NehruPlaceHub_DEL_PL,PH-ZO-DELYKB-65939590,expected,OPENED,26-09-2026 02:04,Arvind Bansal (DNCR)
26-09-2026,26-09-2026,FMPC6528601028,MundkaHub_DEL_PL,RASHU TOYS PRIVATE LIMITED +919599626661,95938b6bfc824bd1,received_at_mh,North,LMA,1.00E+11,SMARDOCE SOLUTIONS PVT LTD,Abhishek,MotherHub_YKB,BRSNR,MundkaHub_DEL_PL,PH-ZO-DELYKB-65946627,expected,OPENED,26-09-2026 00:20,Arvind Bansal (DNCR)
26-09-2026,26-09-2026,FMPC6529629910,Motibaghhub_DEL_PL,AACEPRO TECHNOLOGIES +919355513191,4c65fa6774c340a6,dispatched_to_mh,North,TRUEFLEX,981845,TRUEFLEX,#N/A,MotherHub_YKB,BRSNR,Motibaghhub_DEL_PL,PH-ZO-DELYKB-65929436,expected,OPENED,26-09-2026 00:38,Arvind Bansal (DNCR)
26-09-2026,26-09-2026,FMPP4297794838,Motibaghhub_DEL_PL,My Earth Store +917503678804,824afd45562543e7,received_at_mh,North,LMA,1.00E+11,WERCATALYST VENTURES PVT LTD,MOHIT,MotherHub_YKB,BRSNR,Motibaghhub_DEL_PL,PH-ZO-DELYKB-65454305,expected,OPENED,26-09-2026 00:35,Arvind Bansal (DNCR)
26-09-2026,26-09-2026,FMPP4297221292,PaharganjHub_DEL_PL,APICAL SPARES CO +918527934283,e52c2ddbbe3f4a52,received_at_mh,North,LMA,1.00E+11,#N/A,#N/A,MotherHub_YKB,BRSNR,PaharganjHub_DEL_PL,PH-ZO-DELYKB-65896930,expected,OPENED,26-09-2026 02:41,Arvind Bansal (DNCR)
26-09-2026,26-09-2026,FMPC6528016606,PaharganjHub_DEL_PL,JOYE ENTERPRISES +919971193707,ba116e66ce0a4062,received_at_mh,North,LMA,1.00E+11,#N/A,#N/A,MotherHub_YKB,BRSNR,PaharganjHub_DEL_PL,PH-ZO-DELYKB-65929525,expected,OPENED,26-09-2026 02:38,Arvind Bansal (DNCR)
26-09-2026,26-09-2026,FMPC6528043745,MundkaHub_DEL_PL,SARITA CREATION +918810526088,416bf3754bdd41cc,dispatched_to_mh,North,TRUEFLEX,891077,TRUEFLEX,NarenderNarender,MotherHub_YKB,BRSNR,MundkaHub_DEL_PL,PH-ZO-DELYKB-65942315,expected,OPENED,25-09-2026 23:30,Arvind Bansal (DNCR)
26-09-2026,26-09-2026,FMPP4297787498,MundkaHub_DEL_PL,SB ENTERPRISES +919625664035,3c1c560802844655,received_at_mh,North,TRUEFLEX,758608,TRUEFLEX,Avnish,MotherHub_YKB,BRSNR,MundkaHub_DEL_PL,PH-ZO-DELYKB-65883335,expected,OPENED,25-09-2026 22:45,Arvind Bansal (DNCR)
26-09-2026,26-09-2026,FMPC6529444282,PaharganjHub_DEL_PL,ARMAN COMMUNICATION +919953011786,07c3fc44b3de4566,dispatched_to_mh,North,LMA,1.00E+11,We Innovate Business Solutions Pvt Ltd,KunalKashyap,MotherHub_YKB,BRSNR,PaharganjHub_DEL_PL,PH-ZO-DELYKB-65926060,expected,OPENED,26-09-2026 02:38,Arvind Bansal (DNCR)
26-09-2026,26-09-2026,FMPP4298704806,MundkaHub_DEL_PL,CORNET OVERSEAS +917876893941,aa726921b67e4226,dispatched_to_mh,North,TRUEFLEX,891077,TRUEFLEX,NarenderNarender,MotherHub_YKB,BRSNR,MundkaHub_DEL_PL,PH-ZO-DELYKB-65942315,expected,OPENED,25-09-2026 23:30,Arvind Bansal (DNCR)
26-09-2026,26-09-2026,FMPC6529421893,MundkaHub_DEL_PL,ANAMYA ENTERPRISES +918825297276,66a55d9fd8b24394,dispatched_to_mh,North,TRUEFLEX,891077,TRUEFLEX,NarenderNarender,MotherHub_YKB,BRSNR,MundkaHub_DEL_PL,PH-ZO-DELYKB-65942312,expected,OPENED,25-09-2026 23:37,Arvind Bansal (DNCR)
26-09-2026,26-09-2026,FMPP4298776337,MundkaHub_DEL_PL,ANAMYA ENTERPRISES +918825297276,66a55d9fd8b24394,dispatched_to_mh,North,TRUEFLEX,891077,TRUEFLEX,NarenderNarender,MotherHub_YKB,BRSNR,MundkaHub_DEL_PL,PH-ZO-DELYKB-65942312,expected,OPENED,25-09-2026 23:37,Arvind Bansal (DNCR)
26-09-2026,26-09-2026,FMPC6529301165,MundkaHub_DEL_PL,ANAMYA ENTERPRISES +918825297276,66a55d9fd8b24394,dispatched_to_mh,North,TRUEFLEX,891077,TRUEFLEX,NarenderNarender,MotherHub_YKB,BRSNR,MundkaHub_DEL_PL,PH-ZO-DELYKB-65942312,expected,OPENED,25-09-2026 23:37,Arvind Bansal (DNCR)
26-09-2026,26-09-2026,FMPC6529079271,MundkaHub_DEL_PL,PLEXUS ENTERPRISES +918595794415,ab0dfa01c7484d87,dispatched_to_mh,North,TRUEFLEX,864690,TRUEFLEX,MohdRahmat Ali,MotherHub_YKB,BRSNR,MundkaHub_DEL_PL,PH-ZO-DELYKB-65936380,expected,OPENED,25-09-2026 22:53,Arvind Bansal (DNCR)
26-09-2026,26-09-2026,FMPP4297918835,MundkaHub_DEL_PL,ANAMYA ENTERPRISES +918825297276,66a55d9fd8b24394,dispatched_to_mh,North,TRUEFLEX,891077,TRUEFLEX,NarenderNarender,MotherHub_YKB,BRSNR,MundkaHub_DEL_PL,PH-ZO-DELYKB-65942312,expected,OPENED,25-09-2026 23:37,Arvind Bansal (DNCR)
26-09-2026,26-09-2026,FMPC6526925979,PaharganjHub_DEL_PL,GET DRESSED UP +919319519447,3727f850ed6a426d,dispatched_to_mh,North,TRUEFLEX,839309,TRUEFLEX,SantoshKumar,MotherHub_YKB,BRSNR,PaharganjHub_DEL_PL,PH-ZO-DELYKB-65924896,expected,OPENED,26-09-2026 01:24,Arvind Bansal (DNCR)
26-09-2026,26-09-2026,FMPC6526669484,Motibaghhub_DEL_PL,S A CREATION +919990182679,edc0bb95a8c3433a,dispatched_to_mh,North,LMA,1.00E+11,We Innovate Business Solutions Pvt Ltd,Vikas,MotherHub_YKB,BRSNR,Motibaghhub_DEL_PL,PH-ZO-DELYKB-65929797,expected,OPENED,26-09-2026 03:07,Arvind Bansal (DNCR)
26-09-2026,26-09-2026,FMPP4297930686,MundkaHub_DEL_PL,CORNET OVERSEAS +917876893941,aa726921b67e4226,dispatched_to_mh,North,TRUEFLEX,891077,TRUEFLEX,NarenderNarender,MotherHub_YKB,BRSNR,MundkaHub_DEL_PL,PH-ZO-DELYKB-65942315,expected,OPENED,25-09-2026 23:30,Arvind Bansal (DNCR)
26-09-2026,26-09-2026,FMPP4297968868,MundkaHub_DEL_PL,CORNET OVERSEAS +917876893941,aa726921b67e4226,dispatched_to_mh,North,TRUEFLEX,891077,TRUEFLEX,NarenderNarender,MotherHub_YKB,BRSNR,MundkaHub_DEL_PL,PH-ZO-DELYKB-65942315,expected,OPENED,25-09-2026 23:30,Arvind Bansal (DNCR)
26-09-2026,26-09-2026,SRSC0792407237,PaharganjHub_DEL_PL,SRS : RX Karol Bagh Delhi 7982290871,SRS_0cb583684f6c888318350c204a323cc2,dispatched_to_mh,North,TRUEFLEX,590407,TRUEFLEX,SunilKumar,MotherHub_YKB,BRSNR,PaharganjHub_DEL_PL,PH-ZO-DELYKB-65808757,expected,OPENED,26-09-2026 02:52,Arvind Bansal (DNCR)
26-09-2026,26-09-2026,FMPC6529781078,Motibaghhub_DEL_PL,Hitesh Enterprises +917011355439,8ccb27a0f28a4378,dispatched_to_mh,North,LMA,1.00E+11,#N/A,#N/A,MotherHub_YKB,BRSNR,Motibaghhub_DEL_PL,PH-ZO-DELYKB-65931142,expected,OPENED,26-09-2026 00:44,Arvind Bansal (DNCR)
26-09-2026,26-09-2026,FMPC6527533781,NehruPlaceHub_DEL_PL,STOREVIX +919939464255,96f26f387d9749ef,dispatched_to_mh,North,LMA,1.00E+11,#N/A,#N/A,MotherHub_YKB,BRSNR,NehruPlaceHub_DEL_PL,PH-ZO-DELYKB-65941812,expected,OPENED,26-09-2026 02:14,Arvind Bansal (DNCR)
26-09-2026,26-09-2026,FMPP4297856972,MundkaHub_DEL_PL,CORNET OVERSEAS +917876893941,aa726921b67e4226,dispatched_to_mh,North,TRUEFLEX,891077,TRUEFLEX,NarenderNarender,MotherHub_YKB,BRSNR,MundkaHub_DEL_PL,PH-ZO-DELYKB-65942315,expected,OPENED,25-09-2026 23:30,Arvind Bansal (DNCR)
26-09-2026,26-09-2026,FMPP4297480738,PaharganjHub_DEL_PL,VIYA ENTERPRISES +919871196477,fd393d09ad754fe0,dispatched_to_mh,North,TRUEFLEX,900466,TRUEFLEX,AmarendraKumar Gupta,MotherHub_YKB,BRSNR,PaharganjHub_DEL_PL,PH-ZO-DELYKB-65924561,expected,OPENED,26-09-2026 01:27,Arvind Bansal (DNCR)
26-09-2026,26-09-2026,MYEC1120454700,PaharganjHub_DEL_PL,MYE : ARMAN COMMUNICATION-delhi_PPMP_NDAM 9953011786,MYE_0ca345e9ad47f6906efb07a4941ddce6,dispatched_to_mh,North,LMA,1.00E+11,We Innovate Business Solutions Pvt Ltd,KunalKashyap,MotherHub_YKB,BRSNR,PaharganjHub_DEL_PL,PH-ZO-DELYKB-65870508,expected,OPENED,26-09-2026 02:39,Arvind Bansal (DNCR)
26-09-2026,26-09-2026,FMPC6529905455,PaharganjHub_DEL_PL,PARSLEY COLLECTION +919625092235,6863fa797ec84fdd,dispatched_to_mh,North,LMA,1.00E+11,We Innovate Business Solutions Pvt Ltd,JAHIR,MotherHub_YKB,BRSNR,PaharganjHub_DEL_PL,PH-ZO-DELYKB-65926146,expected,OPENED,26-09-2026 02:31,Arvind Bansal (DNCR)
26-09-2026,26-09-2026,FMPC6529655475,Motibaghhub_DEL_PL,Hitesh Enterprises +917011355439,8ccb27a0f28a4378,dispatched_to_mh,North,LMA,1.00E+11,#N/A,#N/A,MotherHub_YKB,BRSNR,Motibaghhub_DEL_PL,PH-ZO-DELYKB-65931143,expected,OPENED,26-09-2026 00:48,Arvind Bansal (DNCR)
26-09-2026,26-09-2026,FMPP4297950971,MundkaHub_DEL_PL,ANAMYA ENTERPRISES +918825297276,66a55d9fd8b24394,dispatched_to_mh,North,TRUEFLEX,891077,TRUEFLEX,NarenderNarender,MotherHub_YKB,BRSNR,MundkaHub_DEL_PL,PH-ZO-DELYKB-65942312,expected,OPENED,25-09-2026 23:37,Arvind Bansal (DNCR)
26-09-2026,26-09-2026,FMPC6524881916,Motibaghhub_DEL_PL,SARNA TRADERS +919015212223,04d57f321d0b4a27,dispatched_to_mh,North,LMA,1.00E+11,WERCATALYST VENTURES PVT LTD,MOHIT,MotherHub_YKB,BRSNR,Motibaghhub_DEL_PL,PH-ZO-DELYKB-65454305,expected,OPENED,26-09-2026 00:35,Arvind Bansal (DNCR)
26-09-2026,26-09-2026,FMPC6528902037,Motibaghhub_DEL_PL,SHRI BANKEY BIHARI JEWELLERS +919354310942,726990a5dc72460e,dispatched_to_mh,North,LMA,1.00E+11,#N/A,#N/A,MotherHub_YKB,BRSNR,Motibaghhub_DEL_PL,PH-ZO-DELYKB-65931140,expected,OPENED,26-09-2026 00:47,Arvind Bansal (DNCR)
26-09-2026,26-09-2026,FMPP4297807634,NehruPlaceHub_DEL_PL,Shanaya Moda +918448277105,7fbd38a260084ed9,dispatched_to_mh,North,LMA,1.00E+11,Fastbeetle service,Ranu,MotherHub_YKB,BRSNR,NehruPlaceHub_DEL_PL,PH-ZO-DELYKB-65941257,expected,OPENED,26-09-2026 01:38,Arvind Bansal (DNCR)
26-09-2026,26-09-2026,FMPP4298776342,MundkaHub_DEL_PL,ANAMYA ENTERPRISES +918825297276,66a55d9fd8b24394,dispatched_to_mh,North,TRUEFLEX,891077,TRUEFLEX,NarenderNarender,MotherHub_YKB,BRSNR,MundkaHub_DEL_PL,PH-ZO-DELYKB-65942312,expected,OPENED,25-09-2026 23:37,Arvind Bansal (DNCR)
26-09-2026,26-09-2026,FMPP4298998512,Motibaghhub_DEL_PL,N.M.CONSULTANTS +919718882349,6576ccabb07145c1,dispatched_to_mh,North,TRUEFLEX,725822,TRUEFLEX,ROHITGUPTA,MotherHub_YKB,BRSNR,Motibaghhub_DEL_PL,PH-ZO-DELYKB-65583543,expected,OPENED,26-09-2026 00:34,Arvind Bansal (DNCR)
26-09-2026,26-09-2026,FMPC6529611969,NajafgarhHub_DEL_PL,M/S DECOR FUSION +919625122384,ec30e7efecf248db,received_at_mh,North,LMA,1.00E+11,Sitics,MdChand,MotherHub_YKB,BRSNR,NajafgarhHub_DEL_PL,PH-ZO-DELYKB-65900519,expected,OPENED,26-09-2026 01:13,Arvind Bansal (DNCR)
26-09-2026,26-09-2026,FMPP4297053623,Motibaghhub_DEL_PL,SHRI BANKEY BIHARI JEWELLERS +919354310942,726990a5dc72460e,dispatched_to_mh,North,LMA,1.00E+11,#N/A,#N/A,MotherHub_YKB,BRSNR,Motibaghhub_DEL_PL,PH-ZO-DELYKB-65931140,expected,OPENED,26-09-2026 00:47,Arvind Bansal (DNCR)
26-09-2026,26-09-2026,FMPC6529060790,MundkaHub_DEL_PL,CORNET OVERSEAS +917876893941,aa726921b67e4226,dispatched_to_mh,North,TRUEFLEX,891077,TRUEFLEX,NarenderNarender,MotherHub_YKB,BRSNR,MundkaHub_DEL_PL,PH-ZO-DELYKB-65942315,expected,OPENED,25-09-2026 23:30,Arvind Bansal (DNCR)
26-09-2026,26-09-2026,FMPC6528292863,MundkaHub_DEL_PL,ANAMYA ENTERPRISES +918825297276,66a55d9fd8b24394,dispatched_to_mh,North,TRUEFLEX,891077,TRUEFLEX,NarenderNarender,MotherHub_YKB,BRSNR,MundkaHub_DEL_PL,PH-ZO-DELYKB-65942312,expected,OPENED,25-09-2026 23:37,Arvind Bansal (DNCR)
26-09-2026,26-09-2026,FMPC6527250755,NehruPlaceHub_DEL_PL,KIRSHU FASHION +919811098580,b242962cd4a940f5,dispatched_to_mh,North,LMA,1.00E+11,Fastbeetle service,Ranu,MotherHub_YKB,BRSNR,NehruPlaceHub_DEL_PL,PH-ZO-DELYKB-65941261,expected,OPENED,26-09-2026 01:38,Arvind Bansal (DNCR)
26-09-2026,26-09-2026,FMPC6529389475,NehruPlaceHub_DEL_PL,Vacotta Design +919667933191,d54a17a8d7f94756,received_at_mh,North,TRUEFLEX,908487,TRUEFLEX,MdArman,MotherHub_YKB,BRSNR,NehruPlaceHub_DEL_PL,PH-ZO-DELYKB-65938892,expected,OPENED,26-09-2026 02:08,Arvind Bansal (DNCR)
26-09-2026,26-09-2026,FMPP4297907630,MundkaHub_DEL_PL,CORNET OVERSEAS +917876893941,aa726921b67e4226,dispatched_to_mh,North,TRUEFLEX,891077,TRUEFLEX,NarenderNarender,MotherHub_YKB,BRSNR,MundkaHub_DEL_PL,PH-ZO-DELYKB-65942315,expected,OPENED,25-09-2026 23:30,Arvind Bansal (DNCR)
26-09-2026,26-09-2026,FMPC6527577503,Motibaghhub_DEL_PL,S K ENTERRPRICES +917678474041,84de08e89d6f4e56,dispatched_to_mh,North,LMA,1.00E+11,#N/A,#N/A,MotherHub_YKB,BRSNR,Motibaghhub_DEL_PL,PH-ZO-DELYKB-65931598,expected,OPENED,26-09-2026 02:49,Arvind Bansal (DNCR)
26-09-2026,26-09-2026,FMPP4298196621,Motibaghhub_DEL_PL,Gurbani Enterprises +919871991470,0a282e01817b436a,dispatched_to_mh,North,LMA,1.00E+11,We Innovate Business Solutions Pvt Ltd,Abhishek,MotherHub_YKB,BRSNR,Motibaghhub_DEL_PL,PH-ZO-DELYKB-65859461,expected,OPENED,26-09-2026 03:14,Arvind Bansal (DNCR)
26-09-2026,26-09-2026,FMPC6527640480,MundkaHub_DEL_PL,ANAMYA ENTERPRISES +918825297276,66a55d9fd8b24394,dispatched_to_mh,North,TRUEFLEX,891077,TRUEFLEX,NarenderNarender,MotherHub_YKB,BRSNR,MundkaHub_DEL_PL,PH-ZO-DELYKB-65942312,expected,OPENED,25-09-2026 23:37,Arvind Bansal (DNCR)
26-09-2026,26-09-2026,FMPP4298615545,MundkaHub_DEL_PL,ANAMYA ENTERPRISES +918825297276,66a55d9fd8b24394,dispatched_to_mh,North,TRUEFLEX,891077,TRUEFLEX,NarenderNarender,MotherHub_YKB,BRSNR,MundkaHub_DEL_PL,PH-ZO-DELYKB-65942312,expected,OPENED,25-09-2026 23:37,Arvind Bansal (DNCR)
26-09-2026,26-09-2026,MYEC1120422576,Motibaghhub_DEL_PL,MYE : GULATI FOOTWEAR-DELHI_PPMP_AMOD 9711404012,MYE_1a0910c9f83b4002f5b82e7508079223,dispatched_to_mh,North,LMA,1.00E+11,#N/A,#N/A,MotherHub_YKB,BRSNR,Motibaghhub_DEL_PL,PH-ZO-DELYKB-65932214,expected,OPENED,26-09-2026 00:39,Arvind Bansal (DNCR)
26-09-2026,26-09-2026,FMPP4296869106,NehruPlaceHub_DEL_PL,ROYAL IMPEX +919958125434,bc7374466ac84eb7,dispatched_to_mh,North,TRUEFLEX,606372,TRUEFLEX,MongalHaldar,MotherHub_YKB,BRSNR,NehruPlaceHub_DEL_PL,PH-ZO-DELYKB-65689209,expected,OPENED,26-09-2026 02:24,Arvind Bansal (DNCR)
26-09-2026,26-09-2026,FMPC6527726993,MundkaHub_DEL_PL,ANAMYA ENTERPRISES +918825297276,66a55d9fd8b24394,dispatched_to_mh,North,TRUEFLEX,891077,TRUEFLEX,NarenderNarender,MotherHub_YKB,BRSNR,MundkaHub_DEL_PL,PH-ZO-DELYKB-65942312,expected,OPENED,25-09-2026 23:37,Arvind Bansal (DNCR)
26-09-2026,26-09-2026,MYEP1137523953,NehruPlaceHub_DEL_PL,MYE : THE RAINBOW TRIBE 8826887115,MYE_89535f43eb995f81c57244c427b01816,dispatched_to_mh,North,TRUEFLEX,908487,TRUEFLEX,MdArman,MotherHub_YKB,BRSNR,NehruPlaceHub_DEL_PL,PH-ZO-DELYKB-65938897,expected,OPENED,26-09-2026 01:57,Arvind Bansal (DNCR)
26-09-2026,26-09-2026,FMPP4297880628,MundkaHub_DEL_PL,ANAMYA ENTERPRISES +918825297276,66a55d9fd8b24394,dispatched_to_mh,North,TRUEFLEX,891077,TRUEFLEX,NarenderNarender,MotherHub_YKB,BRSNR,MundkaHub_DEL_PL,PH-ZO-DELYKB-65942312,expected,OPENED,25-09-2026 23:37,Arvind Bansal (DNCR)
26-09-2026,26-09-2026,FMPC6528438840,Motibaghhub_DEL_PL,SAVIA TOYS +919811909559,5132454e48ca461b,dispatched_to_mh,North,TRUEFLEX,981845,TRUEFLEX,#N/A,MotherHub_YKB,BRSNR,Motibaghhub_DEL_PL,PH-ZO-DELYKB-65687893,expected,OPENED,26-09-2026 05:55,Arvind Bansal (DNCR)
26-09-2026,26-09-2026,FMPC6530366434,PaharganjHub_DEL_PL,ART IFACT +919599712274,762935c276bd4fab,dispatched_to_mh,North,LMA,1.00E+11,Fastbeetle service,Ghanshyam KumarMandal,MotherHub_YKB,BRSNR,PaharganjHub_DEL_PL,PH-ZO-DELYKB-65897704,expected,OPENED,26-09-2026 02:38,Arvind Bansal (DNCR)
26-09-2026,26-09-2026,FMPP4297454563,PaharganjHub_DEL_PL,AMAR ENTERPRISES +919625860196,71f63221b9eb479b,dispatched_to_mh,North,TRUEFLEX,591438,TRUEFLEX,RAHUL KUMARMEHTO,MotherHub_YKB,BRSNR,PaharganjHub_DEL_PL,PH-ZO-DELYKB-65940540,expected,OPENED,26-09-2026 01:13,Arvind Bansal (DNCR)
26-09-2026,26-09-2026,NABP0000117952,Motibaghhub_DEL_PL,NAB : JPJ WH 9728867194,NAB_bd1d3e15a56f0e23141ff6e854afbd3d,dispatched_to_mh,North,LMA,1.00E+11,Sitics,RaushanKumar,MotherHub_YKB,BRSNR,Motibaghhub_DEL_PL,PH-ZO-DELYKB-65827813,expected,OPENED,26-09-2026 00:37,Arvind Bansal (DNCR)
26-09-2026,26-09-2026,FMPC6529081099,MundkaHub_DEL_PL,SURAJ WASHING +918076379217,ffa16c3359404353,dispatched_to_mh,North,TRUEFLEX,636481,TRUEFLEX,Himanshu,MotherHub_YKB,BRSNR,MundkaHub_DEL_PL,PH-ZO-DELYKB-65944283,expected,OPENED,26-09-2026 00:03,Arvind Bansal (DNCR)
26-09-2026,26-09-2026,FMPC6527693316,Motibaghhub_DEL_PL,UNITED CONSTRUCTION CO 9811127949,f42a53b5b74440d1,dispatched_to_mh,North,LMA,1.00E+11,#N/A,#N/A,MotherHub_YKB,BRSNR,Motibaghhub_DEL_PL,PH-ZO-DELYKB-65941144,expected,OPENED,26-09-2026 00:32,Arvind Bansal (DNCR)
26-09-2026,26-09-2026,FMPP4298819252,Motibaghhub_DEL_PL,EIGHTEEN PLUS APPARELS +919897935051,a9b965c576d14ebf,dispatched_to_mh,North,TRUEFLEX,725822,TRUEFLEX,ROHITGUPTA,MotherHub_YKB,BRSNR,Motibaghhub_DEL_PL,PH-ZO-DELYKB-65583545,expected,OPENED,26-09-2026 00:29,Arvind Bansal (DNCR)
26-09-2026,26-09-2026,FMPP4298164793,Motibaghhub_DEL_PL,UNITED CONSTRUCTION CO 9811127949,f42a53b5b74440d1,dispatched_to_mh,North,LMA,1.00E+11,#N/A,#N/A,MotherHub_YKB,BRSNR,Motibaghhub_DEL_PL,PH-ZO-DELYKB-65941144,expected,OPENED,26-09-2026 00:32,Arvind Bansal (DNCR)
26-09-2026,26-09-2026,FMPP4298542764,Motibaghhub_DEL_PL,MR ENTERPRISE +918076483752,5e6b4bdd79d24071,dispatched_to_mh,North,TRUEFLEX,1276705,TRUEFLEX,PawanChand,MotherHub_YKB,BRSNR,Motibaghhub_DEL_PL,PH-ZO-DELYKB-65380396,expected,OPENED,26-09-2026 05:44,Arvind Bansal (DNCR)
26-09-2026,26-09-2026,FMPC6528225686,MundkaHub_DEL_PL,BERSACHE SPORTS INTERNATIONAL PRIVATE LIMITED +919560839910,09bc7674f11f4591,received_at_mh,North,LMA,1.00E+11,Transwide Express,NoorMohammad,MotherHub_YKB,BRSNR,MundkaHub_DEL_PL,PH-ZO-DELYKB-65948610,expected,OPENED,25-09-2026 22:42,Arvind Bansal (DNCR)
26-09-2026,26-09-2026,FMPC6528589214,Motibaghhub_DEL_PL,SHRI BANKEY BIHARI JEWELLERS +919354310942,726990a5dc72460e,dispatched_to_mh,North,LMA,1.00E+11,#N/A,#N/A,MotherHub_YKB,BRSNR,Motibaghhub_DEL_PL,PH-ZO-DELYKB-65931140,expected,OPENED,26-09-2026 00:47,Arvind Bansal (DNCR)
26-09-2026,26-09-2026,FMPC6528939297,Motibaghhub_DEL_PL,JAGDAMBA ENTERPRISES +918851155463,120d3816bb684d83,received_at_mh,North,TRUEFLEX,731272,TRUEFLEX,RajaMehto,MotherHub_YKB,BRSNR,Motibaghhub_DEL_PL,PH-ZO-DELYKB-65936859,expected,OPENED,26-09-2026 01:05,Arvind Bansal (DNCR)
26-09-2026,26-09-2026,FMPC6528910133,Motibaghhub_DEL_PL,M/S VISION HEIGHTS SOLUTIONS +918130097904,446d69666277483e,dispatched_to_mh,North,LMA,1.00E+11,We Innovate Business Solutions Pvt Ltd,Abhishek,MotherHub_YKB,BRSNR,Motibaghhub_DEL_PL,PH-ZO-DELYKB-65930468,expected,OPENED,26-09-2026 02:54,Arvind Bansal (DNCR)
26-09-2026,26-09-2026,FMPP4297967955,MundkaHub_DEL_PL,CORNET OVERSEAS +917876893941,aa726921b67e4226,dispatched_to_mh,North,TRUEFLEX,891077,TRUEFLEX,NarenderNarender,MotherHub_YKB,BRSNR,MundkaHub_DEL_PL,PH-ZO-DELYKB-65942315,expected,OPENED,25-09-2026 23:30,Arvind Bansal (DNCR)
26-09-2026,26-09-2026,FMPC6520922250,PaharganjHub_DEL_PL,BELLA VITA ORGANIC +917982181564,035b3ccde2264e40,dispatched_to_mh,North,LMA,1.00E+11,We Innovate Business Solutions Pvt Ltd,JAHIR,MotherHub_YKB,BRSNR,PaharganjHub_DEL_PL,PH-ZO-DELYKB-65926044,expected,OPENED,26-09-2026 01:19,Arvind Bansal (DNCR)
26-09-2026,26-09-2026,FMPC6529884629,MundkaHub_DEL_PL,ANAMYA ENTERPRISES +918825297276,66a55d9fd8b24394,dispatched_to_mh,North,TRUEFLEX,891077,TRUEFLEX,NarenderNarender,MotherHub_YKB,BRSNR,MundkaHub_DEL_PL,PH-ZO-DELYKB-65942312,expected,OPENED,25-09-2026 23:37,Arvind Bansal (DNCR)
26-09-2026,26-09-2026,FMPP4297531393,Motibaghhub_DEL_PL,Hitesh Enterprises +917011355439,8ccb27a0f28a4378,dispatched_to_mh,North,LMA,1.00E+11,#N/A,#N/A,MotherHub_YKB,BRSNR,Motibaghhub_DEL_PL,PH-ZO-DELYKB-65931132,expected,OPENED,26-09-2026 03:18,Arvind Bansal (DNCR)
26-09-2026,26-09-2026,FMPP4298249358,Motibaghhub_DEL_PL,SIMRAN ENTERPRISES +919310430771,d82275e1e3244967,dispatched_to_mh,North,TRUEFLEX,725822,TRUEFLEX,ROHITGUPTA,MotherHub_YKB,BRSNR,Motibaghhub_DEL_PL,PH-ZO-DELYKB-65960047,expected,OPENED,26-09-2026 01:00,Arvind Bansal (DNCR)
26-09-2026,26-09-2026,FMPC6527932693,Motibaghhub_DEL_PL,DEAL INFOSYSTEM +918802341477,1512199d6d9f43a4,dispatched_to_mh,North,LMA,1.00E+11,WERCATALYST VENTURES PVT LTD,MOHIT,MotherHub_YKB,BRSNR,Motibaghhub_DEL_PL,PH-ZO-DELYKB-65858196,expected,OPENED,26-09-2026 00:42,Arvind Bansal (DNCR)
26-09-2026,26-09-2026,FMPP4297967511,MundkaHub_DEL_PL,CORNET OVERSEAS +917876893941,aa726921b67e4226,dispatched_to_mh,North,TRUEFLEX,891077,TRUEFLEX,NarenderNarender,MotherHub_YKB,BRSNR,MundkaHub_DEL_PL,PH-ZO-DELYKB-65942315,expected,OPENED,25-09-2026 23:30,Arvind Bansal (DNCR)
26-09-2026,26-09-2026,FMPP4297085773,MundkaHub_DEL_PL,CORNET OVERSEAS +917876893941,aa726921b67e4226,dispatched_to_mh,North,TRUEFLEX,891077,TRUEFLEX,NarenderNarender,MotherHub_YKB,BRSNR,MundkaHub_DEL_PL,PH-ZO-DELYKB-65942315,expected,OPENED,25-09-2026 23:30,Arvind Bansal (DNCR)
26-09-2026,26-09-2026,FMPC6528551904,NehruPlaceHub_DEL_PL,RAVISH BLISS +918510083606,9c2c81177b2447af,dispatched_to_mh,North,LMA,1.00E+11,#N/A,#N/A,MotherHub_YKB,BRSNR,NehruPlaceHub_DEL_PL,PH-ZO-DELYKB-65894666,expected,OPENED,26-09-2026 08:08,Arvind Bansal (DNCR)
26-09-2026,26-09-2026,FMPP4298272724,MundkaHub_DEL_PL,CORNET OVERSEAS +917876893941,aa726921b67e4226,dispatched_to_mh,North,TRUEFLEX,891077,TRUEFLEX,NarenderNarender,MotherHub_YKB,BRSNR,MundkaHub_DEL_PL,PH-ZO-DELYKB-65942315,expected,OPENED,25-09-2026 23:30,Arvind Bansal (DNCR)
26-09-2026,26-09-2026,FMPC6529301141,MundkaHub_DEL_PL,ANAMYA ENTERPRISES +918825297276,66a55d9fd8b24394,dispatched_to_mh,North,TRUEFLEX,891077,TRUEFLEX,NarenderNarender,MotherHub_YKB,BRSNR,MundkaHub_DEL_PL,PH-ZO-DELYKB-65942312,expected,OPENED,25-09-2026 23:37,Arvind Bansal (DNCR)
26-09-2026,26-09-2026,FMPC6527679186,NehruPlaceHub_DEL_PL,kottackal industries +918512889754,e4c834acca954007,dispatched_to_mh,North,TRUEFLEX,606372,TRUEFLEX,MongalHaldar,MotherHub_YKB,BRSNR,NehruPlaceHub_DEL_PL,PH-ZO-DELYKB-65828650,expected,OPENED,26-09-2026 02:28,Arvind Bansal (DNCR)
26-09-2026,26-09-2026,FMPP4297909444,Motibaghhub_DEL_PL,UNITED CONSTRUCTION CO 9811127949,f42a53b5b74440d1,dispatched_to_mh,North,LMA,1.00E+11,#N/A,#N/A,MotherHub_YKB,BRSNR,Motibaghhub_DEL_PL,PH-ZO-DELYKB-65941153,expected,OPENED,26-09-2026 03:17,Arvind Bansal (DNCR)
26-09-2026,26-09-2026,FMPC6529502509,NajafgarhHub_DEL_PL,pikkme +919717531363,ac5abb1c93cd48aa,received_at_mh,North,LMA,1.00E+11,Greenteck Logistics and Mobility Pvt Ltd,Satyam SinghChauhan,MotherHub_YKB,BRSNR,NajafgarhHub_DEL_PL,PH-ZO-DELYKB-65940900,expected,OPENED,26-09-2026 05:11,Arvind Bansal (DNCR)
26-09-2026,26-09-2026,FMPC6529826746,MundkaHub_DEL_PL,ANAMYA ENTERPRISES +918825297276,66a55d9fd8b24394,dispatched_to_mh,North,TRUEFLEX,891077,TRUEFLEX,NarenderNarender,MotherHub_YKB,BRSNR,MundkaHub_DEL_PL,PH-ZO-DELYKB-65942312,expected,OPENED,25-09-2026 23:37,Arvind Bansal (DNCR)
26-09-2026,26-09-2026,FMPP4298247709,PaharganjHub_DEL_PL,Cosmos Systems +919911344111,ylaicokg2zj34s2u,dispatched_to_mh,North,LMA,1.00E+11,Fastbeetle service,Aniket,MotherHub_YKB,BRSNR,PaharganjHub_DEL_PL,PH-ZO-DELYKB-65924588,expected,OPENED,26-09-2026 02:39,Arvind Bansal (DNCR)
26-09-2026,26-09-2026,FMPP4297969681,MundkaHub_DEL_PL,CORNET OVERSEAS +917876893941,aa726921b67e4226,dispatched_to_mh,North,TRUEFLEX,891077,TRUEFLEX,NarenderNarender,MotherHub_YKB,BRSNR,MundkaHub_DEL_PL,PH-ZO-DELYKB-65942315,expected,OPENED,25-09-2026 23:30,Arvind Bansal (DNCR)
26-09-2026,26-09-2026,FMPC6529902377,Motibaghhub_DEL_PL,SHOPBUCKET +919999030008,8b0c205cb3be407e,dispatched_to_mh,North,LMA,1.00E+11,#N/A,#N/A,MotherHub_YKB,BRSNR,Motibaghhub_DEL_PL,PH-ZO-DELYKB-65924963,expected,OPENED,26-09-2026 01:00,Arvind Bansal (DNCR)
26-09-2026,26-09-2026,FMPC6527595239,NajafgarhHub_DEL_PL,RICHI FASHION HUB +919560974173,38070d73d34941a0,dispatched_to_mh,North,TRUEFLEX,952762,TRUEFLEX,#N/A,MotherHub_YKB,BRSNR,NajafgarhHub_DEL_PL,PH-ZO-DELYKB-65938322,expected,OPENED,26-09-2026 01:39,Arvind Bansal (DNCR)
26-09-2026,26-09-2026,FMPP4298220087,MundkaHub_DEL_PL,S.A.ENTERPRISES +919873006800,41d87671c2564a23,dispatched_to_mh,North,LMA,1.00E+11,We Innovate Business Solutions Pvt Ltd,Kishan,MotherHub_YKB,BRSNR,MundkaHub_DEL_PL,PH-ZO-DELYKB-65935807,expected,OPENED,25-09-2026 23:52,Arvind Bansal (DNCR)
26-09-2026,26-09-2026,FMPP4296885622,NajafgarhHub_DEL_PL,Maa Gayatri Enterprises +918510084321,4331f11a30214e30,dispatched_to_mh,North,LMA,1.00E+11,Sitics,MdChand,MotherHub_YKB,BRSNR,NajafgarhHub_DEL_PL,PH-ZO-DELYKB-65900358,expected,OPENED,26-09-2026 05:18,Arvind Bansal (DNCR)
26-09-2026,26-09-2026,FMPC6527905643,Motibaghhub_DEL_PL,KRISHNA WELDING WORKS +917982664003,14fd237b58084e66,received_at_mh,North,LMA,1.00E+11,Greenteck Logistics and Mobility Pvt Ltd,Abhijeet KumarRay,MotherHub_YKB,BRSNR,Motibaghhub_DEL_PL,PH-ZO-DELYKB-65858843,expected,OPENED,26-09-2026 05:47,Arvind Bansal (DNCR)
26-09-2026,26-09-2026,FMPP4291164640,MundkaHub_DEL_PL,R G traders +919599514129,a2655e504ae642c2,dispatched_to_mh,North,TRUEFLEX,636481,TRUEFLEX,Himanshu,MotherHub_YKB,BRSNR,MundkaHub_DEL_PL,PH-ZO-DELYKB-65835629,expected,OPENED,26-09-2026 02:11,Arvind Bansal (DNCR)
26-09-2026,26-09-2026,FMPP4296710262,NajafgarhHub_DEL_PL,JMD ABHAVYA +918766279124,dd16f27fe25f4f73,received_at_mh,North,TRUEFLEX,590366,TRUEFLEX,RahulSharma,MotherHub_YKB,BRSNR,NajafgarhHub_DEL_PL,PH-ZO-DELYKB-65830310,expected,OPENED,26-09-2026 01:28,Arvind Bansal (DNCR)
26-09-2026,26-09-2026,FMPP4297064618,Motibaghhub_DEL_PL,JK Enterprises +919319350462,7a5cb8020e44436a,dispatched_to_mh,North,LMA,1.00E+11,#N/A,#N/A,MotherHub_YKB,BRSNR,Motibaghhub_DEL_PL,PH-ZO-DELYKB-65925950,expected,OPENED,26-09-2026 02:54,Arvind Bansal (DNCR)
26-09-2026,26-09-2026,FMPC6527264997,PaharganjHub_DEL_PL,FAIMA INDUSTRIES +919650474491,7da2f1c5f785444c,dispatched_to_mh,North,LMA,1.00E+11,RAMEZO ENTERPRISES,Sahil,MotherHub_YKB,BRSNR,PaharganjHub_DEL_PL,PH-ZO-DELYKB-65925092,expected,OPENED,26-09-2026 02:50,Arvind Bansal (DNCR)
26-09-2026,26-09-2026,FMPP4298298946,Motibaghhub_DEL_PL,N.M.CONSULTANTS +919718882349,6576ccabb07145c1,dispatched_to_mh,North,TRUEFLEX,725822,TRUEFLEX,ROHITGUPTA,MotherHub_YKB,BRSNR,Motibaghhub_DEL_PL,PH-ZO-DELYKB-65583544,expected,OPENED,26-09-2026 00:31,Arvind Bansal (DNCR)
26-09-2026,26-09-2026,FMPC6529585397,PaharganjHub_DEL_PL,SEEMA S ENTERPRISES +918506949164,c91f38a8d1324388,dispatched_to_mh,North,LMA,1.00E+11,We Innovate Business Solutions Pvt Ltd,RahulKumar,MotherHub_YKB,BRSNR,PaharganjHub_DEL_PL,PH-ZO-DELYKB-65961109,expected,OPENED,26-09-2026 02:39,Arvind Bansal (DNCR)
26-09-2026,26-09-2026,FMPP4298431793,NehruPlaceHub_DEL_PL,Shree Baidyanath Ayurved Bhawan Pvt Ltd +919871312067,13ecbf4828c442a5,received_at_mh,North,TRUEFLEX,4266893,TRUEFLEX,#N/A,MotherHub_YKB,BRSNR,NehruPlaceHub_DEL_PL,PH-ZO-DELYKB-65939591,expected,OPENED,26-09-2026 02:02,Arvind Bansal (DNCR)
26-09-2026,26-09-2026,FMPP4297398805,MundkaHub_DEL_PL,ANAMYA ENTERPRISES +918825297276,66a55d9fd8b24394,dispatched_to_mh,North,TRUEFLEX,891077,TRUEFLEX,NarenderNarender,MotherHub_YKB,BRSNR,MundkaHub_DEL_PL,PH-ZO-DELYKB-65942312,expected,OPENED,25-09-2026 23:37,Arvind Bansal (DNCR)
26-09-2026,26-09-2026,FMPC6527512126,Motibaghhub_DEL_PL,S.K.ENTERPRISES +919953697837,df2241071e64471d,received_at_mh,North,TRUEFLEX,731272,TRUEFLEX,RajaMehto,MotherHub_YKB,BRSNR,Motibaghhub_DEL_PL,PH-ZO-DELYKB-65936874,expected,OPENED,26-09-2026 03:25,Arvind Bansal (DNCR)
26-09-2026,26-09-2026,FMPC6526926055,PaharganjHub_DEL_PL,GET DRESSED UP +919319519447,3727f850ed6a426d,dispatched_to_mh,North,TRUEFLEX,839309,TRUEFLEX,SantoshKumar,MotherHub_YKB,BRSNR,PaharganjHub_DEL_PL,PH-ZO-DELYKB-65924896,expected,OPENED,26-09-2026 01:24,Arvind Bansal (DNCR)
26-09-2026,26-09-2026,FMPP4297901796,NehruPlaceHub_DEL_PL,M/S GEETA ELECTRONICS +918076129635,80fd33619ab84029,dispatched_to_mh,North,TRUEFLEX,798046,TRUEFLEX,VikeshKaneriya,MotherHub_YKB,BRSNR,NehruPlaceHub_DEL_PL,PH-ZO-DELYKB-65895017,expected,OPENED,26-09-2026 02:06,Arvind Bansal (DNCR)
26-09-2026,26-09-2026,FMPC6528895091,MundkaHub_DEL_PL,ANAMYA ENTERPRISES +918825297276,66a55d9fd8b24394,dispatched_to_mh,North,TRUEFLEX,891077,TRUEFLEX,NarenderNarender,MotherHub_YKB,BRSNR,MundkaHub_DEL_PL,PH-ZO-DELYKB-65942312,expected,OPENED,25-09-2026 23:37,Arvind Bansal (DNCR)
26-09-2026,26-09-2026,FMPC6527211947,Motibaghhub_DEL_PL,S K STORE +918810252825,f64c2abfd9c64bc9,dispatched_to_mh,North,TRUEFLEX,731272,TRUEFLEX,RajaMehto,MotherHub_YKB,BRSNR,Motibaghhub_DEL_PL,PH-ZO-DELYKB-65937005,expected,OPENED,26-09-2026 03:28,Arvind Bansal (DNCR)
26-09-2026,26-09-2026,FMPP4296875704,SahibabadHub_DEL_PL,suroskie +919711148187,28af541b7ec84657,dispatched_to_mh,North,LMA,1.00E+11,Greenteck Logistics and Mobility Pvt Ltd,Maneesh,MotherHub_YKB,BRSNR,SahibabadHub_DEL_PL,PH-ZO-DELYKB-65753423,expected,OPENED,26-09-2026 09:18,Arvind Bansal (DNCR)
26-09-2026,26-09-2026,FMPC6528088827,Ramaroadhub_DEL_PL,Dynamic Designing & Creation +919654361610,6e80f3bcfc2c4820,received_at_mh,North,LMA,1.00E+11,AADIYOGI LOGISTIC PRIVATE LIMITED,AmitKumar,MotherHub_YKB,BRSNR,Ramaroadhub_DEL_PL,PH-ZO-DELYKB-65898562,expected,OPENED,26-09-2026 07:45,Arvind Bansal (DNCR)
26-09-2026,26-09-2026,FMPC6528753311,Pitampurahub_DEL_PL,H.M.UNIQUE WORLD +919873848802,ef8c637e68764404,dispatched_to_mh,North,TRUEFLEX,961730,TRUEFLEX,#N/A,MotherHub_YKB,BRSNR,Pitampurahub_DEL_PL,PH-ZO-DELYKB-65618013,expected,OPENED,26-09-2026 01:57,Arvind Bansal (DNCR)
26-09-2026,26-09-2026,FMPC6527528640,SahibabadHub_DEL_PL,VINAYAK TRADERS +918851565755,412c543185f4416c,dispatched_to_mh,North,TRUEFLEX,861328,TRUEFLEX,KaranKumar,MotherHub_YKB,BRSNR,SahibabadHub_DEL_PL,PH-ZO-DELYKB-65722264,expected,OPENED,26-09-2026 05:26,Arvind Bansal (DNCR)
26-09-2026,26-09-2026,FMPP4296948650,SahibabadHub_DEL_PL,GEETASTIK ENTERPRISES +919873890221,0794987685b5411f,dispatched_to_mh,North,EKART,3288207,EKART,,MotherHub_YKB,BRSNR,SahibabadHub_DEL_PL,PH-ZO-DELYKB-65931879,expected,OPENED,26-09-2026 04:36,Arvind Bansal (DNCR)
26-09-2026,26-09-2026,FMPC6528069404,SahibabadHub_DEL_PL,suroskie +919711148187,28af541b7ec84657,dispatched_to_mh,North,LMA,1.00E+11,Greenteck Logistics and Mobility Pvt Ltd,Maneesh,MotherHub_YKB,BRSNR,SahibabadHub_DEL_PL,PH-ZO-DELYKB-65753423,expected,OPENED,26-09-2026 09:18,Arvind Bansal (DNCR)
26-09-2026,26-09-2026,FMPC6528840393,Ramaroadhub_DEL_PL,INNOVATION ACCESSORIES +919899335322,e059c20140e44cd4,received_at_mh,North,LMA,1.00E+11,AADIYOGI LOGISTIC PRIVATE LIMITED,AmitKumar,MotherHub_YKB,BRSNR,Ramaroadhub_DEL_PL,PH-ZO-DELYKB-65898562,expected,OPENED,26-09-2026 07:45,Arvind Bansal (DNCR)
26-09-2026,26-09-2026,FMPC6528762055,Rohinihub_DEL_PL,Rampal Enterprises +919319531774,a80a2ad13ac54e4c,dispatched_to_mh,North,TRUEFLEX,746473,TRUEFLEX,SumitSumit,MotherHub_YKB,BRSNR,Rohinihub_DEL_PL,PH-ZO-DELYKB-65919893,expected,OPENED,26-09-2026 01:42,Arvind Bansal (DNCR)
26-09-2026,26-09-2026,FMPC6529092737,Ramaroadhub_DEL_PL,CRS Collection +919220947957,5c03095f4f2047d5,received_at_mh,North,LMA,1.00E+11,AADIYOGI LOGISTIC PRIVATE LIMITED,AmitKumar,MotherHub_YKB,BRSNR,Ramaroadhub_DEL_PL,PH-ZO-DELYKB-65898562,expected,OPENED,26-09-2026 07:45,Arvind Bansal (DNCR)
26-09-2026,26-09-2026,FMPC6528105975,Ramaroadhub_DEL_PL,Bhasin Traders +919555382515,29b107b3d5134bca,dispatched_to_mh,North,LMA,1.00E+11,#N/A,#N/A,MotherHub_YKB,BRSNR,Ramaroadhub_DEL_PL,PH-ZO-DELYKB-65887765,expected,OPENED,26-09-2026 00:31,Arvind Bansal (DNCR)
26-09-2026,26-09-2026,FMPC6529589142,Rohinihub_DEL_PL,DEVAYY ENTERPRISES +919910715857,210e754950864b1a,dispatched_to_mh,North,TRUEFLEX,877762,TRUEFLEX,TilakSingh,MotherHub_YKB,BRSNR,Rohinihub_DEL_PL,PH-ZO-DELYKB-65943747,expected,OPENED,26-09-2026 02:43,Arvind Bansal (DNCR)
26-09-2026,26-09-2026,FMPC6528657873,Pitampurahub_DEL_PL,KALRA AUTO TRADERS +918527371381,7f339bfda66c41ff,received_at_mh,North,LMA,1.00E+11,Greenteck Logistics and Mobility Pvt Ltd,AyushKumar,MotherHub_YKB,BRSNR,Pitampurahub_DEL_PL,PH-ZO-DELYKB-65795806,expected,OPENED,26-09-2026 02:42,Arvind Bansal (DNCR)
26-09-2026,26-09-2026,FMPC6528568769,Ramaroadhub_DEL_PL,EXOTIC FLOURISH +919899355700,b86248e9d10c494c,received_at_mh,North,LMA,1.00E+11,AADIYOGI LOGISTIC PRIVATE LIMITED,AmitKumar,MotherHub_YKB,BRSNR,Ramaroadhub_DEL_PL,PH-ZO-DELYKB-65898562,expected,OPENED,26-09-2026 07:45,Arvind Bansal (DNCR)
26-09-2026,26-09-2026,FMPC6528926603,Ramaroadhub_DEL_PL,Dynamic Designing & Creation +919654361610,6e80f3bcfc2c4820,received_at_mh,North,LMA,1.00E+11,AADIYOGI LOGISTIC PRIVATE LIMITED,AmitKumar,MotherHub_YKB,BRSNR,Ramaroadhub_DEL_PL,PH-ZO-DELYKB-65898562,expected,OPENED,26-09-2026 07:45,Arvind Bansal (DNCR)
26-09-2026,26-09-2026,KKRC8536501937,SahibabadHub_DEL_PL,KKR : Suroskie 9625020957,KKR_c8ebe0059502dfa8da629241498d9686,dispatched_to_mh,North,LMA,1.00E+11,Greenteck Logistics and Mobility Pvt Ltd,Maneesh,MotherHub_YKB,BRSNR,SahibabadHub_DEL_PL,PH-ZO-DELYKB-65753423,expected,OPENED,26-09-2026 09:18,Arvind Bansal (DNCR)
26-09-2026,26-09-2026,FMPC6529060741,SahibabadHub_DEL_PL,KONVIO PRIVATE LIMITED +917015744904,80ba54ed114542d5,dispatched_to_mh,North,LMA,1.00E+11,Greenteck Logistics and Mobility Pvt Ltd,Maneesh,MotherHub_YKB,BRSNR,SahibabadHub_DEL_PL,PH-ZO-DELYKB-65753423,expected,OPENED,26-09-2026 09:18,Arvind Bansal (DNCR)
26-09-2026,26-09-2026,FMPP4298222996,PrahladPur_DEL_PL,NEW SANGAM ENTERPRISES +919718578648,c4207273655f46cc,dispatched_to_mh,North,EKART,4367425,EKART,,MotherHub_YKB,BRSNR,PrahladPur_DEL_PL,PH-ZO-DELYKB-65930417,expected,OPENED,26-09-2026 01:35,Arvind Bansal (DNCR)
26-09-2026,26-09-2026,MYEP1137533273,SahibabadHub_DEL_PL,MYE : Arvind Arrow Ghaziabad Ansal Plaza Omni 7819066483,MYE_08dc2d87d4d1c3776363ac6ef26df16b,dispatched_to_mh,North,LMA,1.00E+11,Greenteck Logistics and Mobility Pvt Ltd,MunkadAli,MotherHub_YKB,BRSNR,SahibabadHub_DEL_PL,PH-ZO-DELYKB-65933735,expected,OPENED,26-09-2026 09:57,Arvind Bansal (DNCR)
26-09-2026,26-09-2026,FMPC6529402261,SahibabadHub_DEL_PL,M S ASP TECHNOPLAST +918802478868,756a8fd2ebf34521,dispatched_to_mh,North,LMA,1.00E+11,Vxpress,NiteshKumar,MotherHub_YKB,BRSNR,SahibabadHub_DEL_PL,PH-ZO-DELYKB-65679181,expected,OPENED,26-09-2026 05:15,Arvind Bansal (DNCR)
26-09-2026,26-09-2026,FMPP4297848080,SahibabadHub_DEL_PL,KONVIO PRIVATE LIMITED +917015744904,80ba54ed114542d5,dispatched_to_mh,North,LMA,1.00E+11,Greenteck Logistics and Mobility Pvt Ltd,Maneesh,MotherHub_YKB,BRSNR,SahibabadHub_DEL_PL,PH-ZO-DELYKB-65753423,expected,OPENED,26-09-2026 09:18,Arvind Bansal (DNCR)
26-09-2026,26-09-2026,FMPP4296673445,SahibabadHub_DEL_PL,suroskie +919711148187,28af541b7ec84657,dispatched_to_mh,North,LMA,1.00E+11,Greenteck Logistics and Mobility Pvt Ltd,Maneesh,MotherHub_YKB,BRSNR,SahibabadHub_DEL_PL,PH-ZO-DELYKB-65753423,expected,OPENED,26-09-2026 09:18,Arvind Bansal (DNCR)
26-09-2026,26-09-2026,FMPC6529374340,SahibabadHub_DEL_PL,suroskie +919711148187,28af541b7ec84657,dispatched_to_mh,North,LMA,1.00E+11,Greenteck Logistics and Mobility Pvt Ltd,Maneesh,MotherHub_YKB,BRSNR,SahibabadHub_DEL_PL,PH-ZO-DELYKB-65753423,expected,OPENED,26-09-2026 09:18,Arvind Bansal (DNCR)
26-09-2026,26-09-2026,FMPC6529313991,Ramaroadhub_DEL_PL,Deepika traders +919716708445,eab8a24310bb4e3d,received_at_mh,North,LMA,1.00E+11,AADIYOGI LOGISTIC PRIVATE LIMITED,AmitKumar,MotherHub_YKB,BRSNR,Ramaroadhub_DEL_PL,PH-ZO-DELYKB-65898562,expected,OPENED,26-09-2026 07:45,Arvind Bansal (DNCR)
26-09-2026,26-09-2026,FMPP4296924638,SahibabadHub_DEL_PL,suroskie +919711148187,28af541b7ec84657,dispatched_to_mh,North,LMA,1.00E+11,Greenteck Logistics and Mobility Pvt Ltd,Maneesh,MotherHub_YKB,BRSNR,SahibabadHub_DEL_PL,PH-ZO-DELYKB-65753423,expected,OPENED,26-09-2026 09:18,Arvind Bansal (DNCR)
26-09-2026,26-09-2026,FMPC6527783760,Ramaroadhub_DEL_PL,Dynamic Designing & Creation +919654361610,6e80f3bcfc2c4820,received_at_mh,North,LMA,1.00E+11,AADIYOGI LOGISTIC PRIVATE LIMITED,AmitKumar,MotherHub_YKB,BRSNR,Ramaroadhub_DEL_PL,PH-ZO-DELYKB-65898562,expected,OPENED,26-09-2026 07:45,Arvind Bansal (DNCR)
26-09-2026,26-09-2026,FMPP4298023378,PrahladPur_DEL_PL,AYUKA FASHION +919625569336,e2e2d1f441004325,dispatched_to_mh,North,LMA,1.00E+11,WHEELEY,SameerPatra,MotherHub_YKB,BRSNR,PrahladPur_DEL_PL,PH-ZO-DELYKB-65864704,expected,OPENED,26-09-2026 00:06,Arvind Bansal (DNCR)
26-09-2026,26-09-2026,FMPP4297484862,PrahladPur_DEL_PL,Dangwal Enterprises +919650745841,0ea75d9ef3344620,dispatched_to_mh,North,LMA,1.00E+11,Fastbeetle service,VarunChauhan,MotherHub_YKB,BRSNR,PrahladPur_DEL_PL,PH-ZO-DELYKB-65892345,expected,OPENED,26-09-2026 01:25,Arvind Bansal (DNCR)
26-09-2026,26-09-2026,FMPC6528544988,SahibabadHub_DEL_PL,MAHALAXMI VALVE PRIVATE LIMITE +919625314298,6fe3bebbca4a47ea,dispatched_to_mh,North,LMA,1.00E+11,Greenteck Logistics and Mobility Pvt Ltd,Maneesh,MotherHub_YKB,BRSNR,SahibabadHub_DEL_PL,PH-ZO-DELYKB-65753423,expected,OPENED,26-09-2026 09:18,Arvind Bansal (DNCR)
26-09-2026,26-09-2026,FMPC6528802869,PrahladPur_DEL_PL,DEEPTI ENTERPRISE +919315768710,ae1dcdc09b4f458a,dispatched_to_mh,North,LMA,1.00E+11,Greenteck Logistics and Mobility Pvt Ltd,DevaSharma,MotherHub_YKB,BRSNR,PrahladPur_DEL_PL,PH-ZO-DELYKB-65949805,expected,OPENED,26-09-2026 04:35,Arvind Bansal (DNCR)
26-09-2026,26-09-2026,FMPP4298635753,SahibabadHub_DEL_PL,M S ASP TECHNOPLAST +918802478868,756a8fd2ebf34521,dispatched_to_mh,North,LMA,1.00E+11,Vxpress,NiteshKumar,MotherHub_YKB,BRSNR,SahibabadHub_DEL_PL,PH-ZO-DELYKB-65679181,expected,OPENED,26-09-2026 05:15,Arvind Bansal (DNCR)
26-09-2026,26-09-2026,FMPC6529537709,PrahladPur_DEL_PL,Papaloom +917678221065,83c4fd284cbc440a,dispatched_to_mh,North,LMA,1.00E+11,Sitics,Umang,MotherHub_YKB,BRSNR,PrahladPur_DEL_PL,PH-ZO-DELYKB-65811462,expected,OPENED,26-09-2026 04:33,Arvind Bansal (DNCR)
26-09-2026,26-09-2026,FMPP4297705432,SahibabadHub_DEL_PL,M S ASP TECHNOPLAST +918802478868,756a8fd2ebf34521,dispatched_to_mh,North,LMA,1.00E+11,Vxpress,NiteshKumar,MotherHub_YKB,BRSNR,SahibabadHub_DEL_PL,PH-ZO-DELYKB-65679181,expected,OPENED,26-09-2026 05:15,Arvind Bansal (DNCR)
26-09-2026,26-09-2026,FMPC6528424164,Pitampurahub_DEL_PL,Glorious World Creations 9013246163,ee33d4e95d40456b,received_at_mh,North,LMA,1.00E+11,RAMEZO ENTERPRISES,Rohit,MotherHub_YKB,BRSNR,Pitampurahub_DEL_PL,PH-ZO-DELYKB-65776013,expected,OPENED,26-09-2026 02:25,Arvind Bansal (DNCR)
26-09-2026,26-09-2026,FMPC6528956192,Rohinihub_DEL_PL,BR Enterprises +917743875519,38fda53dc24342b7,dispatched_to_mh,North,TRUEFLEX,618215,TRUEFLEX,Lokesh,MotherHub_YKB,BRSNR,Rohinihub_DEL_PL,PH-ZO-DELYKB-65944434,expected,OPENED,26-09-2026 01:38,Arvind Bansal (DNCR)
26-09-2026,26-09-2026,FMPC6529513915,SahibabadHub_DEL_PL,JAIN TRENDZ 8920953985,d6a8c761d40e4863,dispatched_to_mh,North,TRUEFLEX,861333,TRUEFLEX,SabeshKhan,MotherHub_YKB,BRSNR,SahibabadHub_DEL_PL,PH-ZO-DELYKB-65948535,expected,OPENED,26-09-2026 05:10,Arvind Bansal (DNCR)
26-09-2026,26-09-2026,FMPC6528258200,SahibabadHub_DEL_PL,suroskie +919711148187,28af541b7ec84657,dispatched_to_mh,North,LMA,1.00E+11,Greenteck Logistics and Mobility Pvt Ltd,Maneesh,MotherHub_YKB,BRSNR,SahibabadHub_DEL_PL,PH-ZO-DELYKB-65753423,expected,OPENED,26-09-2026 09:18,Arvind Bansal (DNCR)
26-09-2026,26-09-2026,FMPC6528422915,Ramaroadhub_DEL_PL,Dynamic Designing & Creation +919654361610,6e80f3bcfc2c4820,received_at_mh,North,LMA,1.00E+11,AADIYOGI LOGISTIC PRIVATE LIMITED,AmitKumar,MotherHub_YKB,BRSNR,Ramaroadhub_DEL_PL,PH-ZO-DELYKB-65898562,expected,OPENED,26-09-2026 07:45,Arvind Bansal (DNCR)
26-09-2026,26-09-2026,FMPP4295472139,Rohinihub_DEL_PL,BR Enterprises +917743875519,38fda53dc24342b7,dispatched_to_mh,North,TRUEFLEX,618215,TRUEFLEX,Lokesh,MotherHub_YKB,BRSNR,Rohinihub_DEL_PL,PH-ZO-DELYKB-65944434,expected,OPENED,26-09-2026 01:38,Arvind Bansal (DNCR)
26-09-2026,26-09-2026,FMPP4297533757,SahibabadHub_DEL_PL,suroskie +919711148187,28af541b7ec84657,dispatched_to_mh,North,LMA,1.00E+11,Greenteck Logistics and Mobility Pvt Ltd,Maneesh,MotherHub_YKB,BRSNR,SahibabadHub_DEL_PL,PH-ZO-DELYKB-65753423,expected,OPENED,26-09-2026 09:18,Arvind Bansal (DNCR)
26-09-2026,26-09-2026,FMPC6529039335,SahibabadHub_DEL_PL,suroskie +919711148187,28af541b7ec84657,dispatched_to_mh,North,LMA,1.00E+11,Greenteck Logistics and Mobility Pvt Ltd,Maneesh,MotherHub_YKB,BRSNR,SahibabadHub_DEL_PL,PH-ZO-DELYKB-65753423,expected,OPENED,26-09-2026 09:18,Arvind Bansal (DNCR)
26-09-2026,26-09-2026,MYEP1137559472,SahibabadHub_DEL_PL,MYE : SYLVEXIA JEWELLERY LLP PPMP 8178969164,MYE_5ea9614133cd1d27068359816f171c3d,received_at_mh,North,LMA,1.00E+11,Greenteck Logistics and Mobility Pvt Ltd,MunkadAli,MotherHub_YKB,BRSNR,SahibabadHub_DEL_PL,PH-ZO-DELYKB-65933736,expected,OPENED,26-09-2026 05:46,Arvind Bansal (DNCR)
26-09-2026,26-09-2026,FMPP4297747568,Ramaroadhub_DEL_PL,TYSON EV SMART E-BIKES +919990080360,47ba4ef705b04634,received_at_mh,North,LMA,1.00E+11,AADIYOGI LOGISTIC PRIVATE LIMITED,AmitKumar,MotherHub_YKB,BRSNR,Ramaroadhub_DEL_PL,PH-ZO-DELYKB-65898562,expected,OPENED,26-09-2026 07:45,Arvind Bansal (DNCR)
26-09-2026,26-09-2026,FMPC6528564930,Ramaroadhub_DEL_PL,Erams Online +919773971633,78f2e16f381a4648,received_at_mh,North,LMA,1.00E+11,AADIYOGI LOGISTIC PRIVATE LIMITED,AmitKumar,MotherHub_YKB,BRSNR,Ramaroadhub_DEL_PL,PH-ZO-DELYKB-65898562,expected,OPENED,26-09-2026 07:45,Arvind Bansal (DNCR)
26-09-2026,26-09-2026,FMPC6528466717,SahibabadHub_DEL_PL,JAIN TRENDZ 8920953985,d6a8c761d40e4863,dispatched_to_mh,North,TRUEFLEX,861333,TRUEFLEX,SabeshKhan,MotherHub_YKB,BRSNR,SahibabadHub_DEL_PL,PH-ZO-DELYKB-65948516,expected,OPENED,26-09-2026 05:14,Arvind Bansal (DNCR)
26-09-2026,26-09-2026,FMPP4298230426,Rohinihub_DEL_PL,VIOVI ENTERPRISES +918383084128,a1a47247a1c9470c,dispatched_to_mh,North,TRUEFLEX,590023,TRUEFLEX,Rahul,MotherHub_YKB,BRSNR,Rohinihub_DEL_PL,PH-ZO-DELYKB-64832058,expected,OPENED,26-09-2026 01:54,Arvind Bansal (DNCR)
26-09-2026,26-09-2026,FMPP4298391792,SahibabadHub_DEL_PL,Discount Retail +918447811821,1ecd8baf0efe4029,received_at_mh,North,EKART,1347979,EKART,,MotherHub_YKB,BRSNR,SahibabadHub_DEL_PL,PH-ZO-DELYKB-65936763,expected,OPENED,26-09-2026 04:42,Arvind Bansal (DNCR)
26-09-2026,26-09-2026,FMPC6528151955,PrahladPur_DEL_PL,SONIC FASHION +919821448535,5b979b3f4ca344e9,dispatched_to_mh,North,LMA,1.00E+11,Fastbeetle service,SaurabhKumar,MotherHub_YKB,BRSNR,PrahladPur_DEL_PL,PH-ZO-DELYKB-65892342,expected,OPENED,26-09-2026 01:25,Arvind Bansal (DNCR)
26-09-2026,26-09-2026,FMPC6529366592,Ramaroadhub_DEL_PL,JSR ENTERPRISES +917011511498,29cea7774c7a48f6,dispatched_to_mh,North,LMA,1.00E+11,#N/A,#N/A,MotherHub_YKB,BRSNR,Ramaroadhub_DEL_PL,PH-ZO-DELYKB-65929760,expected,OPENED,26-09-2026 00:27,Arvind Bansal (DNCR)
26-09-2026,26-09-2026,FMPC6526999284,Ramaroadhub_DEL_PL,Dynamic Designing & Creation +919654361610,6e80f3bcfc2c4820,received_at_mh,North,LMA,1.00E+11,AADIYOGI LOGISTIC PRIVATE LIMITED,AmitKumar,MotherHub_YKB,BRSNR,Ramaroadhub_DEL_PL,PH-ZO-DELYKB-65898562,expected,OPENED,26-09-2026 07:45,Arvind Bansal (DNCR)
26-09-2026,26-09-2026,FMPC6527504672,SahibabadHub_DEL_PL,suroskie +919711148187,28af541b7ec84657,dispatched_to_mh,North,LMA,1.00E+11,Greenteck Logistics and Mobility Pvt Ltd,Maneesh,MotherHub_YKB,BRSNR,SahibabadHub_DEL_PL,PH-ZO-DELYKB-65753423,expected,OPENED,26-09-2026 09:18,Arvind Bansal (DNCR)
26-09-2026,26-09-2026,FMPC6528247721,Ramaroadhub_DEL_PL,CRS Collection +919220947957,5c03095f4f2047d5,received_at_mh,North,LMA,1.00E+11,AADIYOGI LOGISTIC PRIVATE LIMITED,AmitKumar,MotherHub_YKB,BRSNR,Ramaroadhub_DEL_PL,PH-ZO-DELYKB-65898562,expected,OPENED,26-09-2026 07:45,Arvind Bansal (DNCR)
26-09-2026,26-09-2026,FMPC6528110399,Ramaroadhub_DEL_PL,Dynamic Designing & Creation +919654361610,6e80f3bcfc2c4820,received_at_mh,North,LMA,1.00E+11,AADIYOGI LOGISTIC PRIVATE LIMITED,AmitKumar,MotherHub_YKB,BRSNR,Ramaroadhub_DEL_PL,PH-ZO-DELYKB-65898562,expected,OPENED,26-09-2026 07:45,Arvind Bansal (DNCR)
26-09-2026,26-09-2026,FMPP4297249850,Pitampurahub_DEL_PL,MEHRA BROS +919891812397,cc3f811cc27047fa,dispatched_to_mh,North,LMA,1.00E+11,#N/A,#N/A,MotherHub_YKB,BRSNR,Pitampurahub_DEL_PL,PH-ZO-DELYKB-65797748,expected,OPENED,26-09-2026 03:08,Arvind Bansal (DNCR)
26-09-2026,26-09-2026,FMPC6527144108,Ramaroadhub_DEL_PL,Asian Engineering +919212519519,a33377a049214d2d,received_at_mh,North,LMA,1.00E+11,AADIYOGI LOGISTIC PRIVATE LIMITED,AmitKumar,MotherHub_YKB,BRSNR,Ramaroadhub_DEL_PL,PH-ZO-DELYKB-65898562,expected,OPENED,26-09-2026 07:45,Arvind Bansal (DNCR)
26-09-2026,26-09-2026,MYEP1137314810,SahibabadHub_DEL_PL,MYE : Wrogn New Ghaziabad Vaishali Omni 8700603364,MYE_cb40b3fe97aafc7b54e76751c223cb51,dispatched_to_mh,North,LMA,1.00E+11,Greenteck Logistics and Mobility Pvt Ltd,MunkadAli,MotherHub_YKB,BRSNR,SahibabadHub_DEL_PL,PH-ZO-DELYKB-65933735,expected,OPENED,26-09-2026 09:57,Arvind Bansal (DNCR)
26-09-2026,26-09-2026,FMPP4298050953,SahibabadHub_DEL_PL,M S ASP TECHNOPLAST +918802478868,756a8fd2ebf34521,dispatched_to_mh,North,LMA,1.00E+11,Vxpress,NiteshKumar,MotherHub_YKB,BRSNR,SahibabadHub_DEL_PL,PH-ZO-DELYKB-65679181,expected,OPENED,26-09-2026 05:15,Arvind Bansal (DNCR)
26-09-2026,26-09-2026,FMPP4297171349,SahibabadHub_DEL_PL,suroskie +919711148187,28af541b7ec84657,dispatched_to_mh,North,LMA,1.00E+11,Greenteck Logistics and Mobility Pvt Ltd,Maneesh,MotherHub_YKB,BRSNR,SahibabadHub_DEL_PL,PH-ZO-DELYKB-65753423,expected,OPENED,26-09-2026 09:18,Arvind Bansal (DNCR)
26-09-2026,26-09-2026,FMPC6528483897,Ramaroadhub_DEL_PL,Leczo +918700026674,8fd805f9f51e4914,received_at_mh,North,LMA,1.00E+11,AADIYOGI LOGISTIC PRIVATE LIMITED,AmitKumar,MotherHub_YKB,BRSNR,Ramaroadhub_DEL_PL,PH-ZO-DELYKB-65898562,expected,OPENED,26-09-2026 07:45,Arvind Bansal (DNCR)
26-09-2026,26-09-2026,FMPC6529066288,SahibabadHub_DEL_PL,VIJAY APPLIANCES AND ASSOCIATES PRIVATE LIMITED +919667173276,e30d4a95bf854a96,dispatched_to_mh,North,LMA,1.00E+11,Greenteck Logistics and Mobility Pvt Ltd,Maneesh,MotherHub_YKB,BRSNR,SahibabadHub_DEL_PL,PH-ZO-DELYKB-65753423,expected,OPENED,26-09-2026 09:18,Arvind Bansal (DNCR)
26-09-2026,26-09-2026,FMPP4297205233,SahibabadHub_DEL_PL,KONVIO PRIVATE LIMITED +917015744904,80ba54ed114542d5,dispatched_to_mh,North,LMA,1.00E+11,Greenteck Logistics and Mobility Pvt Ltd,Maneesh,MotherHub_YKB,BRSNR,SahibabadHub_DEL_PL,PH-ZO-DELYKB-65753423,expected,OPENED,26-09-2026 09:18,Arvind Bansal (DNCR)
26-09-2026,26-09-2026,FMPC6527319914,SahibabadHub_DEL_PL,suroskie +919711148187,28af541b7ec84657,dispatched_to_mh,North,LMA,1.00E+11,Greenteck Logistics and Mobility Pvt Ltd,Maneesh,MotherHub_YKB,BRSNR,SahibabadHub_DEL_PL,PH-ZO-DELYKB-65753423,expected,OPENED,26-09-2026 09:18,Arvind Bansal (DNCR)
26-09-2026,26-09-2026,FMPC6529402263,SahibabadHub_DEL_PL,M S ASP TECHNOPLAST +918802478868,756a8fd2ebf34521,dispatched_to_mh,North,LMA,1.00E+11,Vxpress,NiteshKumar,MotherHub_YKB,BRSNR,SahibabadHub_DEL_PL,PH-ZO-DELYKB-65679181,expected,OPENED,26-09-2026 05:15,Arvind Bansal (DNCR)
26-09-2026,26-09-2026,FMPC6527720600,Ramaroadhub_DEL_PL,Dynamic Designing & Creation +919654361610,6e80f3bcfc2c4820,received_at_mh,North,LMA,1.00E+11,AADIYOGI LOGISTIC PRIVATE LIMITED,AmitKumar,MotherHub_YKB,BRSNR,Ramaroadhub_DEL_PL,PH-ZO-DELYKB-65898562,expected,OPENED,26-09-2026 07:45,Arvind Bansal (DNCR)
26-09-2026,26-09-2026,FMPC6528539031,Ramaroadhub_DEL_PL,Erams Online +919773971633,78f2e16f381a4648,received_at_mh,North,LMA,1.00E+11,AADIYOGI LOGISTIC PRIVATE LIMITED,AmitKumar,MotherHub_YKB,BRSNR,Ramaroadhub_DEL_PL,PH-ZO-DELYKB-65898562,expected,OPENED,26-09-2026 07:45,Arvind Bansal (DNCR)
26-09-2026,26-09-2026,FMPP4295084473,PrahladPur_DEL_PL,AVI +918882074019,13feee6c9049419b,dispatched_to_mh,North,LMA,1.00E+11,WHEELEY,SameerPatra,MotherHub_YKB,BRSNR,PrahladPur_DEL_PL,PH-ZO-DELYKB-65864704,expected,OPENED,26-09-2026 00:06,Arvind Bansal (DNCR)
26-09-2026,26-09-2026,FMPP4297468574,SahibabadHub_DEL_PL,suroskie +919711148187,28af541b7ec84657,dispatched_to_mh,North,LMA,1.00E+11,Greenteck Logistics and Mobility Pvt Ltd,Maneesh,MotherHub_YKB,BRSNR,SahibabadHub_DEL_PL,PH-ZO-DELYKB-65753423,expected,OPENED,26-09-2026 09:18,Arvind Bansal (DNCR)
26-09-2026,26-09-2026,FMPP4297391205,Rohinihub_DEL_PL,KAILASH PUBLICATION THE BOOK SHOP +919599299378,1010f2c630ec4e9f,dispatched_to_mh,North,LMA,1.00E+11,We Innovate Business Solutions Pvt Ltd,LalkeshRam,MotherHub_YKB,BRSNR,Rohinihub_DEL_PL,PH-ZO-DELYKB-65669673,expected,OPENED,26-09-2026 01:34,Arvind Bansal (DNCR)
26-09-2026,26-09-2026,FMPC6529716043,PrahladPur_DEL_PL,UMA ENTERPRISES +918800673993,fc92e7466202425c,dispatched_to_mh,North,LMA,1.00E+11,WHEELEY,SameerPatra,MotherHub_YKB,BRSNR,PrahladPur_DEL_PL,PH-ZO-DELYKB-65864704,expected,OPENED,26-09-2026 00:06,Arvind Bansal (DNCR)
26-09-2026,26-09-2026,FMPC6527927883,Pitampurahub_DEL_PL,FLAWLESS CORPORATE SOLUTIONS PRIVATE LIMITED +919873484037,4bbab5ed100e4360,dispatched_to_mh,North,LMA,1.00E+11,RAMEZO ENTERPRISES,Rohit,MotherHub_YKB,BRSNR,Pitampurahub_DEL_PL,PH-ZO-DELYKB-65776024,expected,OPENED,26-09-2026 10:44,Arvind Bansal (DNCR)
26-09-2026,26-09-2026,FMPC6526831647,SahibabadHub_DEL_PL,suroskie +919711148187,28af541b7ec84657,dispatched_to_mh,North,LMA,1.00E+11,Greenteck Logistics and Mobility Pvt Ltd,Maneesh,MotherHub_YKB,BRSNR,SahibabadHub_DEL_PL,PH-ZO-DELYKB-65753423,expected,OPENED,26-09-2026 09:18,Arvind Bansal (DNCR)
26-09-2026,26-09-2026,FMPC6529680134,SahibabadHub_DEL_PL,KONVIO PRIVATE LIMITED +917015744904,80ba54ed114542d5,dispatched_to_mh,North,LMA,1.00E+11,Greenteck Logistics and Mobility Pvt Ltd,Maneesh,MotherHub_YKB,BRSNR,SahibabadHub_DEL_PL,PH-ZO-DELYKB-65753423,expected,OPENED,26-09-2026 09:18,Arvind Bansal (DNCR)
26-09-2026,26-09-2026,FMPC6528823931,Ramaroadhub_DEL_PL,Erams Online +919773971633,78f2e16f381a4648,received_at_mh,North,LMA,1.00E+11,AADIYOGI LOGISTIC PRIVATE LIMITED,AmitKumar,MotherHub_YKB,BRSNR,Ramaroadhub_DEL_PL,PH-ZO-DELYKB-65898562,expected,OPENED,26-09-2026 07:45,Arvind Bansal (DNCR)
26-09-2026,26-09-2026,FMPC6529282031,Ramaroadhub_DEL_PL,Bongchie india +918920411168,078d44a914244a62,received_at_mh,North,LMA,1.00E+11,AADIYOGI LOGISTIC PRIVATE LIMITED,AmitKumar,MotherHub_YKB,BRSNR,Ramaroadhub_DEL_PL,PH-ZO-DELYKB-65898562,expected,OPENED,26-09-2026 07:45,Arvind Bansal (DNCR)
26-09-2026,26-09-2026,FMPC6527276838,Ramaroadhub_DEL_PL,Dynamic Designing & Creation +919654361610,6e80f3bcfc2c4820,received_at_mh,North,LMA,1.00E+11,AADIYOGI LOGISTIC PRIVATE LIMITED,AmitKumar,MotherHub_YKB,BRSNR,Ramaroadhub_DEL_PL,PH-ZO-DELYKB-65898562,expected,OPENED,26-09-2026 07:45,Arvind Bansal (DNCR)
26-09-2026,26-09-2026,FMPP4296963833,Pitampurahub_DEL_PL,TRIKUTA ENTERPRISES +919205451193,21507ac57c374930,received_at_mh,North,LMA,1.00E+11,WHEELEY,RahulKumar,MotherHub_YKB,BRSNR,Pitampurahub_DEL_PL,PH-ZO-DELYKB-65099647,expected,OPENED,26-09-2026 01:25,Arvind Bansal (DNCR)
26-09-2026,26-09-2026,FMPC6529454421,Ramaroadhub_DEL_PL,INNOVATION ACCESSORIES +919899335322,e059c20140e44cd4,received_at_mh,North,LMA,1.00E+11,AADIYOGI LOGISTIC PRIVATE LIMITED,AmitKumar,MotherHub_YKB,BRSNR,Ramaroadhub_DEL_PL,PH-ZO-DELYKB-65898562,expected,OPENED,26-09-2026 07:45,Arvind Bansal (DNCR)
26-09-2026,26-09-2026,FMPP4298133691,Rohinihub_DEL_PL,ARISHTO ENTERPRISES +919643097870,224cab353f0e4f8a,dispatched_to_mh,North,LMA,1.00E+11,#N/A,#N/A,MotherHub_YKB,BRSNR,Rohinihub_DEL_PL,PH-ZO-DELYKB-65942844,expected,OPENED,26-09-2026 01:41,Arvind Bansal (DNCR)
26-09-2026,26-09-2026,FMPC6528151674,Rohinihub_DEL_PL,MAYAVASTRA +918882782615,a4ae9bf1e3ae457c,dispatched_to_mh,North,LMA,1.00E+11,#N/A,#N/A,MotherHub_YKB,BRSNR,Rohinihub_DEL_PL,PH-ZO-DELYKB-65946600,expected,OPENED,26-09-2026 02:41,Arvind Bansal (DNCR)
26-09-2026,26-09-2026,FMPP4298471820,SahibabadHub_DEL_PL,KONVIO PRIVATE LIMITED +917015744904,80ba54ed114542d5,dispatched_to_mh,North,LMA,1.00E+11,Greenteck Logistics and Mobility Pvt Ltd,Maneesh,MotherHub_YKB,BRSNR,SahibabadHub_DEL_PL,PH-ZO-DELYKB-65753423,expected,OPENED,26-09-2026 09:18,Arvind Bansal (DNCR)
26-09-2026,26-09-2026,FMPP4298123957,SahibabadHub_DEL_PL,suroskie +919711148187,28af541b7ec84657,dispatched_to_mh,North,LMA,1.00E+11,Greenteck Logistics and Mobility Pvt Ltd,Maneesh,MotherHub_YKB,BRSNR,SahibabadHub_DEL_PL,PH-ZO-DELYKB-65753423,expected,OPENED,26-09-2026 09:18,Arvind Bansal (DNCR)
26-09-2026,26-09-2026,FMPC6527792341,SahibabadHub_DEL_PL,M S ASP TECHNOPLAST +918802478868,756a8fd2ebf34521,dispatched_to_mh,North,LMA,1.00E+11,Vxpress,NiteshKumar,MotherHub_YKB,BRSNR,SahibabadHub_DEL_PL,PH-ZO-DELYKB-65679181,expected,OPENED,26-09-2026 05:15,Arvind Bansal (DNCR)
26-09-2026,26-09-2026,FMPC6527792761,SahibabadHub_DEL_PL,suroskie +919711148187,28af541b7ec84657,dispatched_to_mh,North,LMA,1.00E+11,Greenteck Logistics and Mobility Pvt Ltd,Maneesh,MotherHub_YKB,BRSNR,SahibabadHub_DEL_PL,PH-ZO-DELYKB-65753423,expected,OPENED,26-09-2026 09:18,Arvind Bansal (DNCR)
26-09-2026,26-09-2026,FMPC6529479110,PrahladPur_DEL_PL,AYUKA FASHION +919625569336,e2e2d1f441004325,dispatched_to_mh,North,LMA,1.00E+11,WHEELEY,SameerPatra,MotherHub_YKB,BRSNR,PrahladPur_DEL_PL,PH-ZO-DELYKB-65864704,expected,OPENED,26-09-2026 00:06,Arvind Bansal (DNCR)
26-09-2026,26-09-2026,FMPC6528606621,SahibabadHub_DEL_PL,M S ASP TECHNOPLAST +918802478868,756a8fd2ebf34521,dispatched_to_mh,North,LMA,1.00E+11,Vxpress,NiteshKumar,MotherHub_YKB,BRSNR,SahibabadHub_DEL_PL,PH-ZO-DELYKB-65679181,expected,OPENED,26-09-2026 05:15,Arvind Bansal (DNCR)
26-09-2026,26-09-2026,FMPC6527633037,Ramaroadhub_DEL_PL,INNOVATION ACCESSORIES +919899335322,e059c20140e44cd4,received_at_mh,North,LMA,1.00E+11,AADIYOGI LOGISTIC PRIVATE LIMITED,AmitKumar,MotherHub_YKB,BRSNR,Ramaroadhub_DEL_PL,PH-ZO-DELYKB-65898562,expected,OPENED,26-09-2026 07:45,Arvind Bansal (DNCR)
26-09-2026,26-09-2026,FMPC6528442256,SahibabadHub_DEL_PL,THE TRENDING TAG +917531803564,076d3796357949d7,dispatched_to_mh,North,LMA,1.00E+11,Vxpress,AmanYadav,MotherHub_YKB,BRSNR,SahibabadHub_DEL_PL,PH-ZO-DELYKB-65808673,expected,OPENED,26-09-2026 05:46,Arvind Bansal (DNCR)
26-09-2026,26-09-2026,FMPC6527331781,SahibabadHub_DEL_PL,KONVIO PRIVATE LIMITED +917015744904,80ba54ed114542d5,dispatched_to_mh,North,LMA,1.00E+11,Greenteck Logistics and Mobility Pvt Ltd,Maneesh,MotherHub_YKB,BRSNR,SahibabadHub_DEL_PL,PH-ZO-DELYKB-65753423,expected,OPENED,26-09-2026 09:18,Arvind Bansal (DNCR)
26-09-2026,26-09-2026,FMPP4297592451,SahibabadHub_DEL_PL,suroskie +919711148187,28af541b7ec84657,dispatched_to_mh,North,LMA,1.00E+11,Greenteck Logistics and Mobility Pvt Ltd,Maneesh,MotherHub_YKB,BRSNR,SahibabadHub_DEL_PL,PH-ZO-DELYKB-65753423,expected,OPENED,26-09-2026 09:18,Arvind Bansal (DNCR)
26-09-2026,26-09-2026,FMPC6527460021,Pitampurahub_DEL_PL,Buyer's Choice +918800602474,c125278ef0d74acd,dispatched_to_mh,North,LMA,1.00E+11,#N/A,#N/A,MotherHub_YKB,BRSNR,Pitampurahub_DEL_PL,PH-ZO-DELYKB-65406359,expected,OPENED,26-09-2026 02:21,Arvind Bansal (DNCR)
26-09-2026,26-09-2026,MYEC1120244037,SahibabadHub_DEL_PL,MYE : Peter England Westbury Ghaziabad Mahagun Metro Mall Omni 8847047991,MYE_ec15548422a0f163b717ade1779f8fd8,dispatched_to_mh,North,LMA,1.00E+11,Greenteck Logistics and Mobility Pvt Ltd,MunkadAli,MotherHub_YKB,BRSNR,SahibabadHub_DEL_PL,PH-ZO-DELYKB-65933735,expected,OPENED,26-09-2026 09:57,Arvind Bansal (DNCR)
26-09-2026,26-09-2026,FMPC6527679502,Pitampurahub_DEL_PL,Prime creations +918743075405,faeed666cb354a73,dispatched_to_mh,North,LMA,1.00E+11,#N/A,#N/A,MotherHub_YKB,BRSNR,Pitampurahub_DEL_PL,PH-ZO-DELYKB-65466536,expected,OPENED,26-09-2026 01:15,Arvind Bansal (DNCR)
26-09-2026,26-09-2026,FMPP4297944647,Pitampurahub_DEL_PL,KALRA AUTO TRADERS +918527371381,7f339bfda66c41ff,dispatched_to_mh,North,LMA,1.00E+11,Greenteck Logistics and Mobility Pvt Ltd,AyushKumar,MotherHub_YKB,BRSNR,Pitampurahub_DEL_PL,PH-ZO-DELYKB-65795807,expected,OPENED,26-09-2026 02:40,Arvind Bansal (DNCR)
26-09-2026,26-09-2026,FMPP4297759702,Ramaroadhub_DEL_PL,Leczo +918700026674,8fd805f9f51e4914,received_at_mh,North,LMA,1.00E+11,AADIYOGI LOGISTIC PRIVATE LIMITED,AmitKumar,MotherHub_YKB,BRSNR,Ramaroadhub_DEL_PL,PH-ZO-DELYKB-65898562,expected,OPENED,26-09-2026 07:45,Arvind Bansal (DNCR)
26-09-2026,26-09-2026,FMPC6528964714,SahibabadHub_DEL_PL,MAHALAXMI VALVE PRIVATE LIMITE +919625314298,6fe3bebbca4a47ea,dispatched_to_mh,North,LMA,1.00E+11,Greenteck Logistics and Mobility Pvt Ltd,Maneesh,MotherHub_YKB,BRSNR,SahibabadHub_DEL_PL,PH-ZO-DELYKB-65753423,expected,OPENED,26-09-2026 09:18,Arvind Bansal (DNCR)
26-09-2026,26-09-2026,FMPC6528357166,Ramaroadhub_DEL_PL,TYSON EV SMART E-BIKES +919990080360,47ba4ef705b04634,received_at_mh,North,LMA,1.00E+11,AADIYOGI LOGISTIC PRIVATE LIMITED,AmitKumar,MotherHub_YKB,BRSNR,Ramaroadhub_DEL_PL,PH-ZO-DELYKB-65898562,expected,OPENED,26-09-2026 07:45,Arvind Bansal (DNCR)
26-09-2026,26-09-2026,FMPP4298398209,SahibabadHub_DEL_PL,suroskie +919711148187,28af541b7ec84657,dispatched_to_mh,North,LMA,1.00E+11,Greenteck Logistics and Mobility Pvt Ltd,Maneesh,MotherHub_YKB,BRSNR,SahibabadHub_DEL_PL,PH-ZO-DELYKB-65753423,expected,OPENED,26-09-2026 09:18,Arvind Bansal (DNCR)
26-09-2026,26-09-2026,FMPC6529296647,SahibabadHub_DEL_PL,suroskie +919711148187,28af541b7ec84657,dispatched_to_mh,North,LMA,1.00E+11,Greenteck Logistics and Mobility Pvt Ltd,Maneesh,MotherHub_YKB,BRSNR,SahibabadHub_DEL_PL,PH-ZO-DELYKB-65753423,expected,OPENED,26-09-2026 09:18,Arvind Bansal (DNCR)
26-09-2026,26-09-2026,FMPC6527959735,Ramaroadhub_DEL_PL,TYSON EV SMART E-BIKES +919990080360,47ba4ef705b04634,received_at_mh,North,LMA,1.00E+11,AADIYOGI LOGISTIC PRIVATE LIMITED,AmitKumar,MotherHub_YKB,BRSNR,Ramaroadhub_DEL_PL,PH-ZO-DELYKB-65898562,expected,OPENED,26-09-2026 07:45,Arvind Bansal (DNCR)
26-09-2026,26-09-2026,FMPC6528481270,Ramaroadhub_DEL_PL,Dynamic Designing & Creation +919654361610,6e80f3bcfc2c4820,received_at_mh,North,LMA,1.00E+11,AADIYOGI LOGISTIC PRIVATE LIMITED,AmitKumar,MotherHub_YKB,BRSNR,Ramaroadhub_DEL_PL,PH-ZO-DELYKB-65898562,expected,OPENED,26-09-2026 07:45,Arvind Bansal (DNCR)
26-09-2026,26-09-2026,FMPP4297721162,PrahladPur_DEL_PL,PARVI CREATIONS +918796951957,db3dbfe771984133,dispatched_to_mh,North,LMA,1.00E+11,Fastbeetle service,HiteshKumar,MotherHub_YKB,BRSNR,PrahladPur_DEL_PL,PH-ZO-DELYKB-65811569,expected,OPENED,26-09-2026 01:32,Arvind Bansal (DNCR)
26-09-2026,26-09-2026,FMPC6529444284,Ramaroadhub_DEL_PL,Dynamic Designing & Creation +919654361610,6e80f3bcfc2c4820,received_at_mh,North,LMA,1.00E+11,AADIYOGI LOGISTIC PRIVATE LIMITED,AmitKumar,MotherHub_YKB,BRSNR,Ramaroadhub_DEL_PL,PH-ZO-DELYKB-65898562,expected,OPENED,26-09-2026 07:45,Arvind Bansal (DNCR)
26-09-2026,26-09-2026,FMPC6528627995,SahibabadHub_DEL_PL,M S ASP TECHNOPLAST +918802478868,756a8fd2ebf34521,dispatched_to_mh,North,LMA,1.00E+11,Vxpress,NiteshKumar,MotherHub_YKB,BRSNR,SahibabadHub_DEL_PL,PH-ZO-DELYKB-65679181,expected,OPENED,26-09-2026 05:15,Arvind Bansal (DNCR)
26-09-2026,26-09-2026,FMPP4298346700,SahibabadHub_DEL_PL,suroskie +919711148187,28af541b7ec84657,dispatched_to_mh,North,LMA,1.00E+11,Greenteck Logistics and Mobility Pvt Ltd,Maneesh,MotherHub_YKB,BRSNR,SahibabadHub_DEL_PL,PH-ZO-DELYKB-65753423,expected,OPENED,26-09-2026 09:18,Arvind Bansal (DNCR)
26-09-2026,26-09-2026,FMPP4296852182,PrahladPur_DEL_PL,PRIYANK +919999802779,97ef95f833cc46a4,dispatched_to_mh,North,LMA,1.00E+11,Fastbeetle service,VarunChauhan,MotherHub_YKB,BRSNR,PrahladPur_DEL_PL,PH-ZO-DELYKB-65892345,expected,OPENED,26-09-2026 01:25,Arvind Bansal (DNCR)
26-09-2026,26-09-2026,FMPP4297963343,SahibabadHub_DEL_PL,M S ASP TECHNOPLAST +918802478868,756a8fd2ebf34521,dispatched_to_mh,North,LMA,1.00E+11,Vxpress,NiteshKumar,MotherHub_YKB,BRSNR,SahibabadHub_DEL_PL,PH-ZO-DELYKB-65679181,expected,OPENED,26-09-2026 05:15,Arvind Bansal (DNCR)
26-09-2026,26-09-2026,FMPC6529553616,Ramaroadhub_DEL_PL,Leczo +918700026674,8fd805f9f51e4914,received_at_mh,North,LMA,1.00E+11,AADIYOGI LOGISTIC PRIVATE LIMITED,AmitKumar,MotherHub_YKB,BRSNR,Ramaroadhub_DEL_PL,PH-ZO-DELYKB-65898562,expected,OPENED,26-09-2026 07:45,Arvind Bansal (DNCR)
26-09-2026,26-09-2026,FMPC6529446328,SahibabadHub_DEL_PL,MAHALAXMI VALVE PRIVATE LIMITE +919625314298,6fe3bebbca4a47ea,dispatched_to_mh,North,LMA,1.00E+11,Greenteck Logistics and Mobility Pvt Ltd,Maneesh,MotherHub_YKB,BRSNR,SahibabadHub_DEL_PL,PH-ZO-DELYKB-65753423,expected,OPENED,26-09-2026 09:18,Arvind Bansal (DNCR)
26-09-2026,26-09-2026,FMPC6527265977,Ramaroadhub_DEL_PL,TYSON EV SMART E-BIKES +919990080360,47ba4ef705b04634,received_at_mh,North,LMA,1.00E+11,AADIYOGI LOGISTIC PRIVATE LIMITED,AmitKumar,MotherHub_YKB,BRSNR,Ramaroadhub_DEL_PL,PH-ZO-DELYKB-65898562,expected,OPENED,26-09-2026 07:45,Arvind Bansal (DNCR)
26-09-2026,26-09-2026,FMPP4297129879,Ramaroadhub_DEL_PL,VED ENTERPRISES +917827810967,0762cef763604a27,received_at_mh,North,LMA,1.00E+11,WHEELEY,DeepakKumar,MotherHub_YKB,BRSNR,Ramaroadhub_DEL_PL,PH-ZO-DELYKB-65856211,expected,OPENED,26-09-2026 00:50,Arvind Bansal (DNCR)
26-09-2026,26-09-2026,FMPC6527331047,Pitampurahub_DEL_PL,Prime creations +918743075405,faeed666cb354a73,dispatched_to_mh,North,LMA,1.00E+11,#N/A,#N/A,MotherHub_YKB,BRSNR,Pitampurahub_DEL_PL,PH-ZO-DELYKB-65466536,expected,OPENED,26-09-2026 01:15,Arvind Bansal (DNCR)
26-09-2026,26-09-2026,FMPC6527402519,PrahladPur_DEL_PL,AYUKA FASHION +919625569336,e2e2d1f441004325,dispatched_to_mh,North,LMA,1.00E+11,WHEELEY,SameerPatra,MotherHub_YKB,BRSNR,PrahladPur_DEL_PL,PH-ZO-DELYKB-65864704,expected,OPENED,26-09-2026 00:06,Arvind Bansal (DNCR)
26-09-2026,26-09-2026,FMPC6529744286,Rohinihub_DEL_PL,Beena Enterprises +917827859645,c9ca764f7382449d,dispatched_to_mh,North,LMA,1.00E+11,We Innovate Business Solutions Pvt Ltd,Bharat,MotherHub_YKB,BRSNR,Rohinihub_DEL_PL,PH-ZO-DELYKB-65919365,expected,OPENED,26-09-2026 02:54,Arvind Bansal (DNCR)
26-09-2026,26-09-2026,FMPC6528997432,SahibabadHub_DEL_PL,suroskie +919711148187,28af541b7ec84657,dispatched_to_mh,North,LMA,1.00E+11,Greenteck Logistics and Mobility Pvt Ltd,Maneesh,MotherHub_YKB,BRSNR,SahibabadHub_DEL_PL,PH-ZO-DELYKB-65753423,expected,OPENED,26-09-2026 09:18,Arvind Bansal (DNCR)
26-09-2026,26-09-2026,FMPC6529616274,SahibabadHub_DEL_PL,D & Y Retails +919999825433,6f7628a8872c41e4,dispatched_to_mh,North,TRUEFLEX,861333,TRUEFLEX,SabeshKhan,MotherHub_YKB,BRSNR,SahibabadHub_DEL_PL,PH-ZO-DELYKB-65934365,expected,OPENED,26-09-2026 05:11,Arvind Bansal (DNCR)
26-09-2026,26-09-2026,FMPC6528646366,SahibabadHub_DEL_PL,M S ASP TECHNOPLAST +918802478868,756a8fd2ebf34521,dispatched_to_mh,North,LMA,1.00E+11,Vxpress,NiteshKumar,MotherHub_YKB,BRSNR,SahibabadHub_DEL_PL,PH-ZO-DELYKB-65679181,expected,OPENED,26-09-2026 05:15,Arvind Bansal (DNCR)
26-09-2026,26-09-2026,FMPC6529706318,PrahladPur_DEL_PL,sunshopping +919205318857,cd2d583da3ed4da0,dispatched_to_mh,North,LMA,1.00E+11,Sitics,Umang,MotherHub_YKB,BRSNR,PrahladPur_DEL_PL,PH-ZO-DELYKB-65916368,expected,OPENED,26-09-2026 04:32,Arvind Bansal (DNCR)
26-09-2026,26-09-2026,FMPC6528723254,SahibabadHub_DEL_PL,M S ASP TECHNOPLAST +918802478868,756a8fd2ebf34521,dispatched_to_mh,North,LMA,1.00E+11,Vxpress,NiteshKumar,MotherHub_YKB,BRSNR,SahibabadHub_DEL_PL,PH-ZO-DELYKB-65679181,expected,OPENED,26-09-2026 05:15,Arvind Bansal (DNCR)
26-09-2026,26-09-2026,FMPP4296816941,Rohinihub_DEL_PL,NUTRIFOX SUPERFOODS +919211260600,c3662e35e08a4272,dispatched_to_mh,North,LMA,1.00E+11,We Innovate Business Solutions Pvt Ltd,SONUKUMAR,MotherHub_YKB,BRSNR,Rohinihub_DEL_PL,PH-ZO-DELYKB-65907111,expected,OPENED,26-09-2026 01:40,Arvind Bansal (DNCR)
26-09-2026,26-09-2026,FMPC6527915847,Ramaroadhub_DEL_PL,Dynamic Designing & Creation +919654361610,6e80f3bcfc2c4820,received_at_mh,North,LMA,1.00E+11,AADIYOGI LOGISTIC PRIVATE LIMITED,AmitKumar,MotherHub_YKB,BRSNR,Ramaroadhub_DEL_PL,PH-ZO-DELYKB-65898562,expected,OPENED,26-09-2026 07:45,Arvind Bansal (DNCR)
26-09-2026,26-09-2026,FMPC6527648074,Ramaroadhub_DEL_PL,Bongchie india +918920411168,078d44a914244a62,received_at_mh,North,LMA,1.00E+11,AADIYOGI LOGISTIC PRIVATE LIMITED,AmitKumar,MotherHub_YKB,BRSNR,Ramaroadhub_DEL_PL,PH-ZO-DELYKB-65898562,expected,OPENED,26-09-2026 07:45,Arvind Bansal (DNCR)
26-09-2026,26-09-2026,FMPC6529845169,SahibabadHub_DEL_PL,D R SALES +919818370217,ec05c8d096ed4eef,received_at_mh,North,LMA,1.00E+11,Greenteck Logistics and Mobility Pvt Ltd,MunkadAli,MotherHub_YKB,BRSNR,SahibabadHub_DEL_PL,PH-ZO-DELYKB-65933734,expected,OPENED,26-09-2026 05:46,Arvind Bansal (DNCR)
26-09-2026,26-09-2026,FMPC6528560394,Ramaroadhub_DEL_PL,Erams Online +919773971633,78f2e16f381a4648,received_at_mh,North,LMA,1.00E+11,AADIYOGI LOGISTIC PRIVATE LIMITED,AmitKumar,MotherHub_YKB,BRSNR,Ramaroadhub_DEL_PL,PH-ZO-DELYKB-65898562,expected,OPENED,26-09-2026 07:45,Arvind Bansal (DNCR)
26-09-2026,26-09-2026,FMPC6528456204,Ramaroadhub_DEL_PL,TYSON EV SMART E-BIKES +919990080360,47ba4ef705b04634,received_at_mh,North,LMA,1.00E+11,AADIYOGI LOGISTIC PRIVATE LIMITED,AmitKumar,MotherHub_YKB,BRSNR,Ramaroadhub_DEL_PL,PH-ZO-DELYKB-65898562,expected,OPENED,26-09-2026 07:45,Arvind Bansal (DNCR)
26-09-2026,26-09-2026,FMPC6528311967,SahibabadHub_DEL_PL,Vasuki +919319710293,f1acff6aa23241b4,received_at_mh,North,LMA,1.00E+11,Greenteck Logistics and Mobility Pvt Ltd,MunkadAli,MotherHub_YKB,BRSNR,SahibabadHub_DEL_PL,PH-ZO-DELYKB-65933734,expected,OPENED,26-09-2026 05:46,Arvind Bansal (DNCR)
26-09-2026,26-09-2026,MYEP1137560253,PrahladPur_DEL_PL,MYE : CHOUDHARY RETAILS-delhi_PPMP_RDPH 8010574404,MYE_e2f106d27d74f473e94bbdd22a92a8d9,dispatched_to_mh,North,LMA,1.00E+11,WHEELEY,Rohit,MotherHub_YKB,BRSNR,PrahladPur_DEL_PL,PH-ZO-DELYKB-65933128,expected,OPENED,26-09-2026 08:30,Arvind Bansal (DNCR)
26-09-2026,26-09-2026,FMPC6528219028,SahibabadHub_DEL_PL,JAIN TRENDZ 8920953985,d6a8c761d40e4863,dispatched_to_mh,North,TRUEFLEX,861333,TRUEFLEX,SabeshKhan,MotherHub_YKB,BRSNR,SahibabadHub_DEL_PL,PH-ZO-DELYKB-65948526,expected,OPENED,26-09-2026 05:05,Arvind Bansal (DNCR)
26-09-2026,26-09-2026,FMPC6528219265,Ramaroadhub_DEL_PL,Dynamic Designing & Creation +919654361610,6e80f3bcfc2c4820,received_at_mh,North,LMA,1.00E+11,AADIYOGI LOGISTIC PRIVATE LIMITED,AmitKumar,MotherHub_YKB,BRSNR,Ramaroadhub_DEL_PL,PH-ZO-DELYKB-65898562,expected,OPENED,26-09-2026 07:45,Arvind Bansal (DNCR)
26-09-2026,26-09-2026,FMPC6529655914,SahibabadHub_DEL_PL,D & Y Retails +919999825433,6f7628a8872c41e4,dispatched_to_mh,North,TRUEFLEX,861333,TRUEFLEX,SabeshKhan,MotherHub_YKB,BRSNR,SahibabadHub_DEL_PL,PH-ZO-DELYKB-65934365,expected,OPENED,26-09-2026 05:11,Arvind Bansal (DNCR)
26-09-2026,26-09-2026,FMPC6529632669,Ramaroadhub_DEL_PL,Dynamic Designing & Creation +919654361610,6e80f3bcfc2c4820,received_at_mh,North,LMA,1.00E+11,AADIYOGI LOGISTIC PRIVATE LIMITED,AmitKumar,MotherHub_YKB,BRSNR,Ramaroadhub_DEL_PL,PH-ZO-DELYKB-65898562,expected,OPENED,26-09-2026 07:45,Arvind Bansal (DNCR)
26-09-2026,26-09-2026,FMPC6528753382,SahibabadHub_DEL_PL,M/S RISHABH HOME APPLIANCES +917838271507,0007cdeabd284f12,dispatched_to_mh,North,LMA,1.00E+11,Vxpress,NiteshKumar,MotherHub_YKB,BRSNR,SahibabadHub_DEL_PL,PH-ZO-DELYKB-65932046,expected,OPENED,26-09-2026 05:17,Arvind Bansal (DNCR)
26-09-2026,26-09-2026,FMPP4296777290,PrahladPur_DEL_PL,Pink Shopping Tree +919650869880,bd71d0bd97e94556,received_at_mh,North,LMA,1.00E+11,Fastbeetle service,VarunChauhan,MotherHub_YKB,BRSNR,PrahladPur_DEL_PL,PH-ZO-DELYKB-65892345,expected,OPENED,26-09-2026 01:25,Arvind Bansal (DNCR)
26-09-2026,26-09-2026,FMPC6528781035,SahibabadHub_DEL_PL,M S ASP TECHNOPLAST +918802478868,756a8fd2ebf34521,dispatched_to_mh,North,LMA,1.00E+11,Vxpress,NiteshKumar,MotherHub_YKB,BRSNR,SahibabadHub_DEL_PL,PH-ZO-DELYKB-65679181,expected,OPENED,26-09-2026 05:15,Arvind Bansal (DNCR)
26-09-2026,26-09-2026,FMPC6528551591,PrahladPur_DEL_PL,AKASH SINGH +918076268573,b3460d1daef948d9,dispatched_to_mh,North,LMA,1.00E+11,WHEELEY,SameerPatra,MotherHub_YKB,BRSNR,PrahladPur_DEL_PL,PH-ZO-DELYKB-65864702,expected,OPENED,26-09-2026 00:15,Arvind Bansal (DNCR)
26-09-2026,26-09-2026,FMPC6526777691,SahibabadHub_DEL_PL,Sasta Bazzar Wala +919560523938,97bc3609d60a4cc1,dispatched_to_mh,North,EKART,2668831,EKART,,MotherHub_YKB,BRSNR,SahibabadHub_DEL_PL,PH-ZO-DELYKB-65936394,expected,OPENED,26-09-2026 04:35,Arvind Bansal (DNCR)
26-09-2026,26-09-2026,FMPC6529576638,Ramaroadhub_DEL_PL,Erams Online +919773971633,78f2e16f381a4648,received_at_mh,North,LMA,1.00E+11,AADIYOGI LOGISTIC PRIVATE LIMITED,AmitKumar,MotherHub_YKB,BRSNR,Ramaroadhub_DEL_PL,PH-ZO-DELYKB-65898562,expected,OPENED,26-09-2026 07:45,Arvind Bansal (DNCR)
26-09-2026,26-09-2026,FMPC6528524326,Ramaroadhub_DEL_PL,INNOVATION ACCESSORIES +919899335322,e059c20140e44cd4,received_at_mh,North,LMA,1.00E+11,AADIYOGI LOGISTIC PRIVATE LIMITED,AmitKumar,MotherHub_YKB,BRSNR,Ramaroadhub_DEL_PL,PH-ZO-DELYKB-65898562,expected,OPENED,26-09-2026 07:45,Arvind Bansal (DNCR)
26-09-2026,26-09-2026,FMPP4298505153,SahibabadHub_DEL_PL,KONVIO PRIVATE LIMITED +917015744904,80ba54ed114542d5,dispatched_to_mh,North,LMA,1.00E+11,Greenteck Logistics and Mobility Pvt Ltd,Maneesh,MotherHub_YKB,BRSNR,SahibabadHub_DEL_PL,PH-ZO-DELYKB-65753423,expected,OPENED,26-09-2026 09:18,Arvind Bansal (DNCR)
26-09-2026,26-09-2026,FMPC6529279796,SahibabadHub_DEL_PL,suroskie +919711148187,28af541b7ec84657,dispatched_to_mh,North,LMA,1.00E+11,Greenteck Logistics and Mobility Pvt Ltd,Maneesh,MotherHub_YKB,BRSNR,SahibabadHub_DEL_PL,PH-ZO-DELYKB-65753423,expected,OPENED,26-09-2026 09:18,Arvind Bansal (DNCR)
26-09-2026,26-09-2026,FMPC6528041216,SahibabadHub_DEL_PL,RN FAUCETS PRIVATE LIMITED +919315603920,c6e60ec1d6854a2d,dispatched_to_mh,North,LMA,1.00E+11,Greenteck Logistics and Mobility Pvt Ltd,Maneesh,MotherHub_YKB,BRSNR,SahibabadHub_DEL_PL,PH-ZO-DELYKB-65753423,expected,OPENED,26-09-2026 09:18,Arvind Bansal (DNCR)
26-09-2026,26-09-2026,MYEC1120399592,Ramaroadhub_DEL_PL,MYE : BBoy bodywears_PPMP 8448203494,MYE_dce263c3bb0a6b17e8d45b66df366be5,dispatched_to_mh,North,LMA,1.00E+11,AADIYOGI LOGISTIC PRIVATE LIMITED,KeharVarma,MotherHub_YKB,BRSNR,Ramaroadhub_DEL_PL,PH-ZO-DELYKB-65856179,expected,OPENED,26-09-2026 00:34,Arvind Bansal (DNCR)
26-09-2026,26-09-2026,FMPC6529347865,Pitampurahub_DEL_PL,Prime creations +918743075405,faeed666cb354a73,dispatched_to_mh,North,LMA,1.00E+11,#N/A,#N/A,MotherHub_YKB,BRSNR,Pitampurahub_DEL_PL,PH-ZO-DELYKB-65466536,expected,OPENED,26-09-2026 01:15,Arvind Bansal (DNCR)
26-09-2026,26-09-2026,FMPC6527329828,Ramaroadhub_DEL_PL,TYSON EV SMART E-BIKES +919990080360,47ba4ef705b04634,received_at_mh,North,LMA,1.00E+11,AADIYOGI LOGISTIC PRIVATE LIMITED,AmitKumar,MotherHub_YKB,BRSNR,Ramaroadhub_DEL_PL,PH-ZO-DELYKB-65898562,expected,OPENED,26-09-2026 07:45,Arvind Bansal (DNCR)
26-09-2026,26-09-2026,FMPC6528864739,Ramaroadhub_DEL_PL,Dynamic Designing & Creation +919654361610,6e80f3bcfc2c4820,received_at_mh,North,LMA,1.00E+11,AADIYOGI LOGISTIC PRIVATE LIMITED,AmitKumar,MotherHub_YKB,BRSNR,Ramaroadhub_DEL_PL,PH-ZO-DELYKB-65898562,expected,OPENED,26-09-2026 07:45,Arvind Bansal (DNCR)
26-09-2026,26-09-2026,FMPP4297345720,SahibabadHub_DEL_PL,Beewibe +918449795359,ce43aaa6bb254742,dispatched_to_mh,North,EKART,3838370,EKART,,MotherHub_YKB,BRSNR,SahibabadHub_DEL_PL,PH-ZO-DELYKB-65934785,expected,OPENED,26-09-2026 04:49,Arvind Bansal (DNCR)
26-09-2026,26-09-2026,FMPC6527237832,Rohinihub_DEL_PL,DHURVI +917683000396,1c761ee9dfaa4662,dispatched_to_mh,North,TRUEFLEX,598572,TRUEFLEX,Ramesh,MotherHub_YKB,BRSNR,Rohinihub_DEL_PL,PH-ZO-DELYKB-65942691,expected,OPENED,26-09-2026 02:56,Arvind Bansal (DNCR)
26-09-2026,26-09-2026,FMPC6527942548,SahibabadHub_DEL_PL,JAIN TRENDZ 8920953985,d6a8c761d40e4863,dispatched_to_mh,North,EKART,4370669,EKART,,MotherHub_YKB,BRSNR,SahibabadHub_DEL_PL,PH-ZO-DELYKB-65948516,expected,OPENED,26-09-2026 05:14,Arvind Bansal (DNCR)
26-09-2026,26-09-2026,FMPP4297920329,SahibabadHub_DEL_PL,M S ASP TECHNOPLAST +918802478868,756a8fd2ebf34521,dispatched_to_mh,North,LMA,1.00E+11,Vxpress,NiteshKumar,MotherHub_YKB,BRSNR,SahibabadHub_DEL_PL,PH-ZO-DELYKB-65679181,expected,OPENED,26-09-2026 05:15,Arvind Bansal (DNCR)
26-09-2026,26-09-2026,FMPP4297354465,PrahladPur_DEL_PL,LAVYA ENTERPRISES +919871217597,bb2644692eba4292,dispatched_to_mh,North,EKART,4367425,EKART,,MotherHub_YKB,BRSNR,PrahladPur_DEL_PL,PH-ZO-DELYKB-65877256,expected,OPENED,26-09-2026 01:35,Arvind Bansal (DNCR)
26-09-2026,26-09-2026,FMPC6528497903,Ramaroadhub_DEL_PL,Erams Online +919773971633,78f2e16f381a4648,received_at_mh,North,LMA,1.00E+11,AADIYOGI LOGISTIC PRIVATE LIMITED,AmitKumar,MotherHub_YKB,BRSNR,Ramaroadhub_DEL_PL,PH-ZO-DELYKB-65898562,expected,OPENED,26-09-2026 07:45,Arvind Bansal (DNCR)
26-09-2026,26-09-2026,FMPP4296808601,PrahladPur_DEL_PL,Kiran Enterprises +917838097303,73405be884b64569,dispatched_to_mh,North,LMA,1.00E+11,WHEELEY,FaimKhan,MotherHub_YKB,BRSNR,PrahladPur_DEL_PL,PH-ZO-DELYKB-65366889,expected,OPENED,26-09-2026 01:35,Arvind Bansal (DNCR)
26-09-2026,26-09-2026,FMPC6528438276,Pitampurahub_DEL_PL,Shri Narayan Industries +919811860120,e492715aaf99474c,dispatched_to_mh,North,TRUEFLEX,803355,TRUEFLEX,ManishKumar,MotherHub_YKB,BRSNR,Pitampurahub_DEL_PL,PH-ZO-DELYKB-65951515,expected,OPENED,26-09-2026 02:06,Arvind Bansal (DNCR)
26-09-2026,26-09-2026,FMPP4297466036,PrahladPur_DEL_PL,FABRIC FLAIR +919582618299,66a9ae8c57044c9f,dispatched_to_mh,North,LMA,1.00E+11,WERCATALYST VENTURES PVT LTD,HarishKumar,MotherHub_YKB,BRSNR,PrahladPur_DEL_PL,PH-ZO-DELYKB-65337085,expected,OPENED,26-09-2026 01:31,Arvind Bansal (DNCR)
26-09-2026,26-09-2026,FMPP4298588250,Pitampurahub_DEL_PL,SHIVAM ENTERPRISES +919643748355,18b450077a684f0d,received_at_mh,North,LMA,1.00E+11,WHEELEY,Faizal,MotherHub_YKB,BRSNR,Pitampurahub_DEL_PL,PH-ZO-DELYKB-65722804,expected,OPENED,26-09-2026 02:45,Arvind Bansal (DNCR)
26-09-2026,26-09-2026,FMPC6527959405,Ramaroadhub_DEL_PL,TYSON EV SMART E-BIKES +919990080360,47ba4ef705b04634,received_at_mh,North,LMA,1.00E+11,AADIYOGI LOGISTIC PRIVATE LIMITED,AmitKumar,MotherHub_YKB,BRSNR,Ramaroadhub_DEL_PL,PH-ZO-DELYKB-65898562,expected,OPENED,26-09-2026 07:45,Arvind Bansal (DNCR)
26-09-2026,26-09-2026,FMPC6527479615,SahibabadHub_DEL_PL,RN FAUCETS PRIVATE LIMITED +919315603920,c6e60ec1d6854a2d,dispatched_to_mh,North,LMA,1.00E+11,Greenteck Logistics and Mobility Pvt Ltd,Maneesh,MotherHub_YKB,BRSNR,SahibabadHub_DEL_PL,PH-ZO-DELYKB-65753423,expected,OPENED,26-09-2026 09:18,Arvind Bansal (DNCR)
26-09-2026,26-09-2026,FMPC6527652392,Ramaroadhub_DEL_PL,Bongchie india +918920411168,078d44a914244a62,received_at_mh,North,LMA,1.00E+11,AADIYOGI LOGISTIC PRIVATE LIMITED,AmitKumar,MotherHub_YKB,BRSNR,Ramaroadhub_DEL_PL,PH-ZO-DELYKB-65898562,expected,OPENED,26-09-2026 07:45,Arvind Bansal (DNCR)
26-09-2026,26-09-2026,FMPC6527069231,Ramaroadhub_DEL_PL,Deepika traders +919716708445,eab8a24310bb4e3d,received_at_mh,North,LMA,1.00E+11,AADIYOGI LOGISTIC PRIVATE LIMITED,AmitKumar,MotherHub_YKB,BRSNR,Ramaroadhub_DEL_PL,PH-ZO-DELYKB-65898562,expected,OPENED,26-09-2026 07:45,Arvind Bansal (DNCR)
26-09-2026,26-09-2026,FMPP4296896623,PrahladPur_DEL_PL,AYUKA FASHION +919625569336,e2e2d1f441004325,dispatched_to_mh,North,LMA,1.00E+11,WHEELEY,SameerPatra,MotherHub_YKB,BRSNR,PrahladPur_DEL_PL,PH-ZO-DELYKB-65864704,expected,OPENED,26-09-2026 00:06,Arvind Bansal (DNCR)
26-09-2026,26-09-2026,FMPC6527439036,SahibabadHub_DEL_PL,M S ASP TECHNOPLAST +918802478868,756a8fd2ebf34521,dispatched_to_mh,North,LMA,1.00E+11,Vxpress,NiteshKumar,MotherHub_YKB,BRSNR,SahibabadHub_DEL_PL,PH-ZO-DELYKB-65679181,expected,OPENED,26-09-2026 05:15,Arvind Bansal (DNCR)
26-09-2026,26-09-2026,FMPP4297640988,SahibabadHub_DEL_PL,RN FAUCETS PRIVATE LIMITED +919315603920,c6e60ec1d6854a2d,dispatched_to_mh,North,LMA,1.00E+11,Greenteck Logistics and Mobility Pvt Ltd,Maneesh,MotherHub_YKB,BRSNR,SahibabadHub_DEL_PL,PH-ZO-DELYKB-65753423,expected,OPENED,26-09-2026 09:18,Arvind Bansal (DNCR)
26-09-2026,26-09-2026,FMPC6527725250,Pitampurahub_DEL_PL,KALRA AUTO TRADERS +918527371381,7f339bfda66c41ff,received_at_mh,North,LMA,1.00E+11,Greenteck Logistics and Mobility Pvt Ltd,AyushKumar,MotherHub_YKB,BRSNR,Pitampurahub_DEL_PL,PH-ZO-DELYKB-65795806,expected,OPENED,26-09-2026 02:42,Arvind Bansal (DNCR)
26-09-2026,26-09-2026,FMPC6527708178,Ramaroadhub_DEL_PL,Leczo +918700026674,8fd805f9f51e4914,received_at_mh,North,LMA,1.00E+11,AADIYOGI LOGISTIC PRIVATE LIMITED,AmitKumar,MotherHub_YKB,BRSNR,Ramaroadhub_DEL_PL,PH-ZO-DELYKB-65898562,expected,OPENED,26-09-2026 07:45,Arvind Bansal (DNCR)
26-09-2026,26-09-2026,FMPC6527710826,Ramaroadhub_DEL_PL,INNOVATION ACCESSORIES +919899335322,e059c20140e44cd4,received_at_mh,North,LMA,1.00E+11,AADIYOGI LOGISTIC PRIVATE LIMITED,AmitKumar,MotherHub_YKB,BRSNR,Ramaroadhub_DEL_PL,PH-ZO-DELYKB-65898562,expected,OPENED,26-09-2026 07:45,Arvind Bansal (DNCR)
26-09-2026,26-09-2026,FMPP4298184978,SahibabadHub_DEL_PL,RN FAUCETS PRIVATE LIMITED +919315603920,c6e60ec1d6854a2d,dispatched_to_mh,North,LMA,1.00E+11,Greenteck Logistics and Mobility Pvt Ltd,Maneesh,MotherHub_YKB,BRSNR,SahibabadHub_DEL_PL,PH-ZO-DELYKB-65753423,expected,OPENED,26-09-2026 09:18,Arvind Bansal (DNCR)
26-09-2026,26-09-2026,FMPC6529402258,SahibabadHub_DEL_PL,M S ASP TECHNOPLAST +918802478868,756a8fd2ebf34521,dispatched_to_mh,North,LMA,1.00E+11,Vxpress,NiteshKumar,MotherHub_YKB,BRSNR,SahibabadHub_DEL_PL,PH-ZO-DELYKB-65679181,expected,OPENED,26-09-2026 05:15,Arvind Bansal (DNCR)
26-09-2026,26-09-2026,FMPC6529655826,SahibabadHub_DEL_PL,D & Y Retails +919999825433,6f7628a8872c41e4,dispatched_to_mh,North,TRUEFLEX,861333,TRUEFLEX,SabeshKhan,MotherHub_YKB,BRSNR,SahibabadHub_DEL_PL,PH-ZO-DELYKB-65934365,expected,OPENED,26-09-2026 05:11,Arvind Bansal (DNCR)
26-09-2026,26-09-2026,FMPC6528518892,Ramaroadhub_DEL_PL,INNOVATION ACCESSORIES +919899335322,e059c20140e44cd4,received_at_mh,North,LMA,1.00E+11,AADIYOGI LOGISTIC PRIVATE LIMITED,AmitKumar,MotherHub_YKB,BRSNR,Ramaroadhub_DEL_PL,PH-ZO-DELYKB-65898562,expected,OPENED,26-09-2026 07:45,Arvind Bansal (DNCR)
26-09-2026,26-09-2026,FMPP4297713608,PrahladPur_DEL_PL,THE PROFESSIONAL HAIR SALON & SPA PVT LTD +919315743367,5a17ab4d0fba4c7d,received_at_mh,North,TRUEFLEX,594047,TRUEFLEX,SandeepPal,MotherHub_YKB,BRSNR,PrahladPur_DEL_PL,PH-ZO-DELYKB-65921543,expected,OPENED,26-09-2026 04:15,Arvind Bansal (DNCR)
26-09-2026,26-09-2026,FMPC6529656385,SahibabadHub_DEL_PL,D & Y Retails +919999825433,6f7628a8872c41e4,dispatched_to_mh,North,TRUEFLEX,861333,TRUEFLEX,SabeshKhan,MotherHub_YKB,BRSNR,SahibabadHub_DEL_PL,PH-ZO-DELYKB-65934365,expected,OPENED,26-09-2026 05:11,Arvind Bansal (DNCR)
26-09-2026,26-09-2026,FMPC6528539294,SahibabadHub_DEL_PL,MAHALAXMI VALVE PRIVATE LIMITE +919625314298,6fe3bebbca4a47ea,dispatched_to_mh,North,LMA,1.00E+11,Greenteck Logistics and Mobility Pvt Ltd,Maneesh,MotherHub_YKB,BRSNR,SahibabadHub_DEL_PL,PH-ZO-DELYKB-65753423,expected,OPENED,26-09-2026 09:18,Arvind Bansal (DNCR)
26-09-2026,26-09-2026,FMPP4297457261,Rohinihub_DEL_PL,KAILASH PUBLICATION THE BOOK SHOP +919599299378,1010f2c630ec4e9f,dispatched_to_mh,North,LMA,1.00E+11,We Innovate Business Solutions Pvt Ltd,LalkeshRam,MotherHub_YKB,BRSNR,Rohinihub_DEL_PL,PH-ZO-DELYKB-65669673,expected,OPENED,26-09-2026 01:34,Arvind Bansal (DNCR)
26-09-2026,26-09-2026,FMPP4297863815,Pitampurahub_DEL_PL,KALRA AUTO TRADERS +918527371381,7f339bfda66c41ff,received_at_mh,North,LMA,1.00E+11,Greenteck Logistics and Mobility Pvt Ltd,AyushKumar,MotherHub_YKB,BRSNR,Pitampurahub_DEL_PL,PH-ZO-DELYKB-65795806,expected,OPENED,26-09-2026 02:42,Arvind Bansal (DNCR)
26-09-2026,26-09-2026,FMPC6527896759,Ramaroadhub_DEL_PL,Dynamic Designing & Creation +919654361610,6e80f3bcfc2c4820,received_at_mh,North,LMA,1.00E+11,AADIYOGI LOGISTIC PRIVATE LIMITED,AmitKumar,MotherHub_YKB,BRSNR,Ramaroadhub_DEL_PL,PH-ZO-DELYKB-65898562,expected,OPENED,26-09-2026 07:45,Arvind Bansal (DNCR)
26-09-2026,26-09-2026,FMPC6529092415,SahibabadHub_DEL_PL,RN FAUCETS PRIVATE LIMITED +919315603920,c6e60ec1d6854a2d,dispatched_to_mh,North,LMA,1.00E+11,Greenteck Logistics and Mobility Pvt Ltd,Maneesh,MotherHub_YKB,BRSNR,SahibabadHub_DEL_PL,PH-ZO-DELYKB-65753423,expected,OPENED,26-09-2026 09:18,Arvind Bansal (DNCR)
26-09-2026,26-09-2026,FMPC6528374620,PrahladPur_DEL_PL,Gyandeep Traders +918700693571,c4f16517a80940aa,received_at_mh,North,EKART,4367425,EKART,,MotherHub_YKB,BRSNR,PrahladPur_DEL_PL,PH-ZO-DELYKB-65877256,expected,OPENED,26-09-2026 01:35,Arvind Bansal (DNCR)
26-09-2026,26-09-2026,FMPC6527030783,Ramaroadhub_DEL_PL,TYSON EV SMART E-BIKES +919990080360,47ba4ef705b04634,received_at_mh,North,LMA,1.00E+11,AADIYOGI LOGISTIC PRIVATE LIMITED,AmitKumar,MotherHub_YKB,BRSNR,Ramaroadhub_DEL_PL,PH-ZO-DELYKB-65898562,expected,OPENED,26-09-2026 07:45,Arvind Bansal (DNCR)
26-09-2026,26-09-2026,FMPC6527919909,Ramaroadhub_DEL_PL,Dynamic Designing & Creation +919654361610,6e80f3bcfc2c4820,received_at_mh,North,LMA,1.00E+11,AADIYOGI LOGISTIC PRIVATE LIMITED,AmitKumar,MotherHub_YKB,BRSNR,Ramaroadhub_DEL_PL,PH-ZO-DELYKB-65898562,expected,OPENED,26-09-2026 07:45,Arvind Bansal (DNCR)
26-09-2026,26-09-2026,FMPC6528224852,Ramaroadhub_DEL_PL,TYSON EV SMART E-BIKES +919990080360,47ba4ef705b04634,received_at_mh,North,LMA,1.00E+11,AADIYOGI LOGISTIC PRIVATE LIMITED,AmitKumar,MotherHub_YKB,BRSNR,Ramaroadhub_DEL_PL,PH-ZO-DELYKB-65898562,expected,OPENED,26-09-2026 07:45,Arvind Bansal (DNCR)
26-09-2026,26-09-2026,FMPP4297843639,Ramaroadhub_DEL_PL,Erams Online +919773971633,78f2e16f381a4648,received_at_mh,North,LMA,1.00E+11,AADIYOGI LOGISTIC PRIVATE LIMITED,AmitKumar,MotherHub_YKB,BRSNR,Ramaroadhub_DEL_PL,PH-ZO-DELYKB-65898562,expected,OPENED,26-09-2026 07:45,Arvind Bansal (DNCR)
26-09-2026,26-09-2026,FMPP4298602310,SahibabadHub_DEL_PL,D R SALES +919818370217,ec05c8d096ed4eef,received_at_mh,North,LMA,1.00E+11,Greenteck Logistics and Mobility Pvt Ltd,MunkadAli,MotherHub_YKB,BRSNR,SahibabadHub_DEL_PL,PH-ZO-DELYKB-65933734,expected,OPENED,26-09-2026 05:46,Arvind Bansal (DNCR)
26-09-2026,26-09-2026,FMPP4295629853,Rohinihub_DEL_PL,BR Enterprises +917743875519,38fda53dc24342b7,dispatched_to_mh,North,TRUEFLEX,618215,TRUEFLEX,Lokesh,MotherHub_YKB,BRSNR,Rohinihub_DEL_PL,PH-ZO-DELYKB-65944434,expected,OPENED,26-09-2026 01:38,Arvind Bansal (DNCR)
26-09-2026,26-09-2026,FMPP4297844382,Ramaroadhub_DEL_PL,Erams Online +919773971633,78f2e16f381a4648,received_at_mh,North,LMA,1.00E+11,AADIYOGI LOGISTIC PRIVATE LIMITED,AmitKumar,MotherHub_YKB,BRSNR,Ramaroadhub_DEL_PL,PH-ZO-DELYKB-65898562,expected,OPENED,26-09-2026 07:45,Arvind Bansal (DNCR)
26-09-2026,26-09-2026,FMPC6529622205,Pitampurahub_DEL_PL,KALRA AUTO TRADERS +918527371381,7f339bfda66c41ff,dispatched_to_mh,North,LMA,1.00E+11,Greenteck Logistics and Mobility Pvt Ltd,AyushKumar,MotherHub_YKB,BRSNR,Pitampurahub_DEL_PL,PH-ZO-DELYKB-65795806,expected,OPENED,26-09-2026 02:42,Arvind Bansal (DNCR)
26-09-2026,26-09-2026,FMPC6526831638,SahibabadHub_DEL_PL,suroskie +919711148187,28af541b7ec84657,dispatched_to_mh,North,LMA,1.00E+11,Greenteck Logistics and Mobility Pvt Ltd,Maneesh,MotherHub_YKB,BRSNR,SahibabadHub_DEL_PL,PH-ZO-DELYKB-65753423,expected,OPENED,26-09-2026 09:18,Arvind Bansal (DNCR)
26-09-2026,26-09-2026,FMPP4298642067,PrahladPur_DEL_PL,sunshopping +919205318857,cd2d583da3ed4da0,dispatched_to_mh,North,LMA,1.00E+11,Sitics,Umang,MotherHub_YKB,BRSNR,PrahladPur_DEL_PL,PH-ZO-DELYKB-65916368,expected,OPENED,26-09-2026 04:32,Arvind Bansal (DNCR)
26-09-2026,26-09-2026,FMPC6528516566,Ramaroadhub_DEL_PL,EXOTIC FLOURISH +919899355700,b86248e9d10c494c,received_at_mh,North,LMA,1.00E+11,AADIYOGI LOGISTIC PRIVATE LIMITED,AmitKumar,MotherHub_YKB,BRSNR,Ramaroadhub_DEL_PL,PH-ZO-DELYKB-65898562,expected,OPENED,26-09-2026 07:45,Arvind Bansal (DNCR)
26-09-2026,26-09-2026,FMPP4297802770,Rohinihub_DEL_PL,Babita Enterprises +919968374058,e95eacbc31344dbc,dispatched_to_mh,North,LMA,1.00E+11,AADIYOGI LOGISTIC PRIVATE LIMITED,Harshit,MotherHub_YKB,BRSNR,Rohinihub_DEL_PL,PH-ZO-DELYKB-65912282,expected,OPENED,26-09-2026 01:44,Arvind Bansal (DNCR)
26-09-2026,26-09-2026,FMPC6528527589,Ramaroadhub_DEL_PL,INNOVATION ACCESSORIES +919899335322,e059c20140e44cd4,received_at_mh,North,LMA,1.00E+11,AADIYOGI LOGISTIC PRIVATE LIMITED,AmitKumar,MotherHub_YKB,BRSNR,Ramaroadhub_DEL_PL,PH-ZO-DELYKB-65898562,expected,OPENED,26-09-2026 07:45,Arvind Bansal (DNCR)
26-09-2026,26-09-2026,FMPC6528875934,Pitampurahub_DEL_PL,Buyer's Choice +918800602474,c125278ef0d74acd,dispatched_to_mh,North,LMA,1.00E+11,#N/A,#N/A,MotherHub_YKB,BRSNR,Pitampurahub_DEL_PL,PH-ZO-DELYKB-65406359,expected,OPENED,26-09-2026 02:21,Arvind Bansal (DNCR)
26-09-2026,26-09-2026,FMPC6528969250,PrahladPur_DEL_PL,SAROJ TRADERS +918383095828,2b86c229d00a4d52,dispatched_to_mh,North,EKART,4367425,EKART,,MotherHub_YKB,BRSNR,PrahladPur_DEL_PL,PH-ZO-DELYKB-65877256,expected,OPENED,26-09-2026 01:35,Arvind Bansal (DNCR)
26-09-2026,26-09-2026,FMPC6527195737,Ramaroadhub_DEL_PL,Dynamic Designing & Creation +919654361610,6e80f3bcfc2c4820,received_at_mh,North,LMA,1.00E+11,AADIYOGI LOGISTIC PRIVATE LIMITED,AmitKumar,MotherHub_YKB,BRSNR,Ramaroadhub_DEL_PL,PH-ZO-DELYKB-65898562,expected,OPENED,26-09-2026 07:45,Arvind Bansal (DNCR)
26-09-2026,26-09-2026,FMPC6527837239,Ramaroadhub_DEL_PL,Dynamic Designing & Creation +919654361610,6e80f3bcfc2c4820,received_at_mh,North,LMA,1.00E+11,AADIYOGI LOGISTIC PRIVATE LIMITED,AmitKumar,MotherHub_YKB,BRSNR,Ramaroadhub_DEL_PL,PH-ZO-DELYKB-65898562,expected,OPENED,26-09-2026 07:45,Arvind Bansal (DNCR)
26-09-2026,26-09-2026,FMPC6529374344,SahibabadHub_DEL_PL,suroskie +919711148187,28af541b7ec84657,dispatched_to_mh,North,LMA,1.00E+11,Greenteck Logistics and Mobility Pvt Ltd,Maneesh,MotherHub_YKB,BRSNR,SahibabadHub_DEL_PL,PH-ZO-DELYKB-65753423,expected,OPENED,26-09-2026 09:18,Arvind Bansal (DNCR)
26-09-2026,26-09-2026,SDLP1014072277,PrahladPur_DEL_PL,SDL : UPPAL SONS 9810395957,SDL_29ba1f873a89e617af59b58dcc7c8b5b,dispatched_to_mh,North,LMA,1.00E+11,Sitics,Umang,MotherHub_YKB,BRSNR,PrahladPur_DEL_PL,PH-ZO-DELYKB-65811462,expected,OPENED,26-09-2026 04:33,Arvind Bansal (DNCR)
26-09-2026,26-09-2026,FMPP4295298999,SahibabadHub_DEL_PL,SKIER EXPORT AND IMPORT PRIVATE LIMITED +919560355759,c065f37b939e47f7,dispatched_to_mh,North,LMA,1.00E+11,Vxpress,NiteshKumar,MotherHub_YKB,BRSNR,SahibabadHub_DEL_PL,PH-ZO-DELYKB-65679181,expected,OPENED,26-09-2026 05:15,Arvind Bansal (DNCR)
26-09-2026,26-09-2026,VIPC0909270359,SahibabadHub_DEL_PL,VIP : Suroskie 8882664800,VIP_61418030dc5b182654d2fc7e0af100b5,dispatched_to_mh,North,LMA,1.00E+11,Greenteck Logistics and Mobility Pvt Ltd,Maneesh,MotherHub_YKB,BRSNR,SahibabadHub_DEL_PL,PH-ZO-DELYKB-65753423,expected,OPENED,26-09-2026 09:18,Arvind Bansal (DNCR)
26-09-2026,26-09-2026,FMPC6528510013,SahibabadHub_DEL_PL,MAHALAXMI VALVE PRIVATE LIMITE +919625314298,6fe3bebbca4a47ea,dispatched_to_mh,North,LMA,1.00E+11,Greenteck Logistics and Mobility Pvt Ltd,Maneesh,MotherHub_YKB,BRSNR,SahibabadHub_DEL_PL,PH-ZO-DELYKB-65753423,expected,OPENED,26-09-2026 09:18,Arvind Bansal (DNCR)
26-09-2026,26-09-2026,FMPC6529707586,PrahladPur_DEL_PL,sunshopping +919205318857,cd2d583da3ed4da0,dispatched_to_mh,North,LMA,1.00E+11,Sitics,Umang,MotherHub_YKB,BRSNR,PrahladPur_DEL_PL,PH-ZO-DELYKB-65916368,expected,OPENED,26-09-2026 04:32,Arvind Bansal (DNCR)
26-09-2026,26-09-2026,FMPC6528482904,Ramaroadhub_DEL_PL,Dynamic Designing & Creation +919654361610,6e80f3bcfc2c4820,received_at_mh,North,LMA,1.00E+11,AADIYOGI LOGISTIC PRIVATE LIMITED,AmitKumar,MotherHub_YKB,BRSNR,Ramaroadhub_DEL_PL,PH-ZO-DELYKB-65898562,expected,OPENED,26-09-2026 07:45,Arvind Bansal (DNCR)
26-09-2026,26-09-2026,FMPC6529296589,SahibabadHub_DEL_PL,suroskie +919711148187,28af541b7ec84657,dispatched_to_mh,North,LMA,1.00E+11,Greenteck Logistics and Mobility Pvt Ltd,Maneesh,MotherHub_YKB,BRSNR,SahibabadHub_DEL_PL,PH-ZO-DELYKB-65753423,expected,OPENED,26-09-2026 09:18,Arvind Bansal (DNCR)
26-09-2026,26-09-2026,FMPP4297306986,SahibabadHub_DEL_PL,KONVIO PRIVATE LIMITED +917015744904,80ba54ed114542d5,dispatched_to_mh,North,LMA,1.00E+11,Greenteck Logistics and Mobility Pvt Ltd,Maneesh,MotherHub_YKB,BRSNR,SahibabadHub_DEL_PL,PH-ZO-DELYKB-65753423,expected,OPENED,26-09-2026 09:18,Arvind Bansal (DNCR)
26-09-2026,26-09-2026,FMPC6529141585,SahibabadHub_DEL_PL,M S ASP TECHNOPLAST +918802478868,756a8fd2ebf34521,dispatched_to_mh,North,LMA,1.00E+11,Vxpress,NiteshKumar,MotherHub_YKB,BRSNR,SahibabadHub_DEL_PL,PH-ZO-DELYKB-65679181,expected,OPENED,26-09-2026 05:15,Arvind Bansal (DNCR)
26-09-2026,26-09-2026,FMPC6528761137,UttamNagarHub_DEL_PL,craft house +918882232418,61f6a8c54de04a35,dispatched_to_mh,North,LMA,1.00E+11,Watsoo,MohammadSanaullah,MotherHub_YKB,BRSNR,UttamNagarHub_DEL_PL,PH-ZO-DELYKB-65903578,expected,OPENED,26-09-2026 02:29,Arvind Bansal (DNCR)
26-09-2026,26-09-2026,FMPC6529962171,UttamNagarHub_DEL_PL,R S ENTERPRISES +918527200435,8f64481ab27e4c26,received_at_mh,North,LMA,1.00E+11,WHEELEY,Vikas,MotherHub_YKB,BRSNR,UttamNagarHub_DEL_PL,PH-ZO-DELYKB-65961736,expected,OPENED,26-09-2026 02:26,Arvind Bansal (DNCR)
26-09-2026,26-09-2026,FMPC6529639702,UttamNagarHub_DEL_PL,NAVYA ENTERPRISES +919899861706,98914b27a4c34746,dispatched_to_mh,North,LMA,1.00E+11,WHEELEY,NeerajKumar,MotherHub_YKB,BRSNR,UttamNagarHub_DEL_PL,PH-ZO-DELYKB-65793082,expected,OPENED,26-09-2026 02:24,Arvind Bansal (DNCR)
26-09-2026,26-09-2026,FMPC6528960581,UttamNagarHub_DEL_PL,BHANU ENTERPRISES +918130071789,fabe922e95a74b5a,dispatched_to_mh,North,LMA,1.00E+11,#N/A,#N/A,MotherHub_YKB,BRSNR,UttamNagarHub_DEL_PL,PH-ZO-DELYKB-65563502,expected,OPENED,26-09-2026 02:30,Arvind Bansal (DNCR)
26-09-2026,26-09-2026,FMPC6528499090,UttamNagarHub_DEL_PL,VIAN ENTERPRISES +919220297707,e2c98c75a2154e6e,dispatched_to_mh,North,TRUEFLEX,867703,TRUEFLEX,SameerKumar,MotherHub_YKB,BRSNR,UttamNagarHub_DEL_PL,PH-ZO-DELYKB-63906799,expected,OPENED,26-09-2026 02:23,Arvind Bansal (DNCR)
26-09-2026,26-09-2026,FMPC6527331228,UttamNagarHub_DEL_PL,AVLEEN ENTERPRISES +918860325435,4216d69c26fa43aa,dispatched_to_mh,North,TRUEFLEX,624805,TRUEFLEX,MohdSameer,MotherHub_YKB,BRSNR,UttamNagarHub_DEL_PL,PH-ZO-DELYKB-65899501,expected,OPENED,26-09-2026 05:23,Arvind Bansal (DNCR)
26-09-2026,26-09-2026,FMPC6529647460,UttamNagarHub_DEL_PL,craft house +918882232418,61f6a8c54de04a35,dispatched_to_mh,North,LMA,1.00E+11,Watsoo,MohammadSanaullah,MotherHub_YKB,BRSNR,UttamNagarHub_DEL_PL,PH-ZO-DELYKB-65903578,expected,OPENED,26-09-2026 02:29,Arvind Bansal (DNCR)
26-09-2026,26-09-2026,FMPC6521902137,UttamNagarHub_DEL_PL,SHOPEASY +919667126197,750992974b19430c,dispatched_to_mh,North,LMA,1.00E+11,WHEELEY,Nitish,MotherHub_YKB,BRSNR,UttamNagarHub_DEL_PL,PH-ZO-DELYKB-65937505,expected,OPENED,26-09-2026 05:11,Arvind Bansal (DNCR)
26-09-2026,26-09-2026,FMPC6525111428,UttamNagarHub_DEL_PL,SHOPEASY +919667126197,750992974b19430c,dispatched_to_mh,North,LMA,1.00E+11,WHEELEY,Nitish,MotherHub_YKB,BRSNR,UttamNagarHub_DEL_PL,PH-ZO-DELYKB-65937505,expected,OPENED,26-09-2026 05:11,Arvind Bansal (DNCR)
26-09-2026,26-09-2026,FMPP4298271482,UttamNagarHub_DEL_PL,LITHEWORLD +918743884412,81e3fcd9925e4f72,dispatched_to_mh,North,LMA,1.00E+11,Watsoo,SidhantSagar,MotherHub_YKB,BRSNR,UttamNagarHub_DEL_PL,PH-ZO-DELYKB-65936654,expected,OPENED,26-09-2026 02:21,Arvind Bansal (DNCR)
26-09-2026,26-09-2026,FMPP4297314543,UttamNagarHub_DEL_PL,SIA WORLD +919999204378,b4b38bdcbb094798,received_at_mh,North,TRUEFLEX,624805,TRUEFLEX,MohdSameer,MotherHub_YKB,BRSNR,UttamNagarHub_DEL_PL,PH-ZO-DELYKB-65939651,expected,OPENED,26-09-2026 05:24,Arvind Bansal (DNCR)
26-09-2026,26-09-2026,FMPC6525041688,UttamNagarHub_DEL_PL,SHOPEASY +919667126197,750992974b19430c,dispatched_to_mh,North,LMA,1.00E+11,WHEELEY,Nitish,MotherHub_YKB,BRSNR,UttamNagarHub_DEL_PL,PH-ZO-DELYKB-65937505,expected,OPENED,26-09-2026 05:11,Arvind Bansal (DNCR)
26-09-2026,26-09-2026,FMPC6528313999,UttamNagarHub_DEL_PL,AKASH ENTERPRISES +919555868056,44f0e89eada74c33,dispatched_to_mh,North,LMA,1.00E+11,Watsoo,Ramu,MotherHub_YKB,BRSNR,UttamNagarHub_DEL_PL,PH-ZO-DELYKB-656212976,expected,OPENED,26-09-2026 05:20,Arvind Bansal (DNCR)
26-09-2026,26-09-2026,FMPC6528659762,UttamNagarHub_DEL_PL,craft house +918882232418,61f6a8c54de04a35,dispatched_to_mh,North,LMA,1.00E+11,Watsoo,MohammadSanaullah,MotherHub_YKB,BRSNR,UttamNagarHub_DEL_PL,PH-ZO-DELYKB-65903578,expected,OPENED,26-09-2026 02:29,Arvind Bansal (DNCR)
26-09-2026,26-09-2026,FMPP4297370761,UttamNagarHub_DEL_PL,craft house +918882232418,61f6a8c54de04a35,dispatched_to_mh,North,LMA,1.00E+11,Watsoo,MohammadSanaullah,MotherHub_YKB,BRSNR,UttamNagarHub_DEL_PL,PH-ZO-DELYKB-65939446,expected,OPENED,26-09-2026 02:35,Arvind Bansal (DNCR)
26-09-2026,26-09-2026,FMPP4297095356,UttamNagarHub_DEL_PL,SHARMA ENTERPRISES +919315545655,7de9019befaf4317,dispatched_to_mh,North,LMA,1.00E+11,WERCATALYST VENTURES PVT LTD,Rajan,MotherHub_YKB,BRSNR,UttamNagarHub_DEL_PL,PH-ZO-DELYKB-65938178,expected,OPENED,26-09-2026 05:08,Arvind Bansal (DNCR)
26-09-2026,26-09-2026,FMPC6527660192,UttamNagarHub_DEL_PL,Bhagwati Creations +917827770993,a4a1e340768249b8,dispatched_to_mh,North,LMA,1.00E+11,Watsoo,GulshanKumar,MotherHub_YKB,BRSNR,UttamNagarHub_DEL_PL,PH-ZO-DELYKB-65716795,expected,OPENED,26-09-2026 05:10,Arvind Bansal (DNCR)
26-09-2026,26-09-2026,FMPP4295379123,UttamNagarHub_DEL_PL,SHOPEASY +919667126197,750992974b19430c,dispatched_to_mh,North,LMA,1.00E+11,WHEELEY,Nitish,MotherHub_YKB,BRSNR,UttamNagarHub_DEL_PL,PH-ZO-DELYKB-65937505,expected,OPENED,26-09-2026 05:11,Arvind Bansal (DNCR)
26-09-2026,26-09-2026,FMPC6527334680,UttamNagarHub_DEL_PL,ARK ECOM INTERNATIONAL PRIVATE LIMITED +918920537382,59702ea4ca8943be,dispatched_to_mh,North,LMA,1.00E+11,Watsoo,Ramu,MotherHub_YKB,BRSNR,UttamNagarHub_DEL_PL,PH-ZO-DELYKB-656212976,expected,OPENED,26-09-2026 05:20,Arvind Bansal (DNCR)
26-09-2026,26-09-2026,FMPC6529424230,VasundharaHub_DEL_PL,PAYAL SHONA ENTERPRISES +919958238098,065136c3397c4386,dispatched_to_mh,North,LMA,1.00E+11,Watsoo,SantoshKumar,MotherHub_YKB,BRSNR,VasundharaHub_DEL_PL,PH-ZO-DELYKB-65535866,expected,OPENED,26-09-2026 04:51,Arvind Bansal (DNCR)
26-09-2026,26-09-2026,FMPP4297954329,VasundharaHub_DEL_PL,BORN CREATOR +918595857653,7811512de23d495b,dispatched_to_mh,North,TRUEFLEX,590011,TRUEFLEX,SumitKumar,MotherHub_YKB,BRSNR,VasundharaHub_DEL_PL,PH-ZO-DELYKB-65913727,expected,OPENED,26-09-2026 05:14,Arvind Bansal (DNCR)
26-09-2026,26-09-2026,FMPC6528099143,VasundharaHub_DEL_PL,BORN CREATOR +918595857653,7811512de23d495b,dispatched_to_mh,North,TRUEFLEX,590011,TRUEFLEX,SumitKumar,MotherHub_YKB,BRSNR,VasundharaHub_DEL_PL,PH-ZO-DELYKB-65913726,expected,OPENED,26-09-2026 05:12,Arvind Bansal (DNCR)
26-09-2026,26-09-2026,FMPC6529788996,VasundharaHub_DEL_PL,BORN CREATOR +918595857653,7811512de23d495b,dispatched_to_mh,North,TRUEFLEX,590011,TRUEFLEX,SumitKumar,MotherHub_YKB,BRSNR,VasundharaHub_DEL_PL,PH-ZO-DELYKB-65913727,expected,OPENED,26-09-2026 05:14,Arvind Bansal (DNCR)
26-09-2026,26-09-2026,FMPC6528773763,VasundharaHub_DEL_PL,GIVASHU HOSPITALITY PRIVATE LIMITED +918810612246,8be61ff894da4065,dispatched_to_mh,North,LMA,1.00E+11,Vxpress,Gautam,MotherHub_YKB,BRSNR,VasundharaHub_DEL_PL,PH-ZO-DELYKB-65941694,expected,OPENED,26-09-2026 03:06,Arvind Bansal (DNCR)
26-09-2026,26-09-2026,FMPC6529538704,VasundharaHub_DEL_PL,HAADI ENTERPRISES +919910218016,a4cec13bfc6348e2,dispatched_to_mh,North,TRUEFLEX,710238,TRUEFLEX,MohdSuhail,MotherHub_YKB,BRSNR,VasundharaHub_DEL_PL,PH-ZO-DELYKB-65926911,expected,OPENED,26-09-2026 02:51,Arvind Bansal (DNCR)
26-09-2026,26-09-2026,FMPC6528629027,VasundharaHub_DEL_PL,Online Library +919953250954,1387673cb5bb4aff,dispatched_to_mh,North,LMA,1.00E+11,#N/A,#N/A,MotherHub_YKB,BRSNR,VasundharaHub_DEL_PL,PH-ZO-DELYKB-65943654,expected,OPENED,26-09-2026 04:48,Arvind Bansal (DNCR)
26-09-2026,26-09-2026,FMPC6530016703,VasundharaHub_DEL_PL,STEALODEAL INDIA PRIVATE LIMITED +919717119794,d07ad1f898534585,dispatched_to_mh,North,TRUEFLEX,737019,TRUEFLEX,AnubhavPal,MotherHub_YKB,BRSNR,VasundharaHub_DEL_PL,PH-ZO-DELYKB-65940773,expected,OPENED,26-09-2026 05:00,Arvind Bansal (DNCR)
26-09-2026,26-09-2026,FMPC6528937816,VasundharaHub_DEL_PL,MNV ENTERPRISES +918860091008,7d3982d6e7c74667,dispatched_to_mh,North,LMA,1.00E+11,#N/A,#N/A,MotherHub_YKB,BRSNR,VasundharaHub_DEL_PL,PH-ZO-DELYKB-65927266,expected,OPENED,26-09-2026 03:19,Arvind Bansal (DNCR)
26-09-2026,26-09-2026,FMPC6527675387,VasundharaHub_DEL_PL,RAVI ENTERPRISES +918920202761,ca5db307748e426e,dispatched_to_mh,North,LMA,1.00E+11,#N/A,#N/A,MotherHub_YKB,BRSNR,VasundharaHub_DEL_PL,PH-ZO-DELYKB-65831489,expected,OPENED,26-09-2026 04:48,Arvind Bansal (DNCR)
26-09-2026,26-09-2026,FMPC6528059782,VasundharaHub_DEL_PL,NWLY +919540307520,a6c66f38e2c94b14,received_at_mh,North,TRUEFLEX,603266,TRUEFLEX,Raj KumarYadav,MotherHub_YKB,BRSNR,VasundharaHub_DEL_PL,PH-ZO-DELYKB-65902144,expected,OPENED,26-09-2026 04:51,Arvind Bansal (DNCR)
26-09-2026,26-09-2026,FMPP4298393039,VasundharaHub_DEL_PL,The Sandbox +918920470177,3de3725738d44935,dispatched_to_mh,North,TRUEFLEX,590011,TRUEFLEX,SumitKumar,MotherHub_YKB,BRSNR,VasundharaHub_DEL_PL,PH-ZO-DELYKB-65913703,expected,OPENED,26-09-2026 05:10,Arvind Bansal (DNCR)
26-09-2026,26-09-2026,FMPP4298607801,VasundharaHub_DEL_PL,BORN CREATOR +918595857653,7811512de23d495b,dispatched_to_mh,North,TRUEFLEX,590011,TRUEFLEX,SumitKumar,MotherHub_YKB,BRSNR,VasundharaHub_DEL_PL,PH-ZO-DELYKB-65913727,expected,OPENED,26-09-2026 05:14,Arvind Bansal (DNCR)
26-09-2026,26-09-2026,FMPC6527469763,VasundharaHub_DEL_PL,KIU APPARELS +919871801416,11e3e2c37a604c65,dispatched_to_mh,North,TRUEFLEX,787085,TRUEFLEX,JayChand,MotherHub_YKB,BRSNR,VasundharaHub_DEL_PL,PH-ZO-DELYKB-65718837,expected,OPENED,26-09-2026 02:50,Arvind Bansal (DNCR)
26-09-2026,26-09-2026,FMPP4296718578,VasundharaHub_DEL_PL,S.K. Traders +919667551235,d5640ad5b2f640eb,dispatched_to_mh,North,LMA,1.00E+11,WHEELEY,ArunKumar,MotherHub_YKB,BRSNR,VasundharaHub_DEL_PL,PH-ZO-DELYKB-65943490,expected,OPENED,26-09-2026 04:53,Arvind Bansal (DNCR)
26-09-2026,26-09-2026,FMPC6529767657,VasundharaHub_DEL_PL,Sell Rider +916386502453,5638a068b6d8487b,dispatched_to_mh,North,LMA,1.00E+11,#N/A,#N/A,MotherHub_YKB,BRSNR,VasundharaHub_DEL_PL,PH-ZO-DELYKB-65928145,expected,OPENED,26-09-2026 03:07,Arvind Bansal (DNCR)
26-09-2026,26-09-2026,FMPC6524643432,WelcomeHub_DEL_PL,SMS ENTERPRISES +919582012730,19167d2c020c4cae,dispatched_to_mh,North,LMA,1.00E+11,KDKN LOGISTICS SERVICES PVT LTD,Mansu,MotherHub_YKB,BRSNR,WelcomeHub_DEL_PL,PH-ZO-DELYKB-65899593,expected,OPENED,26-09-2026 02:30,Arvind Bansal (DNCR)
26-09-2026,26-09-2026,FMPC6526992151,WelcomeHub_DEL_PL,COZIA FOOTWEAR +918700501516,2d8377ded4b041f4,dispatched_to_mh,North,EKART,4234823,EKART,,MotherHub_YKB,BRSNR,WelcomeHub_DEL_PL,PH-ZO-DELYKB-65656305,expected,OPENED,26-09-2026 05:31,Arvind Bansal (DNCR)
26-09-2026,26-09-2026,FMPP4297684917,WelcomeHub_DEL_PL,ELITE ELEGANCE APPAREL +919650614921,9098e2b4c2474c27,dispatched_to_mh,North,LMA,1.00E+11,Greenteck Logistics and Mobility Pvt Ltd,Akash,MotherHub_YKB,BRSNR,WelcomeHub_DEL_PL,PH-ZO-DELYKB-65934248,expected,OPENED,26-09-2026 03:24,Arvind Bansal (DNCR)
26-09-2026,26-09-2026,FMPC6527081136,WelcomeHub_DEL_PL,GANPAT CHHARIYA TRADERS +919250547137,1d9d4d747b464def,received_at_mh,North,LMA,1.00E+11,#N/A,#N/A,MotherHub_YKB,BRSNR,WelcomeHub_DEL_PL,PH-ZO-DELYKB-65690007,expected,OPENED,26-09-2026 05:38,Arvind Bansal (DNCR)
26-09-2026,26-09-2026,FMPC6529047321,WelcomeHub_DEL_PL,AADI TRADERS +919015167569,891eba14f74e4cb8,received_at_mh,North,TRUEFLEX,977095,TRUEFLEX,#N/A,MotherHub_YKB,BRSNR,WelcomeHub_DEL_PL,PH-ZO-DELYKB-65957078,expected,OPENED,26-09-2026 02:33,Arvind Bansal (DNCR)
26-09-2026,26-09-2026,FMPP4297717306,WelcomeHub_DEL_PL,VIMUKTAYE SOLUTIONS +918920470969,0ca9879709124bfb,received_at_mh,North,EKART,4234823,EKART,,MotherHub_YKB,BRSNR,WelcomeHub_DEL_PL,PH-ZO-DELYKB-65656,expected,OPENED,26-09-2026 05:01,Arvind Bansal (DNCR)
26-09-2026,26-09-2026,FMPP4297740085,WelcomeHub_DEL_PL,Star Enterprises +919599232688,1947dd7fddb64e34,dispatched_to_mh,North,LMA,4234823,#N/A,#N/A,MotherHub_YKB,BRSNR,WelcomeHub_DEL_PL,PH-ZO-DELYKB-65899593,expected,OPENED,26-09-2026 02:30,Arvind Bansal (DNCR)
26-09-2026,26-09-2026,FMPC6529075300,WelcomeHub_DEL_PL,MOHAR SINGH JI STORE +918750267137,9fb68827ce0a4326,received_at_mh,North,LMA,1.00E+11,#N/A,#N/A,MotherHub_YKB,BRSNR,WelcomeHub_DEL_PL,PH-ZO-DELYKB-65690007,expected,OPENED,26-09-2026 05:38,Arvind Bansal (DNCR)
26-09-2026,26-09-2026,FMPP4297267419,WelcomeHub_DEL_PL,COZIA FOOTWEAR +918700501516,2d8377ded4b041f4,dispatched_to_mh,North,EKART,4234823,EKART,,MotherHub_YKB,BRSNR,WelcomeHub_DEL_PL,PH-ZO-DELYKB-65656305,expected,OPENED,26-09-2026 05:31,Arvind Bansal (DNCR)
26-09-2026,26-09-2026,FMPC6526326270,WelcomeHub_DEL_PL,TANMAY ENTERPRISES +918826432976,cf94bac2fd384bbc,dispatched_to_mh,North,LMA,1.00E+11,We Innovate Business Solutions Pvt Ltd,PankajYadav,MotherHub_YKB,BRSNR,WelcomeHub_DEL_PL,PH-ZO-DELYKB-65726814,expected,OPENED,26-09-2026 02:33,Arvind Bansal (DNCR)
26-09-2026,26-09-2026,FMPC6526832695,WelcomeHub_DEL_PL,SHIVAM TRADING COMPANY +916396748616,7dc03032230c44f4,dispatched_to_mh,North,TRUEFLEX,809562,TRUEFLEX,VIJAYKumar,MotherHub_YKB,BRSNR,WelcomeHub_DEL_PL,PH-ZO-DELYKB-65937522,expected,OPENED,26-09-2026 02:57,Arvind Bansal (DNCR)
26-09-2026,26-09-2026,FMPP4297674690,WelcomeHub_DEL_PL,Star Enterprises +919599232688,1947dd7fddb64e34,dispatched_to_mh,North,LMA,4234823,#N/A,#N/A,MotherHub_YKB,BRSNR,WelcomeHub_DEL_PL,PH-ZO-DELYKB-65899593,expected,OPENED,26-09-2026 02:30,Arvind Bansal (DNCR)
26-09-2026,26-09-2026,FMPP4296887887,WelcomeHub_DEL_PL,DHURVIFLORA +917982945690,5a665d95f1ef44d5,dispatched_to_mh,North,LMA,1.00E+11,#N/A,#N/A,MotherHub_YKB,BRSNR,WelcomeHub_DEL_PL,PH-ZO-DELYKB-65521105,expected,OPENED,26-09-2026 02:55,Arvind Bansal (DNCR)
26-09-2026,26-09-2026,FMPP4297682889,WelcomeHub_DEL_PL,Ram Murti Enterprises +918384072440,86bd0b165e02488a,received_at_mh,North,LMA,1.00E+11,Greenteck Logistics and Mobility Pvt Ltd,Rohit,MotherHub_YKB,BRSNR,WelcomeHub_DEL_PL,PH-ZO-DELYKB-65931885,expected,OPENED,26-09-2026 02:54,Arvind Bansal (DNCR)
26-09-2026,26-09-2026,FMPC6526910294,WelcomeHub_DEL_PL,SMT LIGHT +919716174408,ee590c96809d472d,received_at_mh,North,EKART,3952682,EKART,,MotherHub_YKB,BRSNR,WelcomeHub_DEL_PL,PH-ZO-DELYKB-65906972,expected,OPENED,26-09-2026 02:51,Arvind Bansal (DNCR)
26-09-2026,26-09-2026,FMPP4297325874,WelcomeHub_DEL_PL,PARAS SALES CORPORATION 8076650058,6adc18bb9ed34ef3,dispatched_to_mh,North,TRUEFLEX,977101,TRUEFLEX,#N/A,MotherHub_YKB,BRSNR,WelcomeHub_DEL_PL,PH-ZO-DELYKB-65802321,expected,OPENED,26-09-2026 05:36,Arvind Bansal (DNCR)
26-09-2026,26-09-2026,FMPC6527929571,WelcomeHub_DEL_PL,PRIYA GARMENTS +918766392879,676bc42711bb4bc5,dispatched_to_mh,North,LMA,1.00E+11,Transwide Express,ManojKumar,MotherHub_YKB,BRSNR,WelcomeHub_DEL_PL,PH-ZO-DELYKB-65932268,expected,OPENED,26-09-2026 02:29,Arvind Bansal (DNCR)
26-09-2026,26-09-2026,FMPP4297388371,WelcomeHub_DEL_PL,AAKAR CREATIONS +919818626277,d4bc5e2c86d44026,received_at_mh,North,LMA,1.00E+11,Transwide Express,AyyanAhmad,MotherHub_YKB,BRSNR,WelcomeHub_DEL_PL,PH-ZO-DELYKB-65896134,expected,OPENED,26-09-2026 04:08,Arvind Bansal (DNCR)
26-09-2026,26-09-2026,FMPC6528288436,WelcomeHub_DEL_PL,COZIA FOOTWEAR +918700501516,2d8377ded4b041f4,dispatched_to_mh,North,EKART,4234823,EKART,,MotherHub_YKB,BRSNR,WelcomeHub_DEL_PL,PH-ZO-DELYKB-65656305,expected,OPENED,26-09-2026 05:31,Arvind Bansal (DNCR)
26-09-2026,26-09-2026,FMPC6528473436,WelcomeHub_DEL_PL,MOHAR SINGH JI STORE +918750267137,9fb68827ce0a4326,received_at_mh,North,LMA,1.00E+11,#N/A,#N/A,MotherHub_YKB,BRSNR,WelcomeHub_DEL_PL,PH-ZO-DELYKB-65690007,expected,OPENED,26-09-2026 05:38,Arvind Bansal (DNCR)
26-09-2026,26-09-2026,FMPP4297745083,WelcomeHub_DEL_PL,Shree Khatu Shyam Traders +918800537261,b92dd9ef245b43e6,dispatched_to_mh,North,LMA,1.00E+11,Transwide Express,ManojKumar,MotherHub_YKB,BRSNR,WelcomeHub_DEL_PL,PH-ZO-DELYKB-65932268,expected,OPENED,26-09-2026 02:29,Arvind Bansal (DNCR)
26-09-2026,26-09-2026,FMPC6527613135,WelcomeHub_DEL_PL,RIDHI SIDHI ENTERPRISE +919311148381,2ebe6065bce344f1,received_at_mh,North,EKART,4024248,EKART,,MotherHub_YKB,BRSNR,WelcomeHub_DEL_PL,PH-ZO-DELYKB-65945901,expected,OPENED,26-09-2026 02:49,Arvind Bansal (DNCR)
26-09-2026,26-09-2026,FMPP4298160628,WelcomeHub_DEL_PL,JAISH ADVERTISING WORLD LLP +919310582884,2cda9244f3e343a2,dispatched_to_mh,North,EKART,4024248,EKART,,MotherHub_YKB,BRSNR,WelcomeHub_DEL_PL,PH-ZO-DELYKB-65945633,expected,OPENED,26-09-2026 02:32,Arvind Bansal (DNCR)
26-09-2026,26-09-2026,FMPP4296835203,WelcomeHub_DEL_PL,OMICHEF COOKWARE LLP +918595250033,8c07e9066bbf4df3,received_at_mh,North,EKART,4283305,EKART,,MotherHub_YKB,BRSNR,WelcomeHub_DEL_PL,PH-ZO-DELYKB-65942747,expected,OPENED,26-09-2026 02:59,Arvind Bansal (DNCR)
26-09-2026,26-09-2026,FMPC6527778343,WelcomeHub_DEL_PL,PRIYA GARMENTS +918766392879,676bc42711bb4bc5,dispatched_to_mh,North,LMA,1.00E+11,Transwide Express,ManojKumar,MotherHub_YKB,BRSNR,WelcomeHub_DEL_PL,PH-ZO-DELYKB-65932268,expected,OPENED,26-09-2026 02:29,Arvind Bansal (DNCR)
26-09-2026,26-09-2026,FMPC6528972719,WelcomeHub_DEL_PL,APEX ENTERPRISES +919289161818,5688ef58b6ab4e2c,received_at_mh,North,TRUEFLEX,809562,TRUEFLEX,VIJAYKumar,MotherHub_YKB,BRSNR,WelcomeHub_DEL_PL,PH-ZO-DELYKB-65838107,expected,OPENED,26-09-2026 02:19,Arvind Bansal (DNCR)
26-09-2026,26-09-2026,FMPC6529069020,WelcomeHub_DEL_PL,SUMA RETAIL +918700296050,b9f0318617304d3f,dispatched_to_mh,North,LMA,1.00E+11,Transwide Express,Kamlakar,MotherHub_YKB,BRSNR,WelcomeHub_DEL_PL,PH-ZO-DELYKB-65901718,expected,OPENED,26-09-2026 02:24,Arvind Bansal (DNCR)
26-09-2026,26-09-2026,FMPC6529680260,WelcomeHub_DEL_PL,Rk traders +919942983369,c4f39127c2b343ef,dispatched_to_mh,North,TRUEFLEX,1350739,TRUEFLEX,AbdulSalam,MotherHub_YKB,BRSNR,WelcomeHub_DEL_PL,PH-ZO-DELYKB-65947480,expected,OPENED,26-09-2026 03:23,Arvind Bansal (DNCR)
26-09-2026,26-09-2026,FMPC6529245116,WelcomeHub_DEL_PL,NEXLO LIGHT +917982193787,f60b903c38b34c75,received_at_mh,North,LMA,1.00E+11,#N/A,#N/A,MotherHub_YKB,BRSNR,WelcomeHub_DEL_PL,PH-ZO-DELYKB-65751769,expected,OPENED,26-09-2026 05:38,Arvind Bansal (DNCR)
26-09-2026,26-09-2026,FMPC6522439284,Pitampurahub_DEL_PL,crayon enterprises +918368343411,a73d47f8f1e84ef9,dispatched_to_mh,North,TRUEFLEX,803355,TRUEFLEX,ManishKumar,Motherhub_JKS,BRSNR,Pitampurahub_DEL_PL,PH-B2-DELJKS-43652054,expected,OPENED,26-09-2026 06:18,Arvind Bansal (DNCR)
26-09-2026,26-09-2026,FMPC6527373200,BawanaHub_DEL_PL,SIDHI VINAYAK CO. +919560662426,a6028d1abfaf4e84,dispatched_to_mh,North,LMA,1.00E+11,SHIFTWAY LOGISTICS PVT LTD,Akhilesh,Motherhub_JKS,BRSNR,BawanaHub_DEL_PL,PH-B2-DELJKS-43645071,expected,OPENED,26-09-2026 05:55,Arvind Bansal (DNCR)
26-09-2026,26-09-2026,FMPC6527945977,BehalaHub_KOL_PL,JUSTCLIK.NET +919330543108,nkqttjqwhagvzncj,received_at_mh,East,LMA,1.00E+11,WHEELEY,SubhajitKabiraj,Motherhub_ULB,BRSNR,BehalaHub_KOL_PL,PH-B2-CCUULB-5249994,expected,OPENED,26-09-2026 04:41,Somnath G
26-09-2026,26-09-2026,MYEC1120462662,BawanaHub_DEL_PL,MYE : NASH & HAMES PRIVATE LIMITED_PPMP_HMHV 8287848221,MYE_1fc08390c2fb63fd22a9b6f93cc83b95,dispatched_to_mh,North,LMA,1.00E+11,AADIYOGI LOGISTIC PRIVATE LIMITED,Sovit,Motherhub_JKS,BRSNR,BawanaHub_DEL_PL,PH-B2-DELJKS-43633249,expected,OPENED,26-09-2026 05:57,Arvind Bansal (DNCR)
26-09-2026,26-09-2026,FMPP4294421714,BehalaHub_KOL_PL,MBS FURNISHING +919875533428,f7c40b611718488f,dispatched_to_mh,East,LMA,1.00E+11,WHEELEY,Saidul IslamJamadar,Motherhub_ULB,BRSNR,BehalaHub_KOL_PL,PH-B2-CCUULB-4852829,expected,OPENED,26-09-2026 03:17,Somnath G
26-09-2026,26-09-2026,FMPP4297038558,Alipur_DEL_PL,R&R Trading Company +917011091440,e0a60278f01d477e,dispatched_to_mh,North,LMA,1.00E+11,#N/A,#N/A,Motherhub_JKS,BRSNR,Alipur_DEL_PL,PH-B2-DELJKS-43640870,expected,OPENED,26-09-2026 03:22,Arvind Bansal (DNCR)
26-09-2026,26-09-2026,FMPC6524184172,BehalaHub_KOL_PL,R.S.T.DRESSES +919830883730,7f30679994b84bde,received_at_mh,East,LMA,1.00E+11,WHEELEY,Saidul IslamJamadar,Motherhub_ULB,BRSNR,BehalaHub_KOL_PL,PH-B2-CCUULB-5262147,expected,OPENED,26-09-2026 03:12,Somnath G
26-09-2026,26-09-2026,FMPP4298138848,BehalaHub_KOL_PL,R.S.T.DRESSES +919830883730,7f30679994b84bde,received_at_mh,East,LMA,1.00E+11,WHEELEY,Saidul IslamJamadar,Motherhub_ULB,BRSNR,BehalaHub_KOL_PL,PH-B2-CCUULB-5262147,expected,OPENED,26-09-2026 03:12,Somnath G
26-09-2026,26-09-2026,FMPP4292907344,BehalaHub_KOL_PL,KIDDO SPACE +918334915698,757e4044be244167,received_at_mh,East,LMA,1.00E+11,WHEELEY,Saidul IslamJamadar,Motherhub_ULB,BRSNR,BehalaHub_KOL_PL,PH-B2-CCUULB-5262147,expected,OPENED,26-09-2026 03:12,Somnath G
26-09-2026,26-09-2026,FMPP4296735628,Alipur_DEL_PL,DALUCI ENTERPRISE PRIVATE LIMITED 7874564562,ff80b349fc484bf3,received_at_mh,North,LMA,1.00E+11,SUSAH SUPPLY CHAIN AND NETWORK PRIVATE LIMITED,Vinay,Motherhub_JKS,BRSNR,Alipur_DEL_PL,PH-B2-DELJKS-43653625,expected,OPENED,26-09-2026 03:21,Arvind Bansal (DNCR)
26-09-2026,26-09-2026,FMPC6523503002,BehalaHub_KOL_PL,MBS FURNISHING +919875533428,f7c40b611718488f,dispatched_to_mh,East,LMA,1.00E+11,WHEELEY,Saidul IslamJamadar,Motherhub_ULB,BRSNR,BehalaHub_KOL_PL,PH-B1-CCUULB-4852777,expected,OPENED,26-09-2026 02:57,Somnath G
26-09-2026,26-09-2026,FMPP4297436222,BelghariaHub_KOL_PL,SAHINA DUPATTA +918910684909,f2629d567a66472b,dispatched_to_mh,East,EKART,4346042,EKART,,Motherhub_ULB,BRSNR,BelghariaHub_KOL_PL,PH-B2-CCUULB-5265315,expected,OPENED,26-09-2026 02:16,Somnath G
26-09-2026,26-09-2026,FMPC6527392205,BawanaHub_DEL_PL,III Industries +919319165522,3c64576bbe754ef4,dispatched_to_mh,North,LMA,1.00E+11,Sitics,Ankit,Motherhub_JKS,BRSNR,BawanaHub_DEL_PL,PH-B2-DELJKS-43635075,expected,OPENED,26-09-2026 06:05,Arvind Bansal (DNCR)
26-09-2026,26-09-2026,FMPC6527359203,Alipur_DEL_PL,SWASTIK ENTERPRISES +919667911702,969260ee83e74c02,dispatched_to_mh,North,TRUEFLEX,722497,TRUEFLEX,AbhishekKumar,Motherhub_JKS,BRSNR,Alipur_DEL_PL,PH-B2-DELJKS-43324840,expected,OPENED,26-09-2026 03:17,Arvind Bansal (DNCR)
26-09-2026,26-09-2026,FMPP4298841064,BawanaHub_DEL_PL,Rama Cosmocare +918076798512,bc2b8aca9d334178,dispatched_to_mh,North,TRUEFLEX,1268066,TRUEFLEX,VikashKumar,Motherhub_JKS,BRSNR,BawanaHub_DEL_PL,PH-B2-DELJKS-43482933,expected,OPENED,26-09-2026 05:54,Arvind Bansal (DNCR)
26-09-2026,26-09-2026,FMPC6528138751,BehalaHub_KOL_PL,R.S.T.DRESSES +919830883730,7f30679994b84bde,received_at_mh,East,LMA,1.00E+11,WHEELEY,Saidul IslamJamadar,Motherhub_ULB,BRSNR,BehalaHub_KOL_PL,PH-B1-CCUULB-5261978,expected,OPENED,26-09-2026 03:27,Somnath G
26-09-2026,26-09-2026,FMPC6529711710,Alipur_DEL_PL,HAMILTON SCIENCES PRIVATE LIMITED +919205658383,dcb3b526e1d34a21,dispatched_to_mh,North,LMA,1.00E+11,Loadshare,SachinKumar,Motherhub_JKS,BRSNR,Alipur_DEL_PL,PH-B2-DELJKS-43559393,expected,OPENED,26-09-2026 03:21,Arvind Bansal (DNCR)
26-09-2026,26-09-2026,FMPP4294239248,DindoliHub_STV_PL,KB Enterprise +918128967068,44596273e49545f1,dispatched_to_mh,West,TRUEFLEX,768085,TRUEFLEX,BajrangiTriveni Agrahari,MotherHub_STV_BTS,BRSNR,DindoliHub_STV_PL,PH-B2-SURBTS-9748486337,expected,OPENED,26-09-2026 08:07,Ashvani Bhatt
26-09-2026,26-09-2026,VETC1895773774,DALHOUSIEHUB_KOL_PL,VET : AMAR PUBLICATION 9775040687,VET_8494918cb0c7d29f0bd89e8a8e158b74,dispatched_to_mh,East,LMA,1.00E+11,WERCATALYST VENTURES PVT LTD,DebjitAdhikkary,Motherhub_ULB,BRSNR,DALHOUSIEHUB_KOL_PL,PH-B1-CCUULB-5245495,expected,OPENED,26-09-2026 01:34,Somnath G
26-09-2026,26-09-2026,FMPP4297887049,DALHOUSIEHUB_KOL_PL,QUAD SQUAD CLUBS AND HOSPITALITY PRIVATE LIMITED +918017973119,bb0c053255ef4617,dispatched_to_mh,East,LMA,1.00E+11,WERCATALYST VENTURES PVT LTD,LokenathDas,Motherhub_ULB,BRSNR,DALHOUSIEHUB_KOL_PL,PH-B2-CCUULB-5277761,expected,OPENED,26-09-2026 01:40,Somnath G
26-09-2026,26-09-2026,FMPP4294892528,DindoliHub_STV_PL,KB Enterprise +918128967068,44596273e49545f1,dispatched_to_mh,West,TRUEFLEX,768085,TRUEFLEX,BajrangiTriveni Agrahari,MotherHub_STV_BTS,BRSNR,DindoliHub_STV_PL,PH-B6-SURBTS-9748574774,expected,OPENED,26-09-2026 08:11,Ashvani Bhatt
26-09-2026,26-09-2026,FMPC6524402878,DindoliHub_STV_PL,KB Enterprise +918128967068,44596273e49545f1,dispatched_to_mh,West,TRUEFLEX,768085,TRUEFLEX,BajrangiTriveni Agrahari,MotherHub_STV_BTS,BRSNR,DindoliHub_STV_PL,PH-B6-SURBTS-9748574774,expected,OPENED,26-09-2026 08:11,Ashvani Bhatt
26-09-2026,26-09-2026,FMPC6524403443,DindoliHub_STV_PL,KB Enterprise +918128967068,44596273e49545f1,dispatched_to_mh,West,TRUEFLEX,768085,TRUEFLEX,BajrangiTriveni Agrahari,MotherHub_STV_BTS,BRSNR,DindoliHub_STV_PL,PH-B3-SURBTS-9793768476,expected,OPENED,26-09-2026 08:15,Ashvani Bhatt
26-09-2026,26-09-2026,FMPP4286743573,DindoliHub_STV_PL,KB Enterprise +918128967068,44596273e49545f1,received_at_mh,West,TRUEFLEX,768085,TRUEFLEX,BajrangiTriveni Agrahari,MotherHub_STV_BTS,Missort,DindoliHub_STV_PL,PH-B2-SURBTS-25007506,expected,OPENED,26-09-2026 08:44,Ashvani Bhatt
26-09-2026,26-09-2026,FMPP4294412834,DindoliHub_STV_PL,KB Enterprise +918128967068,44596273e49545f1,dispatched_to_mh,West,TRUEFLEX,768085,TRUEFLEX,BajrangiTriveni Agrahari,MotherHub_STV_BTS,BRSNR,DindoliHub_STV_PL,PH-B6-SURBTS-9748574774,expected,OPENED,26-09-2026 08:11,Ashvani Bhatt
26-09-2026,26-09-2026,FMPC6523780691,DindoliHub_STV_PL,KB Enterprise +918128967068,44596273e49545f1,dispatched_to_mh,West,TRUEFLEX,768085,TRUEFLEX,BajrangiTriveni Agrahari,MotherHub_STV_BTS,BRSNR,DindoliHub_STV_PL,PH-B3-SURBTS-9793768476,expected,OPENED,26-09-2026 08:15,Ashvani Bhatt
26-09-2026,26-09-2026,FMPC6523626247,DindoliHub_STV_PL,KB Enterprise +918128967068,44596273e49545f1,dispatched_to_mh,West,TRUEFLEX,768085,TRUEFLEX,BajrangiTriveni Agrahari,MotherHub_STV_BTS,BRSNR,DindoliHub_STV_PL,PH-B6-SURBTS-9748574774,expected,OPENED,26-09-2026 08:11,Ashvani Bhatt
26-09-2026,26-09-2026,FMPC6524149586,DindoliHub_STV_PL,KB Enterprise +918128967068,44596273e49545f1,dispatched_to_mh,West,TRUEFLEX,768085,TRUEFLEX,BajrangiTriveni Agrahari,MotherHub_STV_BTS,BRSNR,DindoliHub_STV_PL,PH-B6-SURBTS-9748574774,expected,OPENED,26-09-2026 08:11,Ashvani Bhatt
26-09-2026,26-09-2026,FMPC6527642344,DhankawadiHub_PUNE_PL,GHAR SOAPS 9272090855,cade1b7ca67f4c41,dispatched_to_mh,West,TRUEFLEX,1143426,TRUEFLEX,KaranSanjay Kamble,MotherHub_PUNE,BRSNR,DhankawadiHub_PUNE_PL,PH-B3-PNQPNQ-4442256,expected,OPENED,25-09-2026 17:48,Swapnil Borgaonkar (MH)
26-09-2026,26-09-2026,FMPC6524403467,DindoliHub_STV_PL,KB Enterprise +918128967068,44596273e49545f1,dispatched_to_mh,West,TRUEFLEX,768085,TRUEFLEX,BajrangiTriveni Agrahari,MotherHub_STV_BTS,BRSNR,DindoliHub_STV_PL,PH-B2-SURBTS-9748486337,expected,OPENED,26-09-2026 08:07,Ashvani Bhatt
26-09-2026,26-09-2026,FMPP4294341094,DindoliHub_STV_PL,KB Enterprise +918128967068,44596273e49545f1,dispatched_to_mh,West,TRUEFLEX,768085,TRUEFLEX,BajrangiTriveni Agrahari,MotherHub_STV_BTS,BRSNR,DindoliHub_STV_PL,PH-B3-SURBTS-9793768476,expected,OPENED,26-09-2026 08:15,Ashvani Bhatt
26-09-2026,26-09-2026,FMPC6523804778,DindoliHub_STV_PL,KB Enterprise +918128967068,44596273e49545f1,dispatched_to_mh,West,TRUEFLEX,768085,TRUEFLEX,BajrangiTriveni Agrahari,MotherHub_STV_BTS,BRSNR,DindoliHub_STV_PL,PH-B6-SURBTS-9748574774,expected,OPENED,26-09-2026 08:11,Ashvani Bhatt
26-09-2026,26-09-2026,FMPC6524402929,DindoliHub_STV_PL,KB Enterprise +918128967068,44596273e49545f1,dispatched_to_mh,West,TRUEFLEX,768085,TRUEFLEX,BajrangiTriveni Agrahari,MotherHub_STV_BTS,BRSNR,DindoliHub_STV_PL,PH-B2-SURBTS-9748486337,expected,OPENED,26-09-2026 08:07,Ashvani Bhatt
26-09-2026,26-09-2026,FMPP4294847320,DindoliHub_STV_PL,KB Enterprise +918128967068,44596273e49545f1,dispatched_to_mh,West,TRUEFLEX,768085,TRUEFLEX,BajrangiTriveni Agrahari,MotherHub_STV_BTS,BRSNR,DindoliHub_STV_PL,PH-B2-SURBTS-9748486337,expected,OPENED,26-09-2026 08:07,Ashvani Bhatt
26-09-2026,26-09-2026,FMPC6523224998,DindoliHub_STV_PL,KB Enterprise +918128967068,44596273e49545f1,dispatched_to_mh,West,TRUEFLEX,768085,TRUEFLEX,BajrangiTriveni Agrahari,MotherHub_STV_BTS,BRSNR,DindoliHub_STV_PL,PH-B3-SURBTS-9793768476,expected,OPENED,26-09-2026 08:15,Ashvani Bhatt
26-09-2026,26-09-2026,FMPP4298259269,BudhViharHub_DEL_PL,ARR Enterprises +918375911798,bb6a5b2356234e7f,dispatched_to_mh,North,LMA,1.00E+11,SHIFTWAY LOGISTICS PVT LTD,Shivam,Motherhub_JKS,BRSNR,BudhViharHub_DEL_PL,PH-B2-DELJKS-43644521,expected,OPENED,26-09-2026 05:56,Arvind Bansal (DNCR)
26-09-2026,26-09-2026,FMPP4294196204,DindoliHub_STV_PL,KB Enterprise +918128967068,44596273e49545f1,dispatched_to_mh,West,TRUEFLEX,768085,TRUEFLEX,BajrangiTriveni Agrahari,MotherHub_STV_BTS,BRSNR,DindoliHub_STV_PL,PH-B2-SURBTS-9748486337,expected,OPENED,26-09-2026 08:07,Ashvani Bhatt
26-09-2026,26-09-2026,FMPC6524403285,DindoliHub_STV_PL,KB Enterprise +918128967068,44596273e49545f1,dispatched_to_mh,West,TRUEFLEX,768085,TRUEFLEX,BajrangiTriveni Agrahari,MotherHub_STV_BTS,BRSNR,DindoliHub_STV_PL,PH-B2-SURBTS-9748486337,expected,OPENED,26-09-2026 08:07,Ashvani Bhatt
26-09-2026,26-09-2026,FMPC6523221517,DindoliHub_STV_PL,KB Enterprise +918128967068,44596273e49545f1,dispatched_to_mh,West,TRUEFLEX,768085,TRUEFLEX,BajrangiTriveni Agrahari,MotherHub_STV_BTS,BRSNR,DindoliHub_STV_PL,PH-B3-SURBTS-9793768476,expected,OPENED,26-09-2026 08:15,Ashvani Bhatt
26-09-2026,26-09-2026,FMPC6524298665,DindoliHub_STV_PL,KB Enterprise +918128967068,44596273e49545f1,dispatched_to_mh,West,TRUEFLEX,768085,TRUEFLEX,BajrangiTriveni Agrahari,MotherHub_STV_BTS,BRSNR,DindoliHub_STV_PL,PH-B6-SURBTS-9748574774,expected,OPENED,26-09-2026 08:11,Ashvani Bhatt
26-09-2026,26-09-2026,FMPC6524338749,DindoliHub_STV_PL,KB Enterprise +918128967068,44596273e49545f1,dispatched_to_mh,West,TRUEFLEX,768085,TRUEFLEX,BajrangiTriveni Agrahari,MotherHub_STV_BTS,BRSNR,DindoliHub_STV_PL,PH-B3-SURBTS-9793768476,expected,OPENED,26-09-2026 08:15,Ashvani Bhatt
26-09-2026,26-09-2026,FMPC6523611644,DindoliHub_STV_PL,KB Enterprise +918128967068,44596273e49545f1,dispatched_to_mh,West,TRUEFLEX,768085,TRUEFLEX,BajrangiTriveni Agrahari,MotherHub_STV_BTS,BRSNR,DindoliHub_STV_PL,PH-B6-SURBTS-9748574774,expected,OPENED,26-09-2026 08:11,Ashvani Bhatt
26-09-2026,26-09-2026,FMPP4294471423,DindoliHub_STV_PL,KB Enterprise +918128967068,44596273e49545f1,dispatched_to_mh,West,TRUEFLEX,768085,TRUEFLEX,BajrangiTriveni Agrahari,MotherHub_STV_BTS,BRSNR,DindoliHub_STV_PL,PH-B6-SURBTS-9748574774,expected,OPENED,26-09-2026 08:11,Ashvani Bhatt
26-09-2026,26-09-2026,FMPC6524134782,DindoliHub_STV_PL,KB Enterprise +918128967068,44596273e49545f1,dispatched_to_mh,West,TRUEFLEX,768085,TRUEFLEX,BajrangiTriveni Agrahari,MotherHub_STV_BTS,BRSNR,DindoliHub_STV_PL,PH-B6-SURBTS-9748574774,expected,OPENED,26-09-2026 08:11,Ashvani Bhatt
26-09-2026,26-09-2026,FMPC6523599884,DindoliHub_STV_PL,KB Enterprise +918128967068,44596273e49545f1,dispatched_to_mh,West,TRUEFLEX,768085,TRUEFLEX,BajrangiTriveni Agrahari,MotherHub_STV_BTS,BRSNR,DindoliHub_STV_PL,PH-B6-SURBTS-9748574774,expected,OPENED,26-09-2026 08:11,Ashvani Bhatt
26-09-2026,26-09-2026,FMPP4294892544,DindoliHub_STV_PL,KB Enterprise +918128967068,44596273e49545f1,dispatched_to_mh,West,TRUEFLEX,768085,TRUEFLEX,BajrangiTriveni Agrahari,MotherHub_STV_BTS,BRSNR,DindoliHub_STV_PL,PH-B6-SURBTS-9748574774,expected,OPENED,26-09-2026 08:11,Ashvani Bhatt
26-09-2026,26-09-2026,MYEC1120377308,BijwasanHub_DEL_PL,MYE : GLOBAL FASHION PPMP 7906844252,MYE_72eb3b7706995b54b40be20586f53abe,dispatched_to_mh,North,LMA,1.00E+11,Loadshare,RajSoni,Motherhub_JKS,BRSNR,BijwasanHub_DEL_PL,PH-B2-DELJKS-43569821,expected,OPENED,26-09-2026 04:36,Arvind Bansal (DNCR)
26-09-2026,26-09-2026,FMPC6527604016,DALHOUSIEHUB_KOL_PL,FASHIONPHILE +916289992965,f7275b018dc044bd,dispatched_to_mh,East,LMA,4234022,#N/A,#N/A,Motherhub_ULB,BRSNR,DALHOUSIEHUB_KOL_PL,PH-B2-CCUULB-5273800,expected,OPENED,26-09-2026 01:38,Somnath G
26-09-2026,26-09-2026,FMPC6524402980,DindoliHub_STV_PL,KB Enterprise +918128967068,44596273e49545f1,dispatched_to_mh,West,TRUEFLEX,768085,TRUEFLEX,BajrangiTriveni Agrahari,MotherHub_STV_BTS,BRSNR,DindoliHub_STV_PL,PH-B6-SURBTS-9748574774,expected,OPENED,26-09-2026 08:11,Ashvani Bhatt
26-09-2026,26-09-2026,FMPC6524247050,DindoliHub_STV_PL,KB Enterprise +918128967068,44596273e49545f1,dispatched_to_mh,West,TRUEFLEX,768085,TRUEFLEX,BajrangiTriveni Agrahari,MotherHub_STV_BTS,BRSNR,DindoliHub_STV_PL,PH-B2-SURBTS-9748486337,expected,OPENED,26-09-2026 08:07,Ashvani Bhatt
26-09-2026,26-09-2026,FMPC6523252854,DindoliHub_STV_PL,KB Enterprise +918128967068,44596273e49545f1,dispatched_to_mh,West,TRUEFLEX,768085,TRUEFLEX,BajrangiTriveni Agrahari,MotherHub_STV_BTS,BRSNR,DindoliHub_STV_PL,PH-B6-SURBTS-9748574774,expected,OPENED,26-09-2026 08:11,Ashvani Bhatt
26-09-2026,26-09-2026,FMPC6524403364,DindoliHub_STV_PL,KB Enterprise +918128967068,44596273e49545f1,dispatched_to_mh,West,TRUEFLEX,768085,TRUEFLEX,BajrangiTriveni Agrahari,MotherHub_STV_BTS,BRSNR,DindoliHub_STV_PL,PH-B2-SURBTS-9748486337,expected,OPENED,26-09-2026 08:07,Ashvani Bhatt
26-09-2026,26-09-2026,FMPC6529688308,BudhViharHub_DEL_PL,BROTHER ZILLA 8287626658,ea454d1cdba04c91,dispatched_to_mh,North,LMA,1.00E+11,#N/A,#N/A,Motherhub_JKS,BRSNR,BudhViharHub_DEL_PL,PH-B2-DELJKS-43645829,expected,OPENED,26-09-2026 05:55,Arvind Bansal (DNCR)
26-09-2026,26-09-2026,FMPP4294892466,DindoliHub_STV_PL,KB Enterprise +918128967068,44596273e49545f1,dispatched_to_mh,West,TRUEFLEX,768085,TRUEFLEX,BajrangiTriveni Agrahari,MotherHub_STV_BTS,BRSNR,DindoliHub_STV_PL,PH-B3-SURBTS-9793768476,expected,OPENED,26-09-2026 08:15,Ashvani Bhatt
26-09-2026,26-09-2026,FMPC6524157054,DindoliHub_STV_PL,KB Enterprise +918128967068,44596273e49545f1,dispatched_to_mh,West,TRUEFLEX,768085,TRUEFLEX,BajrangiTriveni Agrahari,MotherHub_STV_BTS,BRSNR,DindoliHub_STV_PL,PH-B3-SURBTS-9793768476,expected,OPENED,26-09-2026 08:15,Ashvani Bhatt
26-09-2026,26-09-2026,FMPP4294892538,DindoliHub_STV_PL,KB Enterprise +918128967068,44596273e49545f1,dispatched_to_mh,West,TRUEFLEX,768085,TRUEFLEX,BajrangiTriveni Agrahari,MotherHub_STV_BTS,BRSNR,DindoliHub_STV_PL,PH-B3-SURBTS-9793768476,expected,OPENED,26-09-2026 08:15,Ashvani Bhatt
26-09-2026,26-09-2026,FMPP4294708510,DindoliHub_STV_PL,KB Enterprise +918128967068,44596273e49545f1,received_at_mh,West,TRUEFLEX,768085,TRUEFLEX,BajrangiTriveni Agrahari,MotherHub_STV_BTS,BRSNR,DindoliHub_STV_PL,PH-B6-SURBTS-9748574774,expected,OPENED,26-09-2026 08:11,Ashvani Bhatt
26-09-2026,26-09-2026,FMPC6523478453,DindoliHub_STV_PL,KB Enterprise +918128967068,44596273e49545f1,dispatched_to_mh,West,TRUEFLEX,768085,TRUEFLEX,BajrangiTriveni Agrahari,MotherHub_STV_BTS,BRSNR,DindoliHub_STV_PL,PH-B2-SURBTS-9748486337,expected,OPENED,26-09-2026 08:07,Ashvani Bhatt
26-09-2026,26-09-2026,FMPP4294892278,DindoliHub_STV_PL,KB Enterprise +918128967068,44596273e49545f1,dispatched_to_mh,West,TRUEFLEX,768085,TRUEFLEX,BajrangiTriveni Agrahari,MotherHub_STV_BTS,BRSNR,DindoliHub_STV_PL,PH-B2-SURBTS-9748486337,expected,OPENED,26-09-2026 08:07,Ashvani Bhatt
26-09-2026,26-09-2026,FMPC6524304393,DindoliHub_STV_PL,KB Enterprise +918128967068,44596273e49545f1,dispatched_to_mh,West,TRUEFLEX,768085,TRUEFLEX,BajrangiTriveni Agrahari,MotherHub_STV_BTS,BRSNR,DindoliHub_STV_PL,PH-B2-SURBTS-9748486337,expected,OPENED,26-09-2026 08:07,Ashvani Bhatt
26-09-2026,26-09-2026,FMPC6524403186,DindoliHub_STV_PL,KB Enterprise +918128967068,44596273e49545f1,dispatched_to_mh,West,TRUEFLEX,768085,TRUEFLEX,BajrangiTriveni Agrahari,MotherHub_STV_BTS,BRSNR,DindoliHub_STV_PL,PH-B3-SURBTS-9793768476,expected,OPENED,26-09-2026 08:15,Ashvani Bhatt
26-09-2026,26-09-2026,FMPC6524279096,DindoliHub_STV_PL,KB Enterprise +918128967068,44596273e49545f1,dispatched_to_mh,West,TRUEFLEX,768085,TRUEFLEX,BajrangiTriveni Agrahari,MotherHub_STV_BTS,BRSNR,DindoliHub_STV_PL,PH-B3-SURBTS-9793768476,expected,OPENED,26-09-2026 08:15,Ashvani Bhatt
26-09-2026,26-09-2026,FMPC6524268861,DindoliHub_STV_PL,KB Enterprise +918128967068,44596273e49545f1,dispatched_to_mh,West,TRUEFLEX,768085,TRUEFLEX,BajrangiTriveni Agrahari,MotherHub_STV_BTS,BRSNR,DindoliHub_STV_PL,PH-B6-SURBTS-9748574774,expected,OPENED,26-09-2026 08:11,Ashvani Bhatt
26-09-2026,26-09-2026,FMPC6524402880,DindoliHub_STV_PL,KB Enterprise +918128967068,44596273e49545f1,dispatched_to_mh,West,TRUEFLEX,768085,TRUEFLEX,BajrangiTriveni Agrahari,MotherHub_STV_BTS,BRSNR,DindoliHub_STV_PL,PH-B2-SURBTS-9748486337,expected,OPENED,26-09-2026 08:07,Ashvani Bhatt
26-09-2026,26-09-2026,FMPC6524403076,DindoliHub_STV_PL,KB Enterprise +918128967068,44596273e49545f1,dispatched_to_mh,West,TRUEFLEX,768085,TRUEFLEX,BajrangiTriveni Agrahari,MotherHub_STV_BTS,BRSNR,DindoliHub_STV_PL,PH-B3-SURBTS-9793768476,expected,OPENED,26-09-2026 08:15,Ashvani Bhatt
26-09-2026,26-09-2026,FMPC6524403254,DindoliHub_STV_PL,KB Enterprise +918128967068,44596273e49545f1,dispatched_to_mh,West,TRUEFLEX,768085,TRUEFLEX,BajrangiTriveni Agrahari,MotherHub_STV_BTS,BRSNR,DindoliHub_STV_PL,PH-B3-SURBTS-9793768476,expected,OPENED,26-09-2026 08:15,Ashvani Bhatt
26-09-2026,26-09-2026,FMPC6524403353,DindoliHub_STV_PL,KB Enterprise +918128967068,44596273e49545f1,dispatched_to_mh,West,TRUEFLEX,768085,TRUEFLEX,BajrangiTriveni Agrahari,MotherHub_STV_BTS,BRSNR,DindoliHub_STV_PL,PH-B6-SURBTS-9748574774,expected,OPENED,26-09-2026 08:11,Ashvani Bhatt
26-09-2026,26-09-2026,MYEP1137546142,Chhatarpur_DEL_PL,MYE : M S NATURES MAGIC WORLD PPMP 8210502534,MYE_68ad4e1666dc78426d57d803213c3d7c,dispatched_to_mh,North,LMA,4035191,#N/A,#N/A,Motherhub_JKS,BRSNR,Chhatarpur_DEL_PL,PH-B2-DELJKS-43641663,expected,OPENED,26-09-2026 01:16,Arvind Bansal (DNCR)
26-09-2026,26-09-2026,FMPC6528064144,BurariHub_DEL_PL,DHEVAN ENTERPRISES +917982202890,3843e0638f10466a,dispatched_to_mh,North,TRUEFLEX,863480,TRUEFLEX,PrinceKumar,Motherhub_JKS,BRSNR,BurariHub_DEL_PL,PH-B2-DELJKS-43644818,expected,OPENED,26-09-2026 02:29,Arvind Bansal (DNCR)
26-09-2026,26-09-2026,FMPP4294259268,DindoliHub_STV_PL,KB Enterprise +918128967068,44596273e49545f1,dispatched_to_mh,West,TRUEFLEX,768085,TRUEFLEX,BajrangiTriveni Agrahari,MotherHub_STV_BTS,BRSNR,DindoliHub_STV_PL,PH-B3-SURBTS-9793768476,expected,OPENED,26-09-2026 08:15,Ashvani Bhatt
26-09-2026,26-09-2026,FMPP4294564607,DindoliHub_STV_PL,KB Enterprise +918128967068,44596273e49545f1,dispatched_to_mh,West,TRUEFLEX,768085,TRUEFLEX,BajrangiTriveni Agrahari,MotherHub_STV_BTS,BRSNR,DindoliHub_STV_PL,PH-B6-SURBTS-9748574774,expected,OPENED,26-09-2026 08:11,Ashvani Bhatt
26-09-2026,26-09-2026,FMPC6523268908,DindoliHub_STV_PL,KB Enterprise +918128967068,44596273e49545f1,dispatched_to_mh,West,TRUEFLEX,768085,TRUEFLEX,BajrangiTriveni Agrahari,MotherHub_STV_BTS,BRSNR,DindoliHub_STV_PL,PH-B2-SURBTS-9748486337,expected,OPENED,26-09-2026 08:07,Ashvani Bhatt
26-09-2026,26-09-2026,FMPC6528589233,BudhViharHub_DEL_PL,FLIPTRONICS ORIGINALS +919990693514,6ddbe088cc244e9b,dispatched_to_mh,North,LMA,1.00E+11,#N/A,#N/A,Motherhub_JKS,BRSNR,BudhViharHub_DEL_PL,PH-B2-DELJKS-43648658,expected,OPENED,26-09-2026 05:56,Arvind Bansal (DNCR)
26-09-2026,26-09-2026,FMPC6524403497,DindoliHub_STV_PL,KB Enterprise +918128967068,44596273e49545f1,dispatched_to_mh,West,TRUEFLEX,768085,TRUEFLEX,BajrangiTriveni Agrahari,MotherHub_STV_BTS,BRSNR,DindoliHub_STV_PL,PH-B6-SURBTS-9748574774,expected,OPENED,26-09-2026 08:11,Ashvani Bhatt
26-09-2026,26-09-2026,FMPC6523233891,DindoliHub_STV_PL,KB Enterprise +918128967068,44596273e49545f1,dispatched_to_mh,West,TRUEFLEX,768085,TRUEFLEX,BajrangiTriveni Agrahari,MotherHub_STV_BTS,BRSNR,DindoliHub_STV_PL,PH-B6-SURBTS-9748574774,expected,OPENED,26-09-2026 08:11,Ashvani Bhatt
26-09-2026,26-09-2026,FMPC6524403472,DindoliHub_STV_PL,KB Enterprise +918128967068,44596273e49545f1,dispatched_to_mh,West,TRUEFLEX,768085,TRUEFLEX,BajrangiTriveni Agrahari,MotherHub_STV_BTS,BRSNR,DindoliHub_STV_PL,PH-B6-SURBTS-9748574774,expected,OPENED,26-09-2026 08:11,Ashvani Bhatt
26-09-2026,26-09-2026,FMPP4294686630,DindoliHub_STV_PL,KB Enterprise +918128967068,44596273e49545f1,dispatched_to_mh,West,TRUEFLEX,768085,TRUEFLEX,BajrangiTriveni Agrahari,MotherHub_STV_BTS,BRSNR,DindoliHub_STV_PL,PH-B2-SURBTS-9748486337,expected,OPENED,26-09-2026 08:07,Ashvani Bhatt
26-09-2026,26-09-2026,FMPP4294892436,DindoliHub_STV_PL,KB Enterprise +918128967068,44596273e49545f1,dispatched_to_mh,West,TRUEFLEX,768085,TRUEFLEX,BajrangiTriveni Agrahari,MotherHub_STV_BTS,BRSNR,DindoliHub_STV_PL,PH-B6-SURBTS-9748574774,expected,OPENED,26-09-2026 08:11,Ashvani Bhatt
26-09-2026,26-09-2026,FMPP4294338283,DindoliHub_STV_PL,KB Enterprise +918128967068,44596273e49545f1,dispatched_to_mh,West,TRUEFLEX,768085,TRUEFLEX,BajrangiTriveni Agrahari,MotherHub_STV_BTS,BRSNR,DindoliHub_STV_PL,PH-B3-SURBTS-9793768476,expected,OPENED,26-09-2026 08:15,Ashvani Bhatt
26-09-2026,26-09-2026,FMPC6527612346,Chhatarpur_DEL_PL,NECTOR FOODS PRIVATE LIMITED +918569853314,80b03873e66648e9,dispatched_to_mh,North,LMA,1.00E+11,Greenteck Logistics and Mobility Pvt Ltd,VikasSharma,Motherhub_JKS,BRSNR,Chhatarpur_DEL_PL,PH-B2-DELJKS-43643404,expected,OPENED,26-09-2026 01:18,Arvind Bansal (DNCR)
26-09-2026,26-09-2026,FMPP4298624577,BurariHub_DEL_PL,G.N.ENTERPRISES +917011903033,7d5515fb127643ec,dispatched_to_mh,North,LMA,1.00E+11,SUSAH SUPPLY CHAIN AND NETWORK PRIVATE LIMITED,Ashu,Motherhub_JKS,BRSNR,BurariHub_DEL_PL,PH-B2-DELJKS-43635627,expected,OPENED,26-09-2026 02:38,Arvind Bansal (DNCR)
26-09-2026,26-09-2026,FMPP4294343637,DindoliHub_STV_PL,KB Enterprise +918128967068,44596273e49545f1,dispatched_to_mh,West,TRUEFLEX,768085,TRUEFLEX,BajrangiTriveni Agrahari,MotherHub_STV_BTS,BRSNR,DindoliHub_STV_PL,PH-B2-SURBTS-9748486337,expected,OPENED,26-09-2026 08:07,Ashvani Bhatt
26-09-2026,26-09-2026,FMPC6524002064,DindoliHub_STV_PL,KB Enterprise +918128967068,44596273e49545f1,dispatched_to_mh,West,TRUEFLEX,768085,TRUEFLEX,BajrangiTriveni Agrahari,MotherHub_STV_BTS,BRSNR,DindoliHub_STV_PL,PH-B3-SURBTS-9793768476,expected,OPENED,26-09-2026 08:15,Ashvani Bhatt
26-09-2026,26-09-2026,FMPC6524282681,DindoliHub_STV_PL,KB Enterprise +918128967068,44596273e49545f1,dispatched_to_mh,West,TRUEFLEX,768085,TRUEFLEX,BajrangiTriveni Agrahari,MotherHub_STV_BTS,BRSNR,DindoliHub_STV_PL,PH-B2-SURBTS-9748486337,expected,OPENED,26-09-2026 08:07,Ashvani Bhatt
26-09-2026,26-09-2026,FMPP4294892451,DindoliHub_STV_PL,KB Enterprise +918128967068,44596273e49545f1,dispatched_to_mh,West,TRUEFLEX,768085,TRUEFLEX,BajrangiTriveni Agrahari,MotherHub_STV_BTS,BRSNR,DindoliHub_STV_PL,PH-B6-SURBTS-9748574774,expected,OPENED,26-09-2026 08:11,Ashvani Bhatt
26-09-2026,26-09-2026,FMPC6523347192,DindoliHub_STV_PL,KB Enterprise +918128967068,44596273e49545f1,dispatched_to_mh,West,TRUEFLEX,768085,TRUEFLEX,BajrangiTriveni Agrahari,MotherHub_STV_BTS,BRSNR,DindoliHub_STV_PL,PH-B6-SURBTS-9748574774,expected,OPENED,26-09-2026 08:11,Ashvani Bhatt
26-09-2026,26-09-2026,FMPC6523598719,DindoliHub_STV_PL,KB Enterprise +918128967068,44596273e49545f1,dispatched_to_mh,West,TRUEFLEX,768085,TRUEFLEX,BajrangiTriveni Agrahari,MotherHub_STV_BTS,BRSNR,DindoliHub_STV_PL,PH-B3-SURBTS-9793768476,expected,OPENED,26-09-2026 08:15,Ashvani Bhatt
26-09-2026,26-09-2026,VETC0909734927,DALHOUSIEHUB_KOL_PL,VET : AMAR PUBLICATION 9775040687,VET_8494918cb0c7d29f0bd89e8a8e158b74,dispatched_to_mh,East,LMA,1.00E+11,WERCATALYST VENTURES PVT LTD,DebjitAdhikkary,Motherhub_ULB,BRSNR,DALHOUSIEHUB_KOL_PL,PH-B1-CCUULB-5245486,expected,OPENED,26-09-2026 01:31,Somnath G
26-09-2026,26-09-2026,SDLC1078628425,DALHOUSIEHUB_KOL_PL,SDL : FASHIONPHILE 6289992965,SDL_d3212638202fba188d3b654c8f266441,dispatched_to_mh,East,LMA,4234022,#N/A,#N/A,Motherhub_ULB,BRSNR,DALHOUSIEHUB_KOL_PL,PH-B2-CCUULB-5273800,expected,OPENED,26-09-2026 01:38,Somnath G
26-09-2026,26-09-2026,FMPC6527323846,BudhViharHub_DEL_PL,RR Enterprises +919818256356,e91e61982f944d41,dispatched_to_mh,North,TRUEFLEX,918890,TRUEFLEX,MohitKumar,Motherhub_JKS,BRSNR,BudhViharHub_DEL_PL,PH-B2-DELJKS-43634066,expected,OPENED,26-09-2026 06:26,Arvind Bansal (DNCR)
26-09-2026,26-09-2026,FMPC6524239786,DindoliHub_STV_PL,KB Enterprise +918128967068,44596273e49545f1,dispatched_to_mh,West,TRUEFLEX,768085,TRUEFLEX,BajrangiTriveni Agrahari,MotherHub_STV_BTS,BRSNR,DindoliHub_STV_PL,PH-B6-SURBTS-9748574774,expected,OPENED,26-09-2026 08:11,Ashvani Bhatt
26-09-2026,26-09-2026,FMPC6524105324,DindoliHub_STV_PL,KB Enterprise +918128967068,44596273e49545f1,dispatched_to_mh,West,TRUEFLEX,768085,TRUEFLEX,BajrangiTriveni Agrahari,MotherHub_STV_BTS,BRSNR,DindoliHub_STV_PL,PH-B2-SURBTS-9748486337,expected,OPENED,26-09-2026 08:07,Ashvani Bhatt
26-09-2026,26-09-2026,FMPP4294892527,DindoliHub_STV_PL,KB Enterprise +918128967068,44596273e49545f1,dispatched_to_mh,West,TRUEFLEX,768085,TRUEFLEX,BajrangiTriveni Agrahari,MotherHub_STV_BTS,BRSNR,DindoliHub_STV_PL,PH-B2-SURBTS-9748486337,expected,OPENED,26-09-2026 08:07,Ashvani Bhatt
26-09-2026,26-09-2026,FMPC6524403459,DindoliHub_STV_PL,KB Enterprise +918128967068,44596273e49545f1,dispatched_to_mh,West,TRUEFLEX,768085,TRUEFLEX,BajrangiTriveni Agrahari,MotherHub_STV_BTS,BRSNR,DindoliHub_STV_PL,PH-B3-SURBTS-9793768476,expected,OPENED,26-09-2026 08:15,Ashvani Bhatt
26-09-2026,26-09-2026,FMPC6524286936,DindoliHub_STV_PL,KB Enterprise +918128967068,44596273e49545f1,dispatched_to_mh,West,TRUEFLEX,768085,TRUEFLEX,BajrangiTriveni Agrahari,MotherHub_STV_BTS,BRSNR,DindoliHub_STV_PL,PH-B2-SURBTS-9748486337,expected,OPENED,26-09-2026 08:07,Ashvani Bhatt
26-09-2026,26-09-2026,FMPC6524403506,DindoliHub_STV_PL,KB Enterprise +918128967068,44596273e49545f1,dispatched_to_mh,West,TRUEFLEX,768085,TRUEFLEX,BajrangiTriveni Agrahari,MotherHub_STV_BTS,BRSNR,DindoliHub_STV_PL,PH-B6-SURBTS-9748574774,expected,OPENED,26-09-2026 08:11,Ashvani Bhatt
26-09-2026,26-09-2026,FMPC6524281573,DindoliHub_STV_PL,KB Enterprise +918128967068,44596273e49545f1,dispatched_to_mh,West,TRUEFLEX,768085,TRUEFLEX,BajrangiTriveni Agrahari,MotherHub_STV_BTS,BRSNR,DindoliHub_STV_PL,PH-B2-SURBTS-9748486337,expected,OPENED,26-09-2026 08:07,Ashvani Bhatt
26-09-2026,26-09-2026,FMPP4294807486,DindoliHub_STV_PL,KB Enterprise +918128967068,44596273e49545f1,dispatched_to_mh,West,TRUEFLEX,768085,TRUEFLEX,BajrangiTriveni Agrahari,MotherHub_STV_BTS,BRSNR,DindoliHub_STV_PL,PH-B2-SURBTS-9748486337,expected,OPENED,26-09-2026 08:07,Ashvani Bhatt
26-09-2026,26-09-2026,FMPP4294892522,DindoliHub_STV_PL,KB Enterprise +918128967068,44596273e49545f1,dispatched_to_mh,West,TRUEFLEX,768085,TRUEFLEX,BajrangiTriveni Agrahari,MotherHub_STV_BTS,BRSNR,DindoliHub_STV_PL,PH-B6-SURBTS-9748574774,expected,OPENED,26-09-2026 08:11,Ashvani Bhatt
26-09-2026,26-09-2026,FMPP4294559400,DindoliHub_STV_PL,KB Enterprise +918128967068,44596273e49545f1,dispatched_to_mh,West,TRUEFLEX,768085,TRUEFLEX,BajrangiTriveni Agrahari,MotherHub_STV_BTS,BRSNR,DindoliHub_STV_PL,PH-B3-SURBTS-9793768476,expected,OPENED,26-09-2026 08:15,Ashvani Bhatt
26-09-2026,26-09-2026,FMPP4294797300,DindoliHub_STV_PL,KB Enterprise +918128967068,44596273e49545f1,dispatched_to_mh,West,TRUEFLEX,768085,TRUEFLEX,BajrangiTriveni Agrahari,MotherHub_STV_BTS,BRSNR,DindoliHub_STV_PL,PH-B6-SURBTS-9748574774,expected,OPENED,26-09-2026 08:11,Ashvani Bhatt
26-09-2026,26-09-2026,FMPP4294441396,DindoliHub_STV_PL,KB Enterprise +918128967068,44596273e49545f1,dispatched_to_mh,West,TRUEFLEX,768085,TRUEFLEX,BajrangiTriveni Agrahari,MotherHub_STV_BTS,BRSNR,DindoliHub_STV_PL,PH-B3-SURBTS-9793768476,expected,OPENED,26-09-2026 08:15,Ashvani Bhatt
26-09-2026,26-09-2026,FMPC6523548581,DindoliHub_STV_PL,KB Enterprise +918128967068,44596273e49545f1,dispatched_to_mh,West,TRUEFLEX,768085,TRUEFLEX,BajrangiTriveni Agrahari,MotherHub_STV_BTS,BRSNR,DindoliHub_STV_PL,PH-B6-SURBTS-9748574774,expected,OPENED,26-09-2026 08:11,Ashvani Bhatt
26-09-2026,26-09-2026,FMPC6524028175,DindoliHub_STV_PL,KB Enterprise +918128967068,44596273e49545f1,dispatched_to_mh,West,TRUEFLEX,768085,TRUEFLEX,BajrangiTriveni Agrahari,MotherHub_STV_BTS,BRSNR,DindoliHub_STV_PL,PH-B2-SURBTS-9748486337,expected,OPENED,26-09-2026 08:07,Ashvani Bhatt
26-09-2026,26-09-2026,VETC0576305968,DALHOUSIEHUB_KOL_PL,VET : AMAR PUBLICATION 9775040687,VET_8494918cb0c7d29f0bd89e8a8e158b74,dispatched_to_mh,East,LMA,1.00E+11,WERCATALYST VENTURES PVT LTD,DebjitAdhikkary,Motherhub_ULB,BRSNR,DALHOUSIEHUB_KOL_PL,PH-B1-CCUULB-5245495,expected,OPENED,26-09-2026 01:34,Somnath G
26-09-2026,26-09-2026,FMPP4294892542,DindoliHub_STV_PL,KB Enterprise +918128967068,44596273e49545f1,dispatched_to_mh,West,TRUEFLEX,768085,TRUEFLEX,BajrangiTriveni Agrahari,MotherHub_STV_BTS,BRSNR,DindoliHub_STV_PL,PH-B2-SURBTS-9748486337,expected,OPENED,26-09-2026 08:07,Ashvani Bhatt
26-09-2026,26-09-2026,FMPC6526036841,DindoliHub_STV_PL,KB Enterprise +918128967068,44596273e49545f1,dispatched_to_mh,West,TRUEFLEX,768085,TRUEFLEX,BajrangiTriveni Agrahari,MotherHub_STV_BTS,BRSNR,DindoliHub_STV_PL,PH-B3-SURBTS-9793768476,expected,OPENED,26-09-2026 08:15,Ashvani Bhatt
26-09-2026,26-09-2026,FMPC6527892683,BijwasanHub_DEL_PL,VERITRADE PRIVATE LIMITED +918527932288,d8d6108634fa4fb0,dispatched_to_mh,North,LMA,1.00E+11,RAMEZO ENTERPRISES,RajKumar,Motherhub_JKS,BRSNR,BijwasanHub_DEL_PL,PH-B2-DELJKS-43521284,expected,OPENED,26-09-2026 04:24,Arvind Bansal (DNCR)
26-09-2026,26-09-2026,FMPC6524225027,DindoliHub_STV_PL,KB Enterprise +918128967068,44596273e49545f1,dispatched_to_mh,West,TRUEFLEX,768085,TRUEFLEX,BajrangiTriveni Agrahari,MotherHub_STV_BTS,BRSNR,DindoliHub_STV_PL,PH-B6-SURBTS-9748574774,expected,OPENED,26-09-2026 08:11,Ashvani Bhatt
26-09-2026,26-09-2026,FMPC6524088100,DindoliHub_STV_PL,KB Enterprise +918128967068,44596273e49545f1,dispatched_to_mh,West,TRUEFLEX,768085,TRUEFLEX,BajrangiTriveni Agrahari,MotherHub_STV_BTS,BRSNR,DindoliHub_STV_PL,PH-B6-SURBTS-9748574774,expected,OPENED,26-09-2026 08:11,Ashvani Bhatt
26-09-2026,26-09-2026,NYKC0000623795,BijwasanHub_DEL_PL,NYK : Nykaa Warehouse DEL2 9354281109,NYK_7888a35f1b1624ace9d4085ecf997c08,received_at_ph,North,EKART,4224407,EKART,,Motherhub_JKS,BRSNR,BijwasanHub_DEL_PL,PH-B2-DELJKS-43639560,expected,OPENED,26-09-2026 04:56,Arvind Bansal (DNCR)
26-09-2026,26-09-2026,FMPC6523218916,DindoliHub_STV_PL,KB Enterprise +918128967068,44596273e49545f1,dispatched_to_mh,West,TRUEFLEX,768085,TRUEFLEX,BajrangiTriveni Agrahari,MotherHub_STV_BTS,BRSNR,DindoliHub_STV_PL,PH-B2-SURBTS-9748486337,expected,OPENED,26-09-2026 08:07,Ashvani Bhatt
26-09-2026,26-09-2026,EPSC0412844423,BudhViharHub_DEL_PL,EPS : Xank (VIMAL AGRAWAL) 9999195315,EPS_878d69290fbbcd608c0b8e06719e3e65,dispatched_to_mh,North,TRUEFLEX,918890,TRUEFLEX,MohitKumar,Motherhub_JKS,BRSNR,BudhViharHub_DEL_PL,PH-B2-DELJKS-43578674,expected,OPENED,26-09-2026 06:25,Arvind Bansal (DNCR)
26-09-2026,26-09-2026,FMPP4294368153,DindoliHub_STV_PL,KB Enterprise +918128967068,44596273e49545f1,dispatched_to_mh,West,TRUEFLEX,768085,TRUEFLEX,BajrangiTriveni Agrahari,MotherHub_STV_BTS,BRSNR,DindoliHub_STV_PL,PH-B2-SURBTS-9748486337,expected,OPENED,26-09-2026 08:07,Ashvani Bhatt
26-09-2026,26-09-2026,FMPC6524001250,DindoliHub_STV_PL,KB Enterprise +918128967068,44596273e49545f1,dispatched_to_mh,West,TRUEFLEX,768085,TRUEFLEX,BajrangiTriveni Agrahari,MotherHub_STV_BTS,BRSNR,DindoliHub_STV_PL,PH-B3-SURBTS-9793768476,expected,OPENED,26-09-2026 08:15,Ashvani Bhatt
26-09-2026,26-09-2026,FMPP4297019112,GariaHub_KOL_PL,DIPREENO RETAILS INDIA (OPC) PRIVATE LIMITED +919836180462,519f4ab4a9b74e98,dispatched_to_mh,East,LMA,1.00E+11,WERCATALYST VENTURES PVT LTD,PeterGhosh,Motherhub_ULB,BRSNR,GariaHub_KOL_PL,PH-B2-CCUULB-5258525,expected,OPENED,26-09-2026 01:53,Somnath G
26-09-2026,26-09-2026,LSHC0036885028,GurgaonHub_DEL_PL,LSH : Customer Support 9810078887,LSH_116802f3b7d87ed0a8d52b9f8b7490e3,dispatched_to_mh,North,LMA,1.00E+11,#N/A,#N/A,Motherhub_JKS,BRSNR,GurgaonHub_DEL_PL,PH-B2-DELJKS-43584739,expected,OPENED,26-09-2026 02:43,Arvind Bansal (DNCR)
26-09-2026,26-09-2026,MYEP1137544563,GariaHub_KOL_PL,MYE : A S FASHION-west bengal_PPMP_IHTM 9289148139,MYE_7b41a80fffb72ac042da24caa492bac8,dispatched_to_mh,East,LMA,1.00E+11,WERCATALYST VENTURES PVT LTD,SelimMolla,Motherhub_ULB,BRSNR,GariaHub_KOL_PL,PH-B2-CCUULB-4243929,expected,OPENED,26-09-2026 04:28,Somnath G
26-09-2026,26-09-2026,FMPP4297807647,HoodiHub_BLR_PL,Ugaoo Agritech Private Limited 8421200561,0e9ee0ea8cd64fee,dispatched_to_mh,South,LMA,3962137,#N/A,#N/A,MotherHub_BLR,BRSNR,HoodiHub_BLR_PL,PH-ZO-BLRBLR-15531821,expected,OPENED,25-09-2026 21:37,Anwar Babu Maldar
26-09-2026,26-09-2026,FMPC6527250842,GariaHub_KOL_PL,CALDIPREE ONLINE SOLUTIONS PVT LTD +918336089221,1edff18bafa54168,dispatched_to_mh,East,LMA,1.00E+11,WERCATALYST VENTURES PVT LTD,PeterGhosh,Motherhub_ULB,BRSNR,GariaHub_KOL_PL,PH-B2-CCUULB-5258525,expected,OPENED,26-09-2026 01:53,Somnath G
26-09-2026,26-09-2026,FMPP4298057177,GariaHub_KOL_PL,DIPREENO RETAILS INDIA (OPC) PRIVATE LIMITED +919836180462,519f4ab4a9b74e98,dispatched_to_mh,East,LMA,1.00E+11,WERCATALYST VENTURES PVT LTD,PeterGhosh,Motherhub_ULB,BRSNR,GariaHub_KOL_PL,PH-B2-CCUULB-5258525,expected,OPENED,26-09-2026 01:53,Somnath G
26-09-2026,26-09-2026,FMPC6529394636,GariaHub_KOL_PL,DIPREENO RETAILS INDIA (OPC) PRIVATE LIMITED +919836180462,519f4ab4a9b74e98,dispatched_to_mh,East,LMA,1.00E+11,WERCATALYST VENTURES PVT LTD,PeterGhosh,Motherhub_ULB,BRSNR,GariaHub_KOL_PL,PH-B2-CCUULB-5258525,expected,OPENED,26-09-2026 01:53,Somnath G
26-09-2026,26-09-2026,FMPP4292290555,GariaHub_KOL_PL,BHP Enterprise +916291293944,dcfb9fae41664d78,dispatched_to_mh,East,LMA,1.00E+11,WERCATALYST VENTURES PVT LTD,ArupPatra,Motherhub_ULB,BRSNR,GariaHub_KOL_PL,PH-B2-CCUULB-5103084,expected,OPENED,26-09-2026 02:02,Somnath G
26-09-2026,26-09-2026,FMPC6528202489,GurgaonHub_DEL_PL,SANGRILA LIFESTYLE PRIVATE LIMITED 8588036579,c2fe2fd403bd4eb4,dispatched_to_mh,North,LMA,1.00E+11,#N/A,#N/A,Motherhub_JKS,BRSNR,GurgaonHub_DEL_PL,PH-B2-DELJKS-43313910,expected,OPENED,26-09-2026 01:39,Arvind Bansal (DNCR)
26-09-2026,26-09-2026,FMPC6529657165,GurgaonHub_DEL_PL,LAKSHYA COLLECTIONS +917291965067,bb0ab66770244abf,dispatched_to_mh,North,EKART,4367439,EKART,,Motherhub_JKS,BRSNR,GurgaonHub_DEL_PL,PH-B2-DELJKS-43643223,expected,OPENED,26-09-2026 01:37,Arvind Bansal (DNCR)
26-09-2026,26-09-2026,FMPP4297817803,GariaHub_KOL_PL,DIPREENO RETAILS INDIA (OPC) PRIVATE LIMITED +919836180462,519f4ab4a9b74e98,dispatched_to_mh,East,LMA,1.00E+11,WERCATALYST VENTURES PVT LTD,PeterGhosh,Motherhub_ULB,BRSNR,GariaHub_KOL_PL,PH-B2-CCUULB-5258525,expected,OPENED,26-09-2026 01:53,Somnath G
26-09-2026,26-09-2026,FMPC6527378738,GurgaonHub_DEL_PL,GIRIND +918826015055,1778b3402b0c468d,received_at_mh,North,LMA,1.00E+11,Vxpress,YogeshBhartiya,Motherhub_JKS,BRSNR,GurgaonHub_DEL_PL,PH-B2-DELJKS-43629684,expected,OPENED,26-09-2026 01:37,Arvind Bansal (DNCR)
26-09-2026,26-09-2026,FMPC6528940978,GariaHub_KOL_PL,DIPREENO RETAILS INDIA (OPC) PRIVATE LIMITED +919836180462,519f4ab4a9b74e98,dispatched_to_mh,East,LMA,1.00E+11,WERCATALYST VENTURES PVT LTD,PeterGhosh,Motherhub_ULB,BRSNR,GariaHub_KOL_PL,PH-B2-CCUULB-5258525,expected,OPENED,26-09-2026 01:53,Somnath G
26-09-2026,26-09-2026,FMPC6527703747,GariaHub_KOL_PL,DIPREENO RETAILS INDIA (OPC) PRIVATE LIMITED +919836180462,519f4ab4a9b74e98,dispatched_to_mh,East,LMA,1.00E+11,WERCATALYST VENTURES PVT LTD,PeterGhosh,Motherhub_ULB,BRSNR,GariaHub_KOL_PL,PH-B2-CCUULB-5258525,expected,OPENED,26-09-2026 01:53,Somnath G
26-09-2026,26-09-2026,FMPC6527833256,GariaHub_KOL_PL,DIPREENO RETAILS INDIA (OPC) PRIVATE LIMITED +919836180462,519f4ab4a9b74e98,dispatched_to_mh,East,LMA,1.00E+11,WERCATALYST VENTURES PVT LTD,PeterGhosh,Motherhub_ULB,BRSNR,GariaHub_KOL_PL,PH-B2-CCUULB-5258525,expected,OPENED,26-09-2026 01:53,Somnath G
26-09-2026,26-09-2026,FMPC6527284914,GariaHub_KOL_PL,DIPREENO RETAILS INDIA (OPC) PRIVATE LIMITED +919836180462,519f4ab4a9b74e98,dispatched_to_mh,East,LMA,1.00E+11,WERCATALYST VENTURES PVT LTD,PeterGhosh,Motherhub_ULB,BRSNR,GariaHub_KOL_PL,PH-B2-CCUULB-5258525,expected,OPENED,26-09-2026 01:53,Somnath G
26-09-2026,26-09-2026,FMPP4297026730,GariaHub_KOL_PL,DIPREENO RETAILS INDIA (OPC) PRIVATE LIMITED +919836180462,519f4ab4a9b74e98,dispatched_to_mh,East,LMA,1.00E+11,WERCATALYST VENTURES PVT LTD,PeterGhosh,Motherhub_ULB,BRSNR,GariaHub_KOL_PL,PH-B2-CCUULB-5258525,expected,OPENED,26-09-2026 01:53,Somnath G
26-09-2026,26-09-2026,FMPP4297179153,GariaHub_KOL_PL,DIPREENO RETAILS INDIA (OPC) PRIVATE LIMITED +919836180462,519f4ab4a9b74e98,dispatched_to_mh,East,LMA,1.00E+11,WERCATALYST VENTURES PVT LTD,PeterGhosh,Motherhub_ULB,BRSNR,GariaHub_KOL_PL,PH-B2-CCUULB-5258525,expected,OPENED,26-09-2026 01:53,Somnath G
26-09-2026,26-09-2026,FMPC6527155125,GariaHub_KOL_PL,DIPREENO RETAILS INDIA (OPC) PRIVATE LIMITED +919836180462,519f4ab4a9b74e98,dispatched_to_mh,East,LMA,1.00E+11,WERCATALYST VENTURES PVT LTD,PeterGhosh,Motherhub_ULB,BRSNR,GariaHub_KOL_PL,PH-B2-CCUULB-5258525,expected,OPENED,26-09-2026 01:53,Somnath G
26-09-2026,26-09-2026,FMPP4297426684,GariaHub_KOL_PL,DIPREENO RETAILS INDIA (OPC) PRIVATE LIMITED +919836180462,519f4ab4a9b74e98,dispatched_to_mh,East,LMA,1.00E+11,WERCATALYST VENTURES PVT LTD,PeterGhosh,Motherhub_ULB,BRSNR,GariaHub_KOL_PL,PH-B2-CCUULB-5258525,expected,OPENED,26-09-2026 01:53,Somnath G
26-09-2026,26-09-2026,FMPC6527688050,GariaHub_KOL_PL,DIPREENO RETAILS INDIA (OPC) PRIVATE LIMITED +919836180462,519f4ab4a9b74e98,dispatched_to_mh,East,LMA,1.00E+11,WERCATALYST VENTURES PVT LTD,PeterGhosh,Motherhub_ULB,BRSNR,GariaHub_KOL_PL,PH-B2-CCUULB-5258525,expected,OPENED,26-09-2026 01:53,Somnath G
26-09-2026,26-09-2026,FMPC6528254884,GurgaonHub_DEL_PL,AYUMCURE HERBS PRIVATE LIMITED +919217788095,0e689274c1c042d4,dispatched_to_mh,North,LMA,1.00E+11,Watsoo,Kailash NathYadav,Motherhub_JKS,BRSNR,GurgaonHub_DEL_PL,PH-B2-DELJKS-43585956,expected,OPENED,26-09-2026 02:42,Arvind Bansal (DNCR)
26-09-2026,26-09-2026,FMPP4297679432,GariaHub_KOL_PL,CALDIPREE ONLINE SOLUTIONS PVT LTD +918336089221,1edff18bafa54168,dispatched_to_mh,East,LMA,1.00E+11,WERCATALYST VENTURES PVT LTD,PeterGhosh,Motherhub_ULB,BRSNR,GariaHub_KOL_PL,PH-B2-CCUULB-5258525,expected,OPENED,26-09-2026 01:53,Somnath G
26-09-2026,26-09-2026,FMPP4296809235,FaridabadHub_DEL_PL,KOTTY LIFESTYLE PVT LTD 8510022244,qsm29nukm5dhxgl9,dispatched_to_mh,North,TRUEFLEX,600195,TRUEFLEX,VikashYadav,Motherhub_JKS,BRSNR,FaridabadHub_DEL_PL,PH-B2-DELJKS-43642431,expected,OPENED,26-09-2026 02:36,Arvind Bansal (DNCR)
26-09-2026,26-09-2026,FMPC6527270816,GariaHub_KOL_PL,DIPREENO RETAILS INDIA (OPC) PRIVATE LIMITED +919836180462,519f4ab4a9b74e98,dispatched_to_mh,East,LMA,1.00E+11,WERCATALYST VENTURES PVT LTD,PeterGhosh,Motherhub_ULB,BRSNR,GariaHub_KOL_PL,PH-B2-CCUULB-5258525,expected,OPENED,26-09-2026 01:53,Somnath G
26-09-2026,26-09-2026,FMPC6527902981,GandhinagarHub_DEL_PL,NavSun International +919958686000,70a6435ecfea4d5c,dispatched_to_mh,North,LMA,1.00E+11,Greenteck Logistics and Mobility Pvt Ltd,AvinashKumar,Motherhub_JKS,BRSNR,GandhinagarHub_DEL_PL,PH-B2-DELJKS-43626640,expected,OPENED,26-09-2026 02:58,Arvind Bansal (DNCR)
26-09-2026,26-09-2026,FMPP4298412225,GariaHub_KOL_PL,DIPREENO RETAILS INDIA (OPC) PRIVATE LIMITED +919836180462,519f4ab4a9b74e98,dispatched_to_mh,East,LMA,1.00E+11,WERCATALYST VENTURES PVT LTD,PeterGhosh,Motherhub_ULB,BRSNR,GariaHub_KOL_PL,PH-B2-CCUULB-5258525,expected,OPENED,26-09-2026 01:53,Somnath G
26-09-2026,26-09-2026,FMPC6529889191,GurgaonHub_DEL_PL,SANGRILA LIFESTYLE PRIVATE LIMITED 8588036579,c2fe2fd403bd4eb4,dispatched_to_mh,North,LMA,1.00E+11,#N/A,#N/A,Motherhub_JKS,BRSNR,GurgaonHub_DEL_PL,PH-B2-DELJKS-43313919,expected,OPENED,26-09-2026 02:43,Arvind Bansal (DNCR)
26-09-2026,26-09-2026,FMPP4298270985,GariaHub_KOL_PL,DIPREENO RETAILS INDIA (OPC) PRIVATE LIMITED +919836180462,519f4ab4a9b74e98,dispatched_to_mh,East,LMA,1.00E+11,WERCATALYST VENTURES PVT LTD,PeterGhosh,Motherhub_ULB,BRSNR,GariaHub_KOL_PL,PH-B2-CCUULB-5258525,expected,OPENED,26-09-2026 01:53,Somnath G
26-09-2026,26-09-2026,FMPP4297829412,GariaHub_KOL_PL,DIPREENO RETAILS INDIA (OPC) PRIVATE LIMITED +919836180462,519f4ab4a9b74e98,dispatched_to_mh,East,LMA,1.00E+11,WERCATALYST VENTURES PVT LTD,PeterGhosh,Motherhub_ULB,BRSNR,GariaHub_KOL_PL,PH-B2-CCUULB-5258525,expected,OPENED,26-09-2026 01:53,Somnath G
26-09-2026,26-09-2026,FMPC6528970825,GariaHub_KOL_PL,CALDIPREE ONLINE SOLUTIONS PVT LTD +918336089221,1edff18bafa54168,dispatched_to_mh,East,LMA,1.00E+11,WERCATALYST VENTURES PVT LTD,PeterGhosh,Motherhub_ULB,BRSNR,GariaHub_KOL_PL,PH-B2-CCUULB-5258525,expected,OPENED,26-09-2026 01:53,Somnath G
26-09-2026,26-09-2026,FMPC6527773406,GandhinagarHub_DEL_PL,TIRUPATI TEXTILES +919811528172,35adb1ed20374ccd,dispatched_to_mh,North,LMA,1.00E+11,RAMEZO ENTERPRISES,DipanshuJaiswal,Motherhub_JKS,BRSNR,GandhinagarHub_DEL_PL,PH-B2-DELJKS-43389803,expected,OPENED,26-09-2026 02:57,Arvind Bansal (DNCR)
26-09-2026,26-09-2026,FMPP4297183294,GariaHub_KOL_PL,DIPREENO RETAILS INDIA (OPC) PRIVATE LIMITED +919836180462,519f4ab4a9b74e98,dispatched_to_mh,East,LMA,1.00E+11,WERCATALYST VENTURES PVT LTD,PeterGhosh,Motherhub_ULB,BRSNR,GariaHub_KOL_PL,PH-B2-CCUULB-5258525,expected,OPENED,26-09-2026 01:53,Somnath G
26-09-2026,26-09-2026,FMPC6528959842,GurgaonHub_DEL_PL,SANGRILA LIFESTYLE PRIVATE LIMITED 8588036579,c2fe2fd403bd4eb4,dispatched_to_mh,North,LMA,1.00E+11,#N/A,#N/A,Motherhub_JKS,BRSNR,GurgaonHub_DEL_PL,PH-B2-DELJKS-43313919,expected,OPENED,26-09-2026 02:43,Arvind Bansal (DNCR)
26-09-2026,26-09-2026,FMPC6525099966,GandhinagarHub_DEL_PL,BALAJI GARMENTS +917678508365,06c5a9a83232484a,dispatched_to_mh,North,LMA,1.00E+11,WHEELEY,NikhilGaud,Motherhub_JKS,BRSNR,GandhinagarHub_DEL_PL,PH-B2-DELJKS-43641984,expected,OPENED,26-09-2026 02:58,Arvind Bansal (DNCR)
26-09-2026,26-09-2026,FMPC6528536579,GariaHub_KOL_PL,DIPREENO RETAILS INDIA (OPC) PRIVATE LIMITED +919836180462,519f4ab4a9b74e98,dispatched_to_mh,East,LMA,1.00E+11,WERCATALYST VENTURES PVT LTD,PeterGhosh,Motherhub_ULB,BRSNR,GariaHub_KOL_PL,PH-B2-CCUULB-5258525,expected,OPENED,26-09-2026 01:53,Somnath G
26-09-2026,26-09-2026,FMPP4297675471,GurgaonHub_DEL_PL,Dellu Ventures +918341602854,0aa46e1745054647,dispatched_to_mh,North,LMA,3143363,#N/A,#N/A,Motherhub_JKS,BRSNR,GurgaonHub_DEL_PL,PH-B2-DELJKS-43059325,expected,OPENED,26-09-2026 01:34,Arvind Bansal (DNCR)
26-09-2026,26-09-2026,FMPC6528620230,GurgaonHub_DEL_PL,DR. MOREPEN LIMITED +918882163631,af321cd3c1704d17,dispatched_to_mh,North,LMA,3143363,#N/A,#N/A,Motherhub_JKS,BRSNR,GurgaonHub_DEL_PL,PH-B2-DELJKS-43642757,expected,OPENED,26-09-2026 01:36,Arvind Bansal (DNCR)
26-09-2026,26-09-2026,FMPC6527571595,GariaHub_KOL_PL,DIPREENO RETAILS INDIA (OPC) PRIVATE LIMITED +919836180462,519f4ab4a9b74e98,dispatched_to_mh,East,LMA,1.00E+11,WERCATALYST VENTURES PVT LTD,PeterGhosh,Motherhub_ULB,BRSNR,GariaHub_KOL_PL,PH-B2-CCUULB-5258525,expected,OPENED,26-09-2026 01:53,Somnath G
26-09-2026,26-09-2026,FMPP4297666319,GariaHub_KOL_PL,DIPREENO RETAILS INDIA (OPC) PRIVATE LIMITED +919836180462,519f4ab4a9b74e98,dispatched_to_mh,East,LMA,1.00E+11,WERCATALYST VENTURES PVT LTD,PeterGhosh,Motherhub_ULB,BRSNR,GariaHub_KOL_PL,PH-B2-CCUULB-5258525,expected,OPENED,26-09-2026 01:53,Somnath G
26-09-2026,26-09-2026,FMPC6529066354,GurgaonHub_DEL_PL,SANGRILA LIFESTYLE PRIVATE LIMITED 8588036579,c2fe2fd403bd4eb4,dispatched_to_mh,North,LMA,1.00E+11,#N/A,#N/A,Motherhub_JKS,BRSNR,GurgaonHub_DEL_PL,PH-B2-DELJKS-43313919,expected,OPENED,26-09-2026 02:43,Arvind Bansal (DNCR)
26-09-2026,26-09-2026,FMPP4297554837,GariaHub_KOL_PL,DIPREENO RETAILS INDIA (OPC) PRIVATE LIMITED +919836180462,519f4ab4a9b74e98,dispatched_to_mh,East,LMA,1.00E+11,WERCATALYST VENTURES PVT LTD,PeterGhosh,Motherhub_ULB,BRSNR,GariaHub_KOL_PL,PH-B2-CCUULB-5258525,expected,OPENED,26-09-2026 01:53,Somnath G
26-09-2026,26-09-2026,FMPP4296906704,GandhinagarHub_DEL_PL,TIRUPATI TEXTILES +919811528172,35adb1ed20374ccd,dispatched_to_mh,North,LMA,1.00E+11,RAMEZO ENTERPRISES,DipanshuJaiswal,Motherhub_JKS,BRSNR,GandhinagarHub_DEL_PL,PH-B2-DELJKS-43389803,expected,OPENED,26-09-2026 02:57,Arvind Bansal (DNCR)
26-09-2026,26-09-2026,FMPP4298741973,GurgaonHub_DEL_PL,PROZZILE +918178838229,88b4a6b87f1c4e36,dispatched_to_mh,North,LMA,1.00E+11,Vxpress,YogeshBhartiya,Motherhub_JKS,BRSNR,GurgaonHub_DEL_PL,PH-B2-DELJKS-43629684,expected,OPENED,26-09-2026 01:37,Arvind Bansal (DNCR)
26-09-2026,26-09-2026,MYEP1137537067,IPextension_DEL_PL,MYE : EFAB ENTERPRISES-delhi_PPMP_EHRF 8700210889,MYE_96ddcb99e8df08361181ae0ad3067ad6,dispatched_to_mh,North,LMA,1.00E+11,Loadshare,JabeerKhan,Motherhub_JKS,BRSNR,IPextension_DEL_PL,PH-B2-DELJKS-43649402,expected,OPENED,26-09-2026 03:00,Arvind Bansal (DNCR)
26-09-2026,26-09-2026,FMPC6521942853,HowrahHub_KOL_PL,RAIDA COLLECTION +919123302262,6ee9f9ece0a54c50,dispatched_to_mh,East,LMA,1.00E+11,SAS,AvikPaul,Motherhub_ULB,BRSNR,HowrahHub_KOL_PL,PH-B2-CCUULB-5262812,expected,OPENED,26-09-2026 03:10,Somnath G
26-09-2026,26-09-2026,FMPC6527656107,HowrahHub_KOL_PL,AL BARAKAH ENTERPRISE +919062907084,b040dcb8bf7b4a3f,dispatched_to_mh,East,LMA,1.00E+11,#N/A,#N/A,Motherhub_ULB,BRSNR,HowrahHub_KOL_PL,PH-B1-CCUULB-5269566,expected,OPENED,26-09-2026 03:21,Somnath G
26-09-2026,26-09-2026,FMPP4298317174,KanakpuraRdHub_BLR_PL,The One Store +917204441444,5a6ba2b3d6ee40ee,dispatched_to_mh,South,LMA,1.00E+11,WERCATALYST VENTURES PVT LTD,Shivashankar,MotherHub_BLR,BRSNR,KanakpuraRdHub_BLR_PL,PH-ZO-BLRBLR-15608813,expected,OPENED,25-09-2026 22:49,Anwar Babu Maldar
26-09-2026,26-09-2026,FMPC6527495381,HowrahHub_KOL_PL,RIMJHIM CREATION +919875358699,766f4b2267f9421d,received_at_mh,East,LMA,1.00E+11,#N/A,#N/A,Motherhub_ULB,BRSNR,HowrahHub_KOL_PL,PH-B2-CCUULB-5203962,expected,OPENED,26-09-2026 00:59,Somnath G
26-09-2026,26-09-2026,FMPP4297123180,KanakpuraRdHub_BLR_PL,The One Store +917204441444,5a6ba2b3d6ee40ee,dispatched_to_mh,South,LMA,1.00E+11,WERCATALYST VENTURES PVT LTD,Shivashankar,MotherHub_BLR,BRSNR,KanakpuraRdHub_BLR_PL,PH-B3-BLRBLR-15608523,expected,OPENED,25-09-2026 22:51,Anwar Babu Maldar
26-09-2026,26-09-2026,MYEP1137470629,KalyanNagarHub_BLR_PL,MYE : Forever New Bangalore Indiranagar Bangalore Omni 6909734573,MYE_8e8b6c98add71fa39bc37a1ef9ae7dd1,dispatched_to_mh,South,EKART,4063825,EKART,,MotherHub_BLR,BRSNR,KalyanNagarHub_BLR_PL,PH-B1-BLRBLR-15628494,expected,OPENED,25-09-2026 22:43,Anwar Babu Maldar
26-09-2026,26-09-2026,FMPC6527031054,HowrahHub_KOL_PL,A.M FASHION +918617775936,48e3c5f0ba9443b5,received_at_mh,East,LMA,1.00E+11,#N/A,#N/A,Motherhub_ULB,BRSNR,HowrahHub_KOL_PL,PH-B1-CCUULB-5099910,expected,OPENED,26-09-2026 05:12,Somnath G
26-09-2026,26-09-2026,FMPP4298231860,KanjhawalaHub_DEL_PL,Dream Sight Enterprises +917827789791,8d34675d9e374965,dispatched_to_mh,North,LMA,1.00E+11,#N/A,#N/A,Motherhub_JKS,BRSNR,KanjhawalaHub_DEL_PL,PH-B2-DELJKS-43650214,expected,OPENED,26-09-2026 04:01,Arvind Bansal (DNCR)
26-09-2026,26-09-2026,FMPC6527851774,HowrahHub_KOL_PL,ASM CO BROTHERS +917003870553,6d3a67ae0ea6441f,dispatched_to_mh,East,LMA,1.00E+11,#N/A,#N/A,Motherhub_ULB,BRSNR,HowrahHub_KOL_PL,PH-B2-CCUULB-5160194,expected,OPENED,26-09-2026 03:30,Somnath G
26-09-2026,26-09-2026,FMPP4298370251,HowrahHub_KOL_PL,XEEVA +917044470992,cf46f628b8344dfe,dispatched_to_mh,East,LMA,1.00E+11,#N/A,#N/A,Motherhub_ULB,BRSNR,HowrahHub_KOL_PL,PH-B1-CCUULB-5255882,expected,OPENED,26-09-2026 03:25,Somnath G
26-09-2026,26-09-2026,FMPP4297663285,HowrahHub_KOL_PL,RIMJHIM CREATION +919875358699,766f4b2267f9421d,received_at_mh,East,LMA,1.00E+11,#N/A,#N/A,Motherhub_ULB,BRSNR,HowrahHub_KOL_PL,PH-B2-CCUULB-5203962,expected,OPENED,26-09-2026 00:59,Somnath G
26-09-2026,26-09-2026,FMPC6526901771,HowrahHub_KOL_PL,DRESSCODE +917003343920,fd8b99d5cfbe47c9,dispatched_to_mh,East,LMA,1.00E+11,#N/A,#N/A,Motherhub_ULB,BRSNR,HowrahHub_KOL_PL,PH-B2-CCUULB-5243330,expected,OPENED,26-09-2026 00:49,Somnath G
26-09-2026,26-09-2026,FMPC6528075184,HowrahHub_KOL_PL,ASM CO BROTHERS +917003870553,6d3a67ae0ea6441f,dispatched_to_mh,East,LMA,1.00E+11,#N/A,#N/A,Motherhub_ULB,BRSNR,HowrahHub_KOL_PL,PH-B2-CCUULB-5160194,expected,OPENED,26-09-2026 03:30,Somnath G
26-09-2026,26-09-2026,FMPC6526858812,HowrahHub_KOL_PL,R B GARMENTS +917003894456,e73143381c804950,dispatched_to_mh,East,LMA,1.00E+11,#N/A,#N/A,Motherhub_ULB,BRSNR,HowrahHub_KOL_PL,PH-B1-CCUULB-5180558,expected,OPENED,26-09-2026 00:52,Somnath G
26-09-2026,26-09-2026,FMPC6528560897,KanjhawalaHub_DEL_PL,SHIVA ENTERPRISES +917836089614,2d7260c9290b414d,dispatched_to_mh,North,LMA,1.00E+11,#N/A,#N/A,Motherhub_JKS,BRSNR,KanjhawalaHub_DEL_PL,PH-B2-DELJKS-43584882,expected,OPENED,26-09-2026 03:55,Arvind Bansal (DNCR)
26-09-2026,26-09-2026,FMPP4298254211,KanakpuraRdHub_BLR_PL,HIMALAYA WELLNESS COMPANY 9901972955,5be10650d90443b9,dispatched_to_mh,South,LMA,1.00E+11,WERCATALYST VENTURES PVT LTD,DileepR,MotherHub_BLR,BRSNR,KanakpuraRdHub_BLR_PL,PH-B3-BLRBLR-15604618,expected,OPENED,25-09-2026 22:04,Anwar Babu Maldar
26-09-2026,26-09-2026,FMPP4297237619,HowrahHub_KOL_PL,adil enterprises +918444840821,6f7bfb1a5f0d465e,dispatched_to_mh,East,LMA,1.00E+11,#N/A,#N/A,Motherhub_ULB,BRSNR,HowrahHub_KOL_PL,PH-B2-CCUULB-5168733,expected,OPENED,26-09-2026 01:37,Somnath G
26-09-2026,26-09-2026,FMPP4297460900,HowrahHub_KOL_PL,KGN Grand Bazaar +917003012867,17e16cd4475c495c,dispatched_to_mh,East,LMA,1.00E+11,#N/A,#N/A,Motherhub_ULB,BRSNR,HowrahHub_KOL_PL,PH-B2-CCUULB-5239581,expected,OPENED,26-09-2026 01:35,Somnath G
26-09-2026,26-09-2026,FMPC6528176028,KanakpuraRdHub_BLR_PL,The One Store +917204441444,5a6ba2b3d6ee40ee,dispatched_to_mh,South,LMA,1.00E+11,WERCATALYST VENTURES PVT LTD,Shivashankar,MotherHub_BLR,BRSNR,KanakpuraRdHub_BLR_PL,PH-B1-BLRBLR-15473350,expected,OPENED,25-09-2026 22:49,Anwar Babu Maldar
26-09-2026,26-09-2026,FMPC6528177841,KanakpuraRdHub_BLR_PL,The One Store +917204441444,5a6ba2b3d6ee40ee,dispatched_to_mh,South,LMA,1.00E+11,WERCATALYST VENTURES PVT LTD,Shivashankar,MotherHub_BLR,BRSNR,KanakpuraRdHub_BLR_PL,PH-B3-BLRBLR-15608523,expected,OPENED,25-09-2026 22:51,Anwar Babu Maldar
26-09-2026,26-09-2026,FMPC6529092441,HowrahHub_KOL_PL,CLASSIC CREATIONS +919073150970,ae23d736ea3743f5,dispatched_to_mh,East,LMA,1.00E+11,SAS,Sk RajuAli,Motherhub_ULB,BRSNR,HowrahHub_KOL_PL,PH-B2-CCUULB-5064699,expected,OPENED,26-09-2026 03:26,Somnath G
26-09-2026,26-09-2026,FMPP4297750723,HowrahHub_KOL_PL,SANA ENTERPRISE +918296973484,36866ea1d619411e,dispatched_to_mh,East,LMA,1.00E+11,WHEELEY,BISHALSINGH,Motherhub_ULB,BRSNR,HowrahHub_KOL_PL,PH-B2-CCUULB-5235277,expected,OPENED,26-09-2026 03:22,Somnath G
26-09-2026,26-09-2026,FMPC6526978752,JasolaHub_DEL_PL,Megrek Enterprises +918745857029,f25e9dde83034484,dispatched_to_mh,North,LMA,1.00E+11,Fastbeetle service,MohdArsalan,Motherhub_JKS,BRSNR,JasolaHub_DEL_PL,PH-B2-DELJKS-43643255,expected,OPENED,26-09-2026 01:01,Arvind Bansal (DNCR)
26-09-2026,26-09-2026,FMPC6529094399,KanakpuraRdHub_BLR_PL,HIMALAYA WELLNESS COMPANY 9901972955,5be10650d90443b9,dispatched_to_mh,South,LMA,1.00E+11,WERCATALYST VENTURES PVT LTD,DileepR,MotherHub_BLR,BRSNR,KanakpuraRdHub_BLR_PL,PH-B3-BLRBLR-15604618,expected,OPENED,25-09-2026 22:04,Anwar Babu Maldar
26-09-2026,26-09-2026,MYEP1137527862,KalyanNagarHub_BLR_PL,MYE : Kushal Jewellery Bangalore Hennur Road Omni 8971722820,MYE_4a66ac24c61d6794a2e9eb2e458a2e1c,dispatched_to_mh,South,EKART,3649482,EKART,,MotherHub_BLR,BRSNR,KalyanNagarHub_BLR_PL,PH-B3-BLRBLR-15638616,expected,OPENED,25-09-2026 22:46,Anwar Babu Maldar
26-09-2026,26-09-2026,FMPP4298242080,HowrahHub_KOL_PL,MAHARAJA TEXTILES +918902619528,6af7a0bba92d4163,dispatched_to_mh,East,LMA,1.00E+11,SAS,DipankarShaw,Motherhub_ULB,BRSNR,HowrahHub_KOL_PL,PH-B1-CCUULB-5262267,expected,OPENED,26-09-2026 03:47,Somnath G
26-09-2026,26-09-2026,FMPC6529257492,HowrahHub_KOL_PL,SK FASHION +916290197512,991e63e76aa04d04,dispatched_to_mh,East,LMA,1.00E+11,#N/A,#N/A,Motherhub_ULB,BRSNR,HowrahHub_KOL_PL,PH-B2-CCUULB-5277695,expected,OPENED,26-09-2026 01:26,Somnath G
26-09-2026,26-09-2026,FMPP4297269450,KanakpuraRdHub_BLR_PL,The One Store +917204441444,5a6ba2b3d6ee40ee,dispatched_to_mh,South,LMA,1.00E+11,WERCATALYST VENTURES PVT LTD,Shivashankar,MotherHub_BLR,BRSNR,KanakpuraRdHub_BLR_PL,PH-B1-BLRBLR-15473350,expected,OPENED,25-09-2026 22:49,Anwar Babu Maldar
26-09-2026,26-09-2026,FMPP4297326208,KanakpuraRdHub_BLR_PL,The One Store +917204441444,5a6ba2b3d6ee40ee,dispatched_to_mh,South,LMA,1.00E+11,WERCATALYST VENTURES PVT LTD,Shivashankar,MotherHub_BLR,BRSNR,KanakpuraRdHub_BLR_PL,PH-B1-BLRBLR-15473350,expected,OPENED,25-09-2026 22:49,Anwar Babu Maldar
26-09-2026,26-09-2026,MYEC1120445186,ManinagarHub_ADI_PL,MYE : CLOUD WELLNESS PRIVATE LIMITED PPMP 6353233440,MYE_4e7057be9539ad3fdfcdc4b3a3504941,dispatched_to_mh,West,LMA,1.00E+11,Loadshare,Parmar AjaybhaiHarjivanbhai,MotherHub_ABD_Flex,BRSNR,ManinagarHub_ADI_PL,PH-B4-ABDFLEX-61952,expected,OPENED,26-09-2026 00:53,Ankur Sinha
26-09-2026,26-09-2026,FMPC6528756869,ManinagarHub_ADI_PL,UMMAH NEEDS +919427587277,e35dbfbc20654045,received_at_mh,West,LMA,1.00E+11,Loadshare,Parmar AjaybhaiHarjivanbhai,MotherHub_ABD_Flex,BRSNR,ManinagarHub_ADI_PL,PH-B4-ABDFLEX-55748,expected,OPENED,26-09-2026 00:04,Ankur Sinha
26-09-2026,26-09-2026,FMPC6527278096,ManinagarHub_ADI_PL,NEETU FASHION +919313771653,d5da3d1e82554154,received_at_mh,West,LMA,1.00E+11,Princy Enterprise,Rajkumar JayantibhaiVaghela,MotherHub_ABD_Flex,BRSNR,ManinagarHub_ADI_PL,PH-B1-ABDFLEX-56646,expected,OPENED,26-09-2026 00:53,Ankur Sinha
26-09-2026,26-09-2026,FMPC6528450120,ManinagarHub_ADI_PL,Shiv offset +919586047179,d4310b1616474cd5,received_at_mh,West,LMA,1.00E+11,Princy Enterprise,Zala NirendrasinhShailendrasinh,MotherHub_ABD_Flex,BRSNR,ManinagarHub_ADI_PL,PH-B4-ABDFLEX-6428,expected,OPENED,26-09-2026 01:47,Ankur Sinha
26-09-2026,26-09-2026,FMPC6527002636,KengeriHub_BLR_PL,AMBA TRADING +919886434637,c9de12b8508f4df7,dispatched_to_mh,South,EKART,4349536,EKART,,MotherHub_BLR,BRSNR,KengeriHub_BLR_PL,PH-ZO-BLRBLR-15636615,expected,OPENED,25-09-2026 22:30,Anwar Babu Maldar
26-09-2026,26-09-2026,FMPC6527036500,ManinagarHub_ADI_PL,WISHLIST MART +919712110505,cff5053bbd9d4946,dispatched_to_mh,West,LMA,1.00E+11,Princy Enterprise,Zala NirendrasinhShailendrasinh,MotherHub_ABD_Flex,BRSNR,ManinagarHub_ADI_PL,PH-B4-ABDFLEX-60538,expected,OPENED,26-09-2026 00:48,Ankur Sinha
26-09-2026,26-09-2026,FMPC6526072596,ManinagarHub_ADI_PL,CHAMUNDA IMMETATION JEWELLERS +919825126079,0b915f5fd9ab451c,received_at_mh,West,LMA,1.00E+11,Princy Enterprise,Shrimali HardikkumarVinodbhhai,MotherHub_ABD_Flex,BRSNR,ManinagarHub_ADI_PL,PH-B3-ABDFLEX-34510,expected,OPENED,25-09-2026 19:14,Ankur Sinha
26-09-2026,26-09-2026,FMPC6527764840,MangolpuriHub_DEL_PL,JUPITER ENTERPRISES +919999418194,cbabfc50489849ed,dispatched_to_mh,North,TRUEFLEX,845458,TRUEFLEX,TabrejTabrej,Motherhub_JKS,BRSNR,MangolpuriHub_DEL_PL,PH-B2-DELJKS-43579467,expected,OPENED,26-09-2026 01:40,Arvind Bansal (DNCR)
26-09-2026,26-09-2026,FMPC6529382835,ManinagarHub_ADI_PL,KHODAL ENTERPRISE +919913420802,290ca6fe726e43cb,dispatched_to_mh,West,LMA,1.00E+11,Princy Enterprise,NadiyaMonik,Motherhub_ABD,BRSNR,ManinagarHub_ADI_PL,PH-ZO-AHDABD-16794288,expected,OPENED,25-09-2026 22:15,Ankur Sinha
26-09-2026,26-09-2026,FMPC6526962268,ManinagarHub_ADI_PL,ANANDESHWAR IMPEX +919724729304,886a0fee7b1f4f8f,dispatched_to_mh,West,LMA,1.00E+11,Princy Enterprise,Shrimali HardikkumarVinodbhhai,MotherHub_ABD_Flex,BRSNR,ManinagarHub_ADI_PL,PH-B4-ABDFLEX-55648,expected,OPENED,26-09-2026 00:29,Ankur Sinha
26-09-2026,26-09-2026,MYEP1137563906,ManinagarHub_ADI_PL,MYE : SANKHLECHA GARMENT-gujarat_PPMP_KAHT 9328057976,MYE_80cc28cc5a67f9ed09a1b0b7bb8c89d1,dispatched_to_mh,West,LMA,1.00E+11,Loadshare,PrajapatiGaurav,MotherHub_ABD_Flex,BRSNR,ManinagarHub_ADI_PL,PH-B1-ABDFLEX-39450,expected,OPENED,26-09-2026 00:02,Ankur Sinha
26-09-2026,26-09-2026,FMPP4297949141,ManinagarHub_ADI_PL,UMMAH NEEDS +919427587277,e35dbfbc20654045,received_at_mh,West,LMA,1.00E+11,Loadshare,Parmar AjaybhaiHarjivanbhai,Motherhub_ABD,BRSNR,ManinagarHub_ADI_PL,PH-ZO-AHDABD-16806531,expected,OPENED,25-09-2026 22:35,Ankur Sinha
26-09-2026,26-09-2026,FMPC6528652572,ManinagarHub_ADI_PL,3 BUTTERFLIES +918866564355,ab23fd813d0741cc,dispatched_to_mh,West,LMA,1.00E+11,Loadshare,Sopan RaghunathBaviskar,MotherHub_ABD_Flex,BRSNR,ManinagarHub_ADI_PL,PH-B1-ABDFLEX-57504,expected,OPENED,26-09-2026 01:37,Ankur Sinha
26-09-2026,26-09-2026,MYEC1120445078,ManinagarHub_ADI_PL,MYE : CLOUD WELLNESS PRIVATE LIMITED PPMP 6353233440,MYE_4e7057be9539ad3fdfcdc4b3a3504941,dispatched_to_mh,West,LMA,1.00E+11,Loadshare,Parmar AjaybhaiHarjivanbhai,MotherHub_ABD_Flex,BRSNR,ManinagarHub_ADI_PL,PH-B4-ABDFLEX-61952,expected,OPENED,26-09-2026 00:53,Ankur Sinha
26-09-2026,26-09-2026,MYEC1120381334,ManinagarHub_ADI_PL,MYE : B.N. CREATION-gujarat_PPMP_RUJP 6299638522,MYE_329f3789c9508fd4632d915fe57a342b,dispatched_to_mh,West,LMA,1.00E+11,Princy Enterprise,NadiyaMonik,MotherHub_ABD_Flex,BRSNR,ManinagarHub_ADI_PL,PH-B3-ABDFLEX-61990,expected,OPENED,26-09-2026 01:49,Ankur Sinha
26-09-2026,26-09-2026,FMPP4296878096,ManinagarHub_ADI_PL,InfiDeals +916356887788,b95e37a817504fd5,dispatched_to_mh,West,LMA,1.00E+11,Loadshare,Parmar AjaybhaiHarjivanbhai,MotherHub_ABD_Flex,BRSNR,ManinagarHub_ADI_PL,PH-B3-ABDFLEX-55738,expected,OPENED,26-09-2026 00:05,Ankur Sinha
26-09-2026,26-09-2026,FMPC6528187616,ManinagarHub_ADI_PL,MIRACLES IN HAND +919327585358,e00cdc0344af4365,dispatched_to_mh,West,LMA,1.00E+11,Princy Enterprise,Zala NirendrasinhShailendrasinh,MotherHub_ABD_Flex,BRSNR,ManinagarHub_ADI_PL,PH-B4-ABDFLEX-60537,expected,OPENED,26-09-2026 00:48,Ankur Sinha
26-09-2026,26-09-2026,FMPC6526962129,ManinagarHub_ADI_PL,ANANDESHWAR IMPEX +919724729304,886a0fee7b1f4f8f,dispatched_to_mh,West,LMA,1.00E+11,Princy Enterprise,Shrimali HardikkumarVinodbhhai,MotherHub_ABD_Flex,BRSNR,ManinagarHub_ADI_PL,PH-B4-ABDFLEX-55648,expected,OPENED,26-09-2026 00:29,Ankur Sinha
26-09-2026,26-09-2026,FMPP4296340088,ManinagarHub_ADI_PL,AKLINA ENTERPRISE +917567770201,e57d54de1bf7491a,received_at_mh,West,LMA,1.00E+11,Princy Enterprise,Shrimali HardikkumarVinodbhhai,MotherHub_ABD_Flex,BRSNR,ManinagarHub_ADI_PL,PH-B3-ABDFLEX-34510,expected,OPENED,25-09-2026 19:14,Ankur Sinha
26-09-2026,26-09-2026,FMPP4297595438,ManinagarHub_ADI_PL,ZYORA ELITE +919328484349,bdd2be871af045c6,dispatched_to_mh,West,LMA,1.00E+11,Princy Enterprise,Ghanghoria SonukumarMotilal,MotherHub_ABD_Flex,BRSNR,ManinagarHub_ADI_PL,PH-B1-ABDFLEX-56388,expected,OPENED,26-09-2026 00:02,Ankur Sinha
26-09-2026,26-09-2026,FMPC6527214966,ManinagarHub_ADI_PL,Shiv offset +919586047179,d4310b1616474cd5,dispatched_to_mh,West,LMA,1.00E+11,Princy Enterprise,Zala NirendrasinhShailendrasinh,MotherHub_ABD_Flex,BRSNR,ManinagarHub_ADI_PL,PH-B4-ABDFLEX-6428,expected,OPENED,26-09-2026 01:47,Ankur Sinha
26-09-2026,26-09-2026,FMPC6528317356,ManinagarHub_ADI_PL,JAY AMBE ENGINEERING CO. +917698002771,c42a80320b5e40f0,dispatched_to_mh,West,LMA,1.00E+11,Princy Enterprise,Zala NirendrasinhShailendrasinh,MotherHub_ABD_Flex,BRSNR,ManinagarHub_ADI_PL,PH-B4-ABDFLEX-59830,expected,OPENED,26-09-2026 00:39,Ankur Sinha
26-09-2026,26-09-2026,FMPC6527019410,ManinagarHub_ADI_PL,TP-9 +919879238723,fde2de0513994d29,dispatched_to_mh,West,LMA,1.00E+11,Loadshare,Majirana RohitJitendrabhai,MotherHub_ABD_Flex,BRSNR,ManinagarHub_ADI_PL,PH-B3-ABDFLEX-24314,expected,OPENED,26-09-2026 00:04,Ankur Sinha
26-09-2026,26-09-2026,FMPC6527507688,ManinagarHub_ADI_PL,RAJU ENTERPRISE +919924716955,6bb8ff33a1b541d4,received_at_mh,West,LMA,1.00E+11,Loadshare,Nadiya SunnyGunvantbhai,Motherhub_ABD,BRSNR,ManinagarHub_ADI_PL,PH-ZO-AHDABD-16809043,expected,OPENED,25-09-2026 22:25,Ankur Sinha
26-09-2026,26-09-2026,MYEP1137293597,ManinagarHub_ADI_PL,MYE : RADHE KRISHNA IMITATION-gujarat_PPMP_KTKP 7600940192,MYE_d2974296116b9eb831c1fa9ffb632c66,received_at_mh,West,LMA,1.00E+11,Loadshare,Majirana RohitJitendrabhai,MotherHub_ABD_Flex,BRSNR,ManinagarHub_ADI_PL,PH-B3-ABDFLEX-24315,expected,OPENED,26-09-2026 01:50,Ankur Sinha
26-09-2026,26-09-2026,FMPC6528776886,ManinagarHub_ADI_PL,CLOUD WELLNESS PRIVATE LIMITED +919898020126,c06b8930f80a4a61,dispatched_to_mh,West,LMA,1.00E+11,Princy Enterprise,Ghanghoria SonukumarMotilal,MotherHub_ABD_Flex,BRSNR,ManinagarHub_ADI_PL,PH-B3-ABDFLEX-61924,expected,OPENED,26-09-2026 00:23,Ankur Sinha
26-09-2026,26-09-2026,FMPC6529395006,ManinagarHub_ADI_PL,SM Traders +918460631417,b9b5548aa7994921,dispatched_to_mh,West,LMA,1.00E+11,Princy Enterprise,PatilKalpesh,Motherhub_ABD,BRSNR,ManinagarHub_ADI_PL,PH-ZO-AHDABD-16726866,expected,OPENED,25-09-2026 22:27,Ankur Sinha
26-09-2026,26-09-2026,FMPP4296707836,ManinagarHub_ADI_PL,SWAMI ORTHO AIDS +919878378783,f399d43f30ea4b85,received_at_mh,West,LMA,1.00E+11,Princy Enterprise,Zala NirendrasinhShailendrasinh,MotherHub_ABD_Flex,BRSNR,ManinagarHub_ADI_PL,PH-B4-ABDFLEX-59830,expected,OPENED,26-09-2026 00:39,Ankur Sinha
26-09-2026,26-09-2026,FMPC6525093631,ManinagarHub_ADI_PL,RADHEKRISHNA +917600940192,34f9da2c437a461d,received_at_mh,West,LMA,1.00E+11,Loadshare,Majirana RohitJitendrabhai,MotherHub_ABD_Flex,BRSNR,ManinagarHub_ADI_PL,PH-B3-ABDFLEX-24315,expected,OPENED,26-09-2026 01:50,Ankur Sinha
26-09-2026,26-09-2026,FMPP4297623008,ManinagarHub_ADI_PL,Firstwish +917405437568,ea0210b91066440b,dispatched_to_mh,West,LMA,1.00E+11,Princy Enterprise,PatilKalpesh,MotherHub_ABD_Flex,BRSNR,ManinagarHub_ADI_PL,PH-B1-ABDFLEX-51143,expected,OPENED,25-09-2026 23:55,Ankur Sinha
26-09-2026,26-09-2026,FMPC6527868974,ManinagarHub_ADI_PL,SATYAM ENTERPRISE 8209556950,0c13832305224ae8,dispatched_to_mh,West,LMA,1.00E+11,Princy Enterprise,Rajkumar JayantibhaiVaghela,Motherhub_ABD,BRSNR,ManinagarHub_ADI_PL,PH-ZO-AHDABD-16806421,expected,OPENED,25-09-2026 22:23,Ankur Sinha
26-09-2026,26-09-2026,NAPC0027605697,ManinagarHub_ADI_PL,NAP : Krishiv Bag Manufacturer Ahmedabad 8849643548,NAP_30b98b71a8ac4e438dd3c8cd964abb27,received_at_mh,West,LMA,1.00E+11,Princy Enterprise,Shrimali HardikkumarVinodbhhai,MotherHub_ABD_Flex,BRSNR,ManinagarHub_ADI_PL,PH-B3-ABDFLEX-34510,expected,OPENED,25-09-2026 19:14,Ankur Sinha
26-09-2026,26-09-2026,FMPP4297566511,ManinagarHub_ADI_PL,MARVELL EXPORTS +919104406634,327a7b9fc79b4acb,dispatched_to_mh,West,LMA,1.00E+11,Princy Enterprise,Zala NirendrasinhShailendrasinh,MotherHub_ABD_Flex,BRSNR,ManinagarHub_ADI_PL,PH-B1-ABDFLEX-59811,expected,OPENED,26-09-2026 00:40,Ankur Sinha
26-09-2026,26-09-2026,MYEC1120333979,ManinagarHub_ADI_PL,MYE : RADHE KRISHNA IMITATION-gujarat_PPMP_KTKP 7600940192,MYE_d2974296116b9eb831c1fa9ffb632c66,dispatched_to_mh,West,LMA,1.00E+11,Loadshare,Majirana RohitJitendrabhai,MotherHub_ABD_Flex,BRSNR,ManinagarHub_ADI_PL,PH-B3-ABDFLEX-24315,expected,OPENED,26-09-2026 01:50,Ankur Sinha
26-09-2026,26-09-2026,FMPC6527285206,ManinagarHub_ADI_PL,DECENT AIR SYSTEM PRIVATE LIMITED +919898739384,48cf305d88764850,dispatched_to_mh,West,LMA,1.00E+11,Princy Enterprise,NadiyaMonik,Motherhub_ABD,BRSNR,ManinagarHub_ADI_PL,PH-ZO-AHDABD-16811402,expected,OPENED,25-09-2026 23:46,Ankur Sinha
26-09-2026,26-09-2026,FMPC6527691451,ManinagarHub_ADI_PL,WHITE WAY WEB PRIVATE LIMITED +919426056589,e150f50f19fa4312,dispatched_to_mh,West,LMA,1.00E+11,Princy Enterprise,NadiyaMonik,MotherHub_ABD_Flex,BRSNR,ManinagarHub_ADI_PL,PH-B1-ABDFLEX-41141,expected,OPENED,26-09-2026 00:21,Ankur Sinha
26-09-2026,26-09-2026,FMPP4298330826,ManinagarHub_ADI_PL,ANANDESHWAR IMPEX +919724729304,886a0fee7b1f4f8f,dispatched_to_mh,West,LMA,1.00E+11,Princy Enterprise,Shrimali HardikkumarVinodbhhai,MotherHub_ABD_Flex,BRSNR,ManinagarHub_ADI_PL,PH-B3-ABDFLEX-55643,expected,OPENED,26-09-2026 00:29,Ankur Sinha
26-09-2026,26-09-2026,FMPC6526962335,ManinagarHub_ADI_PL,ANANDESHWAR IMPEX +919724729304,886a0fee7b1f4f8f,dispatched_to_mh,West,LMA,1.00E+11,Princy Enterprise,Shrimali HardikkumarVinodbhhai,MotherHub_ABD_Flex,BRSNR,ManinagarHub_ADI_PL,PH-B4-ABDFLEX-55648,expected,OPENED,26-09-2026 00:29,Ankur Sinha
26-09-2026,26-09-2026,FMPC6526072613,ManinagarHub_ADI_PL,CHAMUNDA IMMETATION JEWELLERS +919825126079,0b915f5fd9ab451c,dispatched_to_mh,West,LMA,1.00E+11,Princy Enterprise,Shrimali HardikkumarVinodbhhai,MotherHub_ABD_Flex,BRSNR,ManinagarHub_ADI_PL,PH-B3-ABDFLEX-34510,expected,OPENED,25-09-2026 19:14,Ankur Sinha
26-09-2026,26-09-2026,FMPP4296720937,ManinagarHub_ADI_PL,ESTATICO LUXURY LLP +917990786980,63a2549d4d654720,received_at_mh,West,LMA,1.00E+11,Princy Enterprise,Zala NirendrasinhShailendrasinh,MotherHub_ABD_Flex,BRSNR,ManinagarHub_ADI_PL,PH-B4-ABDFLEX-59830,expected,OPENED,26-09-2026 00:39,Ankur Sinha
26-09-2026,26-09-2026,MYEC1120380512,ManinagarHub_ADI_PL,MYE : KIVOLEX GUJARAT PPMP 8734079727,MYE_b71ed7ab8eae8c299c83d68864749805,dispatched_to_mh,West,LMA,1.00E+11,Loadshare,Parmar AjaybhaiHarjivanbhai,MotherHub_ABD_Flex,BRSNR,ManinagarHub_ADI_PL,PH-B1-ABDFLEX-5698,expected,OPENED,26-09-2026 00:02,Ankur Sinha
26-09-2026,26-09-2026,FMPP4297837546,ManinagarHub_ADI_PL,Rajkamal Jewellers +916359579720,8947696b7f224a9a,dispatched_to_mh,West,LMA,1.00E+11,Princy Enterprise,Zala NirendrasinhShailendrasinh,MotherHub_ABD_Flex,BRSNR,ManinagarHub_ADI_PL,PH-B4-ABDFLEX-59835,expected,OPENED,26-09-2026 01:48,Ankur Sinha
26-09-2026,26-09-2026,FMPC6528729910,ManinagarHub_ADI_PL,CLOUD WELLNESS PRIVATE LIMITED +919898020126,c06b8930f80a4a61,received_at_mh,West,LMA,1.00E+11,Princy Enterprise,Ghanghoria SonukumarMotilal,Motherhub_ABD,BRSNR,ManinagarHub_ADI_PL,PH-ZO-AHDABD-16811301,expected,OPENED,25-09-2026 22:19,Ankur Sinha
26-09-2026,26-09-2026,FMPC6529382799,ManinagarHub_ADI_PL,KHODAL ENTERPRISE +919913420802,290ca6fe726e43cb,dispatched_to_mh,West,LMA,1.00E+11,Princy Enterprise,NadiyaMonik,MotherHub_ABD_Flex,BRSNR,ManinagarHub_ADI_PL,PH-B4-ABDFLEX-41163,expected,OPENED,26-09-2026 01:49,Ankur Sinha
26-09-2026,26-09-2026,FMPC6529597897,ManinagarHub_ADI_PL,CLOUD WELLNESS PRIVATE LIMITED +919898020126,c06b8930f80a4a61,dispatched_to_mh,West,LMA,1.00E+11,Princy Enterprise,Ghanghoria SonukumarMotilal,Motherhub_ABD,BRSNR,ManinagarHub_ADI_PL,PH-ZO-AHDABD-16806921,expected,OPENED,25-09-2026 22:17,Ankur Sinha
26-09-2026,26-09-2026,FMPC6528700208,ManinagarHub_ADI_PL,RANDAR TEXCELLENCE +919420352444,26f00cf9459349c4,dispatched_to_mh,West,LMA,1.00E+11,Princy Enterprise,Zala NirendrasinhShailendrasinh,MotherHub_ABD_Flex,BRSNR,ManinagarHub_ADI_PL,PH-B4-ABDFLEX-6428,expected,OPENED,26-09-2026 01:47,Ankur Sinha
26-09-2026,26-09-2026,FMPC6527478739,ManinagarHub_ADI_PL,N N ENTERPRISE +918980073272,e10c19630c9e4210,received_at_mh,West,LMA,1.00E+11,Princy Enterprise,NadiyaMonik,Motherhub_ABD,BRSNR,ManinagarHub_ADI_PL,PH-ZO-AHDABD-16794288,expected,OPENED,25-09-2026 22:15,Ankur Sinha
26-09-2026,26-09-2026,FMPP4298404066,ManinagarHub_ADI_PL,KHODAL ENTERPRISE +919913420802,290ca6fe726e43cb,dispatched_to_mh,West,LMA,1.00E+11,Princy Enterprise,NadiyaMonik,MotherHub_ABD_Flex,BRSNR,ManinagarHub_ADI_PL,PH-B3-ABDFLEX-41149,expected,OPENED,26-09-2026 00:21,Ankur Sinha
26-09-2026,26-09-2026,FMPP4297197443,ManinagarHub_ADI_PL,CLUSTIFY +919974076306,eaf46efb07ae474b,dispatched_to_mh,West,LMA,1.00E+11,Princy Enterprise,NadiyaMonik,MotherHub_ABD_Flex,BRSNR,ManinagarHub_ADI_PL,PH-B3-ABDFLEX-41149,expected,OPENED,26-09-2026 00:21,Ankur Sinha
26-09-2026,26-09-2026,FMPP4296751676,ManinagarHub_ADI_PL,SM Traders +918460631417,b9b5548aa7994921,dispatched_to_mh,West,LMA,1.00E+11,Princy Enterprise,PatilKalpesh,Motherhub_ABD,BRSNR,ManinagarHub_ADI_PL,PH-ZO-AHDABD-16726866,expected,OPENED,25-09-2026 22:27,Ankur Sinha
26-09-2026,26-09-2026,FMPP4296962330,ManinagarHub_ADI_PL,PERFACT ELECTRICALS +918799284069,d3a0e5f0537b447d,received_at_mh,West,LMA,1.00E+11,Princy Enterprise,Shrimali HardikkumarVinodbhhai,Motherhub_ABD,BRSNR,ManinagarHub_ADI_PL,PH-ZO-AHDABD-16806472,expected,OPENED,26-09-2026 00:43,Ankur Sinha
26-09-2026,26-09-2026,FMPC6528383998,PaharganjHub_DEL_PL,Ss Enterprises +917083892026,4eac33d80ac742e3,dispatched_to_mh,North,LMA,1.00E+11,RAMEZO ENTERPRISES,RahulKumar,Motherhub_JKS,BRSNR,PaharganjHub_DEL_PL,PH-B2-DELJKS-43641000,expected,OPENED,26-09-2026 03:08,Arvind Bansal (DNCR)
26-09-2026,26-09-2026,FMPC6529827053,NajafgarhHub_DEL_PL,pikkme +919717531363,ac5abb1c93cd48aa,dispatched_to_mh,North,LMA,1.00E+11,Greenteck Logistics and Mobility Pvt Ltd,Satyam SinghChauhan,Motherhub_JKS,BRSNR,NajafgarhHub_DEL_PL,PH-B2-DELJK8-43647589,expected,OPENED,26-09-2026 05:13,Arvind Bansal (DNCR)
26-09-2026,26-09-2026,MYEC1117475443,PaharganjHub_DEL_PL,MYE : NEW A2Z PURSE-delhi_PPMP_APSW 9354238657,MYE_9a2256165b398ae4a1fbc9956e0612b4,dispatched_to_mh,North,TRUEFLEX,924054,TRUEFLEX,Nitin,Motherhub_JKS,BRSNR,PaharganjHub_DEL_PL,PH-B2-DELJKS-43654526,expected,OPENED,26-09-2026 03:14,Arvind Bansal (DNCR)
26-09-2026,26-09-2026,MYEP1137524640,MysorerdHub_BLR_PL,MYE : Kushal Jewellery Bangalore Basaveshwarnagar Omni 6360785825,MYE_61beae8947c6f94e183d2db109a8f052,dispatched_to_mh,South,LMA,1.00E+11,WERCATALYST VENTURES PVT LTD,C SMurthy,MotherHub_BLR,BRSNR,MysorerdHub_BLR_PL,PH-B3-BLRBLR-15578540,expected,OPENED,25-09-2026 23:44,Anwar Babu Maldar
26-09-2026,26-09-2026,FMPP4296921464,PaharganjHub_DEL_PL,Sky Crafts +917042335262,825da0884c4244e4,dispatched_to_mh,North,LMA,1.00E+11,Fastbeetle service,Aniket,Motherhub_JKS,BRSNR,PaharganjHub_DEL_PL,PH-B2-DELJKS-43640678,expected,OPENED,26-09-2026 03:15,Arvind Bansal (DNCR)
26-09-2026,26-09-2026,MYEP1137525443,MysorerdHub_BLR_PL,MYE : Kushal Jewellery Bangalore Basaveshwarnagar Omni 6360785825,MYE_61beae8947c6f94e183d2db109a8f052,dispatched_to_mh,South,LMA,1.00E+11,WERCATALYST VENTURES PVT LTD,C SMurthy,MotherHub_BLR,BRSNR,MysorerdHub_BLR_PL,PH-ZO-BLRBLR-15578551,expected,OPENED,25-09-2026 23:46,Anwar Babu Maldar
26-09-2026,26-09-2026,FMPC6527534740,MundkaHub_DEL_PL,NUTS DELISH PRIVATE LIMITED 8076377692,1913d3fb00b741b3,dispatched_to_mh,North,TRUEFLEX,985603,TRUEFLEX,#N/A,Motherhub_JKS,BRSNR,MundkaHub_DEL_PL,PH-B2-DELJKS-43649133,expected,OPENED,26-09-2026 04:53,Arvind Bansal (DNCR)
26-09-2026,26-09-2026,FMPC6528649520,Motibaghhub_DEL_PL,STYLISH JEWELS +919810901085,5dbe080751d149f6,received_at_mh,North,LMA,1.00E+11,We Innovate Business Solutions Pvt Ltd,Abhishek,Motherhub_JKS,BRSNR,Motibaghhub_DEL_PL,PH-B2-DELJKS-43643629,expected,OPENED,26-09-2026 02:46,Arvind Bansal (DNCR)
26-09-2026,26-09-2026,FMPP4298421600,Motibaghhub_DEL_PL,ANSSY & CO. +919507001346,c4ed2262b62f4d1b,dispatched_to_mh,North,LMA,1.00E+11,#N/A,#N/A,Motherhub_JKS,BRSNR,Motibaghhub_DEL_PL,PH-B2-DELJKS-43641045,expected,OPENED,26-09-2026 02:42,Arvind Bansal (DNCR)
26-09-2026,26-09-2026,FMPP4297891018,Motibaghhub_DEL_PL,UNITED CONSTRUCTION CO 9811127949,f42a53b5b74440d1,dispatched_to_mh,North,LMA,1.00E+11,#N/A,#N/A,Motherhub_JKS,BRSNR,Motibaghhub_DEL_PL,PH-B2-DELJKS-43150400,expected,OPENED,26-09-2026 02:55,Arvind Bansal (DNCR)
26-09-2026,26-09-2026,FMPC6527032778,NelamangalaHub_BLR_PL,TURN TURTLE PRIVATE LIMITED +919330206910,9bbc1ca9f7b34dd8,dispatched_to_mh,South,EKART,4020267,EKART,,MotherHub_BLR,BRSNR,NelamangalaHub_BLR_PL,PH-ZO-BLRBLR-15586932,expected,OPENED,25-09-2026 23:41,Anwar Babu Maldar
26-09-2026,26-09-2026,FMPP4298281637,NelamangalaHub_BLR_PL,Shreyash Retail Private limited null,e694f417f5ab45a3,dispatched_to_mh,South,EKART,4245812,EKART,,MotherHub_BLR,BRSNR,NelamangalaHub_BLR_PL,PH-B3-BLRBLR-15644041,expected,OPENED,26-09-2026 00:41,Anwar Babu Maldar
26-09-2026,26-09-2026,FMPP4298637490,Motibaghhub_DEL_PL,Hornbills Appliances +919999051696,127fc07aa3e44c0a,dispatched_to_mh,North,TRUEFLEX,981845,TRUEFLEX,#N/A,Motherhub_JKS,BRSNR,Motibaghhub_DEL_PL,PH-B2-DEMJKS-03432,expected,OPENED,26-09-2026 02:49,Arvind Bansal (DNCR)
26-09-2026,26-09-2026,TMGC0002709391,NelamangalaHub_BLR_PL,TMG : TATA 1MG Healthcare Solutions Private Limited 7353151943,TMG_bca2eaa5b2eac77dd6873553608f2f0b,dispatched_to_mh,South,EKART,4312814,EKART,,MotherHub_BLR,BRSNR,NelamangalaHub_BLR_PL,PH-ZO-BLRBLR-15643082,expected,OPENED,25-09-2026 23:41,Anwar Babu Maldar
26-09-2026,26-09-2026,FMPC6527002142,NehruPlaceHub_DEL_PL,ARMANZ FASHION +918750415682,11159af3f6de412b,dispatched_to_mh,North,LMA,1.00E+11,#N/A,#N/A,Motherhub_JKS,BRSNR,NehruPlaceHub_DEL_PL,PH-B2-DELJKS-43556134,expected,OPENED,26-09-2026 00:50,Arvind Bansal (DNCR)
26-09-2026,26-09-2026,FMPC6528742347,MundkaHub_DEL_PL,CRAVINGS +918708899368,78fb32786aad41c0,dispatched_to_mh,North,TRUEFLEX,929707,TRUEFLEX,AnukalpModanwal,Motherhub_JKS,BRSNR,MundkaHub_DEL_PL,PH-B2-DELJKS-43649813,expected,OPENED,26-09-2026 04:35,Arvind Bansal (DNCR)
26-09-2026,26-09-2026,FMPC6528221533,NajafgarhHub_DEL_PL,REHMAT +918779246271,60fff3abda5446ab,dispatched_to_mh,North,TRUEFLEX,1419390,TRUEFLEX,#N/A,Motherhub_JKS,BRSNR,NajafgarhHub_DEL_PL,PH-B2-DELJKS-4384532,expected,OPENED,26-09-2026 04:45,Arvind Bansal (DNCR)
26-09-2026,26-09-2026,FMPP4297765621,PaharganjHub_DEL_PL,A R KIDS LLP +919811093781,a3b062d9f72b4b6a,dispatched_to_mh,North,TRUEFLEX,840114,TRUEFLEX,MohammadSameer,Motherhub_JKS,BRSNR,PaharganjHub_DEL_PL,PH-B2-DELJKS-43640515,expected,OPENED,26-09-2026 02:59,Arvind Bansal (DNCR)
26-09-2026,26-09-2026,FMPC6529144464,SectorVHub_KOL_PL,SANTA BUTIQUE +917003206843,9722674277b142d1,dispatched_to_mh,East,LMA,1.00E+11,WERCATALYST VENTURES PVT LTD,BubaiHarijan,Motherhub_ULB,BRSNR,SectorVHub_KOL_PL,PH-B1-CCUULB-5278040,expected,OPENED,26-09-2026 03:51,Somnath G
26-09-2026,26-09-2026,FMPC6527812023,Rohinihub_DEL_PL,SHAKTI ENTERPRISES +919811609655,f7e497a4df204f77,dispatched_to_mh,North,TRUEFLEX,590483,TRUEFLEX,VinayKumar,Motherhub_JKS,BRSNR,Rohinihub_DEL_PL,PH-B2-DELJKS-43547092,expected,OPENED,26-09-2026 02:15,Arvind Bansal (DNCR)
26-09-2026,26-09-2026,MYEP1136103429,SectorVHub_KOL_PL,MYE : SWAMI SIVANANDA TRADING PRIVATE LIMITED WEST BENGAL PPMP 8100600364,MYE_b4c15719d9ff13c2edf1083142cba871,dispatched_to_mh,East,LMA,1.00E+11,WERCATALYST VENTURES PVT LTD,BubaiHarijan,Motherhub_ULB,BRSNR,SectorVHub_KOL_PL,PH-B2-CCUULB-5268649,expected,OPENED,26-09-2026 03:57,Somnath G
26-09-2026,26-09-2026,FMPC6518150303,SectorVHub_KOL_PL,ANNAPURNA ENTERPRISE +919348928919,0f386b5f733f43cd,dispatched_to_mh,East,LMA,1.00E+11,WERCATALYST VENTURES PVT LTD,BubaiHarijan,Motherhub_ULB,BRSNR,SectorVHub_KOL_PL,PH-B2-CCUULB-5268649,expected,OPENED,26-09-2026 03:57,Somnath G
26-09-2026,26-09-2026,FMPP4298156753,PrahladPur_DEL_PL,ERCOLE +919899000022,ad5bd67afac247e0,dispatched_to_mh,North,LMA,1.00E+11,WHEELEY,SameerPatra,Motherhub_JKS,BRSNR,PrahladPur_DEL_PL,PH-B2-DELJKS-43617916,expected,OPENED,26-09-2026 03:39,Arvind Bansal (DNCR)
26-09-2026,26-09-2026,FMPC6527629166,Pitampurahub_DEL_PL,MG COLLECTION +917903013522,51eac18e3c8e4080,dispatched_to_mh,North,LMA,1.00E+11,#N/A,#N/A,Motherhub_JKS,BRSNR,Pitampurahub_DEL_PL,PH-B2-DELJKS-42637328,expected,OPENED,26-09-2026 06:06,Arvind Bansal (DNCR)
26-09-2026,26-09-2026,FMPC6528596091,Rohinihub_DEL_PL,PFOAM ENTERPRISES +919268583191,90b2b95a12d6435d,dispatched_to_mh,North,TRUEFLEX,598572,TRUEFLEX,Ramesh,Motherhub_JKS,BRSNR,Rohinihub_DEL_PL,PH-B2-DELJKS-43648406,expected,OPENED,26-09-2026 02:13,Arvind Bansal (DNCR)
26-09-2026,26-09-2026,FMPC6528245797,SectorVHub_KOL_PL,SANTA BUTIQUE +917003206843,9722674277b142d1,dispatched_to_mh,East,LMA,1.00E+11,WERCATALYST VENTURES PVT LTD,BubaiHarijan,Motherhub_ULB,BRSNR,SectorVHub_KOL_PL,PH-B1-CCUULB-5278040,expected,OPENED,26-09-2026 03:51,Somnath G
26-09-2026,26-09-2026,FMPP4297011476,Pitampurahub_DEL_PL,Buyer's Choice +918800602474,c125278ef0d74acd,dispatched_to_mh,North,LMA,1.00E+11,#N/A,#N/A,Motherhub_JKS,BRSNR,Pitampurahub_DEL_PL,PH-B2-DELJKS-43301804,expected,OPENED,26-09-2026 06:07,Arvind Bansal (DNCR)
26-09-2026,26-09-2026,MYEP1136103661,SectorVHub_KOL_PL,MYE : SWAMI SIVANANDA TRADING PRIVATE LIMITED WEST BENGAL PPMP 8100600364,MYE_b4c15719d9ff13c2edf1083142cba871,dispatched_to_mh,East,LMA,1.00E+11,WERCATALYST VENTURES PVT LTD,BubaiHarijan,Motherhub_ULB,BRSNR,SectorVHub_KOL_PL,PH-B2-CCUULB-5268649,expected,OPENED,26-09-2026 03:57,Somnath G
26-09-2026,26-09-2026,MYEP1136103392,SectorVHub_KOL_PL,MYE : SWAMI SIVANANDA TRADING PRIVATE LIMITED WEST BENGAL PPMP 8100600364,MYE_b4c15719d9ff13c2edf1083142cba871,dispatched_to_mh,East,LMA,1.00E+11,WERCATALYST VENTURES PVT LTD,BubaiHarijan,Motherhub_ULB,BRSNR,SectorVHub_KOL_PL,PH-B2-CCUULB-5268649,expected,OPENED,26-09-2026 03:57,Somnath G
26-09-2026,26-09-2026,FMPP4298179274,PrahladPur_DEL_PL,sunshopping +919205318857,cd2d583da3ed4da0,dispatched_to_mh,North,LMA,1.00E+11,Sitics,Umang,Motherhub_JKS,BRSNR,PrahladPur_DEL_PL,PH-B2-DELJKS-43648970,expected,OPENED,26-09-2026 03:35,Arvind Bansal (DNCR)
26-09-2026,26-09-2026,FMPC6527930993,SahibabadHub_DEL_PL,Electrical Bro +918130231489,6466f186cdac49a4,dispatched_to_mh,North,TRUEFLEX,590054,TRUEFLEX,SunderSharma,Motherhub_JKS,BRSNR,SahibabadHub_DEL_PL,PH-B2-DELJKS-43387434,expected,OPENED,26-09-2026 04:30,Arvind Bansal (DNCR)
26-09-2026,26-09-2026,FMPC6524492234,SectorVHub_KOL_PL,ROY AURA JEWELS +919749461619,2909c843e24e42ce,dispatched_to_mh,East,LMA,1.00E+11,WERCATALYST VENTURES PVT LTD,BubaiHarijan,Motherhub_ULB,BRSNR,SectorVHub_KOL_PL,PH-B2-CCUULB-5268649,expected,OPENED,26-09-2026 03:57,Somnath G
26-09-2026,26-09-2026,FMPP4297974518,Pitampurahub_DEL_PL,H.M.UNIQUE WORLD +919873848802,ef8c637e68764404,dispatched_to_mh,North,TRUEFLEX,961730,TRUEFLEX,#N/A,Motherhub_JKS,BRSNR,Pitampurahub_DEL_PL,PH-B2-DELJKS-43520450,expected,OPENED,26-09-2026 06:17,Arvind Bansal (DNCR)
26-09-2026,26-09-2026,FMPP4298338341,Pitampurahub_DEL_PL,VEDIC ESSENTIALS +918588888591,78a388e3ac7f4a5f,dispatched_to_mh,North,TRUEFLEX,838233,TRUEFLEX,SanjayShah,Motherhub_JKS,BRSNR,Pitampurahub_DEL_PL,PH-B2-DELJKS-43504734,expected,OPENED,26-09-2026 06:20,Arvind Bansal (DNCR)
26-09-2026,26-09-2026,FMPC6528933549,Pitampurahub_DEL_PL,SS SELECTION WEATHER ENTERPRISES +918368521236,f0dad14e8ff44d7f,dispatched_to_mh,North,LMA,1.00E+11,#N/A,#N/A,Motherhub_JKS,BRSNR,Pitampurahub_DEL_PL,PH-B2-DELJKS-43649994,expected,OPENED,26-09-2026 06:19,Arvind Bansal (DNCR)
26-09-2026,26-09-2026,FMPC6529442745,Rohinihub_DEL_PL,PRANAY CARE PRIVATE LIMITED +917290077994,yvo0iojuin3vs7st,dispatched_to_mh,North,TRUEFLEX,622341,TRUEFLEX,Dharmender,Motherhub_JKS,BRSNR,Rohinihub_DEL_PL,PH-B2-DELJKS-43639188,expected,OPENED,26-09-2026 02:12,Arvind Bansal (DNCR)
26-09-2026,26-09-2026,FMPP4297555733,SahibabadHub_DEL_PL,M.I.ENTERPRISES +918826800608,80921080255f48e7,dispatched_to_mh,North,EKART,3846864,EKART,,Motherhub_JKS,BRSNR,SahibabadHub_DEL_PL,PH-B2-DELJKS-43485657,expected,OPENED,26-09-2026 04:28,Arvind Bansal (DNCR)
26-09-2026,26-09-2026,FMPC6528460407,SectorVHub_KOL_PL,SANTA BUTIQUE +917003206843,9722674277b142d1,dispatched_to_mh,East,LMA,1.00E+11,WERCATALYST VENTURES PVT LTD,BubaiHarijan,Motherhub_ULB,BRSNR,SectorVHub_KOL_PL,PH-B1-CCUULB-5278040,expected,OPENED,26-09-2026 03:51,Somnath G
26-09-2026,26-09-2026,MYEP1136103517,SectorVHub_KOL_PL,MYE : SWAMI SIVANANDA TRADING PRIVATE LIMITED WEST BENGAL PPMP 8100600364,MYE_b4c15719d9ff13c2edf1083142cba871,dispatched_to_mh,East,LMA,1.00E+11,WERCATALYST VENTURES PVT LTD,BubaiHarijan,Motherhub_ULB,BRSNR,SectorVHub_KOL_PL,PH-B2-CCUULB-5268649,expected,OPENED,26-09-2026 03:57,Somnath G
26-09-2026,26-09-2026,FMPC6527400419,SectorVHub_KOL_PL,SANTA BUTIQUE +917003206843,9722674277b142d1,dispatched_to_mh,East,LMA,1.00E+11,WERCATALYST VENTURES PVT LTD,BubaiHarijan,Motherhub_ULB,BRSNR,SectorVHub_KOL_PL,PH-B2-CCUULB-5278050,expected,OPENED,26-09-2026 03:53,Somnath G
26-09-2026,26-09-2026,FMPP4296631688,ShyamalHub_SHY_PL,SATYA ENTERPRISES +919274787907,df77aef38ff64a88,received_at_mh,West,LMA,1.00E+11,Princy Enterprise,ManguSingh,MotherHub_ABD_Flex,BRSNR,ShyamalHub_SHY_PL,PH-B1-ABDFLEX-59840,expected,OPENED,26-09-2026 01:30,Ankur Sinha
26-09-2026,26-09-2026,FMPC6529346593,ShyamalHub_SHY_PL,SPICE GRAIN AGRI +918490003479,757108126a46445c,dispatched_to_mh,West,LMA,1.00E+11,Princy Enterprise,Loliyana JayJitendrabhaii,MotherHub_ABD_Flex,BRSNR,ShyamalHub_SHY_PL,PH-B1-ABDFLEX-60379,expected,OPENED,26-09-2026 01:05,Ankur Sinha
26-09-2026,26-09-2026,FMPC6528433975,ShyamalHub_SHY_PL,SPICE GRAIN AGRI +918490003479,757108126a46445c,dispatched_to_mh,West,LMA,1.00E+11,Princy Enterprise,Loliyana JayJitendrabhaii,MotherHub_ABD_Flex,BRSNR,ShyamalHub_SHY_PL,PH-B1-ABDFLEX-60379,expected,OPENED,26-09-2026 01:05,Ankur Sinha
26-09-2026,26-09-2026,FMPC6528270078,ShyamalHub_SHY_PL,SPICE GRAIN AGRI +918490003479,757108126a46445c,dispatched_to_mh,West,LMA,1.00E+11,Princy Enterprise,Loliyana JayJitendrabhaii,MotherHub_ABD_Flex,BRSNR,ShyamalHub_SHY_PL,PH-B3-ABDFLEX-60393,expected,OPENED,26-09-2026 01:04,Ankur Sinha
26-09-2026,26-09-2026,FMPP4298380865,ShyamalHub_SHY_PL,SHRI KRISHNA SALES +918488028570,85707060b20a4f85,dispatched_to_mh,West,LMA,1.00E+11,Princy Enterprise,ManguSingh,MotherHub_ABD_Flex,BRSNR,ShyamalHub_SHY_PL,PH-B4-ABDFLEX-59856,expected,OPENED,26-09-2026 01:36,Ankur Sinha
26-09-2026,26-09-2026,FMPP4298733284,ShyamalHub_SHY_PL,M/S RAJ RAJESHWARI TRADING +919924561637,f900f64f4ee44d07,received_at_mh,West,LMA,1.00E+11,Princy Enterprise,ManguSingh,Motherhub_ABD,BRSNR,ShyamalHub_SHY_PL,PH-ZO-AHDABD-16792316,expected,OPENED,25-09-2026 22:52,Ankur Sinha
26-09-2026,26-09-2026,FMPC6529034520,ShyamalHub_SHY_PL,SE HUB +918074148629,43178c35314549c7,dispatched_to_mh,West,TRUEFLEX,1037184,TRUEFLEX,PathanAlmaskhan Farukkhan,MotherHub_ABD_Flex,BRSNR,ShyamalHub_SHY_PL,PH-B1-ABDFLEX-59494,expected,OPENED,26-09-2026 01:31,Ankur Sinha
26-09-2026,26-09-2026,FMPP4298668989,ShyamalHub_SHY_PL,M/S RAJ RAJESHWARI TRADING +919924561637,f900f64f4ee44d07,received_at_mh,West,LMA,1.00E+11,Princy Enterprise,ManguSingh,MotherHub_ABD_Flex,BRSNR,ShyamalHub_SHY_PL,PH-B1-ABDFLEX-39089,expected,OPENED,26-09-2026 01:38,Ankur Sinha
26-09-2026,26-09-2026,FMPC6528424753,ShyamalHub_SHY_PL,SPICE GRAIN AGRI +918490003479,757108126a46445c,dispatched_to_mh,West,LMA,1.00E+11,Princy Enterprise,Loliyana JayJitendrabhaii,MotherHub_ABD_Flex,BRSNR,ShyamalHub_SHY_PL,PH-B4-ABDFLEX-60397,expected,OPENED,26-09-2026 01:04,Ankur Sinha
26-09-2026,26-09-2026,FMPP4298383361,ShyamalHub_SHY_PL,SATYA ENTERPRISES +919274787907,df77aef38ff64a88,received_at_mh,West,LMA,1.00E+11,Princy Enterprise,ManguSingh,MotherHub_ABD_Flex,BRSNR,ShyamalHub_SHY_PL,PH-B1-ABDFLEX-59840,expected,OPENED,26-09-2026 01:30,Ankur Sinha
26-09-2026,26-09-2026,FMPC6529341568,ShyamalHub_SHY_PL,BANSHI KHAKHARA +918780296827,1e56fc509d2a4fa8,dispatched_to_mh,West,LMA,1.00E+11,Princy Enterprise,Loliyana JayJitendrabhaii,MotherHub_ABD_Flex,BRSNR,ShyamalHub_SHY_PL,PH-B3-ABDFLEX-60393,expected,OPENED,26-09-2026 01:04,Ankur Sinha
26-09-2026,26-09-2026,FMPP4296881670,ShyamalHub_SHY_PL,SATYA ENTERPRISES +919274787907,df77aef38ff64a88,received_at_mh,West,LMA,1.00E+11,Princy Enterprise,ManguSingh,MotherHub_ABD_Flex,BRSNR,ShyamalHub_SHY_PL,PH-B3-ABDFLEX-59617,expected,OPENED,26-09-2026 01:36,Ankur Sinha
26-09-2026,26-09-2026,MYEP1137519746,ShyamalHub_SHY_PL,MYE : HETSI FASHION PPMP 9904869999,MYE_b83044dfcea869a32683f36ce4132b8b,received_at_mh,West,TRUEFLEX,1356770,TRUEFLEX,JagatiaRahul,MotherHub_ABD_Flex,BRSNR,ShyamalHub_SHY_PL,PH-B1-ABDFLEX-4205,expected,OPENED,26-09-2026 01:27,Ankur Sinha
26-09-2026,26-09-2026,SMRP0000013515,ShyamalHub_SHY_PL,SMR : 4992208 9355007840,SMR_8ed48fe7ade1a851ef83c38c3269513c,received_at_mh,West,LMA,1.00E+11,Princy Enterprise,Belim AyajbhaiRafikbhai,Motherhub_ABD,BRSNR,ShyamalHub_SHY_PL,PH-ZO-AHDABD-16808670,expected,OPENED,25-09-2026 22:50,Ankur Sinha
26-09-2026,26-09-2026,FMPP4296616417,ShyamalHub_SHY_PL,SPICE GRAIN AGRI +918490003479,757108126a46445c,dispatched_to_mh,West,LMA,1.00E+11,Princy Enterprise,Loliyana JayJitendrabhaii,MotherHub_ABD_Flex,BRSNR,ShyamalHub_SHY_PL,PH-B4-ABDFLEX-60397,expected,OPENED,26-09-2026 01:04,Ankur Sinha
26-09-2026,26-09-2026,FMPP4298612622,ShyamalHub_SHY_PL,JIHAAN ENTERPRISE +919662515718,67b132e314854b6c,dispatched_to_mh,West,LMA,1.00E+11,Princy Enterprise,ManguSingh,MotherHub_ABD_Flex,BRSNR,ShyamalHub_SHY_PL,PH-B1-ABDFLEX-59840,expected,OPENED,26-09-2026 01:30,Ankur Sinha
26-09-2026,26-09-2026,FMPC6527056437,ShyamalHub_SHY_PL,SPICE GRAIN AGRI +918490003479,757108126a46445c,dispatched_to_mh,West,LMA,1.00E+11,Princy Enterprise,Loliyana JayJitendrabhaii,MotherHub_ABD_Flex,BRSNR,ShyamalHub_SHY_PL,PH-B4-ABDFLEX-60397,expected,OPENED,26-09-2026 01:04,Ankur Sinha
26-09-2026,26-09-2026,FMPP4298383340,ShyamalHub_SHY_PL,SATYA ENTERPRISES +919274787907,df77aef38ff64a88,received_at_mh,West,LMA,1.00E+11,Princy Enterprise,ManguSingh,MotherHub_ABD_Flex,BRSNR,ShyamalHub_SHY_PL,PH-B1-ABDFLEX-59840,expected,OPENED,26-09-2026 01:30,Ankur Sinha
26-09-2026,26-09-2026,FMPP4297317062,ShyamalHub_SHY_PL,SATYA ENTERPRISES +919274787907,df77aef38ff64a88,received_at_mh,West,LMA,1.00E+11,Princy Enterprise,ManguSingh,Motherhub_ABD,BRSNR,ShyamalHub_SHY_PL,PH-ZO-AHDABD-16809119,expected,OPENED,25-09-2026 22:51,Ankur Sinha
26-09-2026,26-09-2026,FMPP4298188930,ShyamalHub_SHY_PL,M/S RAJ RAJESHWARI TRADING +919924561637,f900f64f4ee44d07,dispatched_to_mh,West,LMA,1.00E+11,Princy Enterprise,ManguSingh,MotherHub_ABD_Flex,BRSNR,ShyamalHub_SHY_PL,PH-B3-ABDFLEX-39128,expected,OPENED,26-09-2026 01:38,Ankur Sinha
26-09-2026,26-09-2026,FMPP4291158952,ShyamalHub_SHY_PL,JENY TRADES +917433804040,0a168f52b8114c5a,dispatched_to_mh,West,TRUEFLEX,1356765,TRUEFLEX,FuldharaSoyabbhai Salimbhai,Motherhub_ABD,BRSNR,ShyamalHub_SHY_PL,PH-ZO-AHDABD-16808500,expected,OPENED,25-09-2026 22:46,Ankur Sinha
26-09-2026,26-09-2026,FMPC6528243703,ShyamalHub_SHY_PL,SPICE GRAIN AGRI +918490003479,757108126a46445c,dispatched_to_mh,West,LMA,1.00E+11,Princy Enterprise,Loliyana JayJitendrabhaii,MotherHub_ABD_Flex,BRSNR,ShyamalHub_SHY_PL,PH-B4-ABDFLEX-60397,expected,OPENED,26-09-2026 01:04,Ankur Sinha
26-09-2026,26-09-2026,FMPC6528381028,ShyamalHub_SHY_PL,SPICE GRAIN AGRI +918490003479,757108126a46445c,dispatched_to_mh,West,LMA,1.00E+11,Princy Enterprise,Loliyana JayJitendrabhaii,MotherHub_ABD_Flex,BRSNR,ShyamalHub_SHY_PL,PH-B1-ABDFLEX-60379,expected,OPENED,26-09-2026 01:05,Ankur Sinha
26-09-2026,26-09-2026,FMPC6529397088,ShyamalHub_SHY_PL,HANDMADE SPARK +919328879704,d955e19300a847d1,received_at_mh,West,TRUEFLEX,1356765,TRUEFLEX,FuldharaSoyabbhai Salimbhai,MotherHub_ABD_Flex,BRSNR,ShyamalHub_SHY_PL,PH-B4-ABDFLEX-58860,expected,OPENED,26-09-2026 01:15,Ankur Sinha
26-09-2026,26-09-2026,FMPC6529646975,ShyamalHub_SHY_PL,JIHAAN ENTERPRISE +919662515718,67b132e314854b6c,dispatched_to_mh,West,LMA,1.00E+11,Princy Enterprise,ManguSingh,MotherHub_ABD_Flex,BRSNR,ShyamalHub_SHY_PL,PH-B4-ABDFLEX-59856,expected,OPENED,26-09-2026 01:36,Ankur Sinha
26-09-2026,26-09-2026,FMPC6523751947,ShyamalHub_SHY_PL,PLAYLOGIC TOY +918530019695,4fea6b2a2c8a48ee,dispatched_to_mh,West,LMA,1.00E+11,Princy Enterprise,Shaikh AbdulMannan,MotherHub_ABD_Flex,BRSNR,ShyamalHub_SHY_PL,PH-B4-ABDFLEX-60188,expected,OPENED,26-09-2026 01:00,Ankur Sinha
26-09-2026,26-09-2026,FMPC6528406169,ShyamalHub_SHY_PL,SPICE GRAIN AGRI +918490003479,757108126a46445c,dispatched_to_mh,West,LMA,1.00E+11,Princy Enterprise,Loliyana JayJitendrabhaii,MotherHub_ABD_Flex,BRSNR,ShyamalHub_SHY_PL,PH-B4-ABDFLEX-60397,expected,OPENED,26-09-2026 01:04,Ankur Sinha
26-09-2026,26-09-2026,FMPC6522726791,ShyamalHub_SHY_PL,SOLVIAN CLASSIC +919157218939,93510270d51f4f66,dispatched_to_mh,West,LMA,1.00E+11,Princy Enterprise,ManguSingh,MotherHub_ABD_Flex,BRSNR,ShyamalHub_SHY_PL,PH-B4-ABDFLEX-59857,expected,OPENED,26-09-2026 01:37,Ankur Sinha
26-09-2026,26-09-2026,SBBP1003049863,ShyamalHub_SHY_PL,SBB : Vipul Trivedi 7859833849,SBB_48bbeb66bd659cd1abfe89055a45660b,received_at_mh,West,LMA,1.00E+11,COMMERSHIP SERVICES LLP,BavlavaRavibhai,MotherHub_ABD_Flex,BRSNR,ShyamalHub_SHY_PL,PH-B1-ABDFLEX-48720,expected,OPENED,26-09-2026 01:18,Ankur Sinha
26-09-2026,26-09-2026,FMPP4298160224,ShyamalHub_SHY_PL,Classy Bazaar +919157100715,dbabcb8683d74d86,dispatched_to_mh,West,LMA,1.00E+11,Princy Enterprise,Pasi SurajVasantbhai,MotherHub_ABD_Flex,BRSNR,ShyamalHub_SHY_PL,PH-B4-ABDFLEX-60191,expected,OPENED,26-09-2026 01:01,Ankur Sinha
26-09-2026,26-09-2026,FMPP4297213647,ShyamalHub_SHY_PL,SATYA ENTERPRISES +919274787907,df77aef38ff64a88,received_at_mh,West,LMA,1.00E+11,Princy Enterprise,ManguSingh,Motherhub_ABD,BRSNR,ShyamalHub_SHY_PL,PH-ZO-AHDABD-16809119,expected,OPENED,25-09-2026 22:51,Ankur Sinha
26-09-2026,26-09-2026,FMPP4298041353,ShyamalHub_SHY_PL,MCOOMART +919157112206,0995ed6d33554198,dispatched_to_mh,West,LMA,1.00E+11,Princy Enterprise,JadavBharat,MotherHub_ABD_Flex,BRSNR,ShyamalHub_SHY_PL,PH-B1-ABDFLEX-39399,expected,OPENED,26-09-2026 01:39,Ankur Sinha
26-09-2026,26-09-2026,FMPP4298383355,ShyamalHub_SHY_PL,SATYA ENTERPRISES +919274787907,df77aef38ff64a88,received_at_mh,West,LMA,1.00E+11,Princy Enterprise,ManguSingh,Motherhub_ABD,BRSNR,ShyamalHub_SHY_PL,PH-ZO-AHDABD-16809119,expected,OPENED,25-09-2026 22:51,Ankur Sinha
26-09-2026,26-09-2026,FMPP4296990760,ShyamalHub_SHY_PL,Trusha Dresses +918140492751,88ee1f75c13342d1,received_at_mh,West,LMA,1.00E+11,Princy Enterprise,JadavBharat,Motherhub_ABD,BRSNR,ShyamalHub_SHY_PL,PH-ZO-AHDABD-16792714,expected,OPENED,25-09-2026 22:50,Ankur Sinha
26-09-2026,26-09-2026,FMPC6527940011,ShyamalHub_SHY_PL,SPICE GRAIN AGRI +918490003479,757108126a46445c,dispatched_to_mh,West,LMA,1.00E+11,Princy Enterprise,Loliyana JayJitendrabhaii,MotherHub_ABD_Flex,BRSNR,ShyamalHub_SHY_PL,PH-B4-ABDFLEX-60397,expected,OPENED,26-09-2026 01:04,Ankur Sinha
26-09-2026,26-09-2026,FMPC6527596231,ShyamalHub_SHY_PL,KRAFTIFY +919773238470,e6856d66e9954a40,dispatched_to_mh,West,EKART,3909333,EKART,,MotherHub_ABD_Flex,BRSNR,ShyamalHub_SHY_PL,PH-B4-ABDFLEX-49664,expected,OPENED,26-09-2026 01:40,Ankur Sinha
26-09-2026,26-09-2026,FMPP4297718591,ShyamalHub_SHY_PL,SPICE GRAIN AGRI +918490003479,757108126a46445c,dispatched_to_mh,West,LMA,1.00E+11,Princy Enterprise,Loliyana JayJitendrabhaii,MotherHub_ABD_Flex,BRSNR,ShyamalHub_SHY_PL,PH-B1-ABDFLEX-60379,expected,OPENED,26-09-2026 01:05,Ankur Sinha
26-09-2026,26-09-2026,FMPC6527286170,ShyamalHub_SHY_PL,Patel Industrial Packaging +919586780488,de038befb5814b3e,dispatched_to_mh,West,LMA,1.00E+11,Princy Enterprise,Belim AyajbhaiRafikbhai,MotherHub_ABD_Flex,BRSNR,ShyamalHub_SHY_PL,PH-B4-ABDFLEX-56707,expected,OPENED,26-09-2026 01:42,Ankur Sinha
26-09-2026,26-09-2026,FMPP4297752278,ShyamalHub_SHY_PL,Parshv Groups +919727486539,0d8c69270b024a89,received_at_mh,West,LMA,1.00E+11,Princy Enterprise,JadavBharat,MotherHub_ABD_Flex,BRSNR,ShyamalHub_SHY_PL,PH-B1-ABDFLEX-39398,expected,OPENED,26-09-2026 01:25,Ankur Sinha
26-09-2026,26-09-2026,FMPC6527332704,ShyamalHub_SHY_PL,GREENWORTH WELLNESS LLP +919173069730,ce4a68c40d4a43b8,dispatched_to_mh,West,EKART,4134658,EKART,,MotherHub_ABD_Flex,BRSNR,ShyamalHub_SHY_PL,PH-B3-ABDFLEX-56995,expected,OPENED,26-09-2026 01:31,Ankur Sinha
26-09-2026,26-09-2026,FMPC6528422462,ShyamalHub_SHY_PL,SPICE GRAIN AGRI +918490003479,757108126a46445c,dispatched_to_mh,West,LMA,1.00E+11,Princy Enterprise,Loliyana JayJitendrabhaii,MotherHub_ABD_Flex,BRSNR,ShyamalHub_SHY_PL,PH-B1-ABDFLEX-60379,expected,OPENED,26-09-2026 01:05,Ankur Sinha
26-09-2026,26-09-2026,FMPC6528412794,ShyamalHub_SHY_PL,MADHAV MART +919712890856,22b78eaed400449a,dispatched_to_mh,West,LMA,1.00E+11,Princy Enterprise,ManguSingh,MotherHub_ABD_Flex,BRSNR,ShyamalHub_SHY_PL,PH-B4-ABDFLEX-59856,expected,OPENED,26-09-2026 01:36,Ankur Sinha
26-09-2026,26-09-2026,MYEP1137563830,ShyamalHub_SHY_PL,MYE : BK COLLECTION GUJARAT PPMP 8511760709,MYE_0e5ab6fcea61b54d24341444dd1af220,dispatched_to_mh,West,TRUEFLEX,1356765,TRUEFLEX,FuldharaSoyabbhai Salimbhai,MotherHub_ABD_Flex,BRSNR,ShyamalHub_SHY_PL,PH-B4-ABDFLEX-57951,expected,OPENED,26-09-2026 01:07,Ankur Sinha
26-09-2026,26-09-2026,FMPP4296722210,ShyamalHub_SHY_PL,RAJ TRADING +917990502673,cfd9accda1804ca6,received_at_mh,West,LMA,1.00E+11,Princy Enterprise,ManguSingh,MotherHub_ABD_Flex,BRSNR,ShyamalHub_SHY_PL,PH-B4-ABDFLEX-39164,expected,OPENED,26-09-2026 01:37,Ankur Sinha
26-09-2026,26-09-2026,FMPC6527018904,ShyamalHub_SHY_PL,ELIET VIBE SHOP +919274033682,df459ebb8189425f,received_at_mh,West,LMA,1.00E+11,Princy Enterprise,Belim AyajbhaiRafikbhai,Motherhub_ABD,BRSNR,ShyamalHub_SHY_PL,PH-ZO-AHDABD-16807268,expected,OPENED,25-09-2026 22:52,Ankur Sinha
26-09-2026,26-09-2026,MYEC1120419000,ShyamalHub_SHY_PL,MYE : SAI ETHNIC FASHION STORE-gujarat_PPMP_MJST 9773494518,MYE_4ab5ea41e9f7ad2d53fa8f70b134b6ff,received_at_mh,West,EKART,3830575,EKART,,MotherHub_ABD_Flex,BRSNR,ShyamalHub_SHY_PL,PH-B4-ABDFLEX-16661,expected,OPENED,26-09-2026 01:14,Ankur Sinha
26-09-2026,26-09-2026,MYEP1137524987,ShyamalHub_SHY_PL,MYE : Nature Redefine Lifestyle_PPMP_EUIM 8153870507,MYE_fcfb94410be830a9f80e6eb775ea04a1,received_at_mh,West,EKART,4181142,EKART,,MotherHub_ABD_Flex,BRSNR,ShyamalHub_SHY_PL,PH-B3-ABDFLEX-48604,expected,OPENED,26-09-2026 01:41,Ankur Sinha
26-09-2026,26-09-2026,FMPC6528302861,ShyamalHub_SHY_PL,SPICE GRAIN AGRI +918490003479,757108126a46445c,dispatched_to_mh,West,LMA,1.00E+11,Princy Enterprise,Loliyana JayJitendrabhaii,MotherHub_ABD_Flex,BRSNR,ShyamalHub_SHY_PL,PH-B1-ABDFLEX-60379,expected,OPENED,26-09-2026 01:05,Ankur Sinha
26-09-2026,26-09-2026,FMPC6527197088,ShyamalHub_SHY_PL,SHRI KRISHNA SALES +918488028570,85707060b20a4f85,dispatched_to_mh,West,LMA,1.00E+11,Princy Enterprise,ManguSingh,MotherHub_ABD_Flex,BRSNR,ShyamalHub_SHY_PL,PH-B4-ABDFLEX-59856,expected,OPENED,26-09-2026 01:36,Ankur Sinha
26-09-2026,26-09-2026,FMPC6529345652,ShyamalHub_SHY_PL,SPICE GRAIN AGRI +918490003479,757108126a46445c,dispatched_to_mh,West,LMA,1.00E+11,Princy Enterprise,Loliyana JayJitendrabhaii,MotherHub_ABD_Flex,BRSNR,ShyamalHub_SHY_PL,PH-B4-ABDFLEX-60397,expected,OPENED,26-09-2026 01:04,Ankur Sinha
26-09-2026,26-09-2026,FMPP4298409224,ShyamalHub_SHY_PL,SATYA ENTERPRISES +919274787907,df77aef38ff64a88,received_at_mh,West,LMA,1.00E+11,Princy Enterprise,ManguSingh,MotherHub_ABD_Flex,BRSNR,ShyamalHub_SHY_PL,PH-B3-ABDFLEX-59617,expected,OPENED,26-09-2026 01:36,Ankur Sinha
26-09-2026,26-09-2026,FMPC6529191897,ShyamalHub_SHY_PL,RAJ TRADING +917990502673,cfd9accda1804ca6,received_at_mh,West,LMA,1.00E+11,Princy Enterprise,ManguSingh,MotherHub_ABD_Flex,BRSNR,ShyamalHub_SHY_PL,PH-B3-ABDFLEX-39128,expected,OPENED,26-09-2026 01:38,Ankur Sinha
26-09-2026,26-09-2026,FMPC6527155058,ShyamalHub_SHY_PL,SPICE GRAIN AGRI +918490003479,757108126a46445c,dispatched_to_mh,West,LMA,1.00E+11,Princy Enterprise,Loliyana JayJitendrabhaii,MotherHub_ABD_Flex,BRSNR,ShyamalHub_SHY_PL,PH-B1-ABDFLEX-60379,expected,OPENED,26-09-2026 01:05,Ankur Sinha
26-09-2026,26-09-2026,FMPP4296953093,ShyamalHub_SHY_PL,SATYA ENTERPRISES +919274787907,df77aef38ff64a88,received_at_mh,West,LMA,1.00E+11,Princy Enterprise,ManguSingh,MotherHub_ABD_Flex,BRSNR,ShyamalHub_SHY_PL,PH-B3-ABDFLEX-59617,expected,OPENED,26-09-2026 01:36,Ankur Sinha
26-09-2026,26-09-2026,MYEP1137468703,ShyamalHub_SHY_PL,MYE : Kalki Fashion Ahmedabad Ambli Road Omni 7738467736,MYE_93974a92407119dad143b6bfca230463,dispatched_to_mh,West,LMA,1.00E+11,COMMERSHIP SERVICES LLP,BavlavaRavibhai,MotherHub_ABD_Flex,BRSNR,ShyamalHub_SHY_PL,PH-B3-ABDFLEX-48794,expected,OPENED,26-09-2026 01:17,Ankur Sinha
26-09-2026,26-09-2026,FMPC6528235932,ShyamalHub_SHY_PL,SPICE GRAIN AGRI +918490003479,757108126a46445c,dispatched_to_mh,West,LMA,1.00E+11,Princy Enterprise,Loliyana JayJitendrabhaii,Motherhub_ABD,BRSNR,ShyamalHub_SHY_PL,PH-ZO-AHDABD-16809715,expected,OPENED,25-09-2026 22:45,Ankur Sinha
26-09-2026,26-09-2026,FMPP4296851752,ShyamalHub_SHY_PL,JPR GLOBAL SUPPLIES +917698798938,4e8cc778412a4150,received_at_mh,West,LMA,1.00E+11,Princy Enterprise,VinayAsari,MotherHub_ABD_Flex,BRSNR,ShyamalHub_SHY_PL,PH-B4-ABDFLEX-56004,expected,OPENED,26-09-2026 01:03,Ankur Sinha
26-09-2026,26-09-2026,FMPC6527254327,ShyamalHub_SHY_PL,SE HUB +918074148629,43178c35314549c7,dispatched_to_mh,West,LMA,1.00E+11,Princy Enterprise,Prajapati KaranShankarlal,MotherHub_ABD_Flex,BRSNR,ShyamalHub_SHY_PL,PH-B3-ABDFLEX-60410,expected,OPENED,26-09-2026 01:35,Ankur Sinha
26-09-2026,26-09-2026,FMPP4298522136,ShyamalHub_SHY_PL,M/S RAJ RAJESHWARI TRADING +919924561637,f900f64f4ee44d07,received_at_mh,West,LMA,1.00E+11,Princy Enterprise,ManguSingh,Motherhub_ABD,BRSNR,ShyamalHub_SHY_PL,PH-ZO-AHDABD-16792316,expected,OPENED,25-09-2026 22:52,Ankur Sinha
26-09-2026,26-09-2026,FMPP4297733365,ShyamalHub_SHY_PL,RAJ TRADING +917990502673,cfd9accda1804ca6,received_at_mh,West,LMA,1.00E+11,Princy Enterprise,ManguSingh,Motherhub_ABD,BRSNR,ShyamalHub_SHY_PL,PH-ZO-AHDABD-16792316,expected,OPENED,25-09-2026 22:52,Ankur Sinha
26-09-2026,26-09-2026,FMPC6526840941,ShyamalHub_SHY_PL,RAJ TRADING +917990502673,cfd9accda1804ca6,received_at_mh,West,LMA,1.00E+11,Princy Enterprise,ManguSingh,MotherHub_ABD_Flex,BRSNR,ShyamalHub_SHY_PL,PH-B1-ABDFLEX-39089,expected,OPENED,26-09-2026 01:38,Ankur Sinha
26-09-2026,26-09-2026,FMPC6529832775,ShyamalHub_SHY_PL,M/S RAJ RAJESHWARI TRADING +919924561637,f900f64f4ee44d07,received_at_mh,West,LMA,1.00E+11,Princy Enterprise,ManguSingh,MotherHub_ABD_Flex,BRSNR,ShyamalHub_SHY_PL,PH-B1-ABDFLEX-39089,expected,OPENED,26-09-2026 01:38,Ankur Sinha
26-09-2026,26-09-2026,FMPC6528164909,ShyamalHub_SHY_PL,M/S RAJ RAJESHWARI TRADING +919924561637,f900f64f4ee44d07,dispatched_to_mh,West,LMA,1.00E+11,Princy Enterprise,ManguSingh,MotherHub_ABD_Flex,BRSNR,ShyamalHub_SHY_PL,PH-B4-ABDFLEX-39164,expected,OPENED,26-09-2026 01:37,Ankur Sinha
26-09-2026,26-09-2026,FMPC6528364376,ShyamalHub_SHY_PL,SPICE GRAIN AGRI +918490003479,757108126a46445c,dispatched_to_mh,West,LMA,1.00E+11,Princy Enterprise,Loliyana JayJitendrabhaii,Motherhub_ABD,BRSNR,ShyamalHub_SHY_PL,PH-ZO-AHDABD-16809715,expected,OPENED,25-09-2026 22:45,Ankur Sinha
26-09-2026,26-09-2026,FMPC6526775860,ShyamalHub_SHY_PL,SPICE GRAIN AGRI +918490003479,757108126a46445c,dispatched_to_mh,West,LMA,1.00E+11,Princy Enterprise,Loliyana JayJitendrabhaii,MotherHub_ABD_Flex,BRSNR,ShyamalHub_SHY_PL,PH-B1-ABDFLEX-60379,expected,OPENED,26-09-2026 01:05,Ankur Sinha
26-09-2026,26-09-2026,MAXC0000530169,SoukyaRoad_BLR_PL,MAX : 7007-MAX-LANDMARK ONLINE INDIA 9972461480,MAX_decc989b05b4d9f15cd8e85ae8810184,dispatched_to_mh,South,LMA,1.00E+11,Logis Express,Karthika HN,MotherHub_BLR,BRSNR,SoukyaRoad_BLR_PL,PH-B3-BLRBLR-15592083,expected,OPENED,25-09-2026 22:37,Anwar Babu Maldar
26-09-2026,26-09-2026,FMPC6528757001,UttamNagarHub_DEL_PL,R S ENTERPRISES +918527200435,8f64481ab27e4c26,received_at_mh,North,LMA,1.00E+11,WHEELEY,Vikas,Motherhub_JKS,BRSNR,UttamNagarHub_DEL_PL,PH-B2-DELJKS-43654483,expected,OPENED,26-09-2026 05:19,Arvind Bansal (DNCR)
26-09-2026,26-09-2026,FMPC6529483907,UttamNagarHub_DEL_PL,Vishal Enterprises +919999348488,1623b06c829d4b3d,dispatched_to_mh,North,TRUEFLEX,867703,TRUEFLEX,SameerKumar,Motherhub_JKS,BRSNR,UttamNagarHub_DEL_PL,PH-B2-DELJKS-43592583,expected,OPENED,26-09-2026 05:18,Arvind Bansal (DNCR)
26-09-2026,26-09-2026,ILIP8000067786,ThadagamRD_THA_PL,ILI : ISHA LIFE PRIVATE LIMITED 8010479480,ILI_e9d70cfa0babd62f7bbc8767b1383bd7,dispatched_to_mh,South,EKART,4121552,EKART,,MotherHub_CJB,BRSNR,ThadagamRD_THA_PL,PH-B3-CJBCJB-5728013,expected,OPENED,26-09-2026 00:40,ranju.chandran
26-09-2026,26-09-2026,FMPP4297418767,UttamNagarHub_DEL_PL,Vishal Enterprises +919999348488,1623b06c829d4b3d,dispatched_to_mh,North,TRUEFLEX,867703,TRUEFLEX,SameerKumar,Motherhub_JKS,BRSNR,UttamNagarHub_DEL_PL,PH-B2-DELJKS-43592583,expected,OPENED,26-09-2026 05:18,Arvind Bansal (DNCR)
26-09-2026,26-09-2026,FMPC6528628119,UttamNagarHub_DEL_PL,BALAJI BATTERIES +917503078757,755f851af8dd436c,dispatched_to_mh,North,LMA,1.00E+11,#N/A,#N/A,Motherhub_JKS,BRSNR,UttamNagarHub_DEL_PL,PH-B2-DELJKS-43646689,expected,OPENED,26-09-2026 05:19,Arvind Bansal (DNCR)
26-09-2026,26-09-2026,FMPC6528124019,UttamNagarHub_DEL_PL,Vishal Enterprises +919999348488,1623b06c829d4b3d,dispatched_to_mh,North,TRUEFLEX,867703,TRUEFLEX,SameerKumar,Motherhub_JKS,BRSNR,UttamNagarHub_DEL_PL,PH-B2-DELJKS-43592583,expected,OPENED,26-09-2026 05:18,Arvind Bansal (DNCR)
26-09-2026,26-09-2026,FMPC6528913167,TirupurHub_TPR_PL,MANASH E-COMMERCE PRIVATE LIMITED 9870620220,2d9c5e5bc4ba4748,dispatched_to_mh,South,LMA,1.00E+11,#N/A,#N/A,MotherHub_CJB,BRSNR,TirupurHub_TPR_PL,PH-B3-CJBCJB-5723779,expected,OPENED,25-09-2026 21:33,ranju.chandran
26-09-2026,26-09-2026,FMPP4298460282,UttamNagarHub_DEL_PL,Vishal Enterprises +919999348488,1623b06c829d4b3d,dispatched_to_mh,North,TRUEFLEX,867703,TRUEFLEX,SameerKumar,Motherhub_JKS,BRSNR,UttamNagarHub_DEL_PL,PH-B2-DELJKS-43592583,expected,OPENED,26-09-2026 05:18,Arvind Bansal (DNCR)
26-09-2026,26-09-2026,FMPC6528400291,TirupurHub_TPR_PL,AstroguideZ +919487780030,00a52b042d3d4e90,dispatched_to_mh,South,LMA,1.00E+11,Vxpress,SelvanPalanisamy,MotherHub_CJB,BRSNR,TirupurHub_TPR_PL,PH-B1-CJBCJB-5727126,expected,OPENED,26-09-2026 00:07,ranju.chandran
26-09-2026,26-09-2026,FMPC6529790779,UttamNagarHub_DEL_PL,Alright Retail +919716922590,94b206bd0b364d57,dispatched_to_mh,North,LMA,1.00E+11,WERCATALYST VENTURES PVT LTD,Manish KumarSharma,Motherhub_JKS,BRSNR,UttamNagarHub_DEL_PL,PH-B2-DELJKS-43634992,expected,OPENED,26-09-2026 05:20,Arvind Bansal (DNCR)
26-09-2026,26-09-2026,FMPC6528668170,UttamNagarHub_DEL_PL,Vishal Enterprises +919999348488,1623b06c829d4b3d,dispatched_to_mh,North,TRUEFLEX,867703,TRUEFLEX,SameerKumar,Motherhub_JKS,BRSNR,UttamNagarHub_DEL_PL,PH-B2-DELJKS-43592583,expected,OPENED,26-09-2026 05:18,Arvind Bansal (DNCR)
26-09-2026,26-09-2026,FMPC6529623574,TirupurHub_TPR_PL,MANASH E-COMMERCE PRIVATE LIMITED 9870620220,2d9c5e5bc4ba4748,dispatched_to_mh,South,LMA,1.00E+11,#N/A,#N/A,MotherHub_CJB,BRSNR,TirupurHub_TPR_PL,PH-B3-CJBCJB-5723779,expected,OPENED,25-09-2026 21:33,ranju.chandran
26-09-2026,26-09-2026,FMPC6526949869,ThadagamRD_THA_PL,AATHITHYA HERBAL +919003874728,ef36c269c94841b4,received_at_mh,South,EKART,4121552,EKART,,MotherHub_CJB,BRSNR,ThadagamRD_THA_PL,PH-ZO-CJBCJB-5728025,expected,OPENED,26-09-2026 00:39,ranju.chandran
26-09-2026,26-09-2026,FMPC6527942026,UttamNagarHub_DEL_PL,Vishal Enterprises +919999348488,1623b06c829d4b3d,dispatched_to_mh,North,TRUEFLEX,867703,TRUEFLEX,SameerKumar,Motherhub_JKS,BRSNR,UttamNagarHub_DEL_PL,PH-B2-DELJKS-43592583,expected,OPENED,26-09-2026 05:18,Arvind Bansal (DNCR)
26-09-2026,26-09-2026,FMPC6528592881,UttamNagarHub_DEL_PL,KRIPA +919560335330,cc5a14af79704ee2,dispatched_to_mh,North,TRUEFLEX,1263318,TRUEFLEX,DeepakKumar,Motherhub_JKS,BRSNR,UttamNagarHub_DEL_PL,PH-B2-DELJKS-43654483,expected,OPENED,26-09-2026 05:19,Arvind Bansal (DNCR)
26-09-2026,26-09-2026,FMPC6528650354,TirupurHub_TPR_PL,MANASH E-COMMERCE PRIVATE LIMITED 9870620220,2d9c5e5bc4ba4748,dispatched_to_mh,South,LMA,1.00E+11,#N/A,#N/A,MotherHub_CJB,BRSNR,TirupurHub_TPR_PL,PH-ZO-CJBCJB-5724175,expected,OPENED,25-09-2026 21:32,ranju.chandran
26-09-2026,26-09-2026,FMPP4294474207,VastralHub_ADI_PL,KRISHNA INTERNATIONAL +919724345953,e6829d2d908e4734,dispatched_to_mh,West,LMA,1.00E+11,Princy Enterprise,ValmikiBhaveshkumar,MotherHub_ABD_Flex,BRSNR,VastralHub_ADI_PL,PH-B4-ABDFLEX-43749,expected,OPENED,26-09-2026 00:57,Ankur Sinha
26-09-2026,26-09-2026,FMPP4298230365,VastralHub_ADI_PL,KUBER BIZZ +919173089999,9cc8db05cc8d4b8e,received_at_mh,West,LMA,1.00E+11,Princy Enterprise,Sodhaparmar YogendrasinhMansinh,MotherHub_ABD_Flex,BRSNR,VastralHub_ADI_PL,PH-B4-ABDFLEX-57221,expected,OPENED,26-09-2026 03:12,Ankur Sinha
26-09-2026,26-09-2026,FMPC6528405586,VastralHub_ADI_PL,SWARNY ENTERPRISES +919909947767,1a8b093e4ab7415c,received_at_mh,West,LMA,1.00E+11,Princy Enterprise,ChavdaKrish,MotherHub_ABD_Flex,BRSNR,VastralHub_ADI_PL,PH-B4-ABDFLEX-61687,expected,OPENED,26-09-2026 05:46,Ankur Sinha
26-09-2026,26-09-2026,FMPC6529622317,VKIAHub_JAI_PL,ANSUDIP TRADING +918104646207,7aa33ff393f4428f,received_at_mh,North,LMA,1.00E+11,We Innovate Business Solutions Pvt Ltd,Vishnu KumarSwarnkar,Motherhub_JAI_BTS,BRSNR,VKIAHub_JAI_PL,PH-B3-JAIBTS-23933649,expected,OPENED,25-09-2026 23:48,Akash Sharma
26-09-2026,26-09-2026,FMPP4295747190,VastralHub_ADI_PL,CORDELLIA +918758222399,23e03c2f7da846f4,dispatched_to_mh,West,LMA,1.00E+11,Princy Enterprise,Sodhaparmar YogendrasinhMansinh,MotherHub_ABD_Flex,BRSNR,VastralHub_ADI_PL,PH-B1-ABDFLEX-50376,expected,OPENED,26-09-2026 00:58,Ankur Sinha
26-09-2026,26-09-2026,FMPP4295150054,VastralHub_ADI_PL,CORDELLIA +918758222399,23e03c2f7da846f4,received_at_mh,West,LMA,1.00E+11,Princy Enterprise,Sodhaparmar YogendrasinhMansinh,MotherHub_ABD_Flex,BRSNR,VastralHub_ADI_PL,PH-B1-ABDFLEX-50376,expected,OPENED,26-09-2026 00:58,Ankur Sinha
26-09-2026,26-09-2026,FMPP4297722312,VastralHub_ADI_PL,TIRTHENTERPRISING +919722414766,b34f7de475a649ac,received_at_mh,West,LMA,1.00E+11,Princy Enterprise,ChavdaKrish,MotherHub_ABD_Flex,BRSNR,VastralHub_ADI_PL,PH-B4-ABDFLEX-61696,expected,OPENED,26-09-2026 06:24,Ankur Sinha
26-09-2026,26-09-2026,FMPC6530201899,VastralHub_ADI_PL,VEDIKAA ENTERPRISE +918411057851,147f8d8b63ec4dbe,received_at_mh,West,LMA,1.00E+11,Princy Enterprise,BhavsarHarsh,MotherHub_ABD_Flex,BRSNR,VastralHub_ADI_PL,PH-B1-ABDFLEX-11752,expected,OPENED,26-09-2026 03:21,Ankur Sinha
26-09-2026,26-09-2026,FMPC6528794502,VastralHub_ADI_PL,AANTIC COLLECTION +918160180100,8aec59b19e2a4168,dispatched_to_mh,West,LMA,1.00E+11,Princy Enterprise,BhavsarHarsh,MotherHub_ABD_Flex,BRSNR,VastralHub_ADI_PL,PH-B4-ABDFLEX-12014,expected,OPENED,26-09-2026 03:21,Ankur Sinha
26-09-2026,26-09-2026,FMPC6528469678,VastralHub_ADI_PL,KRISHNA ENTERPRISE +919426325628,3335b44ad435482f,dispatched_to_mh,West,LMA,1.00E+11,Princy Enterprise,Sodhaparmar YogendrasinhMansinh,Motherhub_ABD,BRSNR,VastralHub_ADI_PL,PH-ZO-AHDABD-16807476,expected,OPENED,26-09-2026 00:18,Ankur Sinha
26-09-2026,26-09-2026,FMPC6529669302,VasundharaHub_DEL_PL,BORN CREATOR +918595857653,7811512de23d495b,dispatched_to_mh,North,TRUEFLEX,590011,TRUEFLEX,SumitKumar,Motherhub_JKS,BRSNR,VasundharaHub_DEL_PL,PH-B2-DELJKS-40612681,expected,OPENED,26-09-2026 01:58,Arvind Bansal (DNCR)
26-09-2026,26-09-2026,FMPP4294310493,VastralHub_ADI_PL,CORDELLIA +918758222399,23e03c2f7da846f4,received_at_mh,West,LMA,1.00E+11,Princy Enterprise,Sodhaparmar YogendrasinhMansinh,Motherhub_ABD,BRSNR,VastralHub_ADI_PL,PH-ZO-AHDABD-16802236,expected,OPENED,25-09-2026 19:09,Ankur Sinha
26-09-2026,26-09-2026,FMPC6528680628,VastralHub_ADI_PL,OMKAR ENGINEERING +919662189999,d4efbcdaf3cb438f,received_at_mh,West,LMA,1.00E+11,Princy Enterprise,Sodhaparmar YogendrasinhMansinh,MotherHub_ABD_Flex,BRSNR,VastralHub_ADI_PL,PH-B1-ABDFLEX-57014,expected,OPENED,26-09-2026 03:32,Ankur Sinha
26-09-2026,26-09-2026,FMPP4297658767,VastralHub_ADI_PL,ICONICZONE +917623094450,996fd1626da34cfd,received_at_ph,West,LMA,1.00E+11,Princy Enterprise,Sodhaparmar YogendrasinhMansinh,MotherHub_ABD_Flex,BRSNR,VastralHub_ADI_PL,PH-B1-ABDFLEX-57014,expected,OPENED,26-09-2026 03:32,Ankur Sinha
26-09-2026,26-09-2026,FMPC6528663973,VastralHub_ADI_PL,OMKAR ENGINEERS +917041289999,560235dab4a54285,received_at_mh,West,LMA,1.00E+11,Princy Enterprise,Sodhaparmar YogendrasinhMansinh,MotherHub_ABD_Flex,BRSNR,VastralHub_ADI_PL,PH-B1-ABDFLEX-57014,expected,OPENED,26-09-2026 03:32,Ankur Sinha
26-09-2026,26-09-2026,FMPC6526967277,VastralHub_ADI_PL,THE SPACE ENTERPRISE +919106337029,2645511f379f45fb,received_at_ph,West,LMA,1.00E+11,#N/A,#N/A,Motherhub_ABD,BRSNR,VastralHub_ADI_PL,PH-ZO-AHDABD-16801200,expected,OPENED,26-09-2026 03:42,Ankur Sinha
26-09-2026,26-09-2026,FMPC6527179870,VastralHub_ADI_PL,VSK CARING +919689308930,84630f58cab94696,dispatched_to_mh,West,LMA,1.00E+11,Princy Enterprise,MeghwalBhavarlal,Motherhub_ABD,BRSNR,VastralHub_ADI_PL,PH-ZO-AHDABD-16690749,expected,OPENED,26-09-2026 03:48,Ankur Sinha
26-09-2026,26-09-2026,FMPP4297592964,VastralHub_ADI_PL,SENTRIX ENTERPRISE +919909316611,5716db53595b4417,dispatched_to_mh,West,LMA,1.00E+11,Princy Enterprise,CHITTE JAYKUMAR VINOD,MotherHub_ABD_Flex,BRSNR,VastralHub_ADI_PL,PH-B1-ABDFLEX-61567,expected,OPENED,26-09-2026 03:10,Ankur Sinha
26-09-2026,26-09-2026,FMPC6523620638,VastralHub_ADI_PL,KRISHNA INTERNATIONAL +919724345953,e6829d2d908e4734,received_at_mh,West,LMA,1.00E+11,Princy Enterprise,ValmikiBhaveshkumar,MotherHub_ABD_Flex,BRSNR,VastralHub_ADI_PL,PH-B4-ABDFLEX-43749,expected,OPENED,26-09-2026 00:57,Ankur Sinha
26-09-2026,26-09-2026,FMPC6529027422,VasundharaHub_DEL_PL,SWASTIK ENTERPRISES +918527362047,70b8c501b2164f7d,dispatched_to_mh,North,TRUEFLEX,603266,TRUEFLEX,Raj KumarYadav,Motherhub_JKS,BRSNR,VasundharaHub_DEL_PL,PH-B2-DELJKS-43543302,expected,OPENED,26-09-2026 02:02,Arvind Bansal (DNCR)
26-09-2026,26-09-2026,FMPC6529610004,VasundharaHub_DEL_PL,RUDRA ENTERPRISES +919711118281,f078d7453c8a4bfb,dispatched_to_mh,North,LMA,1.00E+11,WHEELEY,VivekShukla,Motherhub_JKS,BRSNR,VasundharaHub_DEL_PL,PH-B2-DELJKS-42954083,expected,OPENED,26-09-2026 01:53,Arvind Bansal (DNCR)
26-09-2026,26-09-2026,FMPP4295308740,VastralHub_ADI_PL,CORDELLIA +918758222399,23e03c2f7da846f4,dispatched_to_mh,West,LMA,1.00E+11,Princy Enterprise,Sodhaparmar YogendrasinhMansinh,MotherHub_ABD_Flex,BRSNR,VastralHub_ADI_PL,PH-B4-ABDFLEX-50773,expected,OPENED,26-09-2026 01:03,Ankur Sinha
26-09-2026,26-09-2026,FMPC6524897867,VastralHub_ADI_PL,Bluesky Fashion +919974093174,b927318b265e42eb,received_at_ph,West,LMA,1.00E+11,#N/A,#N/A,MotherHub_ABD_Flex,BRSNR,VastralHub_ADI_PL,PH-B3-ABDFLEX-12699,expected,OPENED,26-09-2026 03:17,Ankur Sinha
26-09-2026,26-09-2026,FMPC6528823355,VastralHub_ADI_PL,Kord Mart +917698262606,85048928b9324f25,received_at_mh,West,LMA,1.00E+11,#N/A,#N/A,Motherhub_ABD,BRSNR,VastralHub_ADI_PL,PH-ZO-AHDABD-16770713,expected,OPENED,26-09-2026 00:28,Ankur Sinha
26-09-2026,26-09-2026,FMPC6528779673,VastralHub_ADI_PL,OMKAR ENGINEERS +917041289999,560235dab4a54285,received_at_mh,West,LMA,1.00E+11,Princy Enterprise,Sodhaparmar YogendrasinhMansinh,MotherHub_ABD_Flex,BRSNR,VastralHub_ADI_PL,PH-B1-ABDFLEX-57014,expected,OPENED,26-09-2026 03:32,Ankur Sinha
26-09-2026,26-09-2026,FMPC6523272658,VastralHub_ADI_PL,SBB ENTERPRISE +919427714028,24816f8e3e684994,received_at_mh,West,LMA,1.00E+11,Princy Enterprise,ValmikiBhaveshkumar,MotherHub_ABD_Flex,BRSNR,VastralHub_ADI_PL,PH-B1-ABDFLEX-47543,expected,OPENED,26-09-2026 05:27,Ankur Sinha
26-09-2026,26-09-2026,FMPP4297392319,VastralHub_ADI_PL,Import Information Inc +918238762265,90fd67a635c44fbf,received_at_ph,West,LMA,1.00E+11,Princy Enterprise,Chauhan AlpeshkumarSomabhai,MotherHub_ABD_Flex,BRSNR,VastralHub_ADI_PL,PH-B1-ABDFLEX-20513,expected,OPENED,26-09-2026 03:32,Ankur Sinha
26-09-2026,26-09-2026,FMPC6528763221,VasundharaHub_DEL_PL,9yt Fly +918920799972,1.97E+15,dispatched_to_mh,North,TRUEFLEX,898079,TRUEFLEX,KapilKapil,Motherhub_JKS,BRSNR,VasundharaHub_DEL_PL,PH-B2-DELJKS-43648119,expected,OPENED,26-09-2026 01:54,Arvind Bansal (DNCR)
26-09-2026,26-09-2026,FMPP4296958542,VastralHub_ADI_PL,TAG ENTERPRISE +918980891115,2c4e66dd78bc4ce8,dispatched_to_mh,West,LMA,1.00E+11,Princy Enterprise,ShivrajSingh,MotherHub_ABD_Flex,BRSNR,VastralHub_ADI_PL,PH-B1-ABDFLEX-47844,expected,OPENED,26-09-2026 00:47,Ankur Sinha
26-09-2026,26-09-2026,FMPC6526962630,VastralHub_ADI_PL,ICONICZONE +917623094450,996fd1626da34cfd,received_at_ph,West,LMA,1.00E+11,Princy Enterprise,Sodhaparmar YogendrasinhMansinh,MotherHub_ABD_Flex,BRSNR,VastralHub_ADI_PL,PH-B1-ABDFLEX-57014,expected,OPENED,26-09-2026 03:32,Ankur Sinha
26-09-2026,26-09-2026,FMPC6528297436,VastralHub_ADI_PL,PRUTHA ENTERPRISE +918347302234,5f94320a554f4125,dispatched_to_mh,West,EKART,4156985,EKART,,Motherhub_ABD,BRSNR,VastralHub_ADI_PL,PH-ZO-AHDABD-16797275,expected,OPENED,26-09-2026 00:27,Ankur Sinha
26-09-2026,26-09-2026,FMPP4297731834,VastralHub_ADI_PL,SHARDA GLOBAL +919712659938,0f1d492854b24b42,received_at_mh,West,LMA,1.00E+11,Princy Enterprise,Sodha NileshRameshbhai,MotherHub_ABD_Flex,BRSNR,VastralHub_ADI_PL,PH-B4-ABDFLEX-57788,expected,OPENED,26-09-2026 00:40,Ankur Sinha
26-09-2026,26-09-2026,FMPC6528671908,VastralHub_ADI_PL,OMKAR ENGINEERS +917041289999,560235dab4a54285,received_at_mh,West,LMA,1.00E+11,Princy Enterprise,Sodhaparmar YogendrasinhMansinh,MotherHub_ABD_Flex,BRSNR,VastralHub_ADI_PL,PH-B4-ABDFLEX-57221,expected,OPENED,26-09-2026 03:12,Ankur Sinha
26-09-2026,26-09-2026,FMPC6526724888,VastralHub_ADI_PL,JALARAM PROVISION STORE +919824467575,cf81d85b085c4eba,dispatched_to_mh,West,LMA,1.00E+11,Princy Enterprise,Sodhaparmar YogendrasinhMansinh,MotherHub_ABD_Flex,BRSNR,VastralHub_ADI_PL,PH-B3-ABDFLEX-24393,expected,OPENED,26-09-2026 01:02,Ankur Sinha
26-09-2026,26-09-2026,FMPP4295495291,VastralHub_ADI_PL,VISHWAS ENTERPRISE +919913720937,f730b7b56286438d,dispatched_to_mh,West,LMA,1.00E+11,Princy Enterprise,ValmikiBhaveshkumar,MotherHub_ABD_Flex,BRSNR,VastralHub_ADI_PL,PH-B1-ABDFLEX-46328,expected,OPENED,26-09-2026 01:02,Ankur Sinha
26-09-2026,26-09-2026,FMPC6528396541,VastralHub_ADI_PL,TIRTHENTERPRISING +919722414766,b34f7de475a649ac,received_at_mh,West,LMA,1.00E+11,Princy Enterprise,ChavdaKrish,MotherHub_ABD_Flex,BRSNR,VastralHub_ADI_PL,PH-B4-ABDFLEX-61696,expected,OPENED,26-09-2026 06:24,Ankur Sinha
26-09-2026,26-09-2026,FMPC6523644686,VastralHub_ADI_PL,KRISHNA INTERNATIONAL +919724345953,e6829d2d908e4734,dispatched_to_mh,West,LMA,1.00E+11,Princy Enterprise,ValmikiBhaveshkumar,MotherHub_ABD_Flex,BRSNR,VastralHub_ADI_PL,PH-B4-ABDFLEX-43749,expected,OPENED,26-09-2026 00:57,Ankur Sinha
26-09-2026,26-09-2026,FMPP4296742596,VastralHub_ADI_PL,DWIDEN CREATION +919408022944,07346550ce0d4aca,received_at_ph,West,LMA,1.00E+11,Princy Enterprise,RathodLalaji,MotherHub_ABD_Flex,BRSNR,VastralHub_ADI_PL,PH-B4-ABDFLEX-61093,expected,OPENED,26-09-2026 10:25,Ankur Sinha
26-09-2026,26-09-2026,FMPP4295536922,VastralHub_ADI_PL,JALARAM PROVISION STORE +919824467575,cf81d85b085c4eba,dispatched_to_mh,West,LMA,1.00E+11,Princy Enterprise,Sodhaparmar YogendrasinhMansinh,MotherHub_ABD_Flex,BRSNR,VastralHub_ADI_PL,PH-B3-ABDFLEX-24393,expected,OPENED,26-09-2026 01:02,Ankur Sinha
26-09-2026,26-09-2026,FMPP4297851291,VastralHub_ADI_PL,KAJAL CORPORATION +918866855678,021de31302534f8f,received_at_ph,West,LMA,1.00E+11,Princy Enterprise,Sodhaparmar YogendrasinhMansinh,MotherHub_ABD_Flex,BRSNR,VastralHub_ADI_PL,PH-B1-ABDFLEX-57254,expected,OPENED,26-09-2026 03:11,Ankur Sinha
26-09-2026,26-09-2026,FMPC6526962844,VastralHub_ADI_PL,ARIHANT ENGINEERING +919809886999,82a3a1c55e874222,dispatched_to_mh,West,LMA,1.00E+11,Princy Enterprise,Sodhaparmar YogendrasinhMansinh,Motherhub_ABD,BRSNR,VastralHub_ADI_PL,PH-ZO-AHDABD-16807494,expected,OPENED,26-09-2026 03:53,Ankur Sinha
26-09-2026,26-09-2026,FMPC6528675520,VastralHub_ADI_PL,NOVA LIFESCIENCE +917878797577,32f7f44356eb4394,dispatched_to_mh,West,LMA,1.00E+11,Princy Enterprise,Sodhaparmar YogendrasinhMansinh,Motherhub_ABD,BRSNR,VastralHub_ADI_PL,PH-ZO-AHDABD-16776390,expected,OPENED,26-09-2026 03:42,Ankur Sinha
26-09-2026,26-09-2026,FMPC6527184932,VastralHub_ADI_PL,SHIV BABA ENTERPRISES +917069975348,3a8cac91249541c8,received_at_mh,West,LMA,1.00E+11,Princy Enterprise,Sodhaparmar YogendrasinhMansinh,MotherHub_ABD_Flex,BRSNR,VastralHub_ADI_PL,PH-B1-ABDFLEX-50383,expected,OPENED,26-09-2026 03:07,Ankur Sinha
26-09-2026,26-09-2026,FMPP4294472931,VastralHub_ADI_PL,KRISHNA INTERNATIONAL +919724345953,e6829d2d908e4734,dispatched_to_mh,West,LMA,1.00E+11,Princy Enterprise,ValmikiBhaveshkumar,MotherHub_ABD_Flex,BRSNR,VastralHub_ADI_PL,PH-B4-ABDFLEX-43749,expected,OPENED,26-09-2026 00:57,Ankur Sinha
26-09-2026,26-09-2026,FMPC6529532352,VastralHub_ADI_PL,ANAMIKA ENTERPRISE +918980024148,508ba5a061214bed,dispatched_to_mh,West,LMA,1.00E+11,#N/A,#N/A,MotherHub_ABD_Flex,BRSNR,VastralHub_ADI_PL,PH-B1-ABDFLEX-5600,expected,OPENED,26-09-2026 02:49,Ankur Sinha
26-09-2026,26-09-2026,FMPC6528228755,VastralHub_ADI_PL,ARIHANT ENGINEERING +919809886999,82a3a1c55e874222,dispatched_to_mh,West,LMA,1.00E+11,Princy Enterprise,Sodhaparmar YogendrasinhMansinh,Motherhub_ABD,BRSNR,VastralHub_ADI_PL,PH-ZO-AHDABD-16807494,expected,OPENED,26-09-2026 03:53,Ankur Sinha
26-09-2026,26-09-2026,FMPP4295249137,VastralHub_ADI_PL,DHVANI ENTERPRISE +919316839715,33348b17995f4300,received_at_mh,West,LMA,1.00E+11,Princy Enterprise,PatelChetanbhai,MotherHub_ABD_Flex,BRSNR,VastralHub_ADI_PL,PH-B4-ABDFLEX-52948,expected,OPENED,26-09-2026 00:41,Ankur Sinha
26-09-2026,26-09-2026,FMPP4297593691,VastralHub_ADI_PL,SHARDA GLOBAL +919712659938,0f1d492854b24b42,received_at_mh,West,LMA,1.00E+11,Princy Enterprise,Sodha NileshRameshbhai,MotherHub_ABD_Flex,BRSNR,VastralHub_ADI_PL,PH-B1-ABDFLEX-57705,expected,OPENED,26-09-2026 03:10,Ankur Sinha
26-09-2026,26-09-2026,FMPC6527212698,VastralHub_ADI_PL,PARV METAL +918849199445,cbebfa055e224223,dispatched_to_mh,West,LMA,1.00E+11,Princy Enterprise,Sodhaparmar YogendrasinhMansinh,MotherHub_ABD_Flex,BRSNR,VastralHub_ADI_PL,PH-B1-ABDFLEX-57286,expected,OPENED,26-09-2026 03:17,Ankur Sinha
26-09-2026,26-09-2026,FMPC6528599295,VastralHub_ADI_PL,OMKAR ENGINEERING +919662189999,d4efbcdaf3cb438f,received_at_mh,West,LMA,1.00E+11,Princy Enterprise,Sodhaparmar YogendrasinhMansinh,MotherHub_ABD_Flex,BRSNR,VastralHub_ADI_PL,PH-B1-ABDFLEX-57014,expected,OPENED,26-09-2026 03:32,Ankur Sinha
26-09-2026,26-09-2026,FMPC6530434448,VastralHub_ADI_PL,OM ENTERPRISE +916355119605,37458681a3e54621,dispatched_to_mh,West,LMA,1.00E+11,#N/A,#N/A,Motherhub_ABD,BRSNR,VastralHub_ADI_PL,PH-ZO-AHDABD-16798847,expected,OPENED,26-09-2026 00:16,Ankur Sinha
26-09-2026,26-09-2026,FMPC6527039663,VastralHub_ADI_PL,KESHAV ENTERPRISE +919537150051,76bb0d993cd3417b,dispatched_to_mh,West,LMA,1.00E+11,Princy Enterprise,Sodhaparmar YogendrasinhMansinh,MotherHub_ABD_Flex,BRSNR,VastralHub_ADI_PL,PH-B1-ABDFLEX-57284,expected,OPENED,26-09-2026 02:10,Ankur Sinha
26-09-2026,26-09-2026,FMPP4297392197,VastralHub_ADI_PL,Import Information Inc +918238762265,90fd67a635c44fbf,received_at_ph,West,LMA,1.00E+11,Princy Enterprise,Chauhan AlpeshkumarSomabhai,Motherhub_ABD,BRSNR,VastralHub_ADI_PL,PH-ZO-AHDABD-16515604,expected,OPENED,26-09-2026 03:50,Ankur Sinha
26-09-2026,26-09-2026,FMPC6528815232,VastralHub_ADI_PL,AANTIC ENTERPRISE +918849094327,2052b718e15a4097,dispatched_to_mh,West,LMA,1.00E+11,Princy Enterprise,BhavsarHarsh,Motherhub_ABD,BRSNR,VastralHub_ADI_PL,PH-ZO-AHDABD-16770236,expected,OPENED,26-09-2026 03:39,Ankur Sinha
26-09-2026,26-09-2026,FMPC6529023731,VastralHub_ADI_PL,KUBER BIZZ +919173089999,9cc8db05cc8d4b8e,received_at_mh,West,LMA,1.00E+11,Princy Enterprise,Sodhaparmar YogendrasinhMansinh,MotherHub_ABD_Flex,BRSNR,VastralHub_ADI_PL,PH-B1-ABDFLEX-57014,expected,OPENED,26-09-2026 03:32,Ankur Sinha
26-09-2026,26-09-2026,MOGC2700229873,VastralHub_ADI_PL,MOG : AP ENTERPRISE 7433020794,MOG_a1b2fbd13a1063014acf92ca1e43f6ef,received_at_ph,West,LMA,1.00E+11,Princy Enterprise,ChavdaKrish,MotherHub_ABD_Flex,BRSNR,VastralHub_ADI_PL,PH-B4-ABDFLEX-61674,expected,OPENED,26-09-2026 03:15,Ankur Sinha
26-09-2026,26-09-2026,FMPC6528751748,VastralHub_ADI_PL,OMKAR ENGINEERING +919662189999,d4efbcdaf3cb438f,received_at_mh,West,LMA,1.00E+11,Princy Enterprise,Sodhaparmar YogendrasinhMansinh,MotherHub_ABD_Flex,BRSNR,VastralHub_ADI_PL,PH-B4-ABDFLEX-57221,expected,OPENED,26-09-2026 03:12,Ankur Sinha
26-09-2026,26-09-2026,FMPC6528462082,VastralHub_ADI_PL,ICONICZONE +917623094450,996fd1626da34cfd,received_at_ph,West,LMA,1.00E+11,Princy Enterprise,Sodhaparmar YogendrasinhMansinh,MotherHub_ABD_Flex,BRSNR,VastralHub_ADI_PL,PH-B1-ABDFLEX-57014,expected,OPENED,26-09-2026 03:32,Ankur Sinha
26-09-2026,26-09-2026,FMPC6528222701,VastralHub_ADI_PL,TEJAL CORPORATION +916386844450,669047c70b2b4b53,dispatched_to_mh,West,LMA,1.00E+11,Princy Enterprise,Sodhaparmar YogendrasinhMansinh,Motherhub_ABD,BRSNR,VastralHub_ADI_PL,PH-ZO-AHDABD-16807494,expected,OPENED,26-09-2026 03:53,Ankur Sinha
26-09-2026,26-09-2026,FMPC6528278551,VastralHub_ADI_PL,ICONICZONE +917623094450,996fd1626da34cfd,received_at_ph,West,LMA,1.00E+11,Princy Enterprise,Sodhaparmar YogendrasinhMansinh,MotherHub_ABD_Flex,BRSNR,VastralHub_ADI_PL,PH-B1-ABDFLEX-57014,expected,OPENED,26-09-2026 03:32,Ankur Sinha
26-09-2026,26-09-2026,EPSC5413708452,VastralHub_ADI_PL,EPS : New Quicklap 17499 8866117097,EPS_63c27691318c699fc938ad005daafdb2,dispatched_to_mh,West,LMA,1.00E+11,Princy Enterprise,Sodha NileshRameshbhai,MotherHub_ABD_Flex,BRSNR,VastralHub_ADI_PL,PH-B1-ABDFLEX-57675,expected,OPENED,26-09-2026 02:12,Ankur Sinha
26-09-2026,26-09-2026,FMPC6528725979,VastralHub_ADI_PL,OMKAR ENGINEERING +919662189999,d4efbcdaf3cb438f,received_at_mh,West,LMA,1.00E+11,Princy Enterprise,Sodhaparmar YogendrasinhMansinh,MotherHub_ABD_Flex,BRSNR,VastralHub_ADI_PL,PH-B1-ABDFLEX-57014,expected,OPENED,26-09-2026 03:32,Ankur Sinha
26-09-2026,26-09-2026,FMPP4296736071,VastralHub_ADI_PL,PROMEX +917000831857,f92dd677858948b4,dispatched_to_mh,West,LMA,1.00E+11,Princy Enterprise,Sodhaparmar YogendrasinhMansinh,MotherHub_ABD_Flex,BRSNR,VastralHub_ADI_PL,PH-B1-ABDFLEX-24362,expected,OPENED,26-09-2026 02:56,Ankur Sinha
26-09-2026,26-09-2026,FMPP4295087440,VastralHub_ADI_PL,CORDELLIA +918758222399,23e03c2f7da846f4,dispatched_to_mh,West,LMA,1.00E+11,Princy Enterprise,Sodhaparmar YogendrasinhMansinh,MotherHub_ABD_Flex,BRSNR,VastralHub_ADI_PL,PH-B1-ABDFLEX-50376,expected,OPENED,26-09-2026 00:58,Ankur Sinha
26-09-2026,26-09-2026,FMPC6526978022,VastralHub_ADI_PL,ICONICZONE +917623094450,996fd1626da34cfd,dispatched_to_mh,West,LMA,1.00E+11,Princy Enterprise,Sodhaparmar YogendrasinhMansinh,Motherhub_ABD,BRSNR,VastralHub_ADI_PL,PH-ZO-AHDABD-16807494,expected,OPENED,26-09-2026 03:53,Ankur Sinha
26-09-2026,26-09-2026,FMPP4299121158,VastralHub_ADI_PL,OM ENTERPRISE +916355119605,37458681a3e54621,dispatched_to_mh,West,LMA,1.00E+11,#N/A,#N/A,MotherHub_ABD_Flex,BRSNR,VastralHub_ADI_PL,PH-B1-ABDFLEX-45760,expected,OPENED,26-09-2026 02:40,Ankur Sinha
26-09-2026,26-09-2026,FMPC6528385584,VastralHub_ADI_PL,SENTRIX ENTERPRISE +919909316611,5716db53595b4417,received_at_mh,West,LMA,1.00E+11,Princy Enterprise,CHITTE JAYKUMAR VINOD,MotherHub_ABD_Flex,BRSNR,VastralHub_ADI_PL,PH-B1-ABDFLEX-61567,expected,OPENED,26-09-2026 03:10,Ankur Sinha
26-09-2026,26-09-2026,FMPP4297829811,VastralHub_ADI_PL,NIRVIKA E-RETAIL INDIA PRIVATE LIMITED +917990701330,271439f8851c499e,dispatched_to_mh,West,LMA,1.00E+11,Princy Enterprise,Chauhan SagarbhaiRatanbhai,Motherhub_ABD,BRSNR,VastralHub_ADI_PL,PH-ZO-AHDABD-16808701,expected,OPENED,26-09-2026 03:41,Ankur Sinha
26-09-2026,26-09-2026,FMPC6526965227,VastralHub_ADI_PL,KRUSHAN ENTERPRISE +917435027590,91b60661b4f1404c,received_at_mh,West,LMA,1.00E+11,Princy Enterprise,Sodhaparmar YogendrasinhMansinh,MotherHub_ABD_Flex,BRSNR,VastralHub_ADI_PL,PH-B3-ABDFLEX-57334,expected,OPENED,25-09-2026 21:13,Ankur Sinha
26-09-2026,26-09-2026,FMPC6527088188,VastralHub_ADI_PL,VEDIKAA ENTERPRISE +918411057851,147f8d8b63ec4dbe,received_at_mh,West,LMA,1.00E+11,Princy Enterprise,BhavsarHarsh,MotherHub_ABD_Flex,BRSNR,VastralHub_ADI_PL,PH-B4-ABDFLEX-12014,expected,OPENED,26-09-2026 03:21,Ankur Sinha
26-09-2026,26-09-2026,FMPP4297738125,VastralHub_ADI_PL,SHARDA GLOBAL +919712659938,0f1d492854b24b42,received_at_mh,West,LMA,1.00E+11,Princy Enterprise,Sodha NileshRameshbhai,MotherHub_ABD_Flex,BRSNR,VastralHub_ADI_PL,PH-B4-ABDFLEX-57788,expected,OPENED,26-09-2026 00:40,Ankur Sinha
26-09-2026,26-09-2026,FMPC6523295714,VastralHub_ADI_PL,TAG ENTERPRISE +918980891115,2c4e66dd78bc4ce8,dispatched_to_mh,West,LMA,1.00E+11,#N/A,#N/A,MotherHub_ABD_Flex,BRSNR,VastralHub_ADI_PL,PH-B1-ABDFLEX-47824,expected,OPENED,25-09-2026 20:53,Ankur Sinha
26-09-2026,26-09-2026,FMPP4297563747,VastralHub_ADI_PL,ARIHANT ENGINEERING +919809886999,82a3a1c55e874222,received_at_ph,West,LMA,1.00E+11,Princy Enterprise,Sodhaparmar YogendrasinhMansinh,MotherHub_ABD_Flex,BRSNR,VastralHub_ADI_PL,PH-B4-ABDFLEX-57221,expected,OPENED,26-09-2026 03:12,Ankur Sinha
26-09-2026,26-09-2026,FMPC6523295138,VastralHub_ADI_PL,TAG ENTERPRISE +918980891115,2c4e66dd78bc4ce8,received_at_mh,West,LMA,1.00E+11,#N/A,#N/A,MotherHub_ABD_Flex,BRSNR,VastralHub_ADI_PL,PH-B1-ABDFLEX-47839,expected,OPENED,25-09-2026 21:16,Ankur Sinha
26-09-2026,26-09-2026,FMPP4297928436,VastralHub_ADI_PL,OMKAR ENGINEERING +919662189999,d4efbcdaf3cb438f,received_at_mh,West,LMA,1.00E+11,Princy Enterprise,Sodhaparmar YogendrasinhMansinh,Motherhub_ABD,BRSNR,VastralHub_ADI_PL,PH-ZO-AHDABD-16807494,expected,OPENED,26-09-2026 03:53,Ankur Sinha
26-09-2026,26-09-2026,MYEC1120443688,VastralHub_ADI_PL,MYE : LANINFOSYS GUJARAT PPMP 7984639933,MYE_776b2fc8fc55eba146b51938b5450102,dispatched_to_mh,West,LMA,1.00E+11,Princy Enterprise,RathodLalaji,MotherHub_ABD_Flex,BRSNR,VastralHub_ADI_PL,PH-B3-ABDFLEX-61094,expected,OPENED,26-09-2026 02:16,Ankur Sinha
26-09-2026,26-09-2026,FMPC6529592665,VasundharaHub_DEL_PL,HUDA INTERIOR +919210108080,f3125f0d56d64219,dispatched_to_mh,North,TRUEFLEX,590011,TRUEFLEX,SumitKumar,Motherhub_JKS,BRSNR,VasundharaHub_DEL_PL,PH-B2-DELJKS-40612681,expected,OPENED,26-09-2026 01:58,Arvind Bansal (DNCR)
26-09-2026,26-09-2026,FMPC6523292217,VastralHub_ADI_PL,TAG RENEWABLE PRIVATE LIMITED +917779099648,49177561a5474454,received_at_mh,West,LMA,1.00E+11,#N/A,#N/A,MotherHub_ABD_Flex,BRSNR,VastralHub_ADI_PL,PH-B4-ABDFLEX-48095,expected,OPENED,25-09-2026 20:58,Ankur Sinha
26-09-2026,26-09-2026,FMPC6525240475,VastralHub_ADI_PL,JALARAM PROVISION STORE +919824467575,cf81d85b085c4eba,received_at_mh,West,LMA,1.00E+11,Princy Enterprise,Sodhaparmar YogendrasinhMansinh,MotherHub_ABD_Flex,BRSNR,VastralHub_ADI_PL,PH-B4-ABDFLEX-50771,expected,OPENED,26-09-2026 01:01,Ankur Sinha
26-09-2026,26-09-2026,FMPP4297720655,VastralHub_ADI_PL,PRIME LEAF ENTERPRISE +919537796460,b7a7443b0af449f8,dispatched_to_mh,West,LMA,1.00E+11,Princy Enterprise,ShivrajSingh,Motherhub_ABD,BRSNR,VastralHub_ADI_PL,PH-ZO-AHDABD-16800485,expected,OPENED,25-09-2026 19:11,Ankur Sinha
26-09-2026,26-09-2026,FMPC6528661215,VastralHub_ADI_PL,OMKAR ENGINEERING +919662189999,d4efbcdaf3cb438f,received_at_mh,West,LMA,1.00E+11,Princy Enterprise,Sodhaparmar YogendrasinhMansinh,MotherHub_ABD_Flex,BRSNR,VastralHub_ADI_PL,PH-B4-ABDFLEX-57221,expected,OPENED,26-09-2026 03:12,Ankur Sinha
26-09-2026,26-09-2026,FMPC6525207590,VastralHub_ADI_PL,JALARAM PROVISION STORE +919824467575,cf81d85b085c4eba,dispatched_to_mh,West,LMA,1.00E+11,Princy Enterprise,Sodhaparmar YogendrasinhMansinh,MotherHub_ABD_Flex,BRSNR,VastralHub_ADI_PL,PH-B3-ABDFLEX-24392,expected,OPENED,26-09-2026 01:00,Ankur Sinha
26-09-2026,26-09-2026,FMPP4294268601,VastralHub_ADI_PL,SBB ENTERPRISE +919427714028,24816f8e3e684994,received_at_mh,West,LMA,1.00E+11,Princy Enterprise,ValmikiBhaveshkumar,MotherHub_ABD_Flex,BRSNR,VastralHub_ADI_PL,PH-B1-ABDFLEX-47543,expected,OPENED,26-09-2026 05:27,Ankur Sinha
26-09-2026,26-09-2026,MYEP1137490645,Yashwantpurahub_BLR_PL,MYE : Jack And Jones Bangalore Orion Mall Omni 8088795029,MYE_34b518b13eedbf0e602b58c8cac161e7,dispatched_to_mh,South,EKART,3934085,EKART,,MotherHub_BLR,BRSNR,Yashwantpurahub_BLR_PL,PH-B3-BLRBLR-15636741,expected,OPENED,25-09-2026 22:43,Anwar Babu Maldar
26-09-2026,26-09-2026,FMPP4298454529,Yashwantpurahub_BLR_PL,MEGNAM MARKETING +916360659020,4851d1e494f149e1,dispatched_to_mh,South,LMA,1.00E+11,Logis Express,PrashanthP,MotherHub_BLR,BRSNR,Yashwantpurahub_BLR_PL,PH-B3-BLRBLR-15643736,expected,OPENED,25-09-2026 22:50,Anwar Babu Maldar
26-09-2026,26-09-2026,FMPC6528039530,WelcomeHub_DEL_PL,PRIYA GARMENTS +918766392879,676bc42711bb4bc5,dispatched_to_mh,North,LMA,1.00E+11,Transwide Express,ManojKumar,Motherhub_JKS,BRSNR,WelcomeHub_DEL_PL,PH-B2-DELJKS-43593395,expected,OPENED,26-09-2026 03:16,Arvind Bansal (DNCR)
26-09-2026,26-09-2026,FMPC6527328936,WelcomeHub_DEL_PL,TANSIL ENTERPRISES +918810565720,46abb90e958f4535,dispatched_to_mh,North,LMA,1.00E+11,Transwide Express,Kamlakar,Motherhub_JKS,BRSNR,WelcomeHub_DEL_PL,PH-B2-DELJKS-43563623,expected,OPENED,26-09-2026 03:06,Arvind Bansal (DNCR)
26-09-2026,26-09-2026,FMPC6527160623,WelcomeHub_DEL_PL,MOHAR SINGH JI STORE +918750267137,9fb68827ce0a4326,received_at_mh,North,LMA,1.00E+11,#N/A,#N/A,Motherhub_JKS,BRSNR,WelcomeHub_DEL_PL,PH-B2-DELJKS-43574750,expected,OPENED,26-09-2026 03:25,Arvind Bansal (DNCR)
26-09-2026,26-09-2026,FMPP4297176812,Yashwantpurahub_BLR_PL,Group Pharmaceuticals Ltd +919880681792,v94oxrtlfkecg8hu,dispatched_to_mh,South,EKART,4276452,EKART,,MotherHub_BLR,BRSNR,Yashwantpurahub_BLR_PL,PH-B1-BLRBLR-15636342,expected,OPENED,25-09-2026 22:42,Anwar Babu Maldar
26-09-2026,26-09-2026,FMPP4297504426,Yashwantpurahub_BLR_PL,KING BORN +919071608940,12555ff8456b48dd,dispatched_to_mh,South,LMA,1.00E+11,Logis Express,PrashanthP,MotherHub_BLR,BRSNR,Yashwantpurahub_BLR_PL,PH-B3-BLRBLR-15643736,expected,OPENED,25-09-2026 22:50,Anwar Babu Maldar
26-09-2026,26-09-2026,FMPC6529669552,BhankrotaHub_JAI_PL,UNICLAN HEALTHCARE PRIVATE LIMITED 9998603212,a76ca0482a0d4ad6,dispatched_to_mh,North,LMA,1.00E+11,Vxpress,LuckyRajoriya,Motherhub_JAI_BTS,BRSNR,BhankrotaHub_JAI_PL,PH-B1-JAIBTS-22527514,expected,OPENED,26-09-2026 00:47,Akash Sharma
26-09-2026,26-09-2026,FMPC6528628455,BhankrotaHub_JAI_PL,FASHION CRAFT +919694545017,588e09b591b147e0,dispatched_to_mh,North,LMA,1.00E+11,Watsoo,AmarSaini,Motherhub_JAI_BTS,BRSNR,BhankrotaHub_JAI_PL,PH-B1-JAIBTS-23937589,expected,OPENED,26-09-2026 01:23,Akash Sharma
26-09-2026,26-09-2026,FMPC6527551876,BhankrotaHub_JAI_PL,KATELA CREATION +919352484783,8df2ad48e7b64195,dispatched_to_mh,North,TRUEFLEX,807942,TRUEFLEX,SushilRathadiya,Motherhub_JAI_BTS,BRSNR,BhankrotaHub_JAI_PL,PH-B3-JAIBTS-23988796,expected,OPENED,26-09-2026 00:49,Akash Sharma
26-09-2026,26-09-2026,FMPC6525250130,BhankrotaHub_JAI_PL,KS TRADERS +917852883400,e31a3b4ecbf44787,dispatched_to_mh,North,LMA,1.00E+11,Watsoo,AmarSaini,Motherhub_JAI_BTS,BRSNR,BhankrotaHub_JAI_PL,PH-B1-JAIBTS-23937591,expected,OPENED,26-09-2026 01:22,Akash Sharma
26-09-2026,26-09-2026,FMPC6529668147,BehalaHub_KOL_PL,Universal Corporation Limited 9163468168,us8g70ee7lemt6t6,dispatched_to_mh,East,LMA,1.00E+11,#N/A,#N/A,Motherhub_HRN,BRSNR,BehalaHub_KOL_PL,PH-B3-KOLHRN-7811185,expected,OPENED,26-09-2026 04:39,Somnath G
26-09-2026,26-09-2026,FMPC6527388011,BhankrotaHub_JAI_PL,SIDDHI VINAYAK ENTERPRISES +917688888809,f34e310eb4f24fd7,dispatched_to_mh,North,LMA,1.00E+11,Vxpress,Sanju,Motherhub_JAI_BTS,BRSNR,BhankrotaHub_JAI_PL,PH-ZO-JAIBTS-23577124,expected,OPENED,26-09-2026 00:35,Akash Sharma
26-09-2026,26-09-2026,FMPP4297919103,BelghariaHub_KOL_PL,Dollar Industries Ltd. 9830606037,iomewjrt4mo4rxdt,dispatched_to_mh,East,LMA,1.00E+11,Vxpress,AnmolKumar,Motherhub_HRN,BRSNR,BelghariaHub_KOL_PL,PH-B3-KOLHRN-8031008,expected,OPENED,26-09-2026 02:41,Somnath G
26-09-2026,26-09-2026,FMPC6528527479,BhankrotaHub_JAI_PL,PIONEERVATE MEDIA & ENTERPRISES +917877033631,e705f1e5710a432e,dispatched_to_mh,North,LMA,1.00E+11,#N/A,#N/A,Motherhub_JAI_BTS,BRSNR,BhankrotaHub_JAI_PL,PH-B2-JAIBTS-23727135,expected,OPENED,26-09-2026 00:30,Akash Sharma
26-09-2026,26-09-2026,FMPP4298849229,BhankrotaHub_JAI_PL,R WORLD +919529066615,293d66e0f1ee4a70,dispatched_to_mh,North,LMA,1.00E+11,Greenteck Logistics and Mobility Pvt Ltd,Babu LalMeena,Motherhub_JAI_BTS,BRSNR,BhankrotaHub_JAI_PL,PH-B2-JAIBTS-23986543,expected,OPENED,26-09-2026 01:26,Akash Sharma
26-09-2026,26-09-2026,FMPP4298608992,BelghariaHub_KOL_PL,Dollar Industries Ltd. 9830606037,iomewjrt4mo4rxdt,dispatched_to_mh,East,LMA,1.00E+11,Vxpress,AnmolKumar,Motherhub_HRN,BRSNR,BelghariaHub_KOL_PL,PH-B3-KOLHRN-8031008,expected,OPENED,26-09-2026 02:41,Somnath G
26-09-2026,26-09-2026,FMPC6525720126,BhankrotaHub_JAI_PL,SIDDHI VINAYAK ENTERPRISES +917688888809,f34e310eb4f24fd7,dispatched_to_mh,North,LMA,1.00E+11,Vxpress,Sanju,Motherhub_JAI_BTS,BRSNR,BhankrotaHub_JAI_PL,PH-B1-JAIBTS-23577102,expected,OPENED,26-09-2026 00:34,Akash Sharma
26-09-2026,26-09-2026,FMPP4298038268,BelghariaHub_KOL_PL,Dollar Industries Ltd. 9830606037,iomewjrt4mo4rxdt,dispatched_to_mh,East,LMA,1.00E+11,Vxpress,AnmolKumar,Motherhub_HRN,BRSNR,BelghariaHub_KOL_PL,PH-B3-KOLHRN-8031008,expected,OPENED,26-09-2026 02:41,Somnath G
26-09-2026,26-09-2026,FMPC6525479403,BehalaHub_KOL_PL,R.S.T.DRESSES +919830883730,7f30679994b84bde,dispatched_to_mh,East,LMA,1.00E+11,WHEELEY,Saidul IslamJamadar,Motherhub_HRN,BRSNR,BehalaHub_KOL_PL,PH-B3-KOLHRN-8023462,expected,OPENED,26-09-2026 04:32,Somnath G
26-09-2026,26-09-2026,FMPC6525337969,BhankrotaHub_JAI_PL,KS TRADERS +917852883400,e31a3b4ecbf44787,dispatched_to_mh,North,LMA,1.00E+11,Watsoo,AmarSaini,Motherhub_JAI_BTS,BRSNR,BhankrotaHub_JAI_PL,PH-B1-JAIBTS-23937591,expected,OPENED,26-09-2026 01:22,Akash Sharma
26-09-2026,26-09-2026,FMPC6529093521,BehalaHub_KOL_PL,R.S.T.DRESSES +919830883730,7f30679994b84bde,received_at_mh,East,LMA,1.00E+11,WHEELEY,Saidul IslamJamadar,Motherhub_HRN,BRSNR,BehalaHub_KOL_PL,PH-B3-KOLHRN-8023462,expected,OPENED,26-09-2026 04:32,Somnath G
26-09-2026,26-09-2026,FMPC6529177580,BhankrotaHub_JAI_PL,KHARWAS HARDWARE AND SANITARY STORE +916350413457,cff87021f88049a0,received_at_mh,North,LMA,1.00E+11,Vxpress,NaveenBairwa,Motherhub_JAI_BTS,BRSNR,BhankrotaHub_JAI_PL,PH-B3-JAIBTS-23308484,expected,OPENED,26-09-2026 00:23,Akash Sharma
26-09-2026,26-09-2026,FMPP4297371585,BelghariaHub_KOL_PL,KEYA SETHS COSMETIC +916290822956,49a9c08387274a02,dispatched_to_mh,East,LMA,1.00E+11,Vxpress,KaranKumar,Motherhub_HRN,BRSNR,BelghariaHub_KOL_PL,PH-B3-KOLHRN-8033184,expected,OPENED,26-09-2026 02:42,Somnath G
26-09-2026,26-09-2026,FMPC6527578710,BhankrotaHub_JAI_PL,CHOKHI DHANI FOODS (A UNIT OF CHOKHI DHANI RESORTS PVT LTD) +918690944431,1cf97a4ec9544a49,dispatched_to_mh,North,LMA,1.00E+11,Transwide Express,Suresh ChandBairwa,Motherhub_JAI_BTS,BRSNR,BhankrotaHub_JAI_PL,PH-B1-JAIBTS-24001806,expected,OPENED,25-09-2026 21:03,Akash Sharma
26-09-2026,26-09-2026,FMPC6528481508,BhankrotaHub_JAI_PL,JUHI ART +919012433965,b4160d7cb21a4c0b,received_at_mh,North,LMA,1.00E+11,#N/A,#N/A,Motherhub_JAI_BTS,BRSNR,BhankrotaHub_JAI_PL,PH-B1-JAIBTS-23467814,expected,OPENED,26-09-2026 00:23,Akash Sharma
26-09-2026,26-09-2026,FMPC6525208265,BhankrotaHub_JAI_PL,KS TRADERS +917852883400,e31a3b4ecbf44787,dispatched_to_mh,North,LMA,1.00E+11,Watsoo,AmarSaini,Motherhub_JAI_BTS,BRSNR,BhankrotaHub_JAI_PL,PH-B1-JAIBTS-23937591,expected,OPENED,26-09-2026 01:22,Akash Sharma
26-09-2026,26-09-2026,FMPC6528428909,BhankrotaHub_JAI_PL,JUHI ART +919012433965,b4160d7cb21a4c0b,received_at_mh,North,LMA,1.00E+11,#N/A,#N/A,Motherhub_JAI_BTS,BRSNR,BhankrotaHub_JAI_PL,PH-B1-JAIBTS-23467814,expected,OPENED,26-09-2026 00:23,Akash Sharma
26-09-2026,26-09-2026,FMPC6529655793,BhankrotaHub_JAI_PL,RJ KING +916376147953,e04890678008426c,dispatched_to_mh,North,LMA,1.00E+11,Watsoo,RahulKumawat,Motherhub_JAI_BTS,BRSNR,BhankrotaHub_JAI_PL,PH-ZO-JAIBTS-23702415,expected,OPENED,26-09-2026 00:23,Akash Sharma
26-09-2026,26-09-2026,SRSP8823695864,BelghariaHub_KOL_PL,SRS : Keya Seths Aromatherapy 8100970744,SRS_f703d8f21f968f04a9fc438ed0dfd049,dispatched_to_mh,East,LMA,1.00E+11,Vxpress,KaranKumar,Motherhub_HRN,BRSNR,BelghariaHub_KOL_PL,PH-B3-KOLHRN-8033184,expected,OPENED,26-09-2026 02:42,Somnath G
26-09-2026,26-09-2026,FMPC6525234357,BhankrotaHub_JAI_PL,KS TRADERS +917852883400,e31a3b4ecbf44787,dispatched_to_mh,North,LMA,1.00E+11,Watsoo,AmarSaini,Motherhub_JAI_BTS,BRSNR,BhankrotaHub_JAI_PL,PH-B1-JAIBTS-23937591,expected,OPENED,26-09-2026 01:22,Akash Sharma
26-09-2026,26-09-2026,FMPP4297226288,BhankrotaHub_JAI_PL,REKHA ENTERPRISES +916378826096,d89dcda383634232,dispatched_to_mh,North,LMA,1.00E+11,Vxpress,Vishnu KumarRaigar,Motherhub_JAI_BTS,BRSNR,BhankrotaHub_JAI_PL,PH-B4-JAIBTS-23933401,expected,OPENED,26-09-2026 00:02,Akash Sharma
26-09-2026,26-09-2026,FMPP4296945625,BhankrotaHub_JAI_PL,AAHANA ENTEPRISES +916377237116,b51f9ff328104672,received_at_mh,North,LMA,1.00E+11,Watsoo,RahulKumawat,Motherhub_JAI_BTS,BRSNR,BhankrotaHub_JAI_PL,PH-B4-JAIBTS-23933901,expected,OPENED,26-09-2026 00:17,Akash Sharma
26-09-2026,26-09-2026,FMPC6525243667,BhankrotaHub_JAI_PL,KS TRADERS +917852883400,e31a3b4ecbf44787,dispatched_to_mh,North,LMA,1.00E+11,Watsoo,AmarSaini,Motherhub_JAI_BTS,BRSNR,BhankrotaHub_JAI_PL,PH-B1-JAIBTS-23937591,expected,OPENED,26-09-2026 01:22,Akash Sharma
26-09-2026,26-09-2026,FMPC6525307018,BhankrotaHub_JAI_PL,KS TRADERS +917852883400,e31a3b4ecbf44787,dispatched_to_mh,North,LMA,1.00E+11,Watsoo,AmarSaini,Motherhub_JAI_BTS,BRSNR,BhankrotaHub_JAI_PL,PH-B1-JAIBTS-23937591,expected,OPENED,26-09-2026 01:22,Akash Sharma
26-09-2026,26-09-2026,FMPC6527659438,BhankrotaHub_JAI_PL,D WINDOW ERA +918952012426,802d39a0cdbd4ca6,received_at_mh,North,LMA,1.00E+11,Greenteck Logistics and Mobility Pvt Ltd,Babu LalMeena,Motherhub_JAI_BTS,BRSNR,BhankrotaHub_JAI_PL,PH-B3-JAIBTS-23986546,expected,OPENED,26-09-2026 01:26,Akash Sharma
26-09-2026,26-09-2026,FMPC6525305373,BhankrotaHub_JAI_PL,KS TRADERS +917852883400,e31a3b4ecbf44787,dispatched_to_mh,North,LMA,1.00E+11,Watsoo,AmarSaini,Motherhub_JAI_BTS,BRSNR,BhankrotaHub_JAI_PL,PH-B1-JAIBTS-23937591,expected,OPENED,26-09-2026 01:22,Akash Sharma
26-09-2026,26-09-2026,FMPC6525260893,BhankrotaHub_JAI_PL,KS TRADERS +917852883400,e31a3b4ecbf44787,dispatched_to_mh,North,LMA,1.00E+11,Watsoo,AmarSaini,Motherhub_JAI_BTS,BRSNR,BhankrotaHub_JAI_PL,PH-B1-JAIBTS-23937591,expected,OPENED,26-09-2026 01:22,Akash Sharma
26-09-2026,26-09-2026,FMPC6525316532,BhankrotaHub_JAI_PL,KS TRADERS +917852883400,e31a3b4ecbf44787,dispatched_to_mh,North,LMA,1.00E+11,Watsoo,AmarSaini,Motherhub_JAI_BTS,BRSNR,BhankrotaHub_JAI_PL,PH-B1-JAIBTS-23937591,expected,OPENED,26-09-2026 01:22,Akash Sharma
26-09-2026,26-09-2026,FMPC6525279556,BhankrotaHub_JAI_PL,KS TRADERS +917852883400,e31a3b4ecbf44787,dispatched_to_mh,North,LMA,1.00E+11,Watsoo,AmarSaini,Motherhub_JAI_BTS,BRSNR,BhankrotaHub_JAI_PL,PH-B1-JAIBTS-23937591,expected,OPENED,26-09-2026 01:22,Akash Sharma
26-09-2026,26-09-2026,FMPC6527830760,BhankrotaHub_JAI_PL,FASHION WORLD +919829375235,0e342790a7e54142,received_at_mh,North,LMA,1.00E+11,Vxpress,RameshSharma,Motherhub_JAI_BTS,BRSNR,BhankrotaHub_JAI_PL,PH-B1-JAIBTS-23912336,expected,OPENED,26-09-2026 00:08,Akash Sharma
26-09-2026,26-09-2026,FMPC6529297605,BhankrotaHub_JAI_PL,Prigobuy +919024644844,9842b3e6770b4382,dispatched_to_mh,North,LMA,1.00E+11,Vxpress,RahulSaini,Motherhub_JAI_BTS,BRSNR,BhankrotaHub_JAI_PL,PH-B4-JAIBTS-23937784,expected,OPENED,26-09-2026 01:22,Akash Sharma
26-09-2026,26-09-2026,FMPC6526807577,BehalaHub_KOL_PL,TURNERS +916289878041,3891e05268ee4705,dispatched_to_mh,East,LMA,1.00E+11,#N/A,#N/A,Motherhub_HRN,BRSNR,BehalaHub_KOL_PL,PH-B3-KOLHRN-8008167,expected,OPENED,26-09-2026 04:35,Somnath G
26-09-2026,26-09-2026,FMPP4298411941,BhankrotaHub_JAI_PL,KRISHNA VASTRAM +919251706905,4b8d613745234b42,received_at_mh,North,LMA,1.00E+11,Transwide Express,Suresh ChandBairwa,Motherhub_JAI_BTS,BRSNR,BhankrotaHub_JAI_PL,PH-B3-JAIBTS-24001766,expected,OPENED,25-09-2026 21:04,Akash Sharma
26-09-2026,26-09-2026,FMPP4298511397,BhankrotaHub_JAI_PL,Prigobuy +919024644844,9842b3e6770b4382,dispatched_to_mh,North,LMA,1.00E+11,Vxpress,RahulSaini,Motherhub_JAI_BTS,BRSNR,BhankrotaHub_JAI_PL,PH-B3-JAIBTS-23937774,expected,OPENED,26-09-2026 01:22,Akash Sharma
26-09-2026,26-09-2026,FMPC6529571594,BhankrotaHub_JAI_PL,JUHI ART +919012433965,b4160d7cb21a4c0b,received_at_mh,North,LMA,1.00E+11,#N/A,#N/A,Motherhub_JAI_BTS,BRSNR,BhankrotaHub_JAI_PL,PH-B1-JAIBTS-23467814,expected,OPENED,26-09-2026 00:23,Akash Sharma
26-09-2026,26-09-2026,FMPC6524310711,BehalaHub_KOL_PL,R.S.T.DRESSES +919830883730,7f30679994b84bde,dispatched_to_mh,East,LMA,1.00E+11,WHEELEY,Saidul IslamJamadar,Motherhub_HRN,BRSNR,BehalaHub_KOL_PL,PH-B3-KOLHRN-8023462,expected,OPENED,26-09-2026 04:32,Somnath G
26-09-2026,26-09-2026,LUAP0001569824,BelghariaHub_KOL_PL,LUA : Gangully para _985558 8478866257,LUA_5b228d5f4455fb0017042d848ebe37a2,dispatched_to_mh,East,LMA,1.00E+11,Vxpress,KaranKumar,Motherhub_HRN,BRSNR,BelghariaHub_KOL_PL,PH-B3-KOLHRN-8033184,expected,OPENED,26-09-2026 02:42,Somnath G
26-09-2026,26-09-2026,FMPC6529571487,BhankrotaHub_JAI_PL,JUHI ART +919012433965,b4160d7cb21a4c0b,received_at_mh,North,LMA,1.00E+11,#N/A,#N/A,Motherhub_JAI_BTS,BRSNR,BhankrotaHub_JAI_PL,PH-B1-JAIBTS-23467814,expected,OPENED,26-09-2026 00:23,Akash Sharma
26-09-2026,26-09-2026,FMPC6525299230,BhankrotaHub_JAI_PL,KS TRADERS +917852883400,e31a3b4ecbf44787,dispatched_to_mh,North,LMA,1.00E+11,Watsoo,AmarSaini,Motherhub_JAI_BTS,BRSNR,BhankrotaHub_JAI_PL,PH-B1-JAIBTS-23937591,expected,OPENED,26-09-2026 01:22,Akash Sharma
26-09-2026,26-09-2026,FMPC6528267285,BhankrotaHub_JAI_PL,ZIKR INDIA 8387932786,c4e274a4575f4dec,dispatched_to_mh,North,LMA,1.00E+11,Vxpress,Vishnu KumarRaigar,Motherhub_JAI_BTS,BRSNR,BhankrotaHub_JAI_PL,PH-B2-JAIBTS-23933386,expected,OPENED,26-09-2026 00:01,Akash Sharma
26-09-2026,26-09-2026,FMPC6527945102,BhankrotaHub_JAI_PL,Mahodhar Fashions +917850841338,a4248de600784796,dispatched_to_mh,North,LMA,1.00E+11,#N/A,#N/A,Motherhub_JAI_BTS,BRSNR,BhankrotaHub_JAI_PL,PH-B2-JAIBTS-23716708,expected,OPENED,25-09-2026 21:09,Akash Sharma
26-09-2026,26-09-2026,LUAC0001579491,BelghariaHub_KOL_PL,LUA : Madhyamgram 7980936280,LUA_75f9c95244aef3908735d5b45e0f8d9f,dispatched_to_mh,East,LMA,1.00E+11,#N/A,#N/A,Motherhub_HRN,BRSNR,BelghariaHub_KOL_PL,PH-B3-KOLHRN-8007897,expected,OPENED,26-09-2026 02:42,Somnath G
26-09-2026,26-09-2026,FMPC6529179801,BelghariaHub_KOL_PL,NXT GEN TRADERS +919230132228,8db26c9292e44f3d,dispatched_to_mh,East,LMA,1.00E+11,Vxpress,RajanBin,Motherhub_HRN,BRSNR,BelghariaHub_KOL_PL,PH-B3-KOLHRN-8013412,expected,OPENED,26-09-2026 02:48,Somnath G
26-09-2026,26-09-2026,FMPC6527817116,BhankrotaHub_JAI_PL,WALLMART +919887838737,23e836bab9274083,dispatched_to_mh,North,LMA,1.00E+11,Vxpress,HemantPanchal,Motherhub_JAI_BTS,BRSNR,BhankrotaHub_JAI_PL,PH-ZO-JAIBTS-23766407,expected,OPENED,26-09-2026 00:27,Akash Sharma
26-09-2026,26-09-2026,FMPC6529149149,BelghariaHub_KOL_PL,NXT GEN TRADERS +919230132228,8db26c9292e44f3d,dispatched_to_mh,East,LMA,1.00E+11,Vxpress,RajanBin,Motherhub_HRN,BRSNR,BelghariaHub_KOL_PL,PH-B3-KOLHRN-8013412,expected,OPENED,26-09-2026 02:48,Somnath G
26-09-2026,26-09-2026,FMPC6525184737,BhankrotaHub_JAI_PL,KS TRADERS +917852883400,e31a3b4ecbf44787,dispatched_to_mh,North,LMA,1.00E+11,Watsoo,AmarSaini,Motherhub_JAI_BTS,BRSNR,BhankrotaHub_JAI_PL,PH-B1-JAIBTS-23937591,expected,OPENED,26-09-2026 01:22,Akash Sharma
26-09-2026,26-09-2026,FMPC6525253727,BhankrotaHub_JAI_PL,KS TRADERS +917852883400,e31a3b4ecbf44787,dispatched_to_mh,North,LMA,1.00E+11,Watsoo,AmarSaini,Motherhub_JAI_BTS,BRSNR,BhankrotaHub_JAI_PL,PH-B1-JAIBTS-23937591,expected,OPENED,26-09-2026 01:22,Akash Sharma
26-09-2026,26-09-2026,FMPC6529229542,BelghariaHub_KOL_PL,KEYA SETHS COSMETIC +916290822956,49a9c08387274a02,dispatched_to_mh,East,LMA,1.00E+11,Vxpress,KaranKumar,Motherhub_HRN,BRSNR,BelghariaHub_KOL_PL,PH-B3-KOLHRN-8033184,expected,OPENED,26-09-2026 02:42,Somnath G
26-09-2026,26-09-2026,FMPC6525314482,BhankrotaHub_JAI_PL,KS TRADERS +917852883400,e31a3b4ecbf44787,dispatched_to_mh,North,LMA,1.00E+11,Watsoo,AmarSaini,Motherhub_JAI_BTS,BRSNR,BhankrotaHub_JAI_PL,PH-B1-JAIBTS-23937591,expected,OPENED,26-09-2026 01:22,Akash Sharma
26-09-2026,26-09-2026,FMPP4298549129,BhankrotaHub_JAI_PL,MAHAMAYA ENTERPRISES +916375650240,d2ab7127713d4d95,received_at_mh,North,LMA,1.00E+11,#N/A,#N/A,Motherhub_JAI_BTS,BRSNR,BhankrotaHub_JAI_PL,PH-B1-JAIBTS-23884871,expected,OPENED,26-09-2026 00:23,Akash Sharma
26-09-2026,26-09-2026,FMPC6529808528,BhankrotaHub_JAI_PL,ANVERO +917849880740,10b1f0c9419e442d,dispatched_to_mh,North,LMA,1.00E+11,Vxpress,PradeepChoudhary,Motherhub_JAI_BTS,BRSNR,BhankrotaHub_JAI_PL,PH-B4-JAIBTS-23712208,expected,OPENED,26-09-2026 00:13,Akash Sharma
26-09-2026,26-09-2026,FMPC6528269684,BhankrotaHub_JAI_PL,Kncraft +919636198300,23f9c3c94fb94c5c,received_at_mh,North,LMA,1.00E+11,Greenteck Logistics and Mobility Pvt Ltd,SachinDular,Motherhub_JAI_BTS,BRSNR,BhankrotaHub_JAI_PL,PH-B1-JAIBTS-23937855,expected,OPENED,26-09-2026 01:23,Akash Sharma
26-09-2026,26-09-2026,FMPC6527487716,BhankrotaHub_JAI_PL,JUHI ART +919012433965,b4160d7cb21a4c0b,received_at_mh,North,LMA,1.00E+11,#N/A,#N/A,Motherhub_JAI_BTS,BRSNR,BhankrotaHub_JAI_PL,PH-B1-JAIBTS-23467814,expected,OPENED,26-09-2026 00:23,Akash Sharma
26-09-2026,26-09-2026,FMPC6525316633,BhankrotaHub_JAI_PL,KS TRADERS +917852883400,e31a3b4ecbf44787,dispatched_to_mh,North,LMA,1.00E+11,Watsoo,AmarSaini,Motherhub_JAI_BTS,BRSNR,BhankrotaHub_JAI_PL,PH-B1-JAIBTS-23937591,expected,OPENED,26-09-2026 01:22,Akash Sharma
26-09-2026,26-09-2026,FMPP4297274375,BhankrotaHub_JAI_PL,JUHI ART +919012433965,b4160d7cb21a4c0b,received_at_mh,North,LMA,1.00E+11,#N/A,#N/A,Motherhub_JAI_BTS,BRSNR,BhankrotaHub_JAI_PL,PH-B1-JAIBTS-23467814,expected,OPENED,26-09-2026 00:23,Akash Sharma
26-09-2026,26-09-2026,FMPP4297051665,BhankrotaHub_JAI_PL,Prigobuy +919024644844,9842b3e6770b4382,dispatched_to_mh,North,LMA,1.00E+11,Vxpress,RahulSaini,Motherhub_JAI_BTS,BRSNR,BhankrotaHub_JAI_PL,PH-B4-JAIBTS-23937784,expected,OPENED,26-09-2026 01:22,Akash Sharma
26-09-2026,26-09-2026,FMPC6525362059,BhankrotaHub_JAI_PL,KS TRADERS +917852883400,e31a3b4ecbf44787,dispatched_to_mh,North,LMA,1.00E+11,Watsoo,AmarSaini,Motherhub_JAI_BTS,BRSNR,BhankrotaHub_JAI_PL,PH-B1-JAIBTS-23937591,expected,OPENED,26-09-2026 01:22,Akash Sharma
26-09-2026,26-09-2026,FMPP4297989121,BhankrotaHub_JAI_PL,D WINDOW ERA +918952012426,802d39a0cdbd4ca6,received_at_mh,North,LMA,1.00E+11,Greenteck Logistics and Mobility Pvt Ltd,Babu LalMeena,Motherhub_JAI_BTS,BRSNR,BhankrotaHub_JAI_PL,PH-ZO-JAIBTS-23986564,expected,OPENED,26-09-2026 01:25,Akash Sharma
26-09-2026,26-09-2026,FMPC6525324326,BhankrotaHub_JAI_PL,KS TRADERS +917852883400,e31a3b4ecbf44787,dispatched_to_mh,North,LMA,1.00E+11,Watsoo,AmarSaini,Motherhub_JAI_BTS,BRSNR,BhankrotaHub_JAI_PL,PH-B1-JAIBTS-23937591,expected,OPENED,26-09-2026 01:22,Akash Sharma
26-09-2026,26-09-2026,FMPC6525212871,BhankrotaHub_JAI_PL,KS TRADERS +917852883400,e31a3b4ecbf44787,dispatched_to_mh,North,LMA,1.00E+11,Watsoo,AmarSaini,Motherhub_JAI_BTS,BRSNR,BhankrotaHub_JAI_PL,PH-B1-JAIBTS-23937591,expected,OPENED,26-09-2026 01:22,Akash Sharma
26-09-2026,26-09-2026,FMPC6525173547,BhankrotaHub_JAI_PL,KS TRADERS +917852883400,e31a3b4ecbf44787,dispatched_to_mh,North,LMA,1.00E+11,Watsoo,AmarSaini,Motherhub_JAI_BTS,BRSNR,BhankrotaHub_JAI_PL,PH-B1-JAIBTS-23937591,expected,OPENED,26-09-2026 01:22,Akash Sharma
26-09-2026,26-09-2026,FMPC6529224634,BhankrotaHub_JAI_PL,SUPREME BOND MATTRESS +917357826897,e7523eaae03e4ab1,dispatched_to_mh,North,LMA,1.00E+11,Vxpress,LuckyRajoriya,Motherhub_JAI_BTS,BRSNR,BhankrotaHub_JAI_PL,PH-B1-JAIBTS-23715649,expected,OPENED,26-09-2026 00:39,Akash Sharma
26-09-2026,26-09-2026,FMPC6525280422,BhankrotaHub_JAI_PL,KS TRADERS +917852883400,e31a3b4ecbf44787,dispatched_to_mh,North,LMA,1.00E+11,Watsoo,AmarSaini,Motherhub_JAI_BTS,BRSNR,BhankrotaHub_JAI_PL,PH-B1-JAIBTS-23937591,expected,OPENED,26-09-2026 01:22,Akash Sharma
26-09-2026,26-09-2026,FMPC6527932429,BhankrotaHub_JAI_PL,KATELA CREATION +919352484783,8df2ad48e7b64195,dispatched_to_mh,North,TRUEFLEX,807942,TRUEFLEX,SushilRathadiya,Motherhub_JAI_BTS,BRSNR,BhankrotaHub_JAI_PL,PH-ZO-JAIBTS-23988628,expected,OPENED,26-09-2026 00:30,Akash Sharma
26-09-2026,26-09-2026,FMPP4297599906,BhankrotaHub_JAI_PL,ROYAL TRADERS +919782893959,8d31850c36434cec,dispatched_to_mh,North,LMA,1.00E+11,Greenteck Logistics and Mobility Pvt Ltd,SachinDular,Motherhub_JAI_BTS,BRSNR,BhankrotaHub_JAI_PL,PH-B2-JAIBTS-23937922,expected,OPENED,26-09-2026 01:24,Akash Sharma
26-09-2026,26-09-2026,FMPC6529624481,BhankrotaHub_JAI_PL,Kanha Enterprises +917737365823,060020ad11e645cc,received_at_mh,North,LMA,1.00E+11,Vxpress,RameshSharma,Motherhub_JAI_BTS,BRSNR,BhankrotaHub_JAI_PL,PH-ZO-JAIBTS-23912493,expected,OPENED,26-09-2026 00:09,Akash Sharma
26-09-2026,26-09-2026,FMPC6525327422,BhankrotaHub_JAI_PL,KS TRADERS +917852883400,e31a3b4ecbf44787,dispatched_to_mh,North,LMA,1.00E+11,Watsoo,AmarSaini,Motherhub_JAI_BTS,BRSNR,BhankrotaHub_JAI_PL,PH-B1-JAIBTS-23937591,expected,OPENED,26-09-2026 01:22,Akash Sharma
26-09-2026,26-09-2026,FMPC6529005779,BhankrotaHub_JAI_PL,JUHI ART +919012433965,b4160d7cb21a4c0b,received_at_mh,North,LMA,1.00E+11,#N/A,#N/A,Motherhub_JAI_BTS,BRSNR,BhankrotaHub_JAI_PL,PH-B1-JAIBTS-23467814,expected,OPENED,26-09-2026 00:23,Akash Sharma
26-09-2026,26-09-2026,FMPC6525320202,BhankrotaHub_JAI_PL,KS TRADERS +917852883400,e31a3b4ecbf44787,dispatched_to_mh,North,LMA,1.00E+11,Watsoo,AmarSaini,Motherhub_JAI_BTS,BRSNR,BhankrotaHub_JAI_PL,PH-B1-JAIBTS-23937591,expected,OPENED,26-09-2026 01:22,Akash Sharma
26-09-2026,26-09-2026,FMPP4298617214,BelghariaHub_KOL_PL,Dollar Industries Ltd. 9830606037,iomewjrt4mo4rxdt,dispatched_to_mh,East,LMA,1.00E+11,Vxpress,AnmolKumar,Motherhub_HRN,BRSNR,BelghariaHub_KOL_PL,PH-B3-KOLHRN-8031008,expected,OPENED,26-09-2026 02:41,Somnath G
26-09-2026,26-09-2026,FMPC6527445975,BelghariaHub_KOL_PL,NXT GEN TRADERS +919230132228,8db26c9292e44f3d,dispatched_to_mh,East,LMA,1.00E+11,Vxpress,RajanBin,Motherhub_HRN,BRSNR,BelghariaHub_KOL_PL,PH-B3-KOLHRN-8013412,expected,OPENED,26-09-2026 02:48,Somnath G
26-09-2026,26-09-2026,FMPC6529149330,BhankrotaHub_JAI_PL,ASHAMOHAR +918003276060,313af5724a2b4164,dispatched_to_mh,North,LMA,1.00E+11,Vxpress,NaveenBairwa,Motherhub_JAI_BTS,BRSNR,BhankrotaHub_JAI_PL,PH-B1-JAIBTS-23308477,expected,OPENED,26-09-2026 00:18,Akash Sharma
26-09-2026,26-09-2026,MYEC1120415937,BelghariaHub_KOL_PL,MYE : SHARMA CLOTH CENTER-WEST BENGAL_PPMP_HEEH 8584907165,MYE_1b3f2a0e43fd750a64696eb40967a9da,dispatched_to_mh,East,LMA,1.00E+11,Vxpress,AnmolKumar,Motherhub_HRN,BRSNR,BelghariaHub_KOL_PL,PH-B3-KOLHRN-8031489,expected,OPENED,26-09-2026 02:46,Somnath G
26-09-2026,26-09-2026,VETC0219319732,DALHOUSIEHUB_KOL_PL,VET : AMAR PUBLICATION 9775040687,VET_8494918cb0c7d29f0bd89e8a8e158b74,dispatched_to_mh,East,LMA,1.00E+11,WERCATALYST VENTURES PVT LTD,DebjitAdhikkary,Motherhub_HRN,BRSNR,DALHOUSIEHUB_KOL_PL,PH-B3-KOLHRN-8012779,expected,OPENED,26-09-2026 02:17,Somnath G
26-09-2026,26-09-2026,VETC1725465775,DALHOUSIEHUB_KOL_PL,VET : AMAR PUBLICATION 9775040687,VET_8494918cb0c7d29f0bd89e8a8e158b74,dispatched_to_mh,East,LMA,1.00E+11,WERCATALYST VENTURES PVT LTD,DebjitAdhikkary,Motherhub_HRN,BRSNR,DALHOUSIEHUB_KOL_PL,PH-B3-KOLHRN-8012774,expected,OPENED,26-09-2026 02:14,Somnath G
26-09-2026,26-09-2026,FHHP4002249497,DALHOUSIEHUB_KOL_PL,FHH : PRIPTON INNOVATIONS 9831637013,FHH_662ca58ecf1e78bf807422165a0ba768,dispatched_to_mh,East,LMA,1.00E+11,WERCATALYST VENTURES PVT LTD,ArpanRoy,Motherhub_HRN,BRSNR,DALHOUSIEHUB_KOL_PL,PH-B3-KOLHRN-8033769,expected,OPENED,26-09-2026 02:28,Somnath G
26-09-2026,26-09-2026,NYKC0000518678,Bhiwandisplithub_BHI_PL,NYK : Nykaa Warehouse Mumbai 2 9096588846,NYK_08ca1c3926ad67db1ef3eae7603e4541,dispatched_to_mh,West,EKART,4278764,EKART,,Motherhub_SAI_4,BRSNR,Bhiwandisplithub_BHI_PL,PH-B2-MUMSAI-26913769,expected,OPENED,26-09-2026 05:25,Ashwarya Singh
26-09-2026,26-09-2026,VETC0941127214,DALHOUSIEHUB_KOL_PL,VET : AMAR PUBLICATION 9775040687,VET_8494918cb0c7d29f0bd89e8a8e158b74,dispatched_to_mh,East,LMA,1.00E+11,WERCATALYST VENTURES PVT LTD,DebjitAdhikkary,Motherhub_HRN,BRSNR,DALHOUSIEHUB_KOL_PL,PH-B3-KOLHRN-8012774,expected,OPENED,26-09-2026 02:14,Somnath G
26-09-2026,26-09-2026,VETC1523698247,DALHOUSIEHUB_KOL_PL,VET : AMAR PUBLICATION 9775040687,VET_8494918cb0c7d29f0bd89e8a8e158b74,dispatched_to_mh,East,LMA,1.00E+11,WERCATALYST VENTURES PVT LTD,DebjitAdhikkary,Motherhub_HRN,BRSNR,DALHOUSIEHUB_KOL_PL,PH-B3-KOLHRN-8012775,expected,OPENED,26-09-2026 02:14,Somnath G
26-09-2026,26-09-2026,VETC0371479365,DALHOUSIEHUB_KOL_PL,VET : AMAR PUBLICATION 9775040687,VET_8494918cb0c7d29f0bd89e8a8e158b74,dispatched_to_mh,East,LMA,1.00E+11,WERCATALYST VENTURES PVT LTD,DebjitAdhikkary,Motherhub_HRN,BRSNR,DALHOUSIEHUB_KOL_PL,PH-B3-KOLHRN-8012779,expected,OPENED,26-09-2026 02:17,Somnath G
26-09-2026,26-09-2026,VETP1656093646,DALHOUSIEHUB_KOL_PL,VET : AMAR PUBLICATION 9775040687,VET_8494918cb0c7d29f0bd89e8a8e158b74,dispatched_to_mh,East,LMA,1.00E+11,WERCATALYST VENTURES PVT LTD,DebjitAdhikkary,Motherhub_HRN,BRSNR,DALHOUSIEHUB_KOL_PL,PH-B3-KOLHRN-8012779,expected,OPENED,26-09-2026 02:17,Somnath G
26-09-2026,26-09-2026,VETC0757218185,DALHOUSIEHUB_KOL_PL,VET : AMAR PUBLICATION 9775040687,VET_8494918cb0c7d29f0bd89e8a8e158b74,dispatched_to_mh,East,LMA,1.00E+11,WERCATALYST VENTURES PVT LTD,DebjitAdhikkary,Motherhub_HRN,BRSNR,DALHOUSIEHUB_KOL_PL,PH-B3-KOLHRN-8012775,expected,OPENED,26-09-2026 02:14,Somnath G
26-09-2026,26-09-2026,VETC0437571494,DALHOUSIEHUB_KOL_PL,VET : AMAR PUBLICATION 9775040687,VET_8494918cb0c7d29f0bd89e8a8e158b74,dispatched_to_mh,East,LMA,1.00E+11,WERCATALYST VENTURES PVT LTD,DebjitAdhikkary,Motherhub_HRN,BRSNR,DALHOUSIEHUB_KOL_PL,PH-B3-KOLHRN-8012774,expected,OPENED,26-09-2026 02:14,Somnath G
26-09-2026,26-09-2026,VETC1928191667,DALHOUSIEHUB_KOL_PL,VET : AMAR PUBLICATION 9775040687,VET_8494918cb0c7d29f0bd89e8a8e158b74,dispatched_to_mh,East,LMA,1.00E+11,WERCATALYST VENTURES PVT LTD,DebjitAdhikkary,Motherhub_HRN,BRSNR,DALHOUSIEHUB_KOL_PL,PH-B3-KOLHRN-8014053,expected,OPENED,26-09-2026 02:15,Somnath G
26-09-2026,26-09-2026,VETC1529468010,DALHOUSIEHUB_KOL_PL,VET : AMAR PUBLICATION 9775040687,VET_8494918cb0c7d29f0bd89e8a8e158b74,dispatched_to_mh,East,LMA,1.00E+11,WERCATALYST VENTURES PVT LTD,DebjitAdhikkary,Motherhub_HRN,BRSNR,DALHOUSIEHUB_KOL_PL,PH-B3-KOLHRN-8012775,expected,OPENED,26-09-2026 02:14,Somnath G
26-09-2026,26-09-2026,VETC0312555134,DALHOUSIEHUB_KOL_PL,VET : AMAR PUBLICATION 9775040687,VET_8494918cb0c7d29f0bd89e8a8e158b74,dispatched_to_mh,East,LMA,1.00E+11,WERCATALYST VENTURES PVT LTD,DebjitAdhikkary,Motherhub_HRN,BRSNR,DALHOUSIEHUB_KOL_PL,PH-B3-KOLHRN-8014053,expected,OPENED,26-09-2026 02:15,Somnath G
26-09-2026,26-09-2026,FMPC6524100807,DALHOUSIEHUB_KOL_PL,Sheandhers +919875399519,c4623f3359a5419b,dispatched_to_mh,East,LMA,1.00E+11,WERCATALYST VENTURES PVT LTD,ArpanRoy,Motherhub_HRN,BRSNR,DALHOUSIEHUB_KOL_PL,PH-B3-KOLHRN-8033769,expected,OPENED,26-09-2026 02:28,Somnath G
26-09-2026,26-09-2026,VETC0525742426,DALHOUSIEHUB_KOL_PL,VET : AMAR PUBLICATION 9775040687,VET_8494918cb0c7d29f0bd89e8a8e158b74,dispatched_to_mh,East,LMA,1.00E+11,WERCATALYST VENTURES PVT LTD,DebjitAdhikkary,Motherhub_HRN,BRSNR,DALHOUSIEHUB_KOL_PL,PH-B3-KOLHRN-8012779,expected,OPENED,26-09-2026 02:17,Somnath G
26-09-2026,26-09-2026,VETC1012148675,DALHOUSIEHUB_KOL_PL,VET : AMAR PUBLICATION 9775040687,VET_8494918cb0c7d29f0bd89e8a8e158b74,dispatched_to_mh,East,LMA,1.00E+11,WERCATALYST VENTURES PVT LTD,DebjitAdhikkary,Motherhub_HRN,BRSNR,DALHOUSIEHUB_KOL_PL,PH-B3-KOLHRN-8012779,expected,OPENED,26-09-2026 02:17,Somnath G
26-09-2026,26-09-2026,FMPC6527736331,DALHOUSIEHUB_KOL_PL,Sheandhers +919875399519,c4623f3359a5419b,dispatched_to_mh,East,LMA,1.00E+11,WERCATALYST VENTURES PVT LTD,ArpanRoy,Motherhub_HRN,BRSNR,DALHOUSIEHUB_KOL_PL,PH-B3-KOLHRN-8033769,expected,OPENED,26-09-2026 02:28,Somnath G
26-09-2026,26-09-2026,VETC0106215578,DALHOUSIEHUB_KOL_PL,VET : AMAR PUBLICATION 9775040687,VET_8494918cb0c7d29f0bd89e8a8e158b74,dispatched_to_mh,East,LMA,1.00E+11,WERCATALYST VENTURES PVT LTD,DebjitAdhikkary,Motherhub_HRN,BRSNR,DALHOUSIEHUB_KOL_PL,PH-B3-KOLHRN-8012779,expected,OPENED,26-09-2026 02:17,Somnath G
26-09-2026,26-09-2026,FMPC6529347943,DALHOUSIEHUB_KOL_PL,Addcartmart International LLP +916291786123,b1ce0effdaef4a64,dispatched_to_mh,East,LMA,1.00E+11,WERCATALYST VENTURES PVT LTD,ArpanRoy,Motherhub_HRN,BRSNR,DALHOUSIEHUB_KOL_PL,PH-B3-KOLHRN-8033769,expected,OPENED,26-09-2026 02:28,Somnath G
26-09-2026,26-09-2026,VETC0174602131,DALHOUSIEHUB_KOL_PL,VET : AMAR PUBLICATION 9775040687,VET_8494918cb0c7d29f0bd89e8a8e158b74,dispatched_to_mh,East,LMA,1.00E+11,WERCATALYST VENTURES PVT LTD,DebjitAdhikkary,Motherhub_HRN,BRSNR,DALHOUSIEHUB_KOL_PL,PH-B3-KOLHRN-8012775,expected,OPENED,26-09-2026 02:14,Somnath G
26-09-2026,26-09-2026,VETC1160438480,DALHOUSIEHUB_KOL_PL,VET : AMAR PUBLICATION 9775040687,VET_8494918cb0c7d29f0bd89e8a8e158b74,dispatched_to_mh,East,LMA,1.00E+11,WERCATALYST VENTURES PVT LTD,DebjitAdhikkary,Motherhub_HRN,BRSNR,DALHOUSIEHUB_KOL_PL,PH-B3-KOLHRN-8012774,expected,OPENED,26-09-2026 02:14,Somnath G
26-09-2026,26-09-2026,VETC0705326059,DALHOUSIEHUB_KOL_PL,VET : AMAR PUBLICATION 9775040687,VET_8494918cb0c7d29f0bd89e8a8e158b74,dispatched_to_mh,East,LMA,1.00E+11,WERCATALYST VENTURES PVT LTD,DebjitAdhikkary,Motherhub_HRN,BRSNR,DALHOUSIEHUB_KOL_PL,PH-B3-KOLHRN-8014053,expected,OPENED,26-09-2026 02:15,Somnath G
26-09-2026,26-09-2026,FMPC6529801222,DALHOUSIEHUB_KOL_PL,USHA PUSTAK BHAWAN +918296764040,c187fc0f2989468c,dispatched_to_mh,East,LMA,1.00E+11,Vxpress,AnandSingh,Motherhub_HRN,BRSNR,DALHOUSIEHUB_KOL_PL,PH-B3-KOLHRN-8001668,expected,OPENED,26-09-2026 02:15,Somnath G
26-09-2026,26-09-2026,VETC1390143504,DALHOUSIEHUB_KOL_PL,VET : AMAR PUBLICATION 9775040687,VET_8494918cb0c7d29f0bd89e8a8e158b74,dispatched_to_mh,East,LMA,1.00E+11,WERCATALYST VENTURES PVT LTD,DebjitAdhikkary,Motherhub_HRN,BRSNR,DALHOUSIEHUB_KOL_PL,PH-B3-KOLHRN-8012774,expected,OPENED,26-09-2026 02:14,Somnath G
26-09-2026,26-09-2026,VETC0423023038,DALHOUSIEHUB_KOL_PL,VET : AMAR PUBLICATION 9775040687,VET_8494918cb0c7d29f0bd89e8a8e158b74,dispatched_to_mh,East,LMA,1.00E+11,WERCATALYST VENTURES PVT LTD,DebjitAdhikkary,Motherhub_HRN,BRSNR,DALHOUSIEHUB_KOL_PL,PH-B3-KOLHRN-8014053,expected,OPENED,26-09-2026 02:15,Somnath G
26-09-2026,26-09-2026,VETC0596311097,DALHOUSIEHUB_KOL_PL,VET : AMAR PUBLICATION 9775040687,VET_8494918cb0c7d29f0bd89e8a8e158b74,dispatched_to_mh,East,LMA,1.00E+11,WERCATALYST VENTURES PVT LTD,DebjitAdhikkary,Motherhub_HRN,BRSNR,DALHOUSIEHUB_KOL_PL,PH-B3-KOLHRN-8014053,expected,OPENED,26-09-2026 02:15,Somnath G
26-09-2026,26-09-2026,VETC0027117342,DALHOUSIEHUB_KOL_PL,VET : AMAR PUBLICATION 9775040687,VET_8494918cb0c7d29f0bd89e8a8e158b74,dispatched_to_mh,East,LMA,1.00E+11,WERCATALYST VENTURES PVT LTD,DebjitAdhikkary,Motherhub_HRN,BRSNR,DALHOUSIEHUB_KOL_PL,PH-B3-KOLHRN-8014053,expected,OPENED,26-09-2026 02:15,Somnath G
26-09-2026,26-09-2026,FMPP4297146376,DALHOUSIEHUB_KOL_PL,USHA PUSTAK BHAWAN +918296764040,c187fc0f2989468c,dispatched_to_mh,East,LMA,1.00E+11,Vxpress,AnandSingh,Motherhub_HRN,BRSNR,DALHOUSIEHUB_KOL_PL,PH-B3-KOLHRN-8001668,expected,OPENED,26-09-2026 02:15,Somnath G
26-09-2026,26-09-2026,VETC2052479557,DALHOUSIEHUB_KOL_PL,VET : AMAR PUBLICATION 9775040687,VET_8494918cb0c7d29f0bd89e8a8e158b74,dispatched_to_mh,East,LMA,1.00E+11,WERCATALYST VENTURES PVT LTD,DebjitAdhikkary,Motherhub_HRN,BRSNR,DALHOUSIEHUB_KOL_PL,PH-B3-KOLHRN-8014053,expected,OPENED,26-09-2026 02:15,Somnath G
26-09-2026,26-09-2026,NYKC0000518422,Bhiwandisplithub_BHI_PL,NYK : Nykaa Warehouse Mumbai 2 9096588846,NYK_08ca1c3926ad67db1ef3eae7603e4541,dispatched_to_mh,West,EKART,4278764,EKART,,Motherhub_SAI_4,BRSNR,Bhiwandisplithub_BHI_PL,PH-B2-MUMSAI-26913765,expected,OPENED,26-09-2026 05:26,Ashwarya Singh
26-09-2026,26-09-2026,VETC2033077698,DALHOUSIEHUB_KOL_PL,VET : AMAR PUBLICATION 9775040687,VET_8494918cb0c7d29f0bd89e8a8e158b74,dispatched_to_mh,East,LMA,1.00E+11,WERCATALYST VENTURES PVT LTD,DebjitAdhikkary,Motherhub_HRN,BRSNR,DALHOUSIEHUB_KOL_PL,PH-B3-KOLHRN-8012774,expected,OPENED,26-09-2026 02:14,Somnath G
26-09-2026,26-09-2026,FMPC6528945201,HawamahalHub_JAI_PL,NAVIKA SURBHI ENTERPRISES +918502055928,6f4e12a21cd748fd,received_at_mh,North,LMA,1.00E+11,#N/A,#N/A,Motherhub_JAI_BTS,BRSNR,HawamahalHub_JAI_PL,PH-B1-JAIBTS-23990482,expected,OPENED,26-09-2026 01:09,Akash Sharma
26-09-2026,26-09-2026,MYEC1120444437,HawamahalHub_JAI_PL,MYE : Lifestyle Jaipur MGF Mall Omni 6367126596,MYE_b4bba8c23d0bc27f81847d8008050882,dispatched_to_mh,North,LMA,1.00E+11,K AND K LOGISTICS,ZeeshanKhan,Motherhub_JAI_BTS,BRSNR,HawamahalHub_JAI_PL,PH-ZO-JAIBTS-23942392,expected,OPENED,26-09-2026 00:56,Akash Sharma
26-09-2026,26-09-2026,FMPC6527247534,GariaHub_KOL_PL,Rahul Chowdhury +918100381444,749b1e4d432e4d21,dispatched_to_mh,East,LMA,1.00E+11,WERCATALYST VENTURES PVT LTD,TanmayHalder,Motherhub_HRN,BRSNR,GariaHub_KOL_PL,PH-B3-KOLHRN-7594813,expected,OPENED,26-09-2026 02:04,Somnath G
26-09-2026,26-09-2026,MYEP1137560151,GariaHub_KOL_PL,MYE : Blackberrys Kolkata Theatre Road Omni 8910824032,MYE_44d753b35a2dcebe0e41b8428518d2b1,dispatched_to_mh,East,LMA,1.00E+11,WERCATALYST VENTURES PVT LTD,RahulRouth,Motherhub_HRN,BRSNR,GariaHub_KOL_PL,PH-B3-KOLHRN-8021869,expected,OPENED,26-09-2026 02:26,Somnath G
26-09-2026,26-09-2026,FMPC6527438458,HawamahalHub_JAI_PL,THE GIFT STUDIO +918764160913,525a3c295a8649f3,received_at_mh,North,LMA,1.00E+11,Fastbeetle service,ChandanKumar,Motherhub_JAI_BTS,BRSNR,HawamahalHub_JAI_PL,PH-B3-JAIBTS-23990309,expected,OPENED,26-09-2026 01:00,Akash Sharma
26-09-2026,26-09-2026,MAXP0001407441,GariaHub_KOL_PL,MAX : 7192-MAX-LANDMARK ONLINE INDIA 9831711583,MAX_96b1f0fff919cd8c71e05678031379fb,dispatched_to_mh,East,LMA,1.00E+11,WERCATALYST VENTURES PVT LTD,RahulRouth,Motherhub_HRN,BRSNR,GariaHub_KOL_PL,PH-B3-KOLHRN-8021869,expected,OPENED,26-09-2026 02:26,Somnath G
26-09-2026,26-09-2026,FMPC6522074495,HawamahalHub_JAI_PL,AURA +918764431171,c71b6ca74fc44cf7,received_at_mh,North,LMA,1.00E+11,K AND K LOGISTICS,ZeeshanKhan,Motherhub_JAI_BTS,BRSNR,HawamahalHub_JAI_PL,PH-B3-JAIBTS-23739937,expected,OPENED,26-09-2026 00:55,Akash Sharma
26-09-2026,26-09-2026,FMPP4293191895,HawamahalHub_JAI_PL,AURA +918764431171,c71b6ca74fc44cf7,received_at_mh,North,LMA,1.00E+11,K AND K LOGISTICS,ZeeshanKhan,Motherhub_JAI_BTS,BRSNR,HawamahalHub_JAI_PL,PH-B3-JAIBTS-23739937,expected,OPENED,26-09-2026 00:55,Akash Sharma
26-09-2026,26-09-2026,FMPC6527875164,HawamahalHub_JAI_PL,MANAN FASHION +919351216720,1088d00f97c04b3f,received_at_mh,North,LMA,1.00E+11,Watsoo,SahilHussain,Motherhub_JAI_BTS,BRSNR,HawamahalHub_JAI_PL,PH-B3-JAIBTS-23721865,expected,OPENED,25-09-2026 23:21,Akash Sharma
26-09-2026,26-09-2026,FMPC6528808559,HawamahalHub_JAI_PL,DJFOX +919358459899,4ef6d12cbf024aa6,dispatched_to_mh,North,LMA,1.00E+11,WHEELEY,FaizanAhmed,Motherhub_JAI_BTS,BRSNR,HawamahalHub_JAI_PL,PH-B3-JAIBTS-23889785,expected,OPENED,26-09-2026 00:33,Akash Sharma
26-09-2026,26-09-2026,FMPP4297931446,HawamahalHub_JAI_PL,ULTIMATE LIGHTING STORE +919758514774,653ba2eb5fe2440e,dispatched_to_mh,North,LMA,1.00E+11,K AND K LOGISTICS,PradeepTinkar,Motherhub_JAI_BTS,BRSNR,HawamahalHub_JAI_PL,PH-B2-JAIBTS-23989849,expected,OPENED,25-09-2026 23:28,Akash Sharma
26-09-2026,26-09-2026,FMPP4298020828,HawamahalHub_JAI_PL,GOURANGI ENTERPRISES +918302371854,a3feb6ee4c8348eb,received_at_mh,North,LMA,1.00E+11,Fastbeetle service,FaisalKhan,Motherhub_JAI_BTS,BRSNR,HawamahalHub_JAI_PL,PH-B1-JAIBTS-23998992,expected,OPENED,26-09-2026 01:02,Akash Sharma
26-09-2026,26-09-2026,FMPC6529161791,HawamahalHub_JAI_PL,S K EMPORIUM +917014584956,bf409d9b71d94f22,dispatched_to_mh,North,LMA,1.00E+11,WHEELEY,Mo.Faizan,Motherhub_JAI_BTS,BRSNR,HawamahalHub_JAI_PL,PH-B2-JAIBTS-23978284,expected,OPENED,25-09-2026 23:09,Akash Sharma
26-09-2026,26-09-2026,FMPC6529225315,GariaHub_KOL_PL,AKANSHA HAIR & SKIN CARE HERBAL UNIT (P) LTD. +919674948707,586a46488fec4822,received_at_mh,East,LMA,1.00E+11,WERCATALYST VENTURES PVT LTD,ArnabPoddar,Motherhub_HRN,BRSNR,GariaHub_KOL_PL,PH-B3-KOLHRN-7921998,expected,OPENED,26-09-2026 02:28,Somnath G
26-09-2026,26-09-2026,FMPP4296870093,HawamahalHub_JAI_PL,A and A Company +916350542247,be12b0b86bcf4aee,received_at_mh,North,LMA,1.00E+11,Fastbeetle service,FaisalKhan,Motherhub_JAI_BTS,BRSNR,HawamahalHub_JAI_PL,PH-ZO-JAIBTS-23999012,expected,OPENED,26-09-2026 01:00,Akash Sharma
26-09-2026,26-09-2026,FMPC6528304975,HawamahalHub_JAI_PL,AMAZING DEALS +917976404537,eed77c291b93434d,dispatched_to_mh,North,LMA,1.00E+11,Fastbeetle service,FaisalKhan,Motherhub_JAI_BTS,BRSNR,HawamahalHub_JAI_PL,PH-B2-JAIBTS-23998980,expected,OPENED,26-09-2026 00:59,Akash Sharma
26-09-2026,26-09-2026,FMPP4297594082,HawamahalHub_JAI_PL,MANAN FASHION +919351216720,1088d00f97c04b3f,received_at_mh,North,LMA,1.00E+11,Watsoo,SahilHussain,Motherhub_JAI_BTS,BRSNR,HawamahalHub_JAI_PL,PH-B3-JAIBTS-23721865,expected,OPENED,25-09-2026 23:21,Akash Sharma
26-09-2026,26-09-2026,MYEC1120459052,GariaHub_KOL_PL,MYE : ADL INTERNATIONAL_PPMP 9051643604,MYE_da285adfd151e458a9071dc5f59b432c,dispatched_to_mh,East,LMA,1.00E+11,WERCATALYST VENTURES PVT LTD,Krishna KumarShaw,Motherhub_HRN,BRSNR,GariaHub_KOL_PL,PH-B3-KOLHRN-7975215,expected,OPENED,26-09-2026 02:28,Somnath G
26-09-2026,26-09-2026,FMPC6528459520,JaipurHub_JAI_PL,MAHALAXMI CREATION +918306727200,799ba74c687b44e4,received_at_mh,North,LMA,1.00E+11,Transwide Express,DashrathIndoriya,Motherhub_JAI_BTS,BRSNR,JaipurHub_JAI_PL,PH-B3-JAIBTS-23957199,expected,OPENED,25-09-2026 18:31,Akash Sharma
26-09-2026,26-09-2026,FMPC6527065019,JaipurHub_JAI_PL,Harsha Collection +918529121843,03b91caf35934ec2,dispatched_to_mh,North,LMA,1.00E+11,#N/A,#N/A,Motherhub_JAI_BTS,BRSNR,JaipurHub_JAI_PL,PH-B3-JAIBTS-23476827,expected,OPENED,25-09-2026 19:37,Akash Sharma
26-09-2026,26-09-2026,FMPP4297237769,JaipurHub_JAI_PL,RADHE KRISHNA FASHIONS +916378041838,76b9cf8af04c456f,received_at_mh,North,LMA,1.00E+11,We Innovate Business Solutions Pvt Ltd,LalitSaini,Motherhub_JAI_BTS,BRSNR,JaipurHub_JAI_PL,PH-B3-JAIBTS-23924885,expected,OPENED,26-09-2026 03:04,Akash Sharma
26-09-2026,26-09-2026,FMPC6515560690,HowrahHub_KOL_PL,BAPPI NX +918240750217,afdec379abaf4833,received_at_seller,East,LMA,1.00E+11,WHEELEY,Md JiyarulMunsi,Motherhub_HRN,BRSNR,HowrahHub_KOL_PL,PH-B3-KOLHRN-8011548,expected,OPENED,26-09-2026 03:40,Somnath G
26-09-2026,26-09-2026,FMPC6527585121,HowrahHub_KOL_PL,SB LASKAR GARMENTS +916290454198,efdc8d65c7e2431d,received_at_seller,East,LMA,1.00E+11,WHEELEY,Md JiyarulMunsi,Motherhub_HRN,BRSNR,HowrahHub_KOL_PL,PH-B3-KOLHRN-7834693,expected,OPENED,26-09-2026 03:38,Somnath G
26-09-2026,26-09-2026,FMPC6527780938,HowrahHub_KOL_PL,KAYRA ENTERPRISES +916289612218,42fef707ae704233,dispatched_to_mh,East,LMA,1.00E+11,#N/A,#N/A,Motherhub_HRN,BRSNR,HowrahHub_KOL_PL,PH-B3-KOLHRN-8000589,expected,OPENED,26-09-2026 03:22,Somnath G
26-09-2026,26-09-2026,FMPC6529140433,JaipurHub_JAI_PL,minakshi creations +916378638645,ae4670d9936b43ea,received_at_mh,North,LMA,1.00E+11,#N/A,#N/A,Motherhub_JAI_BTS,BRSNR,JaipurHub_JAI_PL,PH-ZO-JAIBTS-23956809,expected,OPENED,25-09-2026 21:27,Akash Sharma
26-09-2026,26-09-2026,FMPC6528936017,HowrahHub_KOL_PL,SUVOPRIYA CREATIONS +918240780830,6204002fae2e479c,dispatched_to_mh,East,LMA,1.00E+11,#N/A,#N/A,Motherhub_HRN,BRSNR,HowrahHub_KOL_PL,PH-B3-KOLHRN-8012376,expected,OPENED,26-09-2026 04:21,Somnath G
26-09-2026,26-09-2026,FMPC6527315152,JaipurHub_JAI_PL,shri ram fashion art +919166313094,737b8f67338c4a3f,received_at_mh,North,LMA,1.00E+11,We Innovate Business Solutions Pvt Ltd,VikashMali,Motherhub_JAI_BTS,BRSNR,JaipurHub_JAI_PL,PH-B3-JAIBTS-23718223,expected,OPENED,26-09-2026 03:02,Akash Sharma
26-09-2026,26-09-2026,FMPC6529289743,JaipurHub_JAI_PL,Shree Sawariya Seth Trading Company +919035382848,785f9e98b69b42fd,dispatched_to_mh,North,LMA,1.00E+11,We Innovate Business Solutions Pvt Ltd,ShubhkeshMeena,Motherhub_JAI_BTS,BRSNR,JaipurHub_JAI_PL,PH-B3-JAIBTS-23924112,expected,OPENED,25-09-2026 21:45,Akash Sharma
26-09-2026,26-09-2026,MYEC1120433821,JaipurHub_JAI_PL,MYE : RAJASTHANI BUNAI RAJASTHAN PPMP 9001333934,MYE_194196e60764c18e6d0d6563992fdbbb,received_at_mh,North,LMA,1.00E+11,#N/A,#N/A,Motherhub_JAI_BTS,BRSNR,JaipurHub_JAI_PL,PH-ZO-JAIBTS-23994294,expected,OPENED,26-09-2026 03:09,Akash Sharma
26-09-2026,26-09-2026,FMPP4297118204,JaipurHub_JAI_PL,SRI BALAJEE ENTERPRISES +918905648837,bf1ee6216635462b,dispatched_to_mh,North,LMA,1.00E+11,Greenteck Logistics and Mobility Pvt Ltd,RANJEET SINGHKUSHWAHA,Motherhub_JAI_BTS,BRSNR,JaipurHub_JAI_PL,PH-B4-JAIBTS-23952060,expected,OPENED,25-09-2026 20:37,Akash Sharma
26-09-2026,26-09-2026,FMPC6528583519,JaipurHub_JAI_PL,Big Bang Creations +919785968479,b1f55696031b4310,dispatched_to_mh,North,LMA,4113832,#N/A,#N/A,Motherhub_JAI_BTS,BRSNR,JaipurHub_JAI_PL,PH-B1-JAIBTS-23998971,expected,OPENED,25-09-2026 22:09,Akash Sharma
26-09-2026,26-09-2026,FMPC6528991880,JaipurHub_JAI_PL,Di-kraft +919057548903,e29d4cdc1aba46a9,received_at_mh,North,LMA,1.00E+11,WHEELEY,Sourabh,Motherhub_JAI_BTS,BRSNR,JaipurHub_JAI_PL,PH-B3-JAIBTS-23956443,expected,OPENED,25-09-2026 22:15,Akash Sharma
26-09-2026,26-09-2026,FMPC6527085292,JaipurHub_JAI_PL,DAVADOST RETAIL PRIVATE LIMITED +919216023994,b5b6efb6bb8d4afb,dispatched_to_mh,North,LMA,1.00E+11,Greenteck Logistics and Mobility Pvt Ltd,Ganesh LalGurjar,Motherhub_JAI_BTS,BRSNR,JaipurHub_JAI_PL,PH-B4-JAIBTS-23826528,expected,OPENED,25-09-2026 19:33,Akash Sharma
26-09-2026,26-09-2026,FMPP4298533657,JaipurHub_JAI_PL,TANISHQ GARMENTS +918279317153,de8cbc0b37b746a1,dispatched_to_mh,North,LMA,1.00E+11,Greenteck Logistics and Mobility Pvt Ltd,DharmendraKushwaha,Motherhub_JAI_BTS,BRSNR,JaipurHub_JAI_PL,PH-B3-JAIBTS-23413173,expected,OPENED,25-09-2026 21:32,Akash Sharma
26-09-2026,26-09-2026,FMPP4296822819,JaipurHub_JAI_PL,shri ram fashion art +919166313094,737b8f67338c4a3f,dispatched_to_mh,North,LMA,1.00E+11,We Innovate Business Solutions Pvt Ltd,VikashMali,Motherhub_JAI_BTS,BRSNR,JaipurHub_JAI_PL,PH-B1-JAIBTS-23767628,expected,OPENED,26-09-2026 03:03,Akash Sharma
26-09-2026,26-09-2026,FMPC6528719404,HowrahHub_KOL_PL,REYANSH ENTERPRISE +916289993084,364aa0a00db445dc,dispatched_to_mh,East,LMA,1.00E+11,SAS,DipankarShaw,Motherhub_HRN,BRSNR,HowrahHub_KOL_PL,PH-B3-KOLHRN-7023738,expected,OPENED,26-09-2026 03:12,Somnath G
26-09-2026,26-09-2026,FMPC6528334357,JaipurHub_JAI_PL,PINKCITY CREATION +919530288288,8d769c6850ee4cf7,received_at_mh,North,LMA,1.00E+11,We Innovate Business Solutions Pvt Ltd,LalitSaini,Motherhub_JAI_BTS,BRSNR,JaipurHub_JAI_PL,PH-B1-JAIBTS-23990376,expected,OPENED,26-09-2026 03:11,Akash Sharma
26-09-2026,26-09-2026,FMPP4296993996,JaipurHub_JAI_PL,UNIQUE STORE +917406636478,1abc3db049cb4b80,received_at_mh,North,LMA,1.00E+11,Watsoo,RamawatarGurjar,Motherhub_JAI_BTS,BRSNR,JaipurHub_JAI_PL,PH-B1-JAIBTS-23956305,expected,OPENED,25-09-2026 21:03,Akash Sharma
26-09-2026,26-09-2026,FMPC6527309914,JaipurHub_JAI_PL,SUYASAM CREATIONS +918619456328,219dd7bb763d44d2,received_at_mh,North,LMA,1.00E+11,Greenteck Logistics and Mobility Pvt Ltd,VisharamGurjar,Motherhub_JAI_BTS,BRSNR,JaipurHub_JAI_PL,PH-B2-JAIBTS-23945683,expected,OPENED,25-09-2026 21:37,Akash Sharma
26-09-2026,26-09-2026,FMPC6528984120,HowrahHub_KOL_PL,TSA FASHION +917003972172,3337cd0fd4184309,dispatched_to_mh,East,LMA,1.00E+11,#N/A,#N/A,Motherhub_HRN,BRSNR,HowrahHub_KOL_PL,PH-B3-KOLHRN-8000589,expected,OPENED,26-09-2026 03:22,Somnath G
26-09-2026,26-09-2026,FMPC6528295720,JaipurHub_JAI_PL,Lunara Collection +917976113183,5d866a8420ae41bf,dispatched_to_mh,North,LMA,1.00E+11,Greenteck Logistics and Mobility Pvt Ltd,DharmendraKushwaha,Motherhub_JAI_BTS,BRSNR,JaipurHub_JAI_PL,PH-B2-JAIBTS-23412281,expected,OPENED,25-09-2026 21:30,Akash Sharma
26-09-2026,26-09-2026,FMPC6527752849,JaipurHub_JAI_PL,VATIKA AGRO STORE +918955315208,eefebcd9dd0f4aba,dispatched_to_mh,North,LMA,1.00E+11,Transwide Express,DashrathIndoriya,Motherhub_JAI_BTS,BRSNR,JaipurHub_JAI_PL,PH-B4-JAIBTS-23957206,expected,OPENED,25-09-2026 20:37,Akash Sharma
26-09-2026,26-09-2026,FMPC6529541116,JaipurHub_JAI_PL,SONISHQ ELEGANCE +918529373179,5b31c16ea4d149ea,received_at_mh,North,LMA,1.00E+11,We Innovate Business Solutions Pvt Ltd,Girraj PrasadMeena,Motherhub_JAI_BTS,BRSNR,JaipurHub_JAI_PL,PH-B2-JAIBTS-23857980,expected,OPENED,25-09-2026 22:20,Akash Sharma
26-09-2026,26-09-2026,FMPC6529684027,JaipurHub_JAI_PL,Siddhi Vinayak +919887856733,ea686caf56c54c47,received_at_mh,North,LMA,1.00E+11,#N/A,#N/A,Motherhub_JAI_BTS,BRSNR,JaipurHub_JAI_PL,PH-ZO-JAIBTS-23956810,expected,OPENED,25-09-2026 21:37,Akash Sharma
26-09-2026,26-09-2026,FMPC6528929756,JaipurHub_JAI_PL,AR ENTERPRISES +917737812503,3c2b9b8f04614b31,dispatched_to_mh,North,LMA,1.00E+11,We Innovate Business Solutions Pvt Ltd,VikramMahawar,Motherhub_JAI_BTS,BRSNR,JaipurHub_JAI_PL,PH-B2-JAIBTS-23858118,expected,OPENED,25-09-2026 21:24,Akash Sharma
26-09-2026,26-09-2026,FMPP4298478694,JaipurHub_JAI_PL,VIDHAM CREATIONS +917976271381,bc9dac1add634b56,received_at_mh,North,LMA,1.00E+11,We Innovate Business Solutions Pvt Ltd,Girraj PrasadMeena,Motherhub_JAI_BTS,BRSNR,JaipurHub_JAI_PL,PH-B3-JAIBTS-23858005,expected,OPENED,25-09-2026 21:45,Akash Sharma
26-09-2026,26-09-2026,FMPP4296610532,JaipurHub_JAI_PL,Chandel Enterprises +918000015494,f215e5357b754726,dispatched_to_mh,North,LMA,1.00E+11,#N/A,#N/A,Motherhub_JAI_BTS,BRSNR,JaipurHub_JAI_PL,PH-B2-JAIBTS-23928106,expected,OPENED,26-09-2026 02:52,Akash Sharma
26-09-2026,26-09-2026,FMPC6525519263,HowrahHub_KOL_PL,SRK FASHION +917439157097,a61b766f3aed42c2,dispatched_to_mh,East,LMA,1.00E+11,#N/A,#N/A,Motherhub_HRN,BRSNR,HowrahHub_KOL_PL,PH-B3-KOLHRN-8011664,expected,OPENED,26-09-2026 03:25,Somnath G
26-09-2026,26-09-2026,FMPP4297284332,JaipurHub_JAI_PL,Agarwal Book Company +917627059097,9bacdce0967f46f4,dispatched_to_mh,North,LMA,1.00E+11,WHEELEY,RamchandraChoudhary,Motherhub_JAI_BTS,BRSNR,JaipurHub_JAI_PL,PH-B3-JAIBTS-23988456,expected,OPENED,25-09-2026 21:23,Akash Sharma
26-09-2026,26-09-2026,FMPC6529684854,JaipurHub_JAI_PL,Siddhi Vinayak +919887856733,ea686caf56c54c47,received_at_mh,North,LMA,1.00E+11,#N/A,#N/A,Motherhub_JAI_BTS,BRSNR,JaipurHub_JAI_PL,PH-B1-JAIBTS-23956781,expected,OPENED,25-09-2026 21:34,Akash Sharma
26-09-2026,26-09-2026,FMPC6528556877,JaipurHub_JAI_PL,SAPNA FASHION +918619503365,c992dc565a564965,received_at_mh,North,LMA,1.00E+11,#N/A,#N/A,Motherhub_JAI_BTS,BRSNR,JaipurHub_JAI_PL,PH-B1-JAIBTS-23717030,expected,OPENED,25-09-2026 19:35,Akash Sharma
26-09-2026,26-09-2026,FMPC6529541396,JaipurHub_JAI_PL,SONISHQ ELEGANCE +918529373179,5b31c16ea4d149ea,received_at_mh,North,LMA,1.00E+11,We Innovate Business Solutions Pvt Ltd,Girraj PrasadMeena,Motherhub_JAI_BTS,BRSNR,JaipurHub_JAI_PL,PH-B1-JAIBTS-23857972,expected,OPENED,25-09-2026 21:35,Akash Sharma
26-09-2026,26-09-2026,FMPC6527110395,JaipurHub_JAI_PL,Siddhi Vinayak +919887856733,ea686caf56c54c47,received_at_mh,North,LMA,1.00E+11,#N/A,#N/A,Motherhub_JAI_BTS,BRSNR,JaipurHub_JAI_PL,PH-B1-JAIBTS-23791106,expected,OPENED,25-09-2026 21:38,Akash Sharma
26-09-2026,26-09-2026,FMPP4296962716,JaipurHub_JAI_PL,M/S MUSKAN GARMENTS +918209922486,053bca6819f64281,dispatched_to_mh,North,LMA,1.00E+11,Greenteck Logistics and Mobility Pvt Ltd,DharmendraKushwaha,Motherhub_JAI_BTS,BRSNR,JaipurHub_JAI_PL,PH-B4-JAIBTS-23412722,expected,OPENED,25-09-2026 21:28,Akash Sharma
26-09-2026,26-09-2026,FMPC6528293261,JaipurHub_JAI_PL,M/s SNEHA FASHION +919588887392,45413341056842c3,dispatched_to_mh,North,LMA,1.00E+11,Greenteck Logistics and Mobility Pvt Ltd,DharmendraKushwaha,Motherhub_JAI_BTS,BRSNR,JaipurHub_JAI_PL,PH-B3-JAIBTS-23413173,expected,OPENED,25-09-2026 21:32,Akash Sharma
26-09-2026,26-09-2026,FMPP4298571123,JaipurHub_JAI_PL,RADHIKA ENTERPRISES +918005866432,a5ec203cf7f24157,dispatched_to_mh,North,LMA,1.00E+11,Vxpress,KanaramJatwa,Motherhub_JAI_BTS,BRSNR,JaipurHub_JAI_PL,PH-ZO-JAIBTS-23717888,expected,OPENED,25-09-2026 20:29,Akash Sharma
26-09-2026,26-09-2026,FMPP4297355635,JaipurHub_JAI_PL,M/s SNEHA FASHION +919588887392,45413341056842c3,dispatched_to_mh,North,LMA,1.00E+11,Greenteck Logistics and Mobility Pvt Ltd,DharmendraKushwaha,Motherhub_JAI_BTS,BRSNR,JaipurHub_JAI_PL,PH-B1-JAIBTS-23412200,expected,OPENED,25-09-2026 21:32,Akash Sharma
26-09-2026,26-09-2026,FMPP4297769971,JaipurHub_JAI_PL,SAPNA GARMENTS +918003391935,7c7ea56e37cd4cac,received_at_mh,North,LMA,1.00E+11,Vxpress,Dinesh KumarNayak,Motherhub_JAI_BTS,BRSNR,JaipurHub_JAI_PL,PH-B1-JAIBTS-23976496,expected,OPENED,25-09-2026 22:09,Akash Sharma
26-09-2026,26-09-2026,NKFC0000869387,JaipurHub_JAI_PL,NKF : SMART STARTERS PRIVATE LIMITED 9928544787,NKF_01a7979c32be3fa3d0acd9ad5a3998e2,dispatched_to_mh,North,LMA,1.00E+11,Watsoo,Dilip SinghBairwa,Motherhub_JAI_BTS,BRSNR,JaipurHub_JAI_PL,PH-B1-JAIBTS-23927615,expected,OPENED,25-09-2026 20:59,Akash Sharma
26-09-2026,26-09-2026,FMPC6529623329,JaipurHub_JAI_PL,MOHINI CREATIONS +918302134853,3830f761390e4001,received_at_mh,North,LMA,4137564,#N/A,#N/A,Motherhub_JAI_BTS,BRSNR,JaipurHub_JAI_PL,PH-B1-JAIBTS-23958845,expected,OPENED,25-09-2026 21:49,Akash Sharma
26-09-2026,26-09-2026,FMPC6527601017,JaipurHub_JAI_PL,SONISHQ ELEGANCE +918529373179,5b31c16ea4d149ea,dispatched_to_mh,North,LMA,1.00E+11,We Innovate Business Solutions Pvt Ltd,Girraj PrasadMeena,Motherhub_JAI_BTS,BRSNR,JaipurHub_JAI_PL,PH-B2-JAIBTS-23857980,expected,OPENED,25-09-2026 22:20,Akash Sharma
26-09-2026,26-09-2026,FMPC6529014790,JaipurHub_JAI_PL,TRUSTin.ONLINE +917073998855,b39119b0051e48ff,dispatched_to_mh,North,LMA,1.00E+11,#N/A,#N/A,Motherhub_JAI_BTS,BRSNR,JaipurHub_JAI_PL,PH-ZO-JAIBTS-23944642,expected,OPENED,26-09-2026 03:36,Akash Sharma
26-09-2026,26-09-2026,FMPC6527882554,HowrahHub_KOL_PL,AS LONZO INDIAN FASHION +919062536553,0dfbf53be8744c37,dispatched_to_mh,East,LMA,1.00E+11,#N/A,#N/A,Motherhub_HRN,BRSNR,HowrahHub_KOL_PL,PH-B3-KOLHRN-8027834,expected,OPENED,26-09-2026 03:23,Somnath G
26-09-2026,26-09-2026,FMPC6529349536,JaipurHub_JAI_PL,L.N. Creations +917792040802,5c4725a89aca4cf1,received_at_mh,North,LMA,1.00E+11,Vxpress,Dinesh KumarNayak,Motherhub_JAI_BTS,BRSNR,JaipurHub_JAI_PL,PH-B4-JAIBTS-23922816,expected,OPENED,25-09-2026 21:46,Akash Sharma
26-09-2026,26-09-2026,FMPC6527715109,JaipurHub_JAI_PL,C R TRADERS +919610621470,85e4a7196e344206,dispatched_to_mh,North,TRUEFLEX,606213,TRUEFLEX,AakashMahajan,Motherhub_JAI_BTS,BRSNR,JaipurHub_JAI_PL,PH-B3-JAIBTS-23596842,expected,OPENED,25-09-2026 21:00,Akash Sharma
26-09-2026,26-09-2026,FMPP4296791740,JaipurHub_JAI_PL,himalaya traders +918559883480,44cd92fa34464dbd,received_at_mh,North,LMA,1.00E+11,Transwide Express,KeshavSharma,Motherhub_JAI_BTS,BRSNR,JaipurHub_JAI_PL,PH-B3-JAIBTS-23785325,expected,OPENED,25-09-2026 20:18,Akash Sharma
26-09-2026,26-09-2026,FMPP4298145283,JaipurHub_JAI_PL,SUVAJI TEXTILE +919664060623,47bf7659d86b46c9,dispatched_to_mh,North,LMA,1.00E+11,Greenteck Logistics and Mobility Pvt Ltd,VishalSaini,Motherhub_JAI_BTS,BRSNR,JaipurHub_JAI_PL,PH-B3-JAIBTS-23941235,expected,OPENED,26-09-2026 02:49,Akash Sharma
26-09-2026,26-09-2026,FMPC6528159909,JaipurHub_JAI_PL,M/s SNEHA FASHION +919588887392,45413341056842c3,dispatched_to_mh,North,LMA,1.00E+11,Greenteck Logistics and Mobility Pvt Ltd,DharmendraKushwaha,Motherhub_JAI_BTS,BRSNR,JaipurHub_JAI_PL,PH-B3-JAIBTS-23413173,expected,OPENED,25-09-2026 21:32,Akash Sharma
26-09-2026,26-09-2026,FMPC6529869552,JaipurHub_JAI_PL,Ratan Fabtex +919785688866,01d52358cccc4e08,received_at_mh,North,LMA,1.00E+11,#N/A,#N/A,Motherhub_JAI_BTS,BRSNR,JaipurHub_JAI_PL,PH-B2-JAIBTS-23817967,expected,OPENED,25-09-2026 19:35,Akash Sharma
26-09-2026,26-09-2026,FMPC6529019370,JaipurHub_JAI_PL,THE EMPIRE +918696574177,78ae53b8b73c4948,dispatched_to_mh,North,LMA,1.00E+11,Greenteck Logistics and Mobility Pvt Ltd,VisharamGurjar,Motherhub_JAI_BTS,BRSNR,JaipurHub_JAI_PL,PH-B4-JAIBTS-23945697,expected,OPENED,25-09-2026 21:37,Akash Sharma
26-09-2026,26-09-2026,FMPC6527693137,JaipurHub_JAI_PL,D' SASSSYN DECOR & Crockery +919376161404,9d05b5828ae749f5,received_at_mh,North,LMA,1.00E+11,#N/A,#N/A,Motherhub_JAI_BTS,BRSNR,JaipurHub_JAI_PL,PH-B3-JAIBTS-23994884,expected,OPENED,26-09-2026 03:06,Akash Sharma
26-09-2026,26-09-2026,FMPC6528808390,JaipurHub_JAI_PL,SHASHI CREATION +919782273545,a219be44f4414953,received_at_mh,North,LMA,1.00E+11,Greenteck Logistics and Mobility Pvt Ltd,Manish KumarMeena,Motherhub_JAI_BTS,BRSNR,JaipurHub_JAI_PL,PH-B4-JAIBTS-23995426,expected,OPENED,26-09-2026 03:00,Akash Sharma
26-09-2026,26-09-2026,MYEC1120411792,JaipurHub_JAI_PL,MYE : Sati International-rajasthan_PPMP_ASTP 8079058685,MYE_242be3cfe2f7ce407e9bed9632b0e6bd,received_at_mh,North,LMA,1.00E+11,Watsoo,RAJESHMEENA,Motherhub_JAI_BTS,BRSNR,JaipurHub_JAI_PL,PH-ZO-JAIBTS-23809158,expected,OPENED,26-09-2026 03:34,Akash Sharma
26-09-2026,26-09-2026,FMPP4295966040,JaipurHub_JAI_PL,SUDHIR LINING +919587166111,7e92155732db42af,received_at_mh,North,LMA,1.00E+11,Watsoo,Dilip SinghBairwa,Motherhub_JAI_BTS,BRSNR,JaipurHub_JAI_PL,PH-B1-JAIBTS-23957378,expected,OPENED,25-09-2026 20:58,Akash Sharma
26-09-2026,26-09-2026,FMPC6529801249,JaipurHub_JAI_PL,CincoCreations +918875597693,483e1a4c257a414d,received_at_mh,North,LMA,1.00E+11,WHEELEY,RamchandraChoudhary,Motherhub_JAI_BTS,BRSNR,JaipurHub_JAI_PL,PH-ZO-JAIBTS-23988513,expected,OPENED,25-09-2026 21:24,Akash Sharma
26-09-2026,26-09-2026,FMPC6527036052,HowrahHub_KOL_PL,KAYRA ENTERPRISES +916289612218,42fef707ae704233,dispatched_to_mh,East,LMA,1.00E+11,#N/A,#N/A,Motherhub_HRN,BRSNR,HowrahHub_KOL_PL,PH-B3-KOLHRN-8000589,expected,OPENED,26-09-2026 03:22,Somnath G
26-09-2026,26-09-2026,FMPC6528655771,JaipurHub_JAI_PL,M/S DHVANI CREATION +919772009128,4687e8c0a3994f64,received_at_mh,North,LMA,1.00E+11,Greenteck Logistics and Mobility Pvt Ltd,Manish KumarMeena,Motherhub_JAI_BTS,BRSNR,JaipurHub_JAI_PL,PH-B2-JAIBTS-23995271,expected,OPENED,26-09-2026 03:09,Akash Sharma
26-09-2026,26-09-2026,MYEP1137523588,JaipurHub_JAI_PL,MYE : RAJASTHANI BUNAI RAJASTHAN PPMP 9001333934,MYE_194196e60764c18e6d0d6563992fdbbb,received_at_mh,North,LMA,1.00E+11,#N/A,#N/A,Motherhub_JAI_BTS,BRSNR,JaipurHub_JAI_PL,PH-B2-JAIBTS-23994333,expected,OPENED,26-09-2026 03:03,Akash Sharma
26-09-2026,26-09-2026,FMPC6528494990,JaipurHub_JAI_PL,MOHINI CREATIONS +918302134853,3830f761390e4001,received_at_mh,North,LMA,4137564,#N/A,#N/A,Motherhub_JAI_BTS,BRSNR,JaipurHub_JAI_PL,PH-B1-JAIBTS-23958845,expected,OPENED,25-09-2026 21:49,Akash Sharma
26-09-2026,26-09-2026,FMPP4297601208,JaipurHub_JAI_PL,M/s SNEHA FASHION +919588887392,45413341056842c3,dispatched_to_mh,North,LMA,1.00E+11,Greenteck Logistics and Mobility Pvt Ltd,DharmendraKushwaha,Motherhub_JAI_BTS,BRSNR,JaipurHub_JAI_PL,PH-B4-JAIBTS-23412722,expected,OPENED,25-09-2026 21:28,Akash Sharma
26-09-2026,26-09-2026,FMPP4297763088,JaipurHub_JAI_PL,Aj INCORPORATION +919649223399,34b633fe84fa4138,dispatched_to_mh,North,LMA,1.00E+11,We Innovate Business Solutions Pvt Ltd,VikramMahawar,Motherhub_JAI_BTS,BRSNR,JaipurHub_JAI_PL,PH-B2-JAIBTS-23858118,expected,OPENED,25-09-2026 21:24,Akash Sharma
26-09-2026,26-09-2026,FMPC6523947292,JaipurHub_JAI_PL,VISHNU COLLECTIONS +919351416567,08ae86abbee74b15,received_at_mh,North,LMA,1.00E+11,Greenteck Logistics and Mobility Pvt Ltd,VikasBairwa,Motherhub_JAI_BTS,BRSNR,JaipurHub_JAI_PL,PH-B3-JAIBTS-23938965,expected,OPENED,25-09-2026 21:22,Akash Sharma
26-09-2026,26-09-2026,FMPC6529501728,JaipurHub_JAI_PL,RKS DISTRIBUTOR +919549546417,1e31ddd0679449df,received_at_mh,North,LMA,1.00E+11,Greenteck Logistics and Mobility Pvt Ltd,Manish KumarMeena,Motherhub_JAI_BTS,BRSNR,JaipurHub_JAI_PL,PH-B2-JAIBTS-23995374,expected,OPENED,26-09-2026 02:47,Akash Sharma
26-09-2026,26-09-2026,FMPC6522065586,JaipurHub_JAI_PL,VIDHAM CREATIONS +917976271381,bc9dac1add634b56,received_at_mh,North,LMA,1.00E+11,We Innovate Business Solutions Pvt Ltd,Girraj PrasadMeena,Motherhub_JAI_BTS,BRSNR,JaipurHub_JAI_PL,PH-ZO-JAIBTS-23858059,expected,OPENED,25-09-2026 22:15,Akash Sharma
26-09-2026,26-09-2026,FMPP4297595864,JaipurHub_JAI_PL,BALAJI ENTERPRISES +919413165729,86899c4a2b5c4edc,dispatched_to_mh,North,LMA,4113832,#N/A,#N/A,Motherhub_JAI_BTS,BRSNR,JaipurHub_JAI_PL,PH-ZO-JAIBTS-23960769,expected,OPENED,25-09-2026 21:04,Akash Sharma
26-09-2026,26-09-2026,FMPP4298522685,JaipurHub_JAI_PL,BULL'S EYE ENTERPRISES +919649001110,c8282334b0014e9e,received_at_mh,North,LMA,1.00E+11,#N/A,#N/A,Motherhub_JAI_BTS,BRSNR,JaipurHub_JAI_PL,PH-B3-JAIBTS-23994347,expected,OPENED,26-09-2026 03:08,Akash Sharma
26-09-2026,26-09-2026,MYEC1120405530,JaipurHub_JAI_PL,MYE : KISMAT COLLECTION-rajasthan_PPMP_JPJA 7877213196,MYE_b4b38baa67164b164f7d7aee0b95baf6,received_at_mh,North,LMA,1.00E+11,Vxpress,Sodan SinghKothyari,Motherhub_JAI_BTS,BRSNR,JaipurHub_JAI_PL,PH-ZO-JAIBTS-23695296,expected,OPENED,26-09-2026 03:29,Akash Sharma
26-09-2026,26-09-2026,FMPC6527209380,JaipurHub_JAI_PL,M/s SNEHA FASHION +919588887392,45413341056842c3,dispatched_to_mh,North,LMA,1.00E+11,Greenteck Logistics and Mobility Pvt Ltd,DharmendraKushwaha,Motherhub_JAI_BTS,BRSNR,JaipurHub_JAI_PL,PH-B2-JAIBTS-23412281,expected,OPENED,25-09-2026 21:30,Akash Sharma
26-09-2026,26-09-2026,FMPP4297677493,JaipurHub_JAI_PL,Women's Wardrobe +919887820407,4546412b30204f1a,received_at_mh,North,LMA,1.00E+11,#N/A,#N/A,Motherhub_JAI_BTS,BRSNR,JaipurHub_JAI_PL,PH-B3-JAIBTS-23994348,expected,OPENED,26-09-2026 03:05,Akash Sharma
26-09-2026,26-09-2026,FMPC6528770041,JaipurHub_JAI_PL,VISHNU COLLECTIONS +919351416567,08ae86abbee74b15,received_at_mh,North,LMA,1.00E+11,Greenteck Logistics and Mobility Pvt Ltd,VikasBairwa,Motherhub_JAI_BTS,BRSNR,JaipurHub_JAI_PL,PH-B4-JAIBTS-23938977,expected,OPENED,25-09-2026 22:17,Akash Sharma
26-09-2026,26-09-2026,FMPC6518253117,JaipurHub_JAI_PL,VIDHAM CREATIONS +917976271381,bc9dac1add634b56,received_at_mh,North,LMA,1.00E+11,We Innovate Business Solutions Pvt Ltd,Girraj PrasadMeena,Motherhub_JAI_BTS,BRSNR,JaipurHub_JAI_PL,PH-B4-JAIBTS-23858010,expected,OPENED,25-09-2026 22:17,Akash Sharma
26-09-2026,26-09-2026,FMPC6527357039,HowrahHub_KOL_PL,RIMJHIM CREATION +919875358699,766f4b2267f9421d,received_at_mh,East,LMA,1.00E+11,#N/A,#N/A,Motherhub_HRN,BRSNR,HowrahHub_KOL_PL,PH-B3-KOLHRN-7816683,expected,OPENED,26-09-2026 03:25,Somnath G
26-09-2026,26-09-2026,FMPC6529069291,JaipurHub_JAI_PL,RINO LED LIGHTING +919983982570,367b525c14594b96,dispatched_to_mh,North,LMA,1.00E+11,Watsoo,RAJESHMEENA,Motherhub_JAI_BTS,BRSNR,JaipurHub_JAI_PL,PH-B3-JAIBTS-23885361,expected,OPENED,26-09-2026 03:28,Akash Sharma
26-09-2026,26-09-2026,FMPP4296960178,JaipurHub_JAI_PL,OM EXPORTS +916350358100,137a3105c9e940d5,received_at_mh,North,TRUEFLEX,606213,TRUEFLEX,AakashMahajan,Motherhub_JAI_BTS,BRSNR,JaipurHub_JAI_PL,PH-B2-JAIBTS-23925399,expected,OPENED,26-09-2026 02:42,Akash Sharma
26-09-2026,26-09-2026,FMPC6527524610,JaipurHub_JAI_PL,FAIZ COLLECTION +917877956484,f2d7950c0d6d4f65,dispatched_to_mh,North,LMA,4137564,#N/A,#N/A,Motherhub_JAI_BTS,BRSNR,JaipurHub_JAI_PL,PH-B4-JAIBTS-23978694,expected,OPENED,25-09-2026 21:50,Akash Sharma
26-09-2026,26-09-2026,FMPP4296874473,JaipurHub_JAI_PL,Balaji Creations +918209757030,6ac139fa0f1d46c2,received_at_mh,North,LMA,1.00E+11,#N/A,#N/A,Motherhub_JAI_BTS,BRSNR,JaipurHub_JAI_PL,PH-B1-JAIBTS-23994319,expected,OPENED,26-09-2026 03:03,Akash Sharma
26-09-2026,26-09-2026,MYEC1120396573,JaipurHub_JAI_PL,MYE : DEEPALI HANDICRAFTS-RAJASTHAN_PPMP_FHII 9314534540,MYE_0d1a65c6d90f4a1b87685b7111a294ea,dispatched_to_mh,North,LMA,1.00E+11,#N/A,#N/A,Motherhub_JAI_BTS,BRSNR,JaipurHub_JAI_PL,PH-B3-JAIBTS-23956790,expected,OPENED,25-09-2026 19:26,Akash Sharma
26-09-2026,26-09-2026,FMPC6529025723,JaipurHub_JAI_PL,THE EMPIRE +918696574177,78ae53b8b73c4948,dispatched_to_mh,North,LMA,1.00E+11,Greenteck Logistics and Mobility Pvt Ltd,VisharamGurjar,Motherhub_JAI_BTS,BRSNR,JaipurHub_JAI_PL,PH-B1-JAIBTS-23945674,expected,OPENED,25-09-2026 21:38,Akash Sharma
26-09-2026,26-09-2026,FMPP4298597196,JaipurHub_JAI_PL,KANGOORA DESIGNS +918741890772,dcab3a2b90304ba9,dispatched_to_mh,North,LMA,1.00E+11,#N/A,#N/A,Motherhub_JAI_BTS,BRSNR,JaipurHub_JAI_PL,PH-ZO-JAIBTS-23826694,expected,OPENED,26-09-2026 02:41,Akash Sharma
26-09-2026,26-09-2026,FMPC6527400833,JaipurHub_JAI_PL,MANDAKINI FAB +917976983569,eb0277b82ea34d3b,dispatched_to_mh,North,LMA,1.00E+11,#N/A,#N/A,Motherhub_JAI_BTS,BRSNR,JaipurHub_JAI_PL,PH-B1-JAIBTS-23791106,expected,OPENED,25-09-2026 21:38,Akash Sharma
26-09-2026,26-09-2026,FMPC6528581783,JaipurHub_JAI_PL,Rangmahalstore +919680022112,8a0892eb85b54dce,dispatched_to_mh,North,LMA,1.00E+11,#N/A,#N/A,Motherhub_JAI_BTS,BRSNR,JaipurHub_JAI_PL,PH-B2-JAIBTS-23831269,expected,OPENED,26-09-2026 03:27,Akash Sharma
26-09-2026,26-09-2026,FMPC6528808146,JaipurHub_JAI_PL,SHYAM LAL GAUD +919785949345,5b5907408b2541a4,received_at_mh,North,LMA,1.00E+11,Greenteck Logistics and Mobility Pvt Ltd,Manish KumarMeena,Motherhub_JAI_BTS,BRSNR,JaipurHub_JAI_PL,PH-B4-JAIBTS-23995426,expected,OPENED,26-09-2026 03:00,Akash Sharma
26-09-2026,26-09-2026,FMPP4297490923,JaipurHub_JAI_PL,qKing +919314114740,ed8c40a8fcf143b5,dispatched_to_mh,North,LMA,1.00E+11,WHEELEY,RamchandraChoudhary,Motherhub_JAI_BTS,BRSNR,JaipurHub_JAI_PL,PH-B1-JAIBTS-23988418,expected,OPENED,25-09-2026 21:24,Akash Sharma
26-09-2026,26-09-2026,FMPC6528760097,JaipurHub_JAI_PL,M/S DHVANI CREATION +919772009128,4687e8c0a3994f64,received_at_mh,North,LMA,1.00E+11,Greenteck Logistics and Mobility Pvt Ltd,Manish KumarMeena,Motherhub_JAI_BTS,BRSNR,JaipurHub_JAI_PL,PH-B1-JAIBTS-23995268,expected,OPENED,26-09-2026 03:03,Akash Sharma
26-09-2026,26-09-2026,FMPP4298514662,JaipurHub_JAI_PL,CP Enterprises +916376225670,447f03ed41554ad2,received_at_mh,North,LMA,1.00E+11,#N/A,#N/A,Motherhub_JAI_BTS,BRSNR,JaipurHub_JAI_PL,PH-B2-JAIBTS-23679886,expected,OPENED,25-09-2026 20:49,Akash Sharma
26-09-2026,26-09-2026,FMPC6522435739,JaipurHub_JAI_PL,THE EMPIRE +918696574177,78ae53b8b73c4948,dispatched_to_mh,North,LMA,1.00E+11,Greenteck Logistics and Mobility Pvt Ltd,VisharamGurjar,Motherhub_JAI_BTS,BRSNR,JaipurHub_JAI_PL,PH-B4-JAIBTS-23945697,expected,OPENED,25-09-2026 21:37,Akash Sharma
26-09-2026,26-09-2026,FMPP4298522720,JaipurHub_JAI_PL,BULL'S EYE ENTERPRISES +919649001110,c8282334b0014e9e,received_at_mh,North,LMA,1.00E+11,#N/A,#N/A,Motherhub_JAI_BTS,BRSNR,JaipurHub_JAI_PL,PH-B1-JAIBTS-23994322,expected,OPENED,26-09-2026 03:04,Akash Sharma
26-09-2026,26-09-2026,FMPC6528008492,JaipurHub_JAI_PL,SRI BALAJEE ENTERPRISES +918905648837,bf1ee6216635462b,dispatched_to_mh,North,LMA,1.00E+11,Greenteck Logistics and Mobility Pvt Ltd,RANJEET SINGHKUSHWAHA,Motherhub_JAI_BTS,BRSNR,JaipurHub_JAI_PL,PH-ZO-JAIBTS-23952078,expected,OPENED,25-09-2026 20:39,Akash Sharma
26-09-2026,26-09-2026,FMPP4298609022,JaipurHub_JAI_PL,Di-kraft +919057548903,e29d4cdc1aba46a9,received_at_mh,North,LMA,1.00E+11,WHEELEY,Sourabh,Motherhub_JAI_BTS,BRSNR,JaipurHub_JAI_PL,PH-B3-JAIBTS-23956443,expected,OPENED,25-09-2026 22:15,Akash Sharma
26-09-2026,26-09-2026,FMPP4297338348,JaipurHub_JAI_PL,Lunara Collection +917976113183,5d866a8420ae41bf,dispatched_to_mh,North,LMA,1.00E+11,Greenteck Logistics and Mobility Pvt Ltd,DharmendraKushwaha,Motherhub_JAI_BTS,BRSNR,JaipurHub_JAI_PL,PH-ZO-JAIBTS-23412945,expected,OPENED,25-09-2026 21:32,Akash Sharma
26-09-2026,26-09-2026,FMPC6528797274,JaipurHub_JAI_PL,SHASHI CREATION +919782273545,a219be44f4414953,received_at_mh,North,LMA,1.00E+11,Greenteck Logistics and Mobility Pvt Ltd,Manish KumarMeena,Motherhub_JAI_BTS,BRSNR,JaipurHub_JAI_PL,PH-B4-JAIBTS-23995425,expected,OPENED,26-09-2026 03:00,Akash Sharma
26-09-2026,26-09-2026,FMPC6528171636,JaipurHub_JAI_PL,SONISHQ ELEGANCE +918529373179,5b31c16ea4d149ea,received_at_mh,North,LMA,1.00E+11,We Innovate Business Solutions Pvt Ltd,Girraj PrasadMeena,Motherhub_JAI_BTS,BRSNR,JaipurHub_JAI_PL,PH-B1-JAIBTS-23857972,expected,OPENED,25-09-2026 21:35,Akash Sharma
26-09-2026,26-09-2026,FMPP4297578552,JaipurHub_JAI_PL,BULL'S EYE ENTERPRISES +919649001110,c8282334b0014e9e,received_at_mh,North,LMA,1.00E+11,#N/A,#N/A,Motherhub_JAI_BTS,BRSNR,JaipurHub_JAI_PL,PH-B2-JAIBTS-23994333,expected,OPENED,26-09-2026 03:03,Akash Sharma
26-09-2026,26-09-2026,FMPP4296850309,JaipurHub_JAI_PL,SAYY +919649641685,a635a11b72504a0c,dispatched_to_mh,North,LMA,1.00E+11,Greenteck Logistics and Mobility Pvt Ltd,VisharamGurjar,Motherhub_JAI_BTS,BRSNR,JaipurHub_JAI_PL,PH-ZO-JAIBTS-23944975,expected,OPENED,25-09-2026 21:38,Akash Sharma
26-09-2026,26-09-2026,FMPP4298690407,JaipurHub_JAI_PL,VIDHAM CREATIONS +917976271381,bc9dac1add634b56,received_at_mh,North,LMA,1.00E+11,We Innovate Business Solutions Pvt Ltd,Girraj PrasadMeena,Motherhub_JAI_BTS,BRSNR,JaipurHub_JAI_PL,PH-B2-JAIBTS-23857980,expected,OPENED,25-09-2026 22:20,Akash Sharma
26-09-2026,26-09-2026,FMPP4298619860,JaipurHub_JAI_PL,C R TRADERS +919610621470,85e4a7196e344206,dispatched_to_mh,North,TRUEFLEX,606213,TRUEFLEX,AakashMahajan,Motherhub_JAI_BTS,BRSNR,JaipurHub_JAI_PL,PH-B3-JAIBTS-23596842,expected,OPENED,25-09-2026 21:00,Akash Sharma
26-09-2026,26-09-2026,FMPC6529696937,JaipurHub_JAI_PL,SHANKAR KRISHI SEWA KENDRA +919588825455,909fe0c77c214ee2,received_at_mh,North,TRUEFLEX,606213,TRUEFLEX,AakashMahajan,Motherhub_JAI_BTS,BRSNR,JaipurHub_JAI_PL,PH-B2-JAIBTS-23511645,expected,OPENED,25-09-2026 21:00,Akash Sharma
26-09-2026,26-09-2026,FMPC6528634520,JaipurHub_JAI_PL,VISHNU COLLECTIONS +919351416567,08ae86abbee74b15,received_at_mh,North,LMA,1.00E+11,Greenteck Logistics and Mobility Pvt Ltd,VikasBairwa,Motherhub_JAI_BTS,BRSNR,JaipurHub_JAI_PL,PH-B2-JAIBTS-23938955,expected,OPENED,25-09-2026 21:21,Akash Sharma
26-09-2026,26-09-2026,FMPC6529555338,HowrahHub_KOL_PL,JAHIR DRESSES +916289763134,7f5b211636a04ec8,dispatched_to_mh,East,LMA,1.00E+11,#N/A,#N/A,Motherhub_HRN,BRSNR,HowrahHub_KOL_PL,PH-B3-KOLHRN-7662074,expected,OPENED,26-09-2026 03:17,Somnath G
26-09-2026,26-09-2026,FMPC6529258513,HowrahHub_KOL_PL,SK FASHION +916290197512,991e63e76aa04d04,dispatched_to_mh,East,LMA,1.00E+11,#N/A,#N/A,Motherhub_HRN,BRSNR,HowrahHub_KOL_PL,PH-B3-KOLHRN-8033700,expected,OPENED,26-09-2026 04:11,Somnath G
26-09-2026,26-09-2026,FMPP4298235564,JaipurHub_JAI_PL,THE EMPIRE +918696574177,78ae53b8b73c4948,dispatched_to_mh,North,LMA,1.00E+11,Greenteck Logistics and Mobility Pvt Ltd,VisharamGurjar,Motherhub_JAI_BTS,BRSNR,JaipurHub_JAI_PL,PH-B2-JAIBTS-23945683,expected,OPENED,25-09-2026 21:37,Akash Sharma
26-09-2026,26-09-2026,FMPC6528641299,JaipurHub_JAI_PL,VISHNU COLLECTIONS +919351416567,08ae86abbee74b15,received_at_mh,North,LMA,1.00E+11,Greenteck Logistics and Mobility Pvt Ltd,VikasBairwa,Motherhub_JAI_BTS,BRSNR,JaipurHub_JAI_PL,PH-B2-JAIBTS-23938955,expected,OPENED,25-09-2026 21:21,Akash Sharma
26-09-2026,26-09-2026,FMPC6529841303,JaipurHub_JAI_PL,RADHIKA ENTERPRISES +918005866432,a5ec203cf7f24157,dispatched_to_mh,North,LMA,1.00E+11,Vxpress,KanaramJatwa,Motherhub_JAI_BTS,BRSNR,JaipurHub_JAI_PL,PH-ZO-JAIBTS-23717858,expected,OPENED,26-09-2026 03:32,Akash Sharma
26-09-2026,26-09-2026,FMPP4297641767,JaipurHub_JAI_PL,Di-kraft +919057548903,e29d4cdc1aba46a9,received_at_mh,North,LMA,1.00E+11,WHEELEY,Sourabh,Motherhub_JAI_BTS,BRSNR,JaipurHub_JAI_PL,PH-B1-JAIBTS-23843007,expected,OPENED,25-09-2026 22:14,Akash Sharma
26-09-2026,26-09-2026,FMPP4297819694,JaipurHub_JAI_PL,Siddhi Vinayak +919887856733,ea686caf56c54c47,dispatched_to_mh,North,LMA,1.00E+11,#N/A,#N/A,Motherhub_JAI_BTS,BRSNR,JaipurHub_JAI_PL,PH-B4-JAIBTS-23791217,expected,OPENED,25-09-2026 21:33,Akash Sharma
26-09-2026,26-09-2026,FMPC6528358259,JaipurHub_JAI_PL,M/s. KABIR ENTERPRISES +919409051448,2398fa94011048a6,received_at_mh,North,LMA,1.00E+11,We Innovate Business Solutions Pvt Ltd,ShubhkeshMeena,Motherhub_JAI_BTS,BRSNR,JaipurHub_JAI_PL,PH-B4-JAIBTS-23597483,expected,OPENED,25-09-2026 21:44,Akash Sharma
26-09-2026,26-09-2026,MYEP1137574901,JaipurHub_JAI_PL,MYE : NIGHTY KING-rajasthan_PPMP_YHTG 9782697822,MYE_da4c3fbb1d144c21c28138e12346c458,received_at_mh,North,LMA,1.00E+11,WHEELEY,RamchandraChoudhary,Motherhub_JAI_BTS,BRSNR,JaipurHub_JAI_PL,PH-B2-JAIBTS-23988427,expected,OPENED,25-09-2026 21:23,Akash Sharma
26-09-2026,26-09-2026,FMPC6527431838,JaipurHub_JAI_PL,REFOLLIUM +919079293245,95496561ab614ccf,received_at_mh,North,LMA,1.00E+11,#N/A,#N/A,Motherhub_JAI_BTS,BRSNR,JaipurHub_JAI_PL,PH-B1-JAIBTS-23863562,expected,OPENED,25-09-2026 19:35,Akash Sharma
26-09-2026,26-09-2026,FMPP4297435400,JaipurHub_JAI_PL,Lunara Collection +917976113183,5d866a8420ae41bf,dispatched_to_mh,North,LMA,1.00E+11,Greenteck Logistics and Mobility Pvt Ltd,DharmendraKushwaha,Motherhub_JAI_BTS,BRSNR,JaipurHub_JAI_PL,PH-ZO-JAIBTS-23412945,expected,OPENED,25-09-2026 21:32,Akash Sharma
26-09-2026,26-09-2026,FMPC6529372432,JaipurHub_JAI_PL,JAIPUR CLOTHING PRIVATE LIMITED +919929863159,001db6e19a364109,dispatched_to_mh,North,LMA,1.00E+11,Vxpress,Shiva KumarSaini,Motherhub_JAI_BTS,BRSNR,JaipurHub_JAI_PL,PH-B4-JAIBTS-23924405,expected,OPENED,25-09-2026 21:34,Akash Sharma
26-09-2026,26-09-2026,FMPC6528604924,JaipurHub_JAI_PL,MANVI CREATION ENTERPRISES +916378494827,c492c43879364547,dispatched_to_mh,North,LMA,1.00E+11,Greenteck Logistics and Mobility Pvt Ltd,DharmendraKushwaha,Motherhub_JAI_BTS,BRSNR,JaipurHub_JAI_PL,PH-B4-JAIBTS-23412722,expected,OPENED,25-09-2026 21:28,Akash Sharma
26-09-2026,26-09-2026,FMPC6524254708,JaipurHub_JAI_PL,THE EMPIRE +918696574177,78ae53b8b73c4948,dispatched_to_mh,North,LMA,1.00E+11,Greenteck Logistics and Mobility Pvt Ltd,VisharamGurjar,Motherhub_JAI_BTS,BRSNR,JaipurHub_JAI_PL,PH-B2-JAIBTS-23945683,expected,OPENED,25-09-2026 21:37,Akash Sharma
26-09-2026,26-09-2026,FMPC6527518164,JaipurHub_JAI_PL,Lunara Collection +917976113183,5d866a8420ae41bf,dispatched_to_mh,North,LMA,1.00E+11,Greenteck Logistics and Mobility Pvt Ltd,DharmendraKushwaha,Motherhub_JAI_BTS,BRSNR,JaipurHub_JAI_PL,PH-B3-JAIBTS-23413173,expected,OPENED,25-09-2026 21:32,Akash Sharma
26-09-2026,26-09-2026,FMPC6528650864,JaipurHub_JAI_PL,M/S DHVANI CREATION +919772009128,4687e8c0a3994f64,received_at_mh,North,LMA,1.00E+11,Greenteck Logistics and Mobility Pvt Ltd,Manish KumarMeena,Motherhub_JAI_BTS,BRSNR,JaipurHub_JAI_PL,PH-B3-JAIBTS-23995398,expected,OPENED,26-09-2026 03:05,Akash Sharma
26-09-2026,26-09-2026,FMPP4297337007,HowrahHub_KOL_PL,Guardian Healthcare Services Private Limited 8697844711,0192acbdf7de4cf2,dispatched_to_mh,East,LMA,1.00E+11,#N/A,#N/A,Motherhub_HRN,BRSNR,HowrahHub_KOL_PL,PH-B3-KOLHRN-7931443,expected,OPENED,26-09-2026 04:18,Somnath G
26-09-2026,26-09-2026,FMPP4298455376,JaipurHub_JAI_PL,Lunara Collection +917976113183,5d866a8420ae41bf,dispatched_to_mh,North,LMA,1.00E+11,Greenteck Logistics and Mobility Pvt Ltd,DharmendraKushwaha,Motherhub_JAI_BTS,BRSNR,JaipurHub_JAI_PL,PH-ZO-JAIBTS-23412945,expected,OPENED,25-09-2026 21:32,Akash Sharma
26-09-2026,26-09-2026,MYEC1120422856,JaipurHub_JAI_PL,MYE : ACS IMPEX RAJASTHAN PPMP 9413717888,MYE_5287791681b3b5ff260275a5ee265e11,received_at_mh,North,LMA,1.00E+11,#N/A,#N/A,Motherhub_JAI_BTS,BRSNR,JaipurHub_JAI_PL,PH-B1-JAIBTS-23826616,expected,OPENED,26-09-2026 02:38,Akash Sharma
26-09-2026,26-09-2026,FMPP4298478693,JaipurHub_JAI_PL,VIDHAM CREATIONS +917976271381,bc9dac1add634b56,received_at_mh,North,LMA,1.00E+11,We Innovate Business Solutions Pvt Ltd,Girraj PrasadMeena,Motherhub_JAI_BTS,BRSNR,JaipurHub_JAI_PL,PH-B2-JAIBTS-23857980,expected,OPENED,25-09-2026 22:20,Akash Sharma
26-09-2026,26-09-2026,FMPP4298593519,JaipurHub_JAI_PL,PRATAP PRINT +919079775745,141d720311d74103,dispatched_to_mh,North,LMA,1.00E+11,Vxpress,KanaramJatwa,Motherhub_JAI_BTS,BRSNR,JaipurHub_JAI_PL,PH-ZO-JAIBTS-23717858,expected,OPENED,26-09-2026 03:32,Akash Sharma
26-09-2026,26-09-2026,FMPC6527762034,MalviyaNagarhub_JAI_PL,SANCHIT +918708515550,48fd258cbe3a4b09,received_at_mh,North,LMA,1.00E+11,Vxpress,BalramMeena,Motherhub_JAI_BTS,BRSNR,MalviyaNagarhub_JAI_PL,PH-B4-JAIBTS-23948022,expected,OPENED,26-09-2026 01:54,Akash Sharma
26-09-2026,26-09-2026,SPOP1000408809,MalviyaNagarhub_JAI_PL,SPO : Kuldeep 7232009036,SPO_77e8af644f2cb953960aa102cb2c49ce,dispatched_to_mh,North,LMA,1.00E+11,K AND K LOGISTICS,MohammedNazim,Motherhub_JAI_BTS,BRSNR,MalviyaNagarhub_JAI_PL,PH-B2-JAIBTS-23855272,expected,OPENED,26-09-2026 02:17,Akash Sharma
26-09-2026,26-09-2026,FMPC6528102467,MalviyaNagarhub_JAI_PL,Enzine +919782694605,0d5e001be82a4185,dispatched_to_mh,North,TRUEFLEX,991758,TRUEFLEX,#N/A,Motherhub_JAI_BTS,BRSNR,MalviyaNagarhub_JAI_PL,PH-B2-JAIBTS-22787298,expected,OPENED,26-09-2026 00:35,Akash Sharma
26-09-2026,26-09-2026,FMPC6528349018,MalviyaNagarhub_JAI_PL,RAJIKA +916376562065,b3203015b5984004,received_at_mh,North,LMA,1.00E+11,#N/A,#N/A,Motherhub_JAI_BTS,BRSNR,MalviyaNagarhub_JAI_PL,PH-B1-JAIBTS-23957478,expected,OPENED,25-09-2026 21:43,Akash Sharma
26-09-2026,26-09-2026,FMPP4296831509,MalviyaNagarhub_JAI_PL,MONEY MAYA +919352583462,c6b62e350c5240d6,received_at_mh,North,LMA,1.00E+11,#N/A,#N/A,Motherhub_JAI_BTS,BRSNR,MalviyaNagarhub_JAI_PL,PH-B3-JAIBTS-23830046,expected,OPENED,26-09-2026 02:28,Akash Sharma
26-09-2026,26-09-2026,FMPC6527521368,MalviyaNagarhub_JAI_PL,SIYA CREATION +918209665792,11d529a41df34816,dispatched_to_mh,North,LMA,1.00E+11,#N/A,#N/A,Motherhub_JAI_BTS,BRSNR,MalviyaNagarhub_JAI_PL,PH-B3-JAIBTS-23831988,expected,OPENED,25-09-2026 21:43,Akash Sharma
26-09-2026,26-09-2026,MYEC1120458416,MalviyaNagarhub_JAI_PL,MYE : HARAH RAJASTHAN PPMP 9855927651,MYE_de25ea4c07927e9ac3e62d051238ef30,received_at_mh,North,LMA,1.00E+11,#N/A,#N/A,Motherhub_JAI_BTS,BRSNR,MalviyaNagarhub_JAI_PL,PH-B2-JAIBTS-23830025,expected,OPENED,26-09-2026 02:30,Akash Sharma
26-09-2026,26-09-2026,FMPC6527042750,MalviyaNagarhub_JAI_PL,H D ENTERPRISES +917073898340,c4ef6bb3fba64a0d,received_at_mh,North,LMA,1.00E+11,Vxpress,BalramMeena,Motherhub_JAI_BTS,BRSNR,MalviyaNagarhub_JAI_PL,PH-B2-JAIBTS-23947878,expected,OPENED,26-09-2026 01:58,Akash Sharma
26-09-2026,26-09-2026,FMPP4237105697,SectorVHub_KOL_PL,RMS ENTERPRISES +917011993425,78d5e3c1325d4f60,received_at_mh,East,LMA,1.00E+11,WERCATALYST VENTURES PVT LTD,BUBAIPRADHAN,Motherhub_HRN,BRSNR,SectorVHub_KOL_PL,PH-B6-KOLHRN-7842762,expected,OPENED,26-09-2026 03:58,Somnath G
26-09-2026,26-09-2026,MYEP1137462153,SectorVHub_KOL_PL,MYE : Pantaloons Westbury Kolkata Diamond City Omni 9088662909,MYE_273389b9c6c6579c0e662b1d1bb02f86,dispatched_to_mh,East,LMA,1.00E+11,WERCATALYST VENTURES PVT LTD,RAJUSARKAR,Motherhub_HRN,BRSNR,SectorVHub_KOL_PL,PH-B3-KOLHRN-8021847,expected,OPENED,26-09-2026 02:45,Somnath G
26-09-2026,26-09-2026,FMPC6528254217,SectorVHub_KOL_PL,BAIDYA NURSERY +919123397768,91de97c82a254312,dispatched_to_mh,East,LMA,4379457,#N/A,#N/A,Motherhub_HRN,BRSNR,SectorVHub_KOL_PL,PH-B3-KOLHRN-8018998,expected,OPENED,26-09-2026 02:49,Somnath G
26-09-2026,26-09-2026,FMPP4297103286,ShyamnagarHub_JAI_PL,Y&A'M +917014103108,b7fbfe98f88d4fb7,dispatched_to_mh,North,EKART,4282332,EKART,,Motherhub_JAI_BTS,BRSNR,ShyamnagarHub_JAI_PL,PH-B6-JAIBTS-23870076,expected,OPENED,25-09-2026 20:12,Akash Sharma
26-09-2026,26-09-2026,FMPP4297999094,ShyamnagarHub_JAI_PL,LAVERNE 8290900306,1643334d04e04f8e,received_at_mh,North,EKART,4282332,EKART,,Motherhub_JAI_BTS,BRSNR,ShyamnagarHub_JAI_PL,PH-B2-JAIBTS-23870115,expected,OPENED,25-09-2026 20:11,Akash Sharma
26-09-2026,26-09-2026,FMPP4298611505,ShyamnagarHub_JAI_PL,Y&A'M +917014103108,b7fbfe98f88d4fb7,dispatched_to_mh,North,EKART,4282332,EKART,,Motherhub_JAI_BTS,BRSNR,ShyamnagarHub_JAI_PL,PH-B2-JAIBTS-23870400,expected,OPENED,25-09-2026 20:12,Akash Sharma
26-09-2026,26-09-2026,FMPC6527322015,SitapuraHub_JAI_PL,PARI FASHION +917851853656,426b5737232d41e6,received_at_mh,North,LMA,1.00E+11,Greenteck Logistics and Mobility Pvt Ltd,Phool ChandMeena,Motherhub_JAI_BTS,BRSNR,SitapuraHub_JAI_PL,PH-B4-JAIBTS-23659676,expected,OPENED,25-09-2026 22:32,Akash Sharma
26-09-2026,26-09-2026,MYEP1137492025,SitapuraHub_JAI_PL,MYE : H and S Studio LLP_PPMP 7340660967,MYE_99671c911217fa6075c527ba9919e936,received_at_mh,North,LMA,1.00E+11,#N/A,#N/A,Motherhub_JAI_BTS,BRSNR,SitapuraHub_JAI_PL,PH-B3-JAIBTS-22353411,expected,OPENED,25-09-2026 23:39,Akash Sharma
26-09-2026,26-09-2026,FMPP4298352684,SitapuraHub_JAI_PL,AARU FASHION +917082693441,58d4a36da5ca4ff9,received_at_mh,North,LMA,1.00E+11,WHEELEY,Asharam,Motherhub_JAI_BTS,BRSNR,SitapuraHub_JAI_PL,PH-B2-JAIBTS-22976171,expected,OPENED,25-09-2026 21:13,Akash Sharma
26-09-2026,26-09-2026,NKFP0000980972,SitapuraHub_JAI_PL,NKF : Indra Fab Private Limited 6350127657,NKF_3cdfdcc65e00192fe5608f22b7e27763,dispatched_to_mh,North,LMA,1.00E+11,We Innovate Business Solutions Pvt Ltd,AnkitChoudhary,Motherhub_JAI_BTS,BRSNR,SitapuraHub_JAI_PL,PH-B1-JAIBTS-23995723,expected,OPENED,25-09-2026 23:31,Akash Sharma
26-09-2026,26-09-2026,FMPP4298589491,SitapuraHub_JAI_PL,S.K. ENTERPRISES +916377671540,3a03e6bdbf0f4a1a,received_at_mh,North,LMA,1.00E+11,#N/A,#N/A,Motherhub_JAI_BTS,BRSNR,SitapuraHub_JAI_PL,PH-B3-JAIBTS-23995779,expected,OPENED,25-09-2026 23:32,Akash Sharma
26-09-2026,26-09-2026,FMPP4298234217,SitapuraHub_JAI_PL,Narmada Prints +917877274474,1ac25bd15d3842dc,received_at_mh,North,LMA,1.00E+11,Greenteck Logistics and Mobility Pvt Ltd,Vishnu KumarKushwaha,Motherhub_JAI_BTS,BRSNR,SitapuraHub_JAI_PL,PH-B3-JAIBTS-23981509,expected,OPENED,25-09-2026 22:45,Akash Sharma
26-09-2026,26-09-2026,FMPC6528758839,SitapuraHub_JAI_PL,MEENU FASHION +916350620694,cdd7f49f56274c06,received_at_mh,North,LMA,1.00E+11,#N/A,#N/A,Motherhub_JAI_BTS,BRSNR,SitapuraHub_JAI_PL,PH-B3-JAIBTS-23471056,expected,OPENED,25-09-2026 23:24,Akash Sharma
26-09-2026,26-09-2026,FMPC6527282639,SitapuraHub_JAI_PL,SATVIKA TRADERS +918769415065,16b0a907ec3e42e2,received_at_mh,North,LMA,1.00E+11,#N/A,#N/A,Motherhub_JAI_BTS,BRSNR,SitapuraHub_JAI_PL,PH-B2-JAIBTS-23925055,expected,OPENED,26-09-2026 00:25,Akash Sharma
26-09-2026,26-09-2026,MYEP1137492872,SitapuraHub_JAI_PL,MYE : H and S Studio LLP_PPMP 7340660967,MYE_99671c911217fa6075c527ba9919e936,received_at_mh,North,LMA,1.00E+11,#N/A,#N/A,Motherhub_JAI_BTS,BRSNR,SitapuraHub_JAI_PL,PH-B3-JAIBTS-22353411,expected,OPENED,25-09-2026 23:39,Akash Sharma
26-09-2026,26-09-2026,FMPC6527993754,SitapuraHub_JAI_PL,MEGHNA TEXTILE +919352194021,b7ebf0aeb3294e92,received_at_mh,North,LMA,1.00E+11,Transwide Express,Om PrakashMeena,Motherhub_JAI_BTS,BRSNR,SitapuraHub_JAI_PL,PH-B3-JAIBTS-23470445,expected,OPENED,25-09-2026 22:34,Akash Sharma
26-09-2026,26-09-2026,FMPC6528896008,SitapuraHub_JAI_PL,PINKCITY TEXTILE +918955920251,372eee237b03431b,received_at_mh,North,LMA,1.00E+11,We Innovate Business Solutions Pvt Ltd,Ajit KumarMeena,Motherhub_JAI_BTS,BRSNR,SitapuraHub_JAI_PL,PH-B1-JAIBTS-23537032,expected,OPENED,25-09-2026 22:41,Akash Sharma
26-09-2026,26-09-2026,FMPP4297325665,SitapuraHub_JAI_PL,M/s ADI SHREE +919928152792,d7398c4508b84690,received_at_mh,North,EKART,4166910,EKART,,Motherhub_JAI_BTS,BRSNR,SitapuraHub_JAI_PL,PH-ZO-JAIBTS-22498605,expected,OPENED,26-09-2026 01:56,Akash Sharma
26-09-2026,26-09-2026,FMPP4298504193,SitapuraHub_JAI_PL,Ayan Traders +919672077310,9a9f8b93d03e4c97,dispatched_to_mh,North,LMA,1.00E+11,WHEELEY,Asharam,Motherhub_JAI_BTS,BRSNR,SitapuraHub_JAI_PL,PH-ZO-JAIBTS-23450939,expected,OPENED,25-09-2026 21:04,Akash Sharma
26-09-2026,26-09-2026,FMPC6528073923,SitapuraHub_JAI_PL,JAIPURI COTTON +919680916670,601ebfbad1304d4c,dispatched_to_mh,North,LMA,1.00E+11,Transwide Express,KaranSingh,Motherhub_JAI_BTS,BRSNR,SitapuraHub_JAI_PL,PH-ZO-JAIBTS-23981820,expected,OPENED,25-09-2026 22:37,Akash Sharma
26-09-2026,26-09-2026,FMPC6527342693,SitapuraHub_JAI_PL,AURIPRX FASHION +918690653457,9889c5734ae04bd5,dispatched_to_mh,North,LMA,1.00E+11,#N/A,#N/A,Motherhub_JAI_BTS,BRSNR,SitapuraHub_JAI_PL,PH-B4-JAIBTS-23644223,expected,OPENED,25-09-2026 22:53,Akash Sharma
26-09-2026,26-09-2026,FMPC6528758664,SitapuraHub_JAI_PL,SHYAM TRADERS +918209125378,91858a4999b942b2,received_at_mh,North,LMA,1.00E+11,Transwide Express,LokeshKumar,Motherhub_JAI_BTS,BRSNR,SitapuraHub_JAI_PL,PH-ZO-JAIBTS-23371197,expected,OPENED,25-09-2026 23:48,Akash Sharma
26-09-2026,26-09-2026,FMPC6529070826,SitapuraHub_JAI_PL,PINKCITY TEXTILE +918955920251,372eee237b03431b,received_at_mh,North,LMA,1.00E+11,We Innovate Business Solutions Pvt Ltd,Ajit KumarMeena,Motherhub_JAI_BTS,BRSNR,SitapuraHub_JAI_PL,PH-B1-JAIBTS-23537032,expected,OPENED,25-09-2026 22:41,Akash Sharma
26-09-2026,26-09-2026,FMPC6530365216,SitapuraHub_JAI_PL,VNV Creation +919950078730,e84f31b44f474505,dispatched_to_mh,North,LMA,1.00E+11,RAMEZO ENTERPRISES,ShubhamSaini,Motherhub_JAI_BTS,BRSNR,SitapuraHub_JAI_PL,PH-B1-JAIBTS-23573286,expected,OPENED,25-09-2026 22:33,Akash Sharma
26-09-2026,26-09-2026,FMPP4297184788,SitapuraHub_JAI_PL,R.K.CRAFT +919024476521,34e340445d824403,dispatched_to_mh,North,LMA,1.00E+11,Transwide Express,KaranSingh,Motherhub_JAI_BTS,BRSNR,SitapuraHub_JAI_PL,PH-B1-JAIBTS-23981740,expected,OPENED,25-09-2026 23:46,Akash Sharma
26-09-2026,26-09-2026,FMPC6529844196,SitapuraHub_JAI_PL,REYANSH CREATIONS +916367308624,9c4b90331193480e,dispatched_to_mh,North,LMA,1.00E+11,Vxpress,Netram,Motherhub_JAI_BTS,BRSNR,SitapuraHub_JAI_PL,PH-B3-JAIBTS-22179483,expected,OPENED,25-09-2026 21:50,Akash Sharma
26-09-2026,26-09-2026,FMPC6527452305,SitapuraHub_JAI_PL,kumar Creation +919099692999,a96f946e1ac247ae,dispatched_to_mh,North,LMA,1.00E+11,Vxpress,AjayKumar,Motherhub_JAI_BTS,BRSNR,SitapuraHub_JAI_PL,PH-B1-JAIBTS-23968626,expected,OPENED,26-09-2026 01:52,Akash Sharma
26-09-2026,26-09-2026,FMPP4297168495,SitapuraHub_JAI_PL,SHYAM TRADERS +918209125378,91858a4999b942b2,dispatched_to_mh,North,LMA,1.00E+11,Transwide Express,LokeshKumar,Motherhub_JAI_BTS,BRSNR,SitapuraHub_JAI_PL,PH-ZO-JAIBTS-23371197,expected,OPENED,25-09-2026 23:48,Akash Sharma
26-09-2026,26-09-2026,FMPC6528669310,SitapuraHub_JAI_PL,Amayra Fashion +919166483827,536697fbe68a45d8,dispatched_to_mh,North,LMA,1.00E+11,We Innovate Business Solutions Pvt Ltd,RAHUL,Motherhub_JAI_BTS,BRSNR,SitapuraHub_JAI_PL,PH-B3-JAIBTS-23804203,expected,OPENED,26-09-2026 00:12,Akash Sharma
26-09-2026,26-09-2026,FMPP4297761920,SitapuraHub_JAI_PL,LAWA MART +918005752521,8692dd07bb034745,dispatched_to_mh,North,LMA,1.00E+11,WHEELEY,Asharam,Motherhub_JAI_BTS,BRSNR,SitapuraHub_JAI_PL,PH-B3-JAIBTS-23428294,expected,OPENED,25-09-2026 21:04,Akash Sharma
26-09-2026,26-09-2026,FMPP4298307091,SitapuraHub_JAI_PL,PAYAL FASHION +919057120348,d0a364fb64ff47b1,dispatched_to_mh,North,LMA,1.00E+11,RAMEZO ENTERPRISES,ShubhamSaini,Motherhub_JAI_BTS,BRSNR,SitapuraHub_JAI_PL,PH-B1-JAIBTS-23573288,expected,OPENED,25-09-2026 22:31,Akash Sharma
26-09-2026,26-09-2026,FMPC6528428268,SitapuraHub_JAI_PL,LAWA MART +918005752521,8692dd07bb034745,dispatched_to_mh,North,LMA,1.00E+11,WHEELEY,Asharam,Motherhub_JAI_BTS,BRSNR,SitapuraHub_JAI_PL,PH-B1-JAIBTS-23561712,expected,OPENED,25-09-2026 21:03,Akash Sharma
26-09-2026,26-09-2026,FMPC6529776699,SitapuraHub_JAI_PL,GOPI FASHION +917357718658,6d48970ee2be4f10,dispatched_to_mh,North,LMA,1.00E+11,#N/A,#N/A,Motherhub_JAI_BTS,BRSNR,SitapuraHub_JAI_PL,PH-B2-JAIBTS-23778625,expected,OPENED,26-09-2026 01:46,Akash Sharma
26-09-2026,26-09-2026,FMPC6527769409,SitapuraHub_JAI_PL,BELYE TEXTILE +917231836595,3d4ee0f7cc4e44a6,received_at_mh,North,LMA,1.00E+11,We Innovate Business Solutions Pvt Ltd,ShrirajBairwa,Motherhub_JAI_BTS,BRSNR,SitapuraHub_JAI_PL,PH-B2-JAIBTS-23955786,expected,OPENED,25-09-2026 23:51,Akash Sharma
26-09-2026,26-09-2026,FMPC6527465592,SitapuraHub_JAI_PL,Himalaya Creation +919119331023,ba169703cd0b4756,dispatched_to_mh,North,LMA,1.00E+11,Greenteck Logistics and Mobility Pvt Ltd,ShahrukhKhan,Motherhub_JAI_BTS,BRSNR,SitapuraHub_JAI_PL,PH-B4-JAIBTS-23663697,expected,OPENED,25-09-2026 23:41,Akash Sharma
26-09-2026,26-09-2026,FMPC6527897500,SitapuraHub_JAI_PL,PINKCITY TEXTILE +918955920251,372eee237b03431b,received_at_mh,North,LMA,1.00E+11,We Innovate Business Solutions Pvt Ltd,Ajit KumarMeena,Motherhub_JAI_BTS,BRSNR,SitapuraHub_JAI_PL,PH-B3-JAIBTS-23661832,expected,OPENED,26-09-2026 00:32,Akash Sharma
26-09-2026,26-09-2026,FMPP4297472982,SitapuraHub_JAI_PL,MEENU FASHION +916350620694,cdd7f49f56274c06,received_at_mh,North,LMA,1.00E+11,#N/A,#N/A,Motherhub_JAI_BTS,BRSNR,SitapuraHub_JAI_PL,PH-ZO-JAIBTS-23471116,expected,OPENED,25-09-2026 23:24,Akash Sharma
26-09-2026,26-09-2026,FMPP4297272457,SitapuraHub_JAI_PL,INDIDRESS +919694706929,26739a10a61a4a9b,received_at_mh,North,LMA,1.00E+11,#N/A,#N/A,Motherhub_JAI_BTS,BRSNR,SitapuraHub_JAI_PL,PH-B3-JAIBTS-23644165,expected,OPENED,25-09-2026 22:54,Akash Sharma
26-09-2026,26-09-2026,FMPC6529474222,SitapuraHub_JAI_PL,LC'S LAXMI SALES +919829053480,7f4fedbad58843dd,received_at_mh,North,LMA,1.00E+11,#N/A,#N/A,Motherhub_JAI_BTS,BRSNR,SitapuraHub_JAI_PL,PH-B3-JAIBTS-22353411,expected,OPENED,25-09-2026 23:39,Akash Sharma
26-09-2026,26-09-2026,FMPC6528367708,SitapuraHub_JAI_PL,Mr. Vikas Yadav +918005645269,0949e64011d94fc8,dispatched_to_mh,North,LMA,1.00E+11,Greenteck Logistics and Mobility Pvt Ltd,Vishnu KumarKushwaha,Motherhub_JAI_BTS,BRSNR,SitapuraHub_JAI_PL,PH-B4-JAIBTS-23981498,expected,OPENED,25-09-2026 22:45,Akash Sharma
26-09-2026,26-09-2026,FMPC6528262749,SitapuraHub_JAI_PL,INDIDRESS +919694706929,26739a10a61a4a9b,dispatched_to_mh,North,LMA,1.00E+11,#N/A,#N/A,Motherhub_JAI_BTS,BRSNR,SitapuraHub_JAI_PL,PH-B2-JAIBTS-22857452,expected,OPENED,25-09-2026 22:53,Akash Sharma
26-09-2026,26-09-2026,MYEC1120395987,SitapuraHub_JAI_PL,MYE : NEEL FAB & FASHION_PPMP_BFES 9269999915,MYE_7b57515b06d297edb403f6aa25fd6a03,received_at_mh,North,LMA,1.00E+11,Vxpress,Mukesh KumarNayak,Motherhub_JAI_BTS,BRSNR,SitapuraHub_JAI_PL,PH-B2-JAIBTS-23471345,expected,OPENED,25-09-2026 21:56,Akash Sharma
26-09-2026,26-09-2026,FMPP4297245873,SitapuraHub_JAI_PL,MAA NAGANHA FASHION +918690684834,3cc566a173d240ca,received_at_mh,North,LMA,1.00E+11,Vxpress,AjayKumar,Motherhub_JAI_BTS,BRSNR,SitapuraHub_JAI_PL,PH-B2-JAIBTS-23142297,expected,OPENED,25-09-2026 21:49,Akash Sharma
26-09-2026,26-09-2026,FMPC6528085027,SitapuraHub_JAI_PL,Sonam Fashion +918949268593,651a112c7bc74013,dispatched_to_mh,North,LMA,1.00E+11,We Innovate Business Solutions Pvt Ltd,RAHUL,Motherhub_JAI_BTS,BRSNR,SitapuraHub_JAI_PL,PH-B4-JAIBTS-23827954,expected,OPENED,26-09-2026 00:12,Akash Sharma
26-09-2026,26-09-2026,FMPP4296942675,SitapuraHub_JAI_PL,MS PRINT +917877708254,7110fa606e404af7,received_at_mh,North,LMA,1.00E+11,Transwide Express,KaranSingh,Motherhub_JAI_BTS,BRSNR,SitapuraHub_JAI_PL,PH-B2-JAIBTS-23730710,expected,OPENED,26-09-2026 02:05,Akash Sharma
26-09-2026,26-09-2026,FMPC6529173922,SitapuraHub_JAI_PL,SADHANA GARMENTS +919369570429,21c47f3e78ca4e20,dispatched_to_mh,North,LMA,1.00E+11,#N/A,#N/A,Motherhub_JAI_BTS,BRSNR,SitapuraHub_JAI_PL,PH-B4-JAIBTS-23778685,expected,OPENED,26-09-2026 01:48,Akash Sharma
26-09-2026,26-09-2026,FMPC6529128805,VKIAHub_JAI_PL,BHAVYANSHU TRADING +919887592863,cc61530dade7443d,dispatched_to_mh,North,TRUEFLEX,1250593,TRUEFLEX,SurendraKumar Choudhary,Motherhub_JAI_BTS,BRSNR,VKIAHub_JAI_PL,PH-B1-JAIBTS-23605924,expected,OPENED,26-09-2026 00:41,Akash Sharma
26-09-2026,26-09-2026,FMPC6528348772,VKIAHub_JAI_PL,MEENA ENTERPRISES +916375282713,ba417ece624b49bf,received_at_mh,North,TRUEFLEX,1284657,TRUEFLEX,RakeshKumar Saini,Motherhub_JAI_BTS,BRSNR,VKIAHub_JAI_PL,PH-B4-JAIBTS-23966522,expected,OPENED,25-09-2026 22:50,Akash Sharma
26-09-2026,26-09-2026,FMPP4297852078,VKIAHub_JAI_PL,TitanX +916376664196,b8557e8669a54c03,dispatched_to_mh,North,LMA,1.00E+11,Vxpress,ManishKumar,Motherhub_JAI_BTS,BRSNR,VKIAHub_JAI_PL,PH-B3-JAIBTS-23980024,expected,OPENED,25-09-2026 23:54,Akash Sharma
26-09-2026,26-09-2026,FMPC6528193548,VKIAHub_JAI_PL,Radha Sales +919145880638,0c49882fdf614e6e,dispatched_to_mh,North,LMA,1.00E+11,We Innovate Business Solutions Pvt Ltd,YogeshKumar,Motherhub_JAI_BTS,BRSNR,VKIAHub_JAI_PL,PH-B1-JAIBTS-23994473,expected,OPENED,26-09-2026 02:13,Akash Sharma
26-09-2026,26-09-2026,FMPC6528444539,VKIAHub_JAI_PL,Abhisumat +918385927574,f160bf1b80b1426a,dispatched_to_mh,North,LMA,1.00E+11,Vxpress,Pooran mal,Motherhub_JAI_BTS,BRSNR,VKIAHub_JAI_PL,PH-B2-JAIBTS-23985372,expected,OPENED,25-09-2026 23:27,Akash Sharma
26-09-2026,26-09-2026,FMPC6530176945,VKIAHub_JAI_PL,ANUSHKA AND ESHANT COMPANY +916376783236,ee8b54833be94b7c,received_at_mh,North,LMA,1.00E+11,We Innovate Business Solutions Pvt Ltd,YogeshKumar,Motherhub_JAI_BTS,BRSNR,VKIAHub_JAI_PL,PH-B3-JAIBTS-23995593,expected,OPENED,26-09-2026 02:34,Akash Sharma
26-09-2026,26-09-2026,FMPC6526922303,VKIAHub_JAI_PL,PRAJAPATI ENTERPRISES +918502013903,0e3329d1a798461c,dispatched_to_mh,North,TRUEFLEX,1281776,TRUEFLEX,DeepakDubey,Motherhub_JAI_BTS,BRSNR,VKIAHub_JAI_PL,PH-B3-JAIBTS-23177496,expected,OPENED,26-09-2026 00:54,Akash Sharma
26-09-2026,26-09-2026,FMPC6529740139,VKIAHub_JAI_PL,HARSHITA ENTERPRISES +917014807557,9bf8959e010240fb,received_at_mh,North,TRUEFLEX,1199571,TRUEFLEX,DipendrKumar Nitharwal,Motherhub_JAI_BTS,BRSNR,VKIAHub_JAI_PL,PH-B3-JAIBTS-23809530,expected,OPENED,26-09-2026 00:51,Akash Sharma
26-09-2026,26-09-2026,FMPC6527387987,VKIAHub_JAI_PL,R.S.MOTORS +919309413841,b2ca3e6add3e4a2c,dispatched_to_mh,North,LMA,1.00E+11,We Innovate Business Solutions Pvt Ltd,YogeshKumar,Motherhub_JAI_BTS,BRSNR,VKIAHub_JAI_PL,PH-B1-JAIBTS-23994473,expected,OPENED,26-09-2026 02:13,Akash Sharma
26-09-2026,26-09-2026,FMPC6528025921,VKIAHub_JAI_PL,M/s. Animated Jewellery +918193936165,b5c8eefa69104714,dispatched_to_mh,North,LMA,1.00E+11,Transwide Express,RakeshSevaliya,Motherhub_JAI_BTS,BRSNR,VKIAHub_JAI_PL,PH-B4-JAIBTS-22816340,expected,OPENED,25-09-2026 23:29,Akash Sharma
26-09-2026,26-09-2026,FMPC6527170243,VKIAHub_JAI_PL,M/s. Animated Jewellery +918193936165,b5c8eefa69104714,dispatched_to_mh,North,LMA,1.00E+11,Transwide Express,RakeshSevaliya,Motherhub_JAI_BTS,BRSNR,VKIAHub_JAI_PL,PH-ZO-JAIBTS-23205921,expected,OPENED,25-09-2026 23:16,Akash Sharma
26-09-2026,26-09-2026,FMPC6529670895,VKIAHub_JAI_PL,HARSHITA ENTERPRISES +917014807557,9bf8959e010240fb,received_at_mh,North,TRUEFLEX,1199571,TRUEFLEX,DipendrKumar Nitharwal,Motherhub_JAI_BTS,BRSNR,VKIAHub_JAI_PL,PH-B2-JAIBTS-23879913,expected,OPENED,26-09-2026 00:45,Akash Sharma
26-09-2026,26-09-2026,FMPP4297291845,VKIAHub_JAI_PL,RCR FOODS +917014121125,8bef3489ba63408c,received_at_mh,North,LMA,1.00E+11,#N/A,#N/A,Motherhub_JAI_BTS,BRSNR,VKIAHub_JAI_PL,PH-B3-JAIBTS-23995598,expected,OPENED,25-09-2026 23:02,Akash Sharma
26-09-2026,26-09-2026,FMPC6529870554,VKIAHub_JAI_PL,G P ENTERPRISES 9309367178,cde73e6a1e814531,received_at_mh,North,LMA,1.00E+11,#N/A,#N/A,Motherhub_JAI_BTS,BRSNR,VKIAHub_JAI_PL,PH-B3-JAIBTS-23567333,expected,OPENED,26-09-2026 02:37,Akash Sharma
26-09-2026,26-09-2026,FMPP4298162960,VKIAHub_JAI_PL,SANJANA ENTERPRISES +919351129600,2f1cea2d4e884552,dispatched_to_mh,North,LMA,1.00E+11,#N/A,#N/A,Motherhub_JAI_BTS,BRSNR,VKIAHub_JAI_PL,PH-B3-JAIBTS-23754289,expected,OPENED,25-09-2026 23:23,Akash Sharma
26-09-2026,26-09-2026,FMPP4298447574,VKIAHub_JAI_PL,Mahadev Creation +918824021444,75c79e2156d94073,received_at_mh,North,TRUEFLEX,1350288,TRUEFLEX,RahulChoudhary,Motherhub_JAI_BTS,BRSNR,VKIAHub_JAI_PL,PH-B2-JAIBTS-23954813,expected,OPENED,25-09-2026 23:15,Akash Sharma
26-09-2026,26-09-2026,FMPC6528569593,VKIAHub_JAI_PL,HARITWAL BROTHER'S +918290901603,ef87ca84463d46c6,dispatched_to_mh,North,LMA,1.00E+11,We Innovate Business Solutions Pvt Ltd,Vivek SinghNaruka,Motherhub_JAI_BTS,BRSNR,VKIAHub_JAI_PL,PH-B4-JAIBTS-23981325,expected,OPENED,25-09-2026 23:26,Akash Sharma
26-09-2026,26-09-2026,FMPC6527700459,VKIAHub_JAI_PL,M/s. Animated Jewellery +918193936165,b5c8eefa69104714,dispatched_to_mh,North,LMA,1.00E+11,Transwide Express,RakeshSevaliya,Motherhub_JAI_BTS,BRSNR,VKIAHub_JAI_PL,PH-B4-JAIBTS-22816340,expected,OPENED,25-09-2026 23:29,Akash Sharma
26-09-2026,26-09-2026,FMPC6527471404,VKIAHub_JAI_PL,ONLINESHOPY +916376881589,253a8835d93b478b,received_at_mh,North,TRUEFLEX,1281776,TRUEFLEX,DeepakDubey,Motherhub_JAI_BTS,BRSNR,VKIAHub_JAI_PL,PH-B3-JAIBTS-23177496,expected,OPENED,26-09-2026 00:54,Akash Sharma
26-09-2026,26-09-2026,FMPC6527137498,VKIAHub_JAI_PL,RCR FOODS +917014121125,8bef3489ba63408c,received_at_mh,North,LMA,1.00E+11,#N/A,#N/A,Motherhub_JAI_BTS,BRSNR,VKIAHub_JAI_PL,PH-B3-JAIBTS-23995598,expected,OPENED,25-09-2026 23:02,Akash Sharma
26-09-2026,26-09-2026,FMPC6527276906,VKIAHub_JAI_PL,M/s. Animated Jewellery +918193936165,b5c8eefa69104714,dispatched_to_mh,North,LMA,1.00E+11,Transwide Express,RakeshSevaliya,Motherhub_JAI_BTS,BRSNR,VKIAHub_JAI_PL,PH-B4-JAIBTS-22816340,expected,OPENED,25-09-2026 23:29,Akash Sharma
26-09-2026,26-09-2026,FMPC6528639562,VKIAHub_JAI_PL,ISHANK Fashion Hub +919251258564,425f9d1380614042,dispatched_to_mh,North,LMA,4092407,#N/A,#N/A,Motherhub_JAI_BTS,BRSNR,VKIAHub_JAI_PL,PH-B4-JAIBTS-23979760,expected,OPENED,26-09-2026 00:20,Akash Sharma
26-09-2026,26-09-2026,FMPC6528968757,VKIAHub_JAI_PL,ANUSHKA AND ESHANT COMPANY +916376783236,ee8b54833be94b7c,received_at_mh,North,LMA,1.00E+11,We Innovate Business Solutions Pvt Ltd,YogeshKumar,Motherhub_JAI_BTS,BRSNR,VKIAHub_JAI_PL,PH-B2-JAIBTS-23638140,expected,OPENED,26-09-2026 02:28,Akash Sharma
26-09-2026,26-09-2026,FMPC6528053430,VKIAHub_JAI_PL,M/s. Animated Jewellery +918193936165,b5c8eefa69104714,dispatched_to_mh,North,LMA,1.00E+11,Transwide Express,RakeshSevaliya,Motherhub_JAI_BTS,BRSNR,VKIAHub_JAI_PL,PH-B1-JAIBTS-22816083,expected,OPENED,25-09-2026 23:29,Akash Sharma
26-09-2026,26-09-2026,FMPC6528478416,VKIAHub_JAI_PL,M/s. Animated Jewellery +918193936165,b5c8eefa69104714,dispatched_to_mh,North,LMA,1.00E+11,Transwide Express,RakeshSevaliya,Motherhub_JAI_BTS,BRSNR,VKIAHub_JAI_PL,PH-B1-JAIBTS-22816083,expected,OPENED,25-09-2026 23:29,Akash Sharma
26-09-2026,26-09-2026,FMPC6527605737,VKIAHub_JAI_PL,Raj Enterprises +919251041313,a7df096e4ea24809,received_at_mh,North,LMA,1.00E+11,#N/A,#N/A,Motherhub_JAI_BTS,BRSNR,VKIAHub_JAI_PL,PH-B2-JAIBTS-23837328,expected,OPENED,25-09-2026 23:48,Akash Sharma
26-09-2026,26-09-2026,FMPC6528225327,VKIAHub_JAI_PL,M/s. Animated Jewellery +918193936165,b5c8eefa69104714,dispatched_to_mh,North,LMA,1.00E+11,Transwide Express,RakeshSevaliya,Motherhub_JAI_BTS,BRSNR,VKIAHub_JAI_PL,PH-B1-JAIBTS-22816083,expected,OPENED,25-09-2026 23:29,Akash Sharma
26-09-2026,26-09-2026,FMPP4298082161,VKIAHub_JAI_PL,SHRI SANWARIYA TRADERS +919509556420,804266241f714958,received_at_mh,North,LMA,1.00E+11,Transwide Express,VISHAL KUMARJONWAL,Motherhub_JAI_BTS,BRSNR,VKIAHub_JAI_PL,PH-B3-JAIBTS-23996161,expected,OPENED,25-09-2026 22:41,Akash Sharma
26-09-2026,26-09-2026,FMPP4297461504,VKIAHub_JAI_PL,Radha Sales +919145880638,0c49882fdf614e6e,dispatched_to_mh,North,LMA,1.00E+11,We Innovate Business Solutions Pvt Ltd,YogeshKumar,Motherhub_JAI_BTS,BRSNR,VKIAHub_JAI_PL,PH-ZO-JAIBTS-23994615,expected,OPENED,26-09-2026 01:53,Akash Sharma
26-09-2026,26-09-2026,FMPC6529338009,VKIAHub_JAI_PL,SANJANA ENTERPRISES +919351129600,2f1cea2d4e884552,dispatched_to_mh,North,LMA,1.00E+11,#N/A,#N/A,Motherhub_JAI_BTS,BRSNR,VKIAHub_JAI_PL,PH-B3-JAIBTS-23754289,expected,OPENED,25-09-2026 23:23,Akash Sharma
26-09-2026,26-09-2026,FMPC6529191728,VKIAHub_JAI_PL,SHRI SANWARIYA TRADERS +919509556420,804266241f714958,dispatched_to_mh,North,LMA,1.00E+11,Transwide Express,VISHAL KUMARJONWAL,Motherhub_JAI_BTS,BRSNR,VKIAHub_JAI_PL,PH-ZO-JAIBTS-23996203,expected,OPENED,25-09-2026 22:42,Akash Sharma
26-09-2026,26-09-2026,FMPC6527703130,VKIAHub_JAI_PL,HONEY ENTERPRISES +919530158812,a34bfd632f534992,dispatched_to_mh,North,LMA,1.00E+11,We Innovate Business Solutions Pvt Ltd,Vishnu KumarSwarnkar,Motherhub_JAI_BTS,BRSNR,VKIAHub_JAI_PL,PH-B4-JAIBTS-23933662,expected,OPENED,25-09-2026 22:50,Akash Sharma
26-09-2026,26-09-2026,FMPC6527120619,VKIAHub_JAI_PL,M/s. Animated Jewellery +918193936165,b5c8eefa69104714,dispatched_to_mh,North,LMA,1.00E+11,Transwide Express,RakeshSevaliya,Motherhub_JAI_BTS,BRSNR,VKIAHub_JAI_PL,PH-B1-JAIBTS-22816083,expected,OPENED,25-09-2026 23:29,Akash Sharma
26-09-2026,26-09-2026,FMPC6528138646,VKIAHub_JAI_PL,PUJA SALES GROUP +919251202024,bfef13a25c804931,received_at_mh,North,LMA,1.00E+11,Transwide Express,VISHAL KUMARJONWAL,Motherhub_JAI_BTS,BRSNR,VKIAHub_JAI_PL,PH-B3-JAIBTS-23493424,expected,OPENED,25-09-2026 23:50,Akash Sharma
26-09-2026,26-09-2026,FMPP4296797880,VKIAHub_JAI_PL,PANDEY BROTHERS +917891285585,aec5919f201e4e9c,dispatched_to_mh,North,LMA,1.00E+11,We Innovate Business Solutions Pvt Ltd,Vivek SinghNaruka,Motherhub_JAI_BTS,BRSNR,VKIAHub_JAI_PL,PH-ZO-JAIBTS-23670181,expected,OPENED,26-09-2026 00:29,Akash Sharma
26-09-2026,26-09-2026,FMPC6529147530,VKIAHub_JAI_PL,M/s. Animated Jewellery +918193936165,b5c8eefa69104714,dispatched_to_mh,North,LMA,1.00E+11,Transwide Express,RakeshSevaliya,Motherhub_JAI_BTS,BRSNR,VKIAHub_JAI_PL,PH-B4-JAIBTS-22816340,expected,OPENED,25-09-2026 23:29,Akash Sharma
26-09-2026,26-09-2026,FMPC6528237993,VKIAHub_JAI_PL,SANJANA ENTERPRISES +919351129600,2f1cea2d4e884552,dispatched_to_mh,North,LMA,1.00E+11,#N/A,#N/A,Motherhub_JAI_BTS,BRSNR,VKIAHub_JAI_PL,PH-B4-JAIBTS-23754323,expected,OPENED,25-09-2026 23:16,Akash Sharma
26-09-2026,26-09-2026,FMPP4297273820,VKIAHub_JAI_PL,Solanki Enterprises +918112204624,c157ba412a2c4702,dispatched_to_mh,North,LMA,1.00E+11,#N/A,#N/A,Motherhub_JAI_BTS,BRSNR,VKIAHub_JAI_PL,PH-ZO-JAIBTS-23893707,expected,OPENED,26-09-2026 01:23,Akash Sharma
26-09-2026,26-09-2026,FMPC6530176835,VKIAHub_JAI_PL,ANUSHKA AND ESHANT COMPANY +916376783236,ee8b54833be94b7c,received_at_mh,North,LMA,1.00E+11,We Innovate Business Solutions Pvt Ltd,YogeshKumar,Motherhub_JAI_BTS,BRSNR,VKIAHub_JAI_PL,PH-B3-JAIBTS-23995593,expected,OPENED,26-09-2026 02:34,Akash Sharma
26-09-2026,26-09-2026,FMPC6528793661,VKIAHub_JAI_PL,PRAGY ENTERPRISES +917014094484,24554efc59904082,received_at_mh,North,TRUEFLEX,1250593,TRUEFLEX,SurendraKumar Choudhary,Motherhub_JAI_BTS,BRSNR,VKIAHub_JAI_PL,PH-B3-JAIBTS-23704231,expected,OPENED,26-09-2026 02:08,Akash Sharma
26-09-2026,26-09-2026,FMPP4298640339,VKIAHub_JAI_PL,LORA TRADING +919636042955,618d8c6e05c54574,dispatched_to_mh,North,LMA,1.00E+11,We Innovate Business Solutions Pvt Ltd,Vishnu KumarSwarnkar,Motherhub_JAI_BTS,BRSNR,VKIAHub_JAI_PL,PH-B4-JAIBTS-23933664,expected,OPENED,25-09-2026 23:50,Akash Sharma
26-09-2026,26-09-2026,FMPP4297360391,VKIAHub_JAI_PL,BALAJI ENTERPRISES +919694454518,626e1f902f7f42eb,received_at_mh,North,LMA,4092407,#N/A,#N/A,Motherhub_JAI_BTS,BRSNR,VKIAHub_JAI_PL,PH-B4-JAIBTS-23985503,expected,OPENED,25-09-2026 23:50,Akash Sharma
26-09-2026,26-09-2026,FMPC6528045959,VKIAHub_JAI_PL,M/s. Animated Jewellery +918193936165,b5c8eefa69104714,dispatched_to_mh,North,LMA,1.00E+11,Transwide Express,RakeshSevaliya,Motherhub_JAI_BTS,BRSNR,VKIAHub_JAI_PL,PH-B1-JAIBTS-22816083,expected,OPENED,25-09-2026 23:29,Akash Sharma
26-09-2026,26-09-2026,FMPC6529079576,VKIAHub_JAI_PL,M/s Riddhi Siddhi Sales +916367213548,586ad404abaf482f,dispatched_to_mh,North,LMA,1.00E+11,We Innovate Business Solutions Pvt Ltd,YogeshKumar,Motherhub_JAI_BTS,BRSNR,VKIAHub_JAI_PL,PH-ZO-JAIBTS-23994615,expected,OPENED,26-09-2026 01:53,Akash Sharma
26-09-2026,26-09-2026,FMPC6527703100,VKIAHub_JAI_PL,Radha Sales +919145880638,0c49882fdf614e6e,dispatched_to_mh,North,LMA,1.00E+11,We Innovate Business Solutions Pvt Ltd,YogeshKumar,Motherhub_JAI_BTS,BRSNR,VKIAHub_JAI_PL,PH-B4-JAIBTS-23994436,expected,OPENED,26-09-2026 01:31,Akash Sharma
26-09-2026,26-09-2026,FMPC6527387152,VKIAHub_JAI_PL,CAPIO ART 9929152222,deedbf7c9fcf44a7,dispatched_to_mh,North,TRUEFLEX,1284657,TRUEFLEX,RakeshKumar Saini,Motherhub_JAI_BTS,BRSNR,VKIAHub_JAI_PL,PH-B3-JAIBTS-23107329,expected,OPENED,25-09-2026 22:53,Akash Sharma
26-09-2026,26-09-2026,FMPP4298508087,VKIAHub_JAI_PL,JD E-COMMERCE TRADERS +919784657351,08ac2183b1d040c8,dispatched_to_mh,North,LMA,1.00E+11,We Innovate Business Solutions Pvt Ltd,Vishnu KumarSwarnkar,Motherhub_JAI_BTS,BRSNR,VKIAHub_JAI_PL,PH-B1-JAIBTS-23933618,expected,OPENED,26-09-2026 02:30,Akash Sharma
26-09-2026,26-09-2026,FMPC6527625350,VKIAHub_JAI_PL,M/s. Animated Jewellery +918193936165,b5c8eefa69104714,dispatched_to_mh,North,LMA,1.00E+11,Transwide Express,RakeshSevaliya,Motherhub_JAI_BTS,BRSNR,VKIAHub_JAI_PL,PH-B1-JAIBTS-22816083,expected,OPENED,25-09-2026 23:29,Akash Sharma
26-09-2026,26-09-2026,FMPC6529234703,VKIAHub_JAI_PL,Shree shyam jewellery +919694341958,c9e3efa311c44f1e,dispatched_to_mh,North,LMA,1.00E+11,We Innovate Business Solutions Pvt Ltd,YogeshKumar,Motherhub_JAI_BTS,BRSNR,VKIAHub_JAI_PL,PH-B1-JAIBTS-23836223,expected,OPENED,26-09-2026 01:35,Akash Sharma
26-09-2026,26-09-2026,FMPC6527108468,VKIAHub_JAI_PL,M/s. Animated Jewellery +918193936165,b5c8eefa69104714,dispatched_to_mh,North,LMA,1.00E+11,Transwide Express,RakeshSevaliya,Motherhub_JAI_BTS,BRSNR,VKIAHub_JAI_PL,PH-B4-JAIBTS-22816340,expected,OPENED,25-09-2026 23:29,Akash Sharma
26-09-2026,26-09-2026,FMPP4296964852,VKIAHub_JAI_PL,R.S.MOTORS +919309413841,b2ca3e6add3e4a2c,dispatched_to_mh,North,LMA,1.00E+11,We Innovate Business Solutions Pvt Ltd,YogeshKumar,Motherhub_JAI_BTS,BRSNR,VKIAHub_JAI_PL,PH-ZO-JAIBTS-23994615,expected,OPENED,26-09-2026 01:53,Akash Sharma
26-09-2026,26-09-2026,FMPP4297965420,VKIAHub_JAI_PL,SWAMI GROUP +916350352723,2d1f866761234d83,received_at_mh,North,LMA,1.00E+11,Transwide Express,VISHAL KUMARJONWAL,Motherhub_JAI_BTS,BRSNR,VKIAHub_JAI_PL,PH-ZO-JAIBTS-23996204,expected,OPENED,25-09-2026 22:42,Akash Sharma
26-09-2026,26-09-2026,FMPP4293110928,VKIAHub_JAI_PL,jhfcxghgh +917877611077,620cd087a5434272,dispatched_to_mh,North,LMA,1.00E+11,We Innovate Business Solutions Pvt Ltd,Vivek SinghNaruka,Motherhub_JAI_BTS,BRSNR,VKIAHub_JAI_PL,PH-B4-JAIBTS-23670139,expected,OPENED,25-09-2026 23:17,Akash Sharma
26-09-2026,26-09-2026,FMPC6528355576,VKIAHub_JAI_PL,NJ Art and gallery +918290901603,52f204b56b3f4895,dispatched_to_mh,North,LMA,1.00E+11,We Innovate Business Solutions Pvt Ltd,Vivek SinghNaruka,Motherhub_JAI_BTS,BRSNR,VKIAHub_JAI_PL,PH-B2-JAIBTS-23981279,expected,OPENED,25-09-2026 23:16,Akash Sharma
26-09-2026,26-09-2026,FMPC6529459071,VKIAHub_JAI_PL,GEM PUROHIT +919950695318,d99124658c094c18,dispatched_to_mh,North,LMA,1.00E+11,#N/A,#N/A,Motherhub_JAI_BTS,BRSNR,VKIAHub_JAI_PL,PH-B1-JAIBTS-23958396,expected,OPENED,26-09-2026 02:01,Akash Sharma
26-09-2026,26-09-2026,FMPP4292186570,VKIAHub_JAI_PL,jhfcxghgh +917877611077,620cd087a5434272,dispatched_to_mh,North,LMA,1.00E+11,We Innovate Business Solutions Pvt Ltd,Vivek SinghNaruka,Motherhub_JAI_BTS,BRSNR,VKIAHub_JAI_PL,PH-B1-JAIBTS-23670077,expected,OPENED,25-09-2026 23:16,Akash Sharma
26-09-2026,26-09-2026,FMPP4297094441,VKIAHub_JAI_PL,Mahalaxmi Enterprises +919057525822,e021c3f6e3dc4686,received_at_mh,North,LMA,1.00E+11,#N/A,#N/A,Motherhub_JAI_BTS,BRSNR,VKIAHub_JAI_PL,PH-B3-JAIBTS-23754289,expected,OPENED,25-09-2026 23:23,Akash Sharma
26-09-2026,26-09-2026,FMPC6529139319,VKIAHub_JAI_PL,M/S J.S ENTERPRISES +917078590263,ab91e090cb54439f,dispatched_to_mh,North,LMA,1.00E+11,Transwide Express,RakeshSevaliya,Motherhub_JAI_BTS,BRSNR,VKIAHub_JAI_PL,PH-B1-JAIBTS-22816083,expected,OPENED,25-09-2026 23:29,Akash Sharma
26-09-2026,26-09-2026,FMPC6529337965,VKIAHub_JAI_PL,SANJANA ENTERPRISES +919351129600,2f1cea2d4e884552,dispatched_to_mh,North,LMA,1.00E+11,#N/A,#N/A,Motherhub_JAI_BTS,BRSNR,VKIAHub_JAI_PL,PH-B4-JAIBTS-23754323,expected,OPENED,25-09-2026 23:16,Akash Sharma
26-09-2026,26-09-2026,FMPP4298185602,VKIAHub_JAI_PL,M/s Riddhi Siddhi Sales +916367213548,586ad404abaf482f,dispatched_to_mh,North,LMA,1.00E+11,We Innovate Business Solutions Pvt Ltd,YogeshKumar,Motherhub_JAI_BTS,BRSNR,VKIAHub_JAI_PL,PH-B3-JAIBTS-23995595,expected,OPENED,26-09-2026 01:31,Akash Sharma
26-09-2026,26-09-2026,FMPP4296847619,VKIAHub_JAI_PL,OM PACKERS +919257281931,621192f197d246e3,dispatched_to_mh,North,LMA,1.00E+11,We Innovate Business Solutions Pvt Ltd,YogeshKumar,Motherhub_JAI_BTS,BRSNR,VKIAHub_JAI_PL,PH-B2-JAIBTS-23985761,expected,OPENED,26-09-2026 00:42,Akash Sharma
26-09-2026,26-09-2026,FMPC6529723981,VKIAHub_JAI_PL,HARSHITA ENTERPRISES +917014807557,9bf8959e010240fb,received_at_mh,North,TRUEFLEX,1199571,TRUEFLEX,DipendrKumar Nitharwal,Motherhub_JAI_BTS,BRSNR,VKIAHub_JAI_PL,PH-B1-JAIBTS-23985676,expected,OPENED,26-09-2026 00:52,Akash Sharma
26-09-2026,26-09-2026,FMPP4298573143,VKIAHub_JAI_PL,ANSUDIP TRADING +918104646207,7aa33ff393f4428f,received_at_mh,North,LMA,1.00E+11,We Innovate Business Solutions Pvt Ltd,Vishnu KumarSwarnkar,Motherhub_JAI_BTS,BRSNR,VKIAHub_JAI_PL,PH-B2-JAIBTS-23933634,expected,OPENED,25-09-2026 23:50,Akash Sharma
26-09-2026,26-09-2026,NKFP0000985930,VKIAHub_JAI_PL,NKF : JAMOTIS PRIVATE LIMITED 7976714562,NKF_2edfc93718d6a3f36cf8bac2f75da3b8,dispatched_to_mh,North,LMA,1.00E+11,Vxpress,ManishKumar,Motherhub_JAI_BTS,BRSNR,VKIAHub_JAI_PL,PH-B2-JAIBTS-23762867,expected,OPENED,25-09-2026 23:44,Akash Sharma
26-09-2026,26-09-2026,FMPC6530176578,VKIAHub_JAI_PL,ANUSHKA AND ESHANT COMPANY +916376783236,ee8b54833be94b7c,received_at_mh,North,LMA,1.00E+11,We Innovate Business Solutions Pvt Ltd,YogeshKumar,Motherhub_JAI_BTS,BRSNR,VKIAHub_JAI_PL,PH-B1-JAIBTS-23994471,expected,OPENED,26-09-2026 02:28,Akash Sharma
26-09-2026,26-09-2026,FMPP4297274120,VKIAHub_JAI_PL,Solanki Enterprises +918112204624,c157ba412a2c4702,dispatched_to_mh,North,LMA,1.00E+11,#N/A,#N/A,Motherhub_JAI_BTS,BRSNR,VKIAHub_JAI_PL,PH-B1-JAIBTS-23534244,expected,OPENED,26-09-2026 01:11,Akash Sharma
26-09-2026,26-09-2026,FMPP4298569619,VKIAHub_JAI_PL,HARSHITA ENTERPRISES +917014807557,9bf8959e010240fb,received_at_mh,North,TRUEFLEX,1199571,TRUEFLEX,DipendrKumar Nitharwal,Motherhub_JAI_BTS,BRSNR,VKIAHub_JAI_PL,PH-B2-JAIBTS-23879913,expected,OPENED,26-09-2026 00:45,Akash Sharma
26-09-2026,26-09-2026,FMPP4297453640,VKIAHub_JAI_PL,AR TRADING COMPANY +918003948639,b6467a45e2914fef,received_at_mh,North,LMA,1.00E+11,Vxpress,Sandeep KumarBidawat,Motherhub_JAI_BTS,BRSNR,VKIAHub_JAI_PL,PH-B2-JAIBTS-23994506,expected,OPENED,26-09-2026 00:49,Akash Sharma
26-09-2026,26-09-2026,FMPC6527031864,VKIAHub_JAI_PL,Radha Sales +919145880638,0c49882fdf614e6e,received_at_mh,North,LMA,1.00E+11,We Innovate Business Solutions Pvt Ltd,YogeshKumar,Motherhub_JAI_BTS,BRSNR,VKIAHub_JAI_PL,PH-B4-JAIBTS-23994436,expected,OPENED,26-09-2026 01:31,Akash Sharma
26-09-2026,26-09-2026,FMPC6527806795,VKIAHub_JAI_PL,Solanki Enterprises +918112204624,c157ba412a2c4702,dispatched_to_mh,North,LMA,1.00E+11,#N/A,#N/A,Motherhub_JAI_BTS,BRSNR,VKIAHub_JAI_PL,PH-B3-JAIBTS-23534320,expected,OPENED,26-09-2026 01:15,Akash Sharma
26-09-2026,26-09-2026,FMPC6527299539,VKIAHub_JAI_PL,RCR FOODS +917014121125,8bef3489ba63408c,received_at_mh,North,LMA,1.00E+11,#N/A,#N/A,Motherhub_JAI_BTS,BRSNR,VKIAHub_JAI_PL,PH-B3-JAIBTS-23995598,expected,OPENED,25-09-2026 23:02,Akash Sharma
26-09-2026,26-09-2026,FMPP4297096551,VKIAHub_JAI_PL,SHRI SANWARIYA TRADERS +919509556420,804266241f714958,received_at_mh,North,LMA,1.00E+11,Transwide Express,VISHAL KUMARJONWAL,Motherhub_JAI_BTS,BRSNR,VKIAHub_JAI_PL,PH-B3-JAIBTS-23996161,expected,OPENED,25-09-2026 22:41,Akash Sharma
26-09-2026,26-09-2026,FMPP4297702078,VKIAHub_JAI_PL,SHREE SANWARIYA ENTERPRISES +917791803219,c40bc9e05def4dbc,dispatched_to_mh,North,EKART,4092407,EKART,,Motherhub_JAI_BTS,BRSNR,VKIAHub_JAI_PL,PH-B3-JAIBTS-23837966,expected,OPENED,26-09-2026 03:16,Akash Sharma
26-09-2026,26-09-2026,FMPC6527297534,VKIAHub_JAI_PL,R.S.MOTORS +919309413841,b2ca3e6add3e4a2c,dispatched_to_mh,North,LMA,1.00E+11,We Innovate Business Solutions Pvt Ltd,YogeshKumar,Motherhub_JAI_BTS,BRSNR,VKIAHub_JAI_PL,PH-B3-JAIBTS-23995595,expected,OPENED,26-09-2026 01:31,Akash Sharma
26-09-2026,26-09-2026,FMPP4297753465,VKIAHub_JAI_PL,MOBKAVACH +917820989926,f799bd0a78614831,dispatched_to_mh,North,LMA,1.00E+11,We Innovate Business Solutions Pvt Ltd,AbhishekJangid,Motherhub_JAI_BTS,BRSNR,VKIAHub_JAI_PL,PH-B1-JAIBTS-23989151,expected,OPENED,26-09-2026 01:33,Akash Sharma
26-09-2026,26-09-2026,FMPC6529114329,VKIAHub_JAI_PL,DINESH KUMAR GUPTA (HUF) +918077815495,3124ecc43f9b445d,dispatched_to_mh,North,LMA,1.00E+11,Transwide Express,RakeshSevaliya,Motherhub_JAI_BTS,BRSNR,VKIAHub_JAI_PL,PH-B4-JAIBTS-22816340,expected,OPENED,25-09-2026 23:29,Akash Sharma
26-09-2026,26-09-2026,FMPC6528261421,VKIAHub_JAI_PL,BAGRA ENTERPRISES +917877756281,b13a9f9ad11746b4,dispatched_to_mh,North,LMA,1.00E+11,#N/A,#N/A,Motherhub_JAI_BTS,BRSNR,VKIAHub_JAI_PL,PH-B4-JAIBTS-23994449,expected,OPENED,26-09-2026 01:44,Akash Sharma
26-09-2026,26-09-2026,FMPP4298464057,VKIAHub_JAI_PL,M/s. Animated Jewellery +918193936165,b5c8eefa69104714,dispatched_to_mh,North,LMA,1.00E+11,Transwide Express,RakeshSevaliya,Motherhub_JAI_BTS,BRSNR,VKIAHub_JAI_PL,PH-B3-JAIBTS-228164,expected,OPENED,26-09-2026 00:26,Akash Sharma
26-09-2026,26-09-2026,FMPC6529080696,VKIAHub_JAI_PL,M/s Riddhi Siddhi Sales +916367213548,586ad404abaf482f,dispatched_to_mh,North,LMA,1.00E+11,We Innovate Business Solutions Pvt Ltd,YogeshKumar,Motherhub_JAI_BTS,BRSNR,VKIAHub_JAI_PL,PH-B4-JAIBTS-23994436,expected,OPENED,26-09-2026 01:31,Akash Sharma
26-09-2026,26-09-2026,FMPC6529788759,VKIAHub_JAI_PL,MODRANG +917404074646,3130e4a2b7fa48c2,dispatched_to_mh,North,LMA,1.00E+11,We Innovate Business Solutions Pvt Ltd,AbhishekJangid,Motherhub_JAI_BTS,BRSNR,VKIAHub_JAI_PL,PH-B3-JAIBTS-23989299,expected,OPENED,26-09-2026 01:40,Akash Sharma
26-09-2026,26-09-2026,FMPC6527253818,VKIAHub_JAI_PL,SHRI SANWARIYA TRADERS +919509556420,804266241f714958,received_at_mh,North,LMA,1.00E+11,Transwide Express,VISHAL KUMARJONWAL,Motherhub_JAI_BTS,BRSNR,VKIAHub_JAI_PL,PH-B3-JAIBTS-23996161,expected,OPENED,25-09-2026 22:41,Akash Sharma
26-09-2026,26-09-2026,FMPC6528436693,VKIAHub_JAI_PL,RCR FOODS +917014121125,8bef3489ba63408c,received_at_mh,North,LMA,1.00E+11,#N/A,#N/A,Motherhub_JAI_BTS,BRSNR,VKIAHub_JAI_PL,PH-B3-JAIBTS-23995598,expected,OPENED,25-09-2026 23:02,Akash Sharma
26-09-2026,26-09-2026,FMPC6528998176,VKIAHub_JAI_PL,RCR FOODS +917014121125,8bef3489ba63408c,received_at_mh,North,LMA,1.00E+11,#N/A,#N/A,Motherhub_JAI_BTS,BRSNR,VKIAHub_JAI_PL,PH-B3-JAIBTS-23995598,expected,OPENED,25-09-2026 23:02,Akash Sharma
26-09-2026,26-09-2026,FMPP4298300168,VKIAHub_JAI_PL,VS Enterprises +919680997647,868717d3b5524d69,dispatched_to_mh,North,LMA,1.00E+11,We Innovate Business Solutions Pvt Ltd,YogeshKumar,Motherhub_JAI_BTS,BRSNR,VKIAHub_JAI_PL,PH-B3-JAIBTS-23837983,expected,OPENED,26-09-2026 01:30,Akash Sharma
26-09-2026,26-09-2026,FMPC6528243236,VKIAHub_JAI_PL,M/s. Animated Jewellery +918193936165,b5c8eefa69104714,dispatched_to_mh,North,LMA,1.00E+11,Transwide Express,RakeshSevaliya,Motherhub_JAI_BTS,BRSNR,VKIAHub_JAI_PL,PH-B2-JAIBTS-22816177,expected,OPENED,25-09-2026 23:29,Akash Sharma
26-09-2026,26-09-2026,FMPP4297447134,VKIAHub_JAI_PL,SHRI SANWARIYA TRADERS +919509556420,804266241f714958,received_at_mh,North,LMA,1.00E+11,Transwide Express,VISHAL KUMARJONWAL,Motherhub_JAI_BTS,BRSNR,VKIAHub_JAI_PL,PH-B3-JAIBTS-23996161,expected,OPENED,25-09-2026 22:41,Akash Sharma
26-09-2026,26-09-2026,FMPC6529622335,VKIAHub_JAI_PL,ANSUDIP TRADING +918104646207,7aa33ff393f4428f,received_at_mh,North,LMA,1.00E+11,We Innovate Business Solutions Pvt Ltd,Vishnu KumarSwarnkar,Motherhub_JAI_BTS,BRSNR,VKIAHub_JAI_PL,PH-B1-JAIBTS-23933615,expected,OPENED,25-09-2026 23:50,Akash Sharma
26-09-2026,26-09-2026,FMPC6529622043,VKIAHub_JAI_PL,ANSUDIP TRADING +918104646207,7aa33ff393f4428f,received_at_mh,North,LMA,1.00E+11,We Innovate Business Solutions Pvt Ltd,Vishnu KumarSwarnkar,Motherhub_JAI_BTS,BRSNR,VKIAHub_JAI_PL,PH-B1-JAIBTS-23933615,expected,OPENED,25-09-2026 23:50,Akash Sharma
26-09-2026,26-09-2026,FMPP4298241227,VKIAHub_JAI_PL,DINESH KUMAR GUPTA (HUF) +918077815495,3124ecc43f9b445d,dispatched_to_mh,North,LMA,1.00E+11,Transwide Express,RakeshSevaliya,Motherhub_JAI_BTS,BRSNR,VKIAHub_JAI_PL,PH-B4-JAIBTS-22816340,expected,OPENED,25-09-2026 23:29,Akash Sharma
26-09-2026,26-09-2026,FMPP4298343136,VKIAHub_JAI_PL,TitanX +916376664196,b8557e8669a54c03,received_at_mh,North,LMA,1.00E+11,Vxpress,ManishKumar,Motherhub_JAI_BTS,BRSNR,VKIAHub_JAI_PL,PH-B4-JAIBTS-23954929,expected,OPENED,25-09-2026 23:54,Akash Sharma
26-09-2026,26-09-2026,FMPC6528452540,VKIAHub_JAI_PL,UNDER 450 +918209376785,798ea0f103154886,dispatched_to_mh,North,LMA,1.00E+11,We Innovate Business Solutions Pvt Ltd,Govind SinghGour,Motherhub_JAI_BTS,BRSNR,VKIAHub_JAI_PL,PH-B2-JAIBTS-23999370,expected,OPENED,26-09-2026 09:05,Akash Sharma
26-09-2026,26-09-2026,FMPC6528426327,VKIAHub_JAI_PL,PMRS ENTERPRISES +917737779057,b5e4a416ef514b07,received_at_mh,North,TRUEFLEX,1199571,TRUEFLEX,DipendrKumar Nitharwal,Motherhub_JAI_BTS,BRSNR,VKIAHub_JAI_PL,PH-B2-JAIBTS-23879913,expected,OPENED,26-09-2026 00:45,Akash Sharma
26-09-2026,26-09-2026,FMPP4297608815,VKIAHub_JAI_PL,SANJANA ENTERPRISES +919351129600,2f1cea2d4e884552,dispatched_to_mh,North,LMA,1.00E+11,#N/A,#N/A,Motherhub_JAI_BTS,BRSNR,VKIAHub_JAI_PL,PH-B3-JAIBTS-23754289,expected,OPENED,25-09-2026 23:23,Akash Sharma
26-09-2026,26-09-2026,FMPC6529454619,VKIAHub_JAI_PL,Mahadev Creation +918824021444,75c79e2156d94073,received_at_mh,North,TRUEFLEX,1350288,TRUEFLEX,RahulChoudhary,Motherhub_JAI_BTS,BRSNR,VKIAHub_JAI_PL,PH-B4-JAIBTS-23802123,expected,OPENED,25-09-2026 23:10,Akash Sharma
26-09-2026,26-09-2026,FMPC6528212434,VKIAHub_JAI_PL,UNDER 450 +918209376785,798ea0f103154886,dispatched_to_mh,North,LMA,1.00E+11,We Innovate Business Solutions Pvt Ltd,Govind SinghGour,Motherhub_JAI_BTS,BRSNR,VKIAHub_JAI_PL,PH-B3-JAIBTS-9399390,expected,OPENED,26-09-2026 00:43,Akash Sharma
26-09-2026,26-09-2026,FMPC6528660709,VKIAHub_JAI_PL,Misty Fashion Hub +918824458564,2dbd092a2cf24d67,dispatched_to_mh,North,LMA,4092407,#N/A,#N/A,Motherhub_JAI_BTS,BRSNR,VKIAHub_JAI_PL,PH-B3-JAIBTS-23486484,expected,OPENED,26-09-2026 01:03,Akash Sharma
26-09-2026,26-09-2026,FMPP4298253722,VKIAHub_JAI_PL,M/s BHAVIKA ENTERPRISES +919667522767,3d8efbdfe85843ae,dispatched_to_mh,North,TRUEFLEX,1250593,TRUEFLEX,SurendraKumar Choudhary,Motherhub_JAI_BTS,BRSNR,VKIAHub_JAI_PL,PH-B2-JAIBTS-23966106,expected,OPENED,26-09-2026 03:02,Akash Sharma
26-09-2026,26-09-2026,FMPC6523343670,VKIAHub_JAI_PL,jhfcxghgh +917877611077,620cd087a5434272,dispatched_to_mh,North,LMA,1.00E+11,We Innovate Business Solutions Pvt Ltd,Vivek SinghNaruka,Motherhub_JAI_BTS,BRSNR,VKIAHub_JAI_PL,PH-ZO-JAIBTS-23670181,expected,OPENED,26-09-2026 00:29,Akash Sharma
26-09-2026,26-09-2026,FMPC6529260661,VKIAHub_JAI_PL,M/S ENDLESS FASHION +917310590263,ab62e0fe580f4397,dispatched_to_mh,North,LMA,1.00E+11,Transwide Express,RakeshSevaliya,Motherhub_JAI_BTS,BRSNR,VKIAHub_JAI_PL,PH-B3-JAIBTS-228164,expected,OPENED,26-09-2026 00:26,Akash Sharma
26-09-2026,26-09-2026,FMPP4297642612,VKIAHub_JAI_PL,SANJANA ENTERPRISES +919351129600,2f1cea2d4e884552,received_at_mh,North,LMA,1.00E+11,#N/A,#N/A,Motherhub_JAI_BTS,BRSNR,VKIAHub_JAI_PL,PH-B3-JAIBTS-23754289,expected,OPENED,25-09-2026 23:23,Akash Sharma
26-09-2026,26-09-2026,FMPC6529536216,VKIAHub_JAI_PL,Mahienterprises +919785562491,e633568c7946450a,received_at_mh,North,LMA,1.00E+11,We Innovate Business Solutions Pvt Ltd,Vivek SinghNaruka,Motherhub_JAI_BTS,BRSNR,VKIAHub_JAI_PL,PH-B1-JAIBTS-23981268,expected,OPENED,25-09-2026 23:22,Akash Sharma
26-09-2026,26-09-2026,FMPC6527185469,VKIAHub_JAI_PL,RCR FOODS +917014121125,8bef3489ba63408c,received_at_mh,North,LMA,1.00E+11,#N/A,#N/A,Motherhub_JAI_BTS,BRSNR,VKIAHub_JAI_PL,PH-B3-JAIBTS-23995598,expected,OPENED,25-09-2026 23:02,Akash Sharma
26-09-2026,26-09-2026,FMPC6529130916,VKIAHub_JAI_PL,R.S.MOTORS +919309413841,b2ca3e6add3e4a2c,dispatched_to_mh,North,LMA,1.00E+11,We Innovate Business Solutions Pvt Ltd,YogeshKumar,Motherhub_JAI_BTS,BRSNR,VKIAHub_JAI_PL,PH-B3-JAIBTS-23995595,expected,OPENED,26-09-2026 01:31,Akash Sharma
26-09-2026,26-09-2026,FMPP4297723843,VKIAHub_JAI_PL,M/s. Animated Jewellery +918193936165,b5c8eefa69104714,dispatched_to_mh,North,LMA,1.00E+11,Transwide Express,RakeshSevaliya,Motherhub_JAI_BTS,BRSNR,VKIAHub_JAI_PL,PH-B3-JAIBTS-228164,expected,OPENED,26-09-2026 00:26,Akash Sharma
26-09-2026,26-09-2026,FMPC6530176395,VKIAHub_JAI_PL,ANUSHKA AND ESHANT COMPANY +916376783236,ee8b54833be94b7c,received_at_mh,North,LMA,1.00E+11,We Innovate Business Solutions Pvt Ltd,YogeshKumar,Motherhub_JAI_BTS,BRSNR,VKIAHub_JAI_PL,PH-B3-JAIBTS-23995593,expected,OPENED,26-09-2026 02:34,Akash Sharma
26-09-2026,26-09-2026,FMPP4297574012,VKIAHub_JAI_PL,S B ENTERPRISES 7891406234,ea71afc87cdd49ea,dispatched_to_mh,North,LMA,1.00E+11,Vxpress,MohammadFarook,Motherhub_JAI_BTS,BRSNR,VKIAHub_JAI_PL,PH-B1-JAIBTS-23933574,expected,OPENED,26-09-2026 01:04,Akash Sharma
26-09-2026,26-09-2026,FMPC6527820842,VKIAHub_JAI_PL,MPP ENTERPRISES +919351553439,8dcda96e63c74e8b,received_at_mh,North,TRUEFLEX,1199571,TRUEFLEX,DipendrKumar Nitharwal,Motherhub_JAI_BTS,BRSNR,VKIAHub_JAI_PL,PH-B3-JAIBTS-23985794,expected,OPENED,26-09-2026 00:45,Akash Sharma
26-09-2026,26-09-2026,FMPP4298514497,VKIAHub_JAI_PL,SANJANA ENTERPRISES +919351129600,2f1cea2d4e884552,dispatched_to_mh,North,LMA,1.00E+11,#N/A,#N/A,Motherhub_JAI_BTS,BRSNR,VKIAHub_JAI_PL,PH-B2-JAIBTS-23754255,expected,OPENED,25-09-2026 23:27,Akash Sharma
26-09-2026,26-09-2026,FMPC6528439898,VKIAHub_JAI_PL,RCR FOODS +917014121125,8bef3489ba63408c,received_at_mh,North,LMA,1.00E+11,#N/A,#N/A,Motherhub_JAI_BTS,BRSNR,VKIAHub_JAI_PL,PH-B3-JAIBTS-23995598,expected,OPENED,25-09-2026 23:02,Akash Sharma
26-09-2026,26-09-2026,FMPC6527339007,VKIAHub_JAI_PL,SHREE SHYAM SALES +919667947384,b056793df70a4813,received_at_mh,North,LMA,1.00E+11,We Innovate Business Solutions Pvt Ltd,YogeshKumar,Motherhub_JAI_BTS,BRSNR,VKIAHub_JAI_PL,PH-B3-JAIBTS-23995595,expected,OPENED,26-09-2026 01:31,Akash Sharma
26-09-2026,26-09-2026,FMPC6528195823,VKIAHub_JAI_PL,SANJANA ENTERPRISES +919351129600,2f1cea2d4e884552,received_at_mh,North,LMA,1.00E+11,#N/A,#N/A,Motherhub_JAI_BTS,BRSNR,VKIAHub_JAI_PL,PH-B3-JAIBTS-23754289,expected,OPENED,25-09-2026 23:23,Akash Sharma
26-09-2026,26-09-2026,FMPP4298135090,VKIAHub_JAI_PL,SHRI SANWARIYA TRADERS +919509556420,804266241f714958,received_at_mh,North,LMA,1.00E+11,Transwide Express,VISHAL KUMARJONWAL,Motherhub_JAI_BTS,BRSNR,VKIAHub_JAI_PL,PH-B3-JAIBTS-23996161,expected,OPENED,25-09-2026 22:41,Akash Sharma
26-09-2026,26-09-2026,FMPC6529074768,VKIAHub_JAI_PL,UNIQUE FASHION +917737544636,7dd486d30d4e4f45,dispatched_to_mh,North,LMA,1.00E+11,#N/A,#N/A,Motherhub_JAI_BTS,BRSNR,VKIAHub_JAI_PL,PH-B4-JAIBTS-22689403,expected,OPENED,25-09-2026 23:25,Akash Sharma
26-09-2026,26-09-2026,FMPP4297191291,VKIAHub_JAI_PL,SAF +919928446822,887438ced4924e3f,received_at_mh,North,LMA,1.00E+11,We Innovate Business Solutions Pvt Ltd,Sanwar MalYadav,Motherhub_JAI_BTS,BRSNR,VKIAHub_JAI_PL,PH-B2-JAIBTS-23977861,expected,OPENED,26-09-2026 00:41,Akash Sharma
26-09-2026,26-09-2026,FMPC6524787790,VKIAHub_JAI_PL,jhfcxghgh +917877611077,620cd087a5434272,dispatched_to_mh,North,LMA,1.00E+11,We Innovate Business Solutions Pvt Ltd,Vivek SinghNaruka,Motherhub_JAI_BTS,BRSNR,VKIAHub_JAI_PL,PH-B3-JAIBTS-23670118,expected,OPENED,25-09-2026 23:17,Akash Sharma
26-09-2026,26-09-2026,FMPC6528224772,VKIAHub_JAI_PL,NS ENTERPRISES +919057367283,0b41b3962cc54a25,received_at_mh,North,LMA,1.00E+11,Vxpress,MohammadFarook,Motherhub_JAI_BTS,BRSNR,VKIAHub_JAI_PL,PH-B3-JAIBTS-23933579,expected,OPENED,26-09-2026 01:17,Akash Sharma
26-09-2026,26-09-2026,FMPC6527731812,VKIAHub_JAI_PL,SANJANA ENTERPRISES +919351129600,2f1cea2d4e884552,dispatched_to_mh,North,LMA,1.00E+11,#N/A,#N/A,Motherhub_JAI_BTS,BRSNR,VKIAHub_JAI_PL,PH-B4-JAIBTS-23754323,expected,OPENED,25-09-2026 23:16,Akash Sharma
26-09-2026,26-09-2026,FMPC6527724635,VKIAHub_JAI_PL,M/s. Animated Jewellery +918193936165,b5c8eefa69104714,dispatched_to_mh,North,LMA,1.00E+11,Transwide Express,RakeshSevaliya,Motherhub_JAI_BTS,BRSNR,VKIAHub_JAI_PL,PH-B3-JAIBTS-228164,expected,OPENED,26-09-2026 00:26,Akash Sharma
26-09-2026,26-09-2026,FMPC6529130552,VKIAHub_JAI_PL,AMAR TEXTILES +919079563797,f9cb3356a0114e4a,dispatched_to_mh,North,LMA,1.00E+11,Vxpress,Mohd Rashid Rangrej,Motherhub_JAI_BTS,BRSNR,VKIAHub_JAI_PL,PH-ZO-JAIBTS-23153432,expected,OPENED,26-09-2026 00:46,Akash Sharma
26-09-2026,26-09-2026,FMPP4297075307,VKIAHub_JAI_PL,BAGRU CRAFT +918824228630,72c240d1c1be4c58,dispatched_to_mh,North,LMA,1.00E+11,#N/A,#N/A,Motherhub_JAI_BTS,BRSNR,VKIAHub_JAI_PL,PH-B1-JAIBTS-23958395,expected,OPENED,26-09-2026 01:47,Akash Sharma
26-09-2026,26-09-2026,FMPC6528002055,VKIAHub_JAI_PL,RCR FOODS +917014121125,8bef3489ba63408c,received_at_mh,North,LMA,1.00E+11,#N/A,#N/A,Motherhub_JAI_BTS,BRSNR,VKIAHub_JAI_PL,PH-B3-JAIBTS-23995598,expected,OPENED,25-09-2026 23:02,Akash Sharma
26-09-2026,26-09-2026,FMPC6526804323,VKIAHub_JAI_PL,M/s. Animated Jewellery +918193936165,b5c8eefa69104714,dispatched_to_mh,North,LMA,1.00E+11,Transwide Express,RakeshSevaliya,Motherhub_JAI_BTS,BRSNR,VKIAHub_JAI_PL,PH-B2-JAIBTS-22816177,expected,OPENED,25-09-2026 23:29,Akash Sharma
26-09-2026,26-09-2026,FMPC6528344866,VKIAHub_JAI_PL,Khandelwal Creation +917891004405,3e483b3fbcf54e0e,dispatched_to_mh,North,LMA,1.00E+11,We Innovate Business Solutions Pvt Ltd,Govind SinghGour,Motherhub_JAI_BTS,BRSNR,VKIAHub_JAI_PL,PH-B1-JAIBTS-23999358,expected,OPENED,26-09-2026 09:44,Akash Sharma
26-09-2026,26-09-2026,FMPC6529065523,VKIAHub_JAI_PL,M/s. Animated Jewellery +918193936165,b5c8eefa69104714,dispatched_to_mh,North,LMA,1.00E+11,Transwide Express,RakeshSevaliya,Motherhub_JAI_BTS,BRSNR,VKIAHub_JAI_PL,PH-B2-JAIBTS-22816177,expected,OPENED,25-09-2026 23:29,Akash Sharma
26-09-2026,26-09-2026,FMPC6527703152,VKIAHub_JAI_PL,his&her +917414004440,20a20316813645dc,received_at_mh,North,LMA,1.00E+11,Vxpress,Pooran mal,Motherhub_JAI_BTS,BRSNR,VKIAHub_JAI_PL,PH-B2-JAIBTS-22761975,expected,OPENED,26-09-2026 01:10,Akash Sharma
26-09-2026,26-09-2026,FMPP4297381218,VKIAHub_JAI_PL,Radha Sales +919145880638,0c49882fdf614e6e,dispatched_to_mh,North,LMA,1.00E+11,We Innovate Business Solutions Pvt Ltd,YogeshKumar,Motherhub_JAI_BTS,BRSNR,VKIAHub_JAI_PL,PH-B3-JAIBTS-23995595,expected,OPENED,26-09-2026 01:31,Akash Sharma
26-09-2026,26-09-2026,FMPC6528688527,VKIAHub_JAI_PL,Mahalaxmi Enterprises +919057525822,e021c3f6e3dc4686,received_at_mh,North,LMA,1.00E+11,#N/A,#N/A,Motherhub_JAI_BTS,BRSNR,VKIAHub_JAI_PL,PH-B3-JAIBTS-23754289,expected,OPENED,25-09-2026 23:23,Akash Sharma
26-09-2026,26-09-2026,FMPC6528987258,VKIAHub_JAI_PL,SHRI BALAJI ENTERPRISES +918690619067,f1a3efccc01040bf,dispatched_to_mh,North,LMA,1.00E+11,Transwide Express,VISHAL KUMARJONWAL,Motherhub_JAI_BTS,BRSNR,VKIAHub_JAI_PL,PH-B3-JAIBTS-23996160,expected,OPENED,25-09-2026 22:42,Akash Sharma
26-09-2026,26-09-2026,FMPC6528432217,VKIAHub_JAI_PL,M/S ENDLESS FASHION +917310590263,ab62e0fe580f4397,dispatched_to_mh,North,LMA,1.00E+11,Transwide Express,RakeshSevaliya,Motherhub_JAI_BTS,BRSNR,VKIAHub_JAI_PL,PH-B2-JAIBTS-22816177,expected,OPENED,25-09-2026 23:29,Akash Sharma
26-09-2026,26-09-2026,FMPC6527227279,VKIAHub_JAI_PL,RCR FOODS +917014121125,8bef3489ba63408c,received_at_mh,North,LMA,1.00E+11,#N/A,#N/A,Motherhub_JAI_BTS,BRSNR,VKIAHub_JAI_PL,PH-B3-JAIBTS-23995598,expected,OPENED,25-09-2026 23:02,Akash Sharma
26-09-2026,26-09-2026,FMPC6529009216,VKIAHub_JAI_PL,SHRI SANWARIYA TRADERS +919509556420,804266241f714958,received_at_mh,North,LMA,1.00E+11,Transwide Express,VISHAL KUMARJONWAL,Motherhub_JAI_BTS,BRSNR,VKIAHub_JAI_PL,PH-B2-JAIBTS-23995994,expected,OPENED,25-09-2026 22:42,Akash Sharma
26-09-2026,26-09-2026,FMPC6526903976,VKIAHub_JAI_PL,M/s. Animated Jewellery +918193936165,b5c8eefa69104714,dispatched_to_mh,North,LMA,1.00E+11,Transwide Express,RakeshSevaliya,Motherhub_JAI_BTS,BRSNR,VKIAHub_JAI_PL,PH-B1-JAIBTS-22816083,expected,OPENED,25-09-2026 23:29,Akash Sharma
26-09-2026,26-09-2026,FMPC6529441872,VKIAHub_JAI_PL,DINESH KUMAR GUPTA (HUF) +918077815495,3124ecc43f9b445d,dispatched_to_mh,North,LMA,1.00E+11,Transwide Express,RakeshSevaliya,Motherhub_JAI_BTS,BRSNR,VKIAHub_JAI_PL,PH-ZO-JAIBTS-23205921,expected,OPENED,25-09-2026 23:16,Akash Sharma
26-09-2026,26-09-2026,FMPC6528612102,VKIAHub_JAI_PL,Mahalaxmi Enterprises +919057525822,e021c3f6e3dc4686,dispatched_to_mh,North,LMA,1.00E+11,#N/A,#N/A,Motherhub_JAI_BTS,BRSNR,VKIAHub_JAI_PL,PH-B3-JAIBTS-23754289,expected,OPENED,25-09-2026 23:23,Akash Sharma
26-09-2026,26-09-2026,FMPP4298599683,VKIAHub_JAI_PL,HARSHITA ENTERPRISES +917014807557,9bf8959e010240fb,received_at_mh,North,TRUEFLEX,1199571,TRUEFLEX,DipendrKumar Nitharwal,Motherhub_JAI_BTS,BRSNR,VKIAHub_JAI_PL,PH-B1-JAIBTS-23985676,expected,OPENED,26-09-2026 00:52,Akash Sharma
26-09-2026,26-09-2026,FMPC6528698516,VKIAHub_JAI_PL,Pragya International +919351783575,a6118b63c26d4b49,received_at_mh,North,LMA,1.00E+11,Vxpress,ManishKumar,Motherhub_JAI_BTS,BRSNR,VKIAHub_JAI_PL,PH-B1-JAIBTS-23979962,expected,OPENED,25-09-2026 23:25,Akash Sharma
26-09-2026,26-09-2026,FMPC6529443055,VKIAHub_JAI_PL,MARUTI TRADES +918058721656,1180a653464a47d6,received_at_mh,North,LMA,4092407,#N/A,#N/A,Motherhub_JAI_BTS,BRSNR,VKIAHub_JAI_PL,PH-B1-JAIBTS-23985341,expected,OPENED,25-09-2026 23:50,Akash Sharma
26-09-2026,26-09-2026,FMPC6527031993,VKIAHub_JAI_PL,M/s. Animated Jewellery +918193936165,b5c8eefa69104714,dispatched_to_mh,North,LMA,1.00E+11,Transwide Express,RakeshSevaliya,Motherhub_JAI_BTS,BRSNR,VKIAHub_JAI_PL,PH-B3-JAIBTS-228164,expected,OPENED,26-09-2026 00:26,Akash Sharma
26-09-2026,26-09-2026,FMPC6528655900,VKIAHub_JAI_PL,Misty Fashion Hub +918824458564,2dbd092a2cf24d67,dispatched_to_mh,North,LMA,4092407,#N/A,#N/A,Motherhub_JAI_BTS,BRSNR,VKIAHub_JAI_PL,PH-B1-JAIBTS-23979634,expected,OPENED,26-09-2026 00:22,Akash Sharma
26-09-2026,26-09-2026,FMPC6528084456,VKIAHub_JAI_PL,ANUSHKA AND ESHANT COMPANY +916376783236,ee8b54833be94b7c,received_at_mh,North,LMA,1.00E+11,We Innovate Business Solutions Pvt Ltd,YogeshKumar,Motherhub_JAI_BTS,BRSNR,VKIAHub_JAI_PL,PH-B1-JAIBTS-23994471,expected,OPENED,26-09-2026 02:28,Akash Sharma
26-09-2026,26-09-2026,FMPP4298536791,VKIAHub_JAI_PL,Solanki Enterprises +918112204624,c157ba412a2c4702,dispatched_to_mh,North,LMA,1.00E+11,#N/A,#N/A,Motherhub_JAI_BTS,BRSNR,VKIAHub_JAI_PL,PH-B4-JAIBTS-23534335,expected,OPENED,26-09-2026 01:12,Akash Sharma
26-09-2026,26-09-2026,FMPC6528066316,VKIAHub_JAI_PL,Misty Fashion Hub +918824458564,2dbd092a2cf24d67,dispatched_to_mh,North,LMA,4092407,#N/A,#N/A,Motherhub_JAI_BTS,BRSNR,VKIAHub_JAI_PL,PH-B3-JAIBTS-23486484,expected,OPENED,26-09-2026 01:03,Akash Sharma
26-09-2026,26-09-2026,FMPC6528292901,VKIAHub_JAI_PL,SHRI SANWARIYA TRADERS +919509556420,804266241f714958,received_at_mh,North,LMA,1.00E+11,Transwide Express,VISHAL KUMARJONWAL,Motherhub_JAI_BTS,BRSNR,VKIAHub_JAI_PL,PH-B1-JAIBTS-23995874,expected,OPENED,25-09-2026 22:41,Akash Sharma
26-09-2026,26-09-2026,FMPC6527807002,VKIAHub_JAI_PL,Solanki Enterprises +918112204624,c157ba412a2c4702,dispatched_to_mh,North,LMA,1.00E+11,#N/A,#N/A,Motherhub_JAI_BTS,BRSNR,VKIAHub_JAI_PL,PH-B2-JAIBTS-23534299,expected,OPENED,26-09-2026 01:25,Akash Sharma
26-09-2026,26-09-2026,FMPP4297400986,VKIAHub_JAI_PL,CHATPLUS CORPORATION +918502812589,90f257e78e93437f,dispatched_to_mh,North,LMA,1.00E+11,#N/A,#N/A,Motherhub_JAI_BTS,BRSNR,VKIAHub_JAI_PL,PH-B4-JAIBTS-22689403,expected,OPENED,25-09-2026 23:25,Akash Sharma
26-09-2026,26-09-2026,FMPP4298208376,VKIAHub_JAI_PL,Shyam Art N Frames +919314939423,14302592f1bf4dcd,received_at_mh,North,LMA,1.00E+11,We Innovate Business Solutions Pvt Ltd,Sanwar MalYadav,Motherhub_JAI_BTS,BRSNR,VKIAHub_JAI_PL,PH-ZO-JAIBTS-23977914,expected,OPENED,26-09-2026 00:42,Akash Sharma
26-09-2026,26-09-2026,FMPC6528416483,VKIAHub_JAI_PL,Khandelwal Creation +917891004405,3e483b3fbcf54e0e,dispatched_to_mh,North,LMA,1.00E+11,We Innovate Business Solutions Pvt Ltd,Govind SinghGour,Motherhub_JAI_BTS,BRSNR,VKIAHub_JAI_PL,PH-B3-JAIBTS-23999389,expected,OPENED,26-09-2026 00:33,Akash Sharma
26-09-2026,26-09-2026,FMPP4298690613,VKIAHub_JAI_PL,HARITWAL BROTHER'S +918290901603,ef87ca84463d46c6,dispatched_to_mh,North,LMA,1.00E+11,We Innovate Business Solutions Pvt Ltd,Vivek SinghNaruka,Motherhub_JAI_BTS,BRSNR,VKIAHub_JAI_PL,PH-B4-JAIBTS-23981325,expected,OPENED,25-09-2026 23:26,Akash Sharma
26-09-2026,26-09-2026,FMPP4298241992,VKIAHub_JAI_PL,VOLMAX TRADERS +916367916766,3b76fb6e40434cc2,dispatched_to_mh,North,TRUEFLEX,1259667,TRUEFLEX,NareshKumar,Motherhub_JAI_BTS,BRSNR,VKIAHub_JAI_PL,PH-ZO-JAIBTS-23838520,expected,OPENED,26-09-2026 02:02,Akash Sharma
26-09-2026,26-09-2026,FMPP4294575804,VKIAHub_JAI_PL,PANDEY BROTHERS +917891285585,aec5919f201e4e9c,dispatched_to_mh,North,LMA,1.00E+11,We Innovate Business Solutions Pvt Ltd,Vivek SinghNaruka,Motherhub_JAI_BTS,BRSNR,VKIAHub_JAI_PL,PH-B3-JAIBTS-23670118,expected,OPENED,25-09-2026 23:17,Akash Sharma
26-09-2026,26-09-2026,FMPC6528718983,VKIAHub_JAI_PL,Nayasha fab india +919887525159,a11c4fa496a949ab,dispatched_to_mh,North,LMA,1.00E+11,#N/A,#N/A,Motherhub_JAI_BTS,BRSNR,VKIAHub_JAI_PL,PH-B3-JAIBTS-23995598,expected,OPENED,25-09-2026 23:02,Akash Sharma
26-09-2026,26-09-2026,FMPC6529537885,VKIAHub_JAI_PL,JD E-COMMERCE TRADERS +919784657351,08ac2183b1d040c8,dispatched_to_mh,North,LMA,1.00E+11,We Innovate Business Solutions Pvt Ltd,Vishnu KumarSwarnkar,Motherhub_JAI_BTS,BRSNR,VKIAHub_JAI_PL,PH-ZO-JAIBTS-23295213,expected,OPENED,25-09-2026 23:50,Akash Sharma
26-09-2026,26-09-2026,FMPC6527974669,VKIAHub_JAI_PL,SANJANA ENTERPRISES +919351129600,2f1cea2d4e884552,dispatched_to_mh,North,LMA,1.00E+11,#N/A,#N/A,Motherhub_JAI_BTS,BRSNR,VKIAHub_JAI_PL,PH-B2-JAIBTS-23754255,expected,OPENED,25-09-2026 23:27,Akash Sharma
26-09-2026,26-09-2026,FMPP4298763600,VKIAHub_JAI_PL,SANWARIA BROTHERS 8829909449,9bd10c19796843d8,received_at_mh,North,LMA,1.00E+11,Vxpress,Surendra KumarMeena,Motherhub_JAI_BTS,BRSNR,VKIAHub_JAI_PL,PH-B3-JAIBTS-23996910,expected,OPENED,25-09-2026 22:51,Akash Sharma
26-09-2026,26-09-2026,FMPC6529081068,VKIAHub_JAI_PL,M/s. Animated Jewellery +918193936165,b5c8eefa69104714,dispatched_to_mh,North,LMA,1.00E+11,Transwide Express,RakeshSevaliya,Motherhub_JAI_BTS,BRSNR,VKIAHub_JAI_PL,PH-B2-JAIBTS-22816177,expected,OPENED,25-09-2026 23:29,Akash Sharma
26-09-2026,26-09-2026,FMPC6529088921,VKIAHub_JAI_PL,DUCHMAN LIFESTYLE +917877748962,5923d19deaab452b,dispatched_to_mh,North,TRUEFLEX,1350288,TRUEFLEX,RahulChoudhary,Motherhub_JAI_BTS,BRSNR,VKIAHub_JAI_PL,PH-B3-JAIBTS-23954854,expected,OPENED,25-09-2026 23:29,Akash Sharma
26-09-2026,26-09-2026,FMPC6529373091,VKIAHub_JAI_PL,STAR ENTERPRISES +918107981614,e778f220668d4989,dispatched_to_mh,North,TRUEFLEX,1266816,TRUEFLEX,LokeshChoudhary,Motherhub_JAI_BTS,BRSNR,VKIAHub_JAI_PL,PH-B4-JAIBTS-23957444,expected,OPENED,26-09-2026 01:39,Akash Sharma
26-09-2026,26-09-2026,FMPP4297418198,VKIAHub_JAI_PL,M/s. Animated Jewellery +918193936165,b5c8eefa69104714,dispatched_to_mh,North,LMA,1.00E+11,Transwide Express,RakeshSevaliya,Motherhub_JAI_BTS,BRSNR,VKIAHub_JAI_PL,PH-B3-JAIBTS-228164,expected,OPENED,26-09-2026 00:26,Akash Sharma
26-09-2026,26-09-2026,FMPP4298271173,VKIAHub_JAI_PL,SHRI SANWARIYA TRADERS +919509556420,804266241f714958,dispatched_to_mh,North,LMA,1.00E+11,Transwide Express,VISHAL KUMARJONWAL,Motherhub_JAI_BTS,BRSNR,VKIAHub_JAI_PL,PH-B3-JAIBTS-23996161,expected,OPENED,25-09-2026 22:41,Akash Sharma
26-09-2026,26-09-2026,FMPP4298139788,VKIAHub_JAI_PL,M/s. Animated Jewellery +918193936165,b5c8eefa69104714,dispatched_to_mh,North,LMA,1.00E+11,Transwide Express,RakeshSevaliya,Motherhub_JAI_BTS,BRSNR,VKIAHub_JAI_PL,PH-B1-JAIBTS-22816083,expected,OPENED,25-09-2026 23:29,Akash Sharma
26-09-2026,26-09-2026,FMPC6528678690,VKIAHub_JAI_PL,Mahalaxmi Enterprises +919057525822,e021c3f6e3dc4686,received_at_mh,North,LMA,1.00E+11,#N/A,#N/A,Motherhub_JAI_BTS,BRSNR,VKIAHub_JAI_PL,PH-B3-JAIBTS-23754289,expected,OPENED,25-09-2026 23:23,Akash Sharma
26-09-2026,26-09-2026,FMPP4297401413,VKIAHub_JAI_PL,SHARMA COLLECTION +919664153773,34076803c87c4e55,dispatched_to_mh,North,TRUEFLEX,1199571,TRUEFLEX,DipendrKumar Nitharwal,Motherhub_JAI_BTS,BRSNR,VKIAHub_JAI_PL,PH-B2-JAIBTS-23879913,expected,OPENED,26-09-2026 00:45,Akash Sharma
26-09-2026,26-09-2026,FMPC6528137845,VKIAHub_JAI_PL,Shree Gulab International +917742828090,6d0a37134f834e11,received_at_mh,North,LMA,1.00E+11,We Innovate Business Solutions Pvt Ltd,AbhishekJangid,Motherhub_JAI_BTS,BRSNR,VKIAHub_JAI_PL,PH-B2-JAIBTS-23989228,expected,OPENED,26-09-2026 01:48,Akash Sharma
