Date,ShipmentId,Hub Name,Seller name,seller id,Status,Zone,LIB,Casper id,Partner Name,WM name,MH,RCA,PH Name,BagId,Shipment Status,Bag status,Bag Receive time,GM,Dispatch to TC,Received at TC,Diff,Hrs
03-10-2026,FMPC6554038825,ChandigarhRoadSplitHub_LUH_PL,MAHADEV TRADERS +919915001165,813d42c26f704a16,received_at_mh,North,LMA,1.00E+11,Vxpress,Anshul,Motherhub_LUH,BRSNR,ChandigarhRoadSplitHub_LUH_PL,PH-B5-LUHLUH-4975469,expected,OPENED,02-10-2026 20:23,Loveleen Singh,02-10-2026 18:20,#VALUE!,#VALUE!,#VALUE!
03-10-2026,FMPC6549035326,VastralHub_ADI_PL,CURVE ENTERPRISE +919586686691,9c5c39fe45da43f2,received_at_mh,West,LMA,1.00E+11,Princy Enterprise,ValmikiBhaveshkumar,Motherhub_ABD,Mixbagging,VastralHub_ADI_PL,PH-ZO-AHDABD-16854439,expected,OPENED,03-10-2026 6:20,Ankur Sinha,01-10-2026 18:48,03-10-2026 12:46,41.96667,>=24 hrs
03-10-2026,FMPC6553121649,ChandigarhRoadSplitHub_LUH_PL,GOLD STAR KNIT PVT LTD. +919877016376,a51a79cb1e8942d1,received_at_mh,North,LMA,1.00E+11,Fastbeetle service,Sajan,Motherhub_LUH,BRSNR,ChandigarhRoadSplitHub_LUH_PL,PH-B5-LUHLUH-4975075,expected,OPENED,02-10-2026 20:26,Loveleen Singh,02-10-2026 18:20,#VALUE!,#VALUE!,#VALUE!
03-10-2026,FMPC6553167390,ChandigarhRoadSplitHub_LUH_PL,Balrama Enterprises +919814533365,b1cfd80f880949c5,received_at_mh,North,LMA,1.00E+11,WHEELEY,KulwinderSingh,Motherhub_LUH,BRSNR,ChandigarhRoadSplitHub_LUH_PL,PH-B5-LUHLUH-4975469,expected,OPENED,02-10-2026 20:23,Loveleen Singh,02-10-2026 18:20,#VALUE!,#VALUE!,#VALUE!
03-10-2026,FMPP4313869192,ChandigarhRoadSplitHub_LUH_PL,MAHADEV TRADERS +919915001165,813d42c26f704a16,received_at_mh,North,LMA,1.00E+11,Vxpress,Anshul,Motherhub_LUH,BRSNR,ChandigarhRoadSplitHub_LUH_PL,PH-B5-LUHLUH-4975469,expected,OPENED,02-10-2026 20:23,Loveleen Singh,02-10-2026 18:20,#VALUE!,#VALUE!,#VALUE!
03-10-2026,FMPP4314406800,ChandigarhRoadSplitHub_LUH_PL,ELEGA STRIDE +919478050064,ce4f675baaab4ec6,received_at_mh,North,LMA,1.00E+11,AADIYOGI LOGISTIC PRIVATE LIMITED,Mani,Motherhub_LUH,BRSNR,ChandigarhRoadSplitHub_LUH_PL,PH-B5-LUHLUH-4975469,expected,OPENED,02-10-2026 20:23,Loveleen Singh,02-10-2026 18:20,#VALUE!,#VALUE!,#VALUE!
03-10-2026,FMPP4313800332,ChandigarhRoadSplitHub_LUH_PL,RUHZEEFA +919781434733,4f76489d540842c5,received_at_mh,North,LMA,1.00E+11,AADIYOGI LOGISTIC PRIVATE LIMITED,Mani,Motherhub_LUH,BRSNR,ChandigarhRoadSplitHub_LUH_PL,PH-B5-LUHLUH-4975469,expected,OPENED,02-10-2026 20:23,Loveleen Singh,02-10-2026 18:20,#VALUE!,#VALUE!,#VALUE!
03-10-2026,FMPP4313814296,ChandigarhRoadSplitHub_LUH_PL,Balrama Enterprises +919814533365,b1cfd80f880949c5,received_at_mh,North,LMA,1.00E+11,WHEELEY,KulwinderSingh,Motherhub_LUH,BRSNR,ChandigarhRoadSplitHub_LUH_PL,PH-B5-LUHLUH-4975469,expected,OPENED,02-10-2026 20:23,Loveleen Singh,02-10-2026 18:20,#VALUE!,#VALUE!,#VALUE!
03-10-2026,FMPP4313902024,ChandigarhRoadSplitHub_LUH_PL,JAIN JUGAL HOSIERY +918727900106,755f46a9d6fb4dc5,received_at_mh,North,LMA,1.00E+11,WHEELEY,SandeepKumar,Motherhub_LUH,BRSNR,ChandigarhRoadSplitHub_LUH_PL,PH-B5-LUHLUH-4975469,expected,OPENED,02-10-2026 20:23,Loveleen Singh,02-10-2026 18:20,#VALUE!,#VALUE!,#VALUE!
03-10-2026,FMPP4314349890,ChandigarhRoadSplitHub_LUH_PL,JAIN JUGAL HOSIERY +918727900106,755f46a9d6fb4dc5,received_at_mh,North,LMA,1.00E+11,WHEELEY,SandeepKumar,Motherhub_LUH,BRSNR,ChandigarhRoadSplitHub_LUH_PL,PH-B5-LUHLUH-4975469,expected,OPENED,02-10-2026 20:23,Loveleen Singh,02-10-2026 18:20,#VALUE!,#VALUE!,#VALUE!
03-10-2026,FMPC6553154939,ChandigarhRoadSplitHub_LUH_PL,Balrama Enterprises +919814533365,b1cfd80f880949c5,received_at_mh,North,LMA,1.00E+11,WHEELEY,KulwinderSingh,Motherhub_LUH,BRSNR,ChandigarhRoadSplitHub_LUH_PL,PH-B5-LUHLUH-4975469,expected,OPENED,02-10-2026 20:23,Loveleen Singh,02-10-2026 18:20,#VALUE!,#VALUE!,#VALUE!
03-10-2026,FMPC6553195074,ChandigarhRoadSplitHub_LUH_PL,Balrama Enterprises +919814533365,b1cfd80f880949c5,received_at_mh,North,LMA,1.00E+11,WHEELEY,KulwinderSingh,Motherhub_LUH,BRSNR,ChandigarhRoadSplitHub_LUH_PL,PH-B5-LUHLUH-4975469,expected,OPENED,02-10-2026 20:23,Loveleen Singh,02-10-2026 18:20,#VALUE!,#VALUE!,#VALUE!
03-10-2026,FMPP4314493704,ChandigarhRoadSplitHub_LUH_PL,Dev International +919915001165,417481fb83f34389,received_at_mh,North,LMA,1.00E+11,Vxpress,Anshul,Motherhub_LUH,BRSNR,ChandigarhRoadSplitHub_LUH_PL,PH-B5-LUHLUH-4975469,expected,OPENED,02-10-2026 20:23,Loveleen Singh,02-10-2026 18:20,#VALUE!,#VALUE!,#VALUE!
03-10-2026,FMPC6553125227,ChandigarhRoadSplitHub_LUH_PL,Dev International +919915001165,417481fb83f34389,received_at_mh,North,LMA,1.00E+11,Vxpress,Anshul,Motherhub_LUH,BRSNR,ChandigarhRoadSplitHub_LUH_PL,PH-B5-LUHLUH-4975469,expected,OPENED,02-10-2026 20:23,Loveleen Singh,02-10-2026 18:20,#VALUE!,#VALUE!,#VALUE!
03-10-2026,FMPC6553708796,ChandigarhRoadSplitHub_LUH_PL,Amogha styles +918699938992,4e40ff32a6bf4ce2,received_at_mh,North,LMA,1.00E+11,Vxpress,DeepakSharma,Motherhub_LUH,BRSNR,ChandigarhRoadSplitHub_LUH_PL,PH-B5-LUHLUH-4975469,expected,OPENED,02-10-2026 20:23,Loveleen Singh,02-10-2026 18:20,#VALUE!,#VALUE!,#VALUE!
03-10-2026,FMPP4314613147,ChandigarhRoadSplitHub_LUH_PL,Easy Deals +919803842360,37440f27cf604e27,received_at_mh,North,LMA,1.00E+11,Vxpress,ManishYadav,Motherhub_LUH,BRSNR,ChandigarhRoadSplitHub_LUH_PL,PH-B5-LUHLUH-4975469,expected,OPENED,02-10-2026 20:23,Loveleen Singh,02-10-2026 18:20,#VALUE!,#VALUE!,#VALUE!
03-10-2026,FMPP4313790495,ChandigarhRoadSplitHub_LUH_PL,MEHAK CREATION +917626858582,86f6a42f691a40e2,received_at_mh,North,TRUEFLEX,9.65E+05,Trueflex,Deepak Kumar,Motherhub_LUH,BRSNR,ChandigarhRoadSplitHub_LUH_PL,PH-B5-LUHLUH-4975469,expected,OPENED,02-10-2026 20:23,Loveleen Singh,02-10-2026 18:20,#VALUE!,#VALUE!,#VALUE!
03-10-2026,FMPC6553167269,ChandigarhRoadSplitHub_LUH_PL,Balrama Enterprises +919814533365,b1cfd80f880949c5,dispatched_to_mh,North,LMA,1.00E+11,WHEELEY,KulwinderSingh,Motherhub_LUH,BRSNR,ChandigarhRoadSplitHub_LUH_PL,PH-B5-LUHLUH-4975469,expected,OPENED,02-10-2026 20:23,Loveleen Singh,02-10-2026 18:20,#VALUE!,#VALUE!,#VALUE!
03-10-2026,FMPC6553322461,ChandigarhRoadSplitHub_LUH_PL,RUHZEEFA +919781434733,4f76489d540842c5,received_at_mh,North,LMA,1.00E+11,AADIYOGI LOGISTIC PRIVATE LIMITED,Mani,Motherhub_LUH,BRSNR,ChandigarhRoadSplitHub_LUH_PL,PH-B5-LUHLUH-4975469,expected,OPENED,02-10-2026 20:23,Loveleen Singh,02-10-2026 18:20,#VALUE!,#VALUE!,#VALUE!
03-10-2026,FMPC6553167292,ChandigarhRoadSplitHub_LUH_PL,Balrama Enterprises +919814533365,b1cfd80f880949c5,received_at_mh,North,LMA,1.00E+11,WHEELEY,KulwinderSingh,Motherhub_LUH,BRSNR,ChandigarhRoadSplitHub_LUH_PL,PH-B5-LUHLUH-4975469,expected,OPENED,02-10-2026 20:23,Loveleen Singh,02-10-2026 18:20,#VALUE!,#VALUE!,#VALUE!
03-10-2026,FMPC6552790999,ChandigarhRoadSplitHub_LUH_PL,Amogha styles +918699938992,4e40ff32a6bf4ce2,received_at_mh,North,LMA,1.00E+11,Vxpress,DeepakSharma,Motherhub_LUH,BRSNR,ChandigarhRoadSplitHub_LUH_PL,PH-B5-LUHLUH-4975469,expected,OPENED,02-10-2026 20:23,Loveleen Singh,02-10-2026 18:20,#VALUE!,#VALUE!,#VALUE!
03-10-2026,FMPC6553107694,ChandigarhRoadSplitHub_LUH_PL,JAIN JUGAL HOSIERY +918727900106,755f46a9d6fb4dc5,received_at_mh,North,LMA,1.00E+11,WHEELEY,SandeepKumar,Motherhub_LUH,BRSNR,ChandigarhRoadSplitHub_LUH_PL,PH-B5-LUHLUH-4975469,expected,OPENED,02-10-2026 20:23,Loveleen Singh,02-10-2026 18:20,#VALUE!,#VALUE!,#VALUE!
03-10-2026,FMPC6553195080,ChandigarhRoadSplitHub_LUH_PL,Balrama Enterprises +919814533365,b1cfd80f880949c5,received_at_mh,North,LMA,1.00E+11,WHEELEY,KulwinderSingh,Motherhub_LUH,BRSNR,ChandigarhRoadSplitHub_LUH_PL,PH-B5-LUHLUH-4975469,expected,OPENED,02-10-2026 20:23,Loveleen Singh,02-10-2026 18:20,#VALUE!,#VALUE!,#VALUE!
03-10-2026,FMPC6552652160,ChandigarhRoadSplitHub_LUH_PL,R.K ENTERPRISES +918195968089,9e3c644e4b6b47ac,received_at_mh,North,TRUEFLEX,9.65E+05,Trueflex,Deepak Kumar,Motherhub_LUH,BRSNR,ChandigarhRoadSplitHub_LUH_PL,PH-B5-LUHLUH-4975469,expected,OPENED,02-10-2026 20:23,Loveleen Singh,02-10-2026 18:20,#VALUE!,#VALUE!,#VALUE!
03-10-2026,FMPC6553167315,ChandigarhRoadSplitHub_LUH_PL,Balrama Enterprises +919814533365,b1cfd80f880949c5,received_at_mh,North,LMA,1.00E+11,WHEELEY,KulwinderSingh,Motherhub_LUH,BRSNR,ChandigarhRoadSplitHub_LUH_PL,PH-B5-LUHLUH-4975469,expected,OPENED,02-10-2026 20:23,Loveleen Singh,02-10-2026 18:20,#VALUE!,#VALUE!,#VALUE!
03-10-2026,FMPP4314221224,ChandigarhRoadSplitHub_LUH_PL,Amogha styles +918699938992,4e40ff32a6bf4ce2,received_at_mh,North,LMA,1.00E+11,Vxpress,DeepakSharma,Motherhub_LUH,BRSNR,ChandigarhRoadSplitHub_LUH_PL,PH-B5-LUHLUH-4975469,expected,OPENED,02-10-2026 20:23,Loveleen Singh,02-10-2026 18:20,#VALUE!,#VALUE!,#VALUE!
03-10-2026,FMPP4313804715,ChandigarhRoadSplitHub_LUH_PL,Balrama Enterprises +919814533365,b1cfd80f880949c5,received_at_mh,North,LMA,1.00E+11,WHEELEY,KulwinderSingh,Motherhub_LUH,BRSNR,ChandigarhRoadSplitHub_LUH_PL,PH-B5-LUHLUH-4975469,expected,OPENED,02-10-2026 20:23,Loveleen Singh,02-10-2026 18:20,#VALUE!,#VALUE!,#VALUE!
03-10-2026,FMPP4314380610,ChandigarhRoadSplitHub_LUH_PL,RUHZEEFA +919781434733,4f76489d540842c5,received_at_mh,North,LMA,1.00E+11,AADIYOGI LOGISTIC PRIVATE LIMITED,Mani,Motherhub_LUH,BRSNR,ChandigarhRoadSplitHub_LUH_PL,PH-B5-LUHLUH-4975469,expected,OPENED,02-10-2026 20:23,Loveleen Singh,02-10-2026 18:20,#VALUE!,#VALUE!,#VALUE!
03-10-2026,FMPC6553719763,ChandigarhRoadSplitHub_LUH_PL,Amogha styles +918699938992,4e40ff32a6bf4ce2,received_at_mh,North,LMA,1.00E+11,Vxpress,DeepakSharma,Motherhub_LUH,BRSNR,ChandigarhRoadSplitHub_LUH_PL,PH-B5-LUHLUH-4975469,expected,OPENED,02-10-2026 20:23,Loveleen Singh,02-10-2026 18:20,#VALUE!,#VALUE!,#VALUE!
03-10-2026,FMPC6552793942,ChandigarhRoadSplitHub_LUH_PL,RUHZEEFA +919781434733,4f76489d540842c5,received_at_mh,North,LMA,1.00E+11,AADIYOGI LOGISTIC PRIVATE LIMITED,Mani,Motherhub_LUH,BRSNR,ChandigarhRoadSplitHub_LUH_PL,PH-B5-LUHLUH-4975469,expected,OPENED,02-10-2026 20:23,Loveleen Singh,02-10-2026 18:20,#VALUE!,#VALUE!,#VALUE!
03-10-2026,FMPC6553088532,ChandigarhRoadSplitHub_LUH_PL,GOYAL INDUSTRIES +917626989490,d1395c1fba9945df,received_at_mh,North,LMA,1.00E+11,Fastbeetle service,Sajan,Motherhub_LUH,BRSNR,ChandigarhRoadSplitHub_LUH_PL,PH-B5-LUHLUH-4975074,expected,OPENED,02-10-2026 20:21,Loveleen Singh,02-10-2026 18:20,#VALUE!,#VALUE!,#VALUE!
03-10-2026,FMPP4313666529,LBNagarHub_HYD_PL,BRIXTAA +918465010234,618831b480ad46ad,dispatched_to_mh,South,EKART,3.81E+06,EKART,Md Abdul Zakir,MotherHub_MED,BRSNR,LBNagarHub_HYD_PL,PH-B1-HYDMED-3115359,expected,OPENED,02-10-2026 23:07,Vivekananda Tallapudi,02-10-2026 17:57,#VALUE!,#VALUE!,#VALUE!
03-10-2026,FMPC6553775067,MasabTankHub_HYD_PL,OLAY ENTERPRISE 9989662986,56a498b117db47d0,dispatched_to_mh,South,LMA,1.00E+11,WERCATALYST VENTURES PVT LTD,NSuresh,MotherHub_MED,BRSNR,MasabTankHub_HYD_PL,PH-B1-HYDMED-3115654,expected,OPENED,02-10-2026 23:19,Vivekananda Tallapudi,02-10-2026 20:04,#VALUE!,#VALUE!,#VALUE!
03-10-2026,FMPC6553227015,ChandigarhRoadHub_LUH_PL,RANG MANCH FASHION PRIVATE LIMITED +916239741214,b05ec1f1a8ab42a6,received_at_mh,North,LMA,1.00E+11,WHEELEY,RahulKumar,Motherhub_LUH,BRSNR,ChandigarhRoadHub_LUH_PL,PH-B5-LUHLUH-4972074,expected,OPENED,02-10-2026 21:10,Loveleen Singh,02-10-2026 18:33,04-10-2026 4:04,33.51667,>=24 hrs
03-10-2026,FMPC6553303281,ChandigarhRoadHub_LUH_PL,RANG MANCH FASHION PRIVATE LIMITED +916239741214,b05ec1f1a8ab42a6,received_at_mh,North,LMA,1.00E+11,WHEELEY,RahulKumar,Motherhub_LUH,BRSNR,ChandigarhRoadHub_LUH_PL,PH-B5-LUHLUH-4972074,expected,OPENED,02-10-2026 21:10,Loveleen Singh,02-10-2026 18:33,04-10-2026 4:04,33.51667,>=24 hrs
03-10-2026,FMPC6554191331,ChandigarhRoadHub_LUH_PL,M/S ESPANA TEX +919888799552,d8a9449c5572496e,dispatched_to_mh,North,LMA,1.00E+11,WHEELEY,RahulKumar,Motherhub_LUH,BRSNR,ChandigarhRoadHub_LUH_PL,PH-B5-LUHLUH-4974439,expected,OPENED,02-10-2026 21:11,Loveleen Singh,02-10-2026 18:33,#VALUE!,#VALUE!,#VALUE!
03-10-2026,FMPP4313981127,ChandigarhRoadHub_LUH_PL,RANG MANCH FASHION PRIVATE LIMITED +916239741214,b05ec1f1a8ab42a6,received_at_mh,North,LMA,1.00E+11,WHEELEY,RahulKumar,Motherhub_LUH,BRSNR,ChandigarhRoadHub_LUH_PL,PH-B5-LUHLUH-4972074,expected,OPENED,02-10-2026 21:10,Loveleen Singh,02-10-2026 18:33,#VALUE!,#VALUE!,#VALUE!
03-10-2026,FMPC6553542156,ChandigarhRoadHub_LUH_PL,RANG MANCH FASHION PRIVATE LIMITED +916239741214,b05ec1f1a8ab42a6,received_at_mh,North,LMA,1.00E+11,WHEELEY,RahulKumar,Motherhub_LUH,BRSNR,ChandigarhRoadHub_LUH_PL,PH-B5-LUHLUH-4972074,expected,OPENED,02-10-2026 21:10,Loveleen Singh,02-10-2026 18:33,04-10-2026 4:05,33.53333,>=24 hrs
03-10-2026,FMPC6554191336,ChandigarhRoadHub_LUH_PL,M/S ESPANA TEX +919888799552,d8a9449c5572496e,dispatched_to_mh,North,LMA,1.00E+11,WHEELEY,RahulKumar,Motherhub_LUH,BRSNR,ChandigarhRoadHub_LUH_PL,PH-B5-LUHLUH-4974439,expected,OPENED,02-10-2026 21:11,Loveleen Singh,02-10-2026 18:33,#VALUE!,#VALUE!,#VALUE!
03-10-2026,FMPC6554374355,BhiwandiHub_BHI_PL,MOSAIC WELLNESS PRIVATE LIMITED 9930684004,aec0893531e842d0,received_at_mh,West,LMA,1.00E+11,WERCATALYST VENTURES PVT LTD,Naveed Akhtar Ghulam RasoolAnsari,Motherhub_SAI_4,BRSNR,BhiwandiHub_BHI_PL,PH-B2-MUMSAI-26538053,expected,OPENED,02-10-2026 20:09,Ashwarya Singh,02-10-2026 17:15,03-10-2026 21:10,27.91667,>=24 hrs
03-10-2026,FMPP4314569018,BhiwandiHub_BHI_PL,MOSAIC WELLNESS PRIVATE LIMITED 9930684004,aec0893531e842d0,received_at_mh,West,LMA,1.00E+11,WERCATALYST VENTURES PVT LTD,Naveed Akhtar Ghulam RasoolAnsari,Motherhub_SAI_4,BRSNR,BhiwandiHub_BHI_PL,PH-B2-MUMSAI-26538053,expected,OPENED,02-10-2026 20:09,Ashwarya Singh,02-10-2026 17:15,03-10-2026 21:07,27.86667,>=24 hrs
03-10-2026,FMPC6554439148,BhiwandiHub_BHI_PL,MOSAIC WELLNESS PRIVATE LIMITED 9930684004,aec0893531e842d0,received_at_mh,West,LMA,1.00E+11,WERCATALYST VENTURES PVT LTD,Naveed Akhtar Ghulam RasoolAnsari,Motherhub_SAI_4,BRSNR,BhiwandiHub_BHI_PL,PH-B2-MUMSAI-26538053,expected,OPENED,02-10-2026 20:09,Ashwarya Singh,02-10-2026 17:15,03-10-2026 21:07,27.86667,>=24 hrs
03-10-2026,FMPC6554333652,BhiwandiHub_BHI_PL,MOSAIC WELLNESS PRIVATE LIMITED 9930684004,aec0893531e842d0,received_at_mh,West,LMA,1.00E+11,WERCATALYST VENTURES PVT LTD,Naveed Akhtar Ghulam RasoolAnsari,Motherhub_SAI_4,BRSNR,BhiwandiHub_BHI_PL,PH-B2-MUMSAI-26538053,expected,OPENED,02-10-2026 20:09,Ashwarya Singh,02-10-2026 17:15,03-10-2026 21:04,27.81667,>=24 hrs
03-10-2026,FMPC6554407929,BhiwandiHub_BHI_PL,MOSAIC WELLNESS PRIVATE LIMITED 9930684004,aec0893531e842d0,received_at_mh,West,LMA,1.00E+11,WERCATALYST VENTURES PVT LTD,Naveed Akhtar Ghulam RasoolAnsari,Motherhub_SAI_4,BRSNR,BhiwandiHub_BHI_PL,PH-B2-MUMSAI-26538053,expected,OPENED,02-10-2026 20:09,Ashwarya Singh,02-10-2026 17:15,03-10-2026 21:04,27.81667,>=24 hrs
03-10-2026,FMPP4314466959,BhiwandiHub_BHI_PL,MOSAIC WELLNESS PRIVATE LIMITED 9930684004,aec0893531e842d0,received_at_mh,West,LMA,1.00E+11,WERCATALYST VENTURES PVT LTD,Naveed Akhtar Ghulam RasoolAnsari,Motherhub_SAI_4,BRSNR,BhiwandiHub_BHI_PL,PH-B2-MUMSAI-26538053,expected,OPENED,02-10-2026 20:09,Ashwarya Singh,02-10-2026 17:15,03-10-2026 21:03,27.8,>=24 hrs
03-10-2026,FMPC6554428472,BhiwandiHub_BHI_PL,MOSAIC WELLNESS PRIVATE LIMITED 9930684004,aec0893531e842d0,received_at_mh,West,LMA,1.00E+11,WERCATALYST VENTURES PVT LTD,Naveed Akhtar Ghulam RasoolAnsari,Motherhub_SAI_4,BRSNR,BhiwandiHub_BHI_PL,PH-B2-MUMSAI-26538053,expected,OPENED,02-10-2026 20:09,Ashwarya Singh,02-10-2026 17:15,03-10-2026 21:04,27.81667,>=24 hrs
03-10-2026,FMPC6553985388,BhiwandiHub_BHI_PL,MOSAIC WELLNESS PRIVATE LIMITED 9930684004,aec0893531e842d0,received_at_mh,West,LMA,1.00E+11,WERCATALYST VENTURES PVT LTD,Naveed Akhtar Ghulam RasoolAnsari,Motherhub_SAI_4,BRSNR,BhiwandiHub_BHI_PL,PH-B2-MUMSAI-26538053,expected,OPENED,02-10-2026 20:09,Ashwarya Singh,02-10-2026 17:15,03-10-2026 21:06,27.85,>=24 hrs
03-10-2026,FMPC6554359472,BhiwandiHub_BHI_PL,MOSAIC WELLNESS PRIVATE LIMITED 9930684004,aec0893531e842d0,received_at_mh,West,LMA,1.00E+11,WERCATALYST VENTURES PVT LTD,Naveed Akhtar Ghulam RasoolAnsari,Motherhub_SAI_4,BRSNR,BhiwandiHub_BHI_PL,PH-B2-MUMSAI-26538053,expected,OPENED,02-10-2026 20:09,Ashwarya Singh,02-10-2026 17:15,03-10-2026 21:06,27.85,>=24 hrs
03-10-2026,FMPP4314548159,BhiwandiHub_BHI_PL,MOSAIC WELLNESS PRIVATE LIMITED 9930684004,aec0893531e842d0,received_at_mh,West,LMA,1.00E+11,WERCATALYST VENTURES PVT LTD,Naveed Akhtar Ghulam RasoolAnsari,Motherhub_SAI_4,BRSNR,BhiwandiHub_BHI_PL,PH-B2-MUMSAI-26538053,expected,OPENED,02-10-2026 20:09,Ashwarya Singh,02-10-2026 17:15,03-10-2026 21:06,27.85,>=24 hrs
03-10-2026,FMPP4314653287,BhiwandiHub_BHI_PL,MOSAIC WELLNESS PRIVATE LIMITED 9930684004,aec0893531e842d0,received_at_mh,West,LMA,1.00E+11,WERCATALYST VENTURES PVT LTD,Naveed Akhtar Ghulam RasoolAnsari,Motherhub_SAI_4,BRSNR,BhiwandiHub_BHI_PL,PH-B2-MUMSAI-26538053,expected,OPENED,02-10-2026 20:09,Ashwarya Singh,02-10-2026 17:15,03-10-2026 21:06,27.85,>=24 hrs
03-10-2026,FMPP4314400413,BhiwandiHub_BHI_PL,MOSAIC WELLNESS PRIVATE LIMITED 9930684004,aec0893531e842d0,received_at_mh,West,LMA,1.00E+11,WERCATALYST VENTURES PVT LTD,Naveed Akhtar Ghulam RasoolAnsari,Motherhub_SAI_4,BRSNR,BhiwandiHub_BHI_PL,PH-B2-MUMSAI-26538053,expected,OPENED,02-10-2026 20:09,Ashwarya Singh,02-10-2026 17:15,03-10-2026 21:06,27.85,>=24 hrs
03-10-2026,FMPP4314389167,BhiwandiHub_BHI_PL,MOSAIC WELLNESS PRIVATE LIMITED 9930684004,aec0893531e842d0,received_at_mh,West,LMA,1.00E+11,WERCATALYST VENTURES PVT LTD,Naveed Akhtar Ghulam RasoolAnsari,Motherhub_SAI_4,BRSNR,BhiwandiHub_BHI_PL,PH-B2-MUMSAI-26538053,expected,OPENED,02-10-2026 20:09,Ashwarya Singh,02-10-2026 17:15,03-10-2026 21:06,27.85,>=24 hrs
03-10-2026,FMPC6554152993,BhiwandiHub_BHI_PL,MOSAIC WELLNESS PRIVATE LIMITED 9930684004,aec0893531e842d0,received_at_mh,West,LMA,1.00E+11,WERCATALYST VENTURES PVT LTD,Naveed Akhtar Ghulam RasoolAnsari,Motherhub_SAI_4,BRSNR,BhiwandiHub_BHI_PL,PH-B2-MUMSAI-26538053,expected,OPENED,02-10-2026 20:09,Ashwarya Singh,02-10-2026 17:15,03-10-2026 21:06,27.85,>=24 hrs
03-10-2026,FMPP4314631631,BhiwandiHub_BHI_PL,MOSAIC WELLNESS PRIVATE LIMITED 9930684004,aec0893531e842d0,received_at_mh,West,LMA,1.00E+11,WERCATALYST VENTURES PVT LTD,Naveed Akhtar Ghulam RasoolAnsari,Motherhub_SAI_4,BRSNR,BhiwandiHub_BHI_PL,PH-B2-MUMSAI-26538053,expected,OPENED,02-10-2026 20:09,Ashwarya Singh,02-10-2026 17:15,03-10-2026 21:02,27.78333,>=24 hrs
03-10-2026,FMPC6554342819,BhiwandiHub_BHI_PL,MOSAIC WELLNESS PRIVATE LIMITED 9930684004,aec0893531e842d0,received_at_mh,West,LMA,1.00E+11,WERCATALYST VENTURES PVT LTD,Naveed Akhtar Ghulam RasoolAnsari,Motherhub_SAI_4,BRSNR,BhiwandiHub_BHI_PL,PH-B2-MUMSAI-26538053,expected,OPENED,02-10-2026 20:09,Ashwarya Singh,02-10-2026 17:15,03-10-2026 21:01,27.76667,>=24 hrs
03-10-2026,FMPC6554479821,BhiwandiHub_BHI_PL,MOSAIC WELLNESS PRIVATE LIMITED 9930684004,aec0893531e842d0,received_at_mh,West,LMA,1.00E+11,WERCATALYST VENTURES PVT LTD,Naveed Akhtar Ghulam RasoolAnsari,Motherhub_SAI_4,BRSNR,BhiwandiHub_BHI_PL,PH-B2-MUMSAI-26538053,expected,OPENED,02-10-2026 20:09,Ashwarya Singh,02-10-2026 17:15,03-10-2026 21:04,27.81667,>=24 hrs
03-10-2026,FMPP4314595698,BhiwandiHub_BHI_PL,MOSAIC WELLNESS PRIVATE LIMITED 9930684004,aec0893531e842d0,received_at_mh,West,LMA,1.00E+11,WERCATALYST VENTURES PVT LTD,Naveed Akhtar Ghulam RasoolAnsari,Motherhub_SAI_4,BRSNR,BhiwandiHub_BHI_PL,PH-B2-MUMSAI-26538053,expected,OPENED,02-10-2026 20:09,Ashwarya Singh,02-10-2026 17:15,03-10-2026 21:07,27.86667,>=24 hrs
03-10-2026,FMPC6553434913,BhiwandiHub_BHI_PL,MOSAIC WELLNESS PRIVATE LIMITED 9930684004,aec0893531e842d0,received_at_mh,West,LMA,1.00E+11,WERCATALYST VENTURES PVT LTD,Naveed Akhtar Ghulam RasoolAnsari,Motherhub_SAI_4,BRSNR,BhiwandiHub_BHI_PL,PH-B2-MUMSAI-26538053,expected,OPENED,02-10-2026 20:09,Ashwarya Singh,02-10-2026 17:15,03-10-2026 21:04,27.81667,>=24 hrs
03-10-2026,FMPC6553978728,BhiwandiHub_BHI_PL,MOSAIC WELLNESS PRIVATE LIMITED 9930684004,aec0893531e842d0,received_at_mh,West,LMA,1.00E+11,WERCATALYST VENTURES PVT LTD,Naveed Akhtar Ghulam RasoolAnsari,Motherhub_SAI_4,BRSNR,BhiwandiHub_BHI_PL,PH-B2-MUMSAI-26538053,expected,OPENED,02-10-2026 20:09,Ashwarya Singh,02-10-2026 17:15,03-10-2026 21:04,27.81667,>=24 hrs
03-10-2026,FMPC6554126033,BhiwandiHub_BHI_PL,MOSAIC WELLNESS PRIVATE LIMITED 9930684004,aec0893531e842d0,received_at_mh,West,LMA,1.00E+11,WERCATALYST VENTURES PVT LTD,Naveed Akhtar Ghulam RasoolAnsari,Motherhub_SAI_4,BRSNR,BhiwandiHub_BHI_PL,PH-B2-MUMSAI-26538053,expected,OPENED,02-10-2026 20:09,Ashwarya Singh,02-10-2026 17:15,03-10-2026 21:07,27.86667,>=24 hrs
03-10-2026,FMPP4314579044,BhiwandiHub_BHI_PL,MOSAIC WELLNESS PRIVATE LIMITED 9930684004,aec0893531e842d0,received_at_mh,West,LMA,1.00E+11,WERCATALYST VENTURES PVT LTD,Naveed Akhtar Ghulam RasoolAnsari,Motherhub_SAI_4,BRSNR,BhiwandiHub_BHI_PL,PH-B2-MUMSAI-26538053,expected,OPENED,02-10-2026 20:09,Ashwarya Singh,02-10-2026 17:15,03-10-2026 21:02,27.78333,>=24 hrs
03-10-2026,FMPP4314639643,BhiwandiHub_BHI_PL,MOSAIC WELLNESS PRIVATE LIMITED 9930684004,aec0893531e842d0,received_at_mh,West,LMA,1.00E+11,WERCATALYST VENTURES PVT LTD,Naveed Akhtar Ghulam RasoolAnsari,Motherhub_SAI_4,BRSNR,BhiwandiHub_BHI_PL,PH-B2-MUMSAI-26538053,expected,OPENED,02-10-2026 20:09,Ashwarya Singh,02-10-2026 17:15,03-10-2026 21:04,27.81667,>=24 hrs
03-10-2026,FMPP4314437511,BhiwandiHub_BHI_PL,MOSAIC WELLNESS PRIVATE LIMITED 9930684004,aec0893531e842d0,received_at_mh,West,LMA,1.00E+11,WERCATALYST VENTURES PVT LTD,Naveed Akhtar Ghulam RasoolAnsari,Motherhub_SAI_4,BRSNR,BhiwandiHub_BHI_PL,PH-B2-MUMSAI-26538053,expected,OPENED,02-10-2026 20:09,Ashwarya Singh,02-10-2026 17:15,03-10-2026 21:06,27.85,>=24 hrs
03-10-2026,FMPC6554361775,BhiwandiHub_BHI_PL,MOSAIC WELLNESS PRIVATE LIMITED 9930684004,aec0893531e842d0,received_at_mh,West,LMA,1.00E+11,WERCATALYST VENTURES PVT LTD,Naveed Akhtar Ghulam RasoolAnsari,Motherhub_SAI_4,BRSNR,BhiwandiHub_BHI_PL,PH-B2-MUMSAI-26538053,expected,OPENED,02-10-2026 20:09,Ashwarya Singh,02-10-2026 17:15,03-10-2026 21:02,27.78333,>=24 hrs
03-10-2026,FMPP4314388680,JiganiHub_BLR_PL,SHRIKAR GROUPS +918951729720,b3c72e4afa8b4964,dispatched_to_mh,South,LMA,1.00E+11,WERCATALYST VENTURES PVT LTD,S KishanNaik,Motherhub_ANJ,BRSNR,JiganiHub_BLR_PL,PH-B6-BLRANJ-2100813,expected,OPENED,03-10-2026 0:12,Anwar Babu Maldar,02-10-2026 19:08,#VALUE!,#VALUE!,#VALUE!
03-10-2026,FMPC6552647851,JiganiHub_BLR_PL,REPRO BOOKS LIMITED 9821647068,1fb9292609fa497e,dispatched_to_mh,South,LMA,1.00E+11,WERCATALYST VENTURES PVT LTD,GollalappaKalagi,Motherhub_ANJ,BRSNR,JiganiHub_BLR_PL,PH-B6-BLRANJ-2103716,expected,OPENED,03-10-2026 0:13,Anwar Babu Maldar,02-10-2026 19:08,#VALUE!,#VALUE!,#VALUE!
03-10-2026,FMPC6553566263,DindoliHub_STV_PL,V R HOME PRODUCT +919173927661,29e93a3741fc45fa,received_at_mh,West,TRUEFLEX,7.37E+05,Trueflex,Bais Shivam,MotherHub_STV,BRSNR,DindoliHub_STV_PL,PH-ZO-SURSUR-11226194,expected,OPENED,02-10-2026 23:06,Ashvani Bhatt,02-10-2026 17:08,03-10-2026 21:47,28.65,>=24 hrs
03-10-2026,FMPC6554012256,DindoliHub_STV_PL,CANVAS WEAVES 9327550128,df49493f52464aef,dispatched_to_mh,West,LMA,1.00E+11,WERCATALYST VENTURES PVT LTD,Vasane ShubhamSanjay,MotherHub_STV,BRSNR,DindoliHub_STV_PL,PH-ZO-SURSUR-11271089,expected,OPENED,02-10-2026 21:20,Ashvani Bhatt,02-10-2026 20:10,#VALUE!,#VALUE!,#VALUE!
03-10-2026,FMPC6554217036,DindoliHub_STV_PL,V R HOME PRODUCT +919173927661,29e93a3741fc45fa,dispatched_to_mh,West,TRUEFLEX,7.37E+05,Trueflex,Bais Shivam,MotherHub_STV,BRSNR,DindoliHub_STV_PL,PH-ZO-SURSUR-11226194,expected,OPENED,02-10-2026 23:06,Ashvani Bhatt,02-10-2026 17:08,#VALUE!,#VALUE!,#VALUE!
03-10-2026,FMPC6553518830,DindoliHub_STV_PL,VISHNU FASHION +919712559359,c75de2eae0fd43f2,received_at_mh,West,LMA,1.00E+11,Vxpress,Pankaj EknathSuryawanshi,MotherHub_STV,BRSNR,DindoliHub_STV_PL,PH-ZO-SURSUR-11261813,expected,OPENED,02-10-2026 21:06,Ashvani Bhatt,02-10-2026 18:56,03-10-2026 21:05,26.15,>=24 hrs
03-10-2026,FMPC6554698631,Motibaghhub_DEL_PL,DA NOVIRA +919205588560,ea4da39822674fee,received_at_mh,North,TRUEFLEX,981845,Trueflex,Ravi Shankar Gupta,MotherHub_NDC,BRSNR,Motibaghhub_DEL_PL,PH-B3-NCRNDC-6523964,expected,OPENED,03-10-2026 10:09,Arvind Bansal (DNCR),02-10-2026 21:05,03-10-2026 23:24,26.31667,>=24 hrs
03-10-2026,FMPC6554409939,Motibaghhub_DEL_PL,DA NOVIRA +919205588560,ea4da39822674fee,received_at_mh,North,TRUEFLEX,981845,Trueflex,Ravi Shankar Gupta,MotherHub_NDC,BRSNR,Motibaghhub_DEL_PL,PH-B3-NCRNDC-6523964,expected,OPENED,03-10-2026 10:09,Arvind Bansal (DNCR),02-10-2026 21:05,03-10-2026 23:20,26.25,>=24 hrs
03-10-2026,FMPP4314690413,Motibaghhub_DEL_PL,DA NOVIRA +919205588560,ea4da39822674fee,received_at_mh,North,TRUEFLEX,981845,Trueflex,Ravi Shankar Gupta,MotherHub_NDC,BRSNR,Motibaghhub_DEL_PL,PH-B3-NCRNDC-6523964,expected,OPENED,03-10-2026 10:09,Arvind Bansal (DNCR),02-10-2026 21:05,03-10-2026 23:23,26.3,>=24 hrs
03-10-2026,FMPC6554373829,Motibaghhub_DEL_PL,DA NOVIRA +919205588560,ea4da39822674fee,received_at_mh,North,TRUEFLEX,981845,Trueflex,Ravi Shankar Gupta,MotherHub_NDC,BRSNR,Motibaghhub_DEL_PL,PH-B3-NCRNDC-6523964,expected,OPENED,03-10-2026 10:09,Arvind Bansal (DNCR),02-10-2026 21:05,03-10-2026 23:23,26.3,>=24 hrs
03-10-2026,FMPP4314482467,Motibaghhub_DEL_PL,DA NOVIRA +919205588560,ea4da39822674fee,received_at_mh,North,TRUEFLEX,981845,Trueflex,Ravi Shankar Gupta,MotherHub_NDC,BRSNR,Motibaghhub_DEL_PL,PH-B3-NCRNDC-6523964,expected,OPENED,03-10-2026 10:09,Arvind Bansal (DNCR),02-10-2026 21:05,03-10-2026 23:22,26.28333,>=24 hrs
03-10-2026,FMPC6554417512,Motibaghhub_DEL_PL,DA NOVIRA +919205588560,ea4da39822674fee,received_at_mh,North,TRUEFLEX,981845,Trueflex,Ravi Shankar Gupta,MotherHub_NDC,BRSNR,Motibaghhub_DEL_PL,PH-B3-NCRNDC-6523964,expected,OPENED,03-10-2026 10:09,Arvind Bansal (DNCR),02-10-2026 21:05,03-10-2026 23:23,26.3,>=24 hrs
03-10-2026,FMPP4314069182,Motibaghhub_DEL_PL,DA NOVIRA +919205588560,ea4da39822674fee,received_at_mh,North,TRUEFLEX,981845,Trueflex,Ravi Shankar Gupta,MotherHub_NDC,BRSNR,Motibaghhub_DEL_PL,PH-B3-NCRNDC-6523964,expected,OPENED,03-10-2026 10:09,Arvind Bansal (DNCR),02-10-2026 21:05,03-10-2026 23:21,26.26667,>=24 hrs
03-10-2026,FMPP4313991133,Motibaghhub_DEL_PL,DA NOVIRA +919205588560,ea4da39822674fee,received_at_mh,North,TRUEFLEX,9.82E+05,Trueflex,Ravi Shankar Gupta,MotherHub_NDC,BRSNR,Motibaghhub_DEL_PL,PH-B3-NCRNDC-6523964,expected,OPENED,03-10-2026 10:09,Arvind Bansal (DNCR),02-10-2026 21:05,03-10-2026 23:21,26.26667,>=24 hrs
03-10-2026,FMPC6547312750,Motavarachahub_STV_PL,Sawra Creations +919898679110,7cf00166e9c84343,received_at_mh,West,LMA,1.00E+11,PRIME LOGIC,Gaurav SantoshSingh,MotherHub_STV,BRSNR,Motavarachahub_STV_PL,PH-ZO-SURSUR-11270067,expected,OPENED,02-10-2026 21:52,Ashvani Bhatt,02-10-2026 20:46,03-10-2026 23:27,26.68333,>=24 hrs
03-10-2026,FMPP4314618697,Motibaghhub_DEL_PL,DA NOVIRA +919205588560,ea4da39822674fee,received_at_mh,North,TRUEFLEX,981845,Trueflex,Ravi Shankar Gupta,MotherHub_NDC,BRSNR,Motibaghhub_DEL_PL,PH-B3-NCRNDC-6523964,expected,OPENED,03-10-2026 10:09,Arvind Bansal (DNCR),02-10-2026 21:05,03-10-2026 23:21,26.26667,>=24 hrs
03-10-2026,FMPC6554405841,Motibaghhub_DEL_PL,DA NOVIRA +919205588560,ea4da39822674fee,received_at_mh,North,TRUEFLEX,981845,Trueflex,Ravi Shankar Gupta,MotherHub_NDC,BRSNR,Motibaghhub_DEL_PL,PH-B3-NCRNDC-6523964,expected,OPENED,03-10-2026 10:09,Arvind Bansal (DNCR),02-10-2026 21:05,04-10-2026 0:01,26.93333,>=24 hrs
03-10-2026,FMPC6553111990,Motibaghhub_DEL_PL,DA NOVIRA +919205588560,ea4da39822674fee,received_at_mh,North,TRUEFLEX,9.82E+05,Trueflex,Ravi Shankar Gupta,MotherHub_NDC,BRSNR,Motibaghhub_DEL_PL,PH-B3-NCRNDC-6523964,expected,OPENED,03-10-2026 10:09,Arvind Bansal (DNCR),02-10-2026 21:05,03-10-2026 23:27,26.36667,>=24 hrs
03-10-2026,FMPC6552878133,Motavarachahub_STV_PL,VISHWAS SYNTHETICS +919998835363,d573a0ab344540d3,dispatched_to_mh,West,LMA,1.00E+11,PRIME LOGIC,Anuj KumarYadav,MotherHub_STV,BRSNR,Motavarachahub_STV_PL,PH-ZO-SURSUR-11189684,expected,OPENED,02-10-2026 21:35,Ashvani Bhatt,02-10-2026 20:46,#VALUE!,#VALUE!,#VALUE!
03-10-2026,FMPC6554174527,Motavarachahub_STV_PL,VISHWAS SYNTHETICS +919998835363,d573a0ab344540d3,dispatched_to_mh,West,LMA,1.00E+11,PRIME LOGIC,Anuj KumarYadav,MotherHub_STV,BRSNR,Motavarachahub_STV_PL,PH-B4-SURSUR-11189670,expected,OPENED,02-10-2026 21:41,Ashvani Bhatt,02-10-2026 20:46,#VALUE!,#VALUE!,#VALUE!
03-10-2026,FMPC6553479234,Motibaghhub_DEL_PL,DA NOVIRA +919205588560,ea4da39822674fee,received_at_mh,North,TRUEFLEX,981845,Trueflex,Ravi Shankar Gupta,MotherHub_NDC,BRSNR,Motibaghhub_DEL_PL,PH-B3-NCRNDC-6523964,expected,OPENED,03-10-2026 10:09,Arvind Bansal (DNCR),02-10-2026 21:05,03-10-2026 23:20,26.25,>=24 hrs
03-10-2026,FMPP4314310399,Motibaghhub_DEL_PL,DA NOVIRA +919205588560,ea4da39822674fee,received_at_mh,North,TRUEFLEX,981845,Trueflex,Ravi Shankar Gupta,MotherHub_NDC,BRSNR,Motibaghhub_DEL_PL,PH-B3-NCRNDC-6523964,expected,OPENED,03-10-2026 10:09,Arvind Bansal (DNCR),02-10-2026 21:05,03-10-2026 23:28,26.38333,>=24 hrs
03-10-2026,FMPP4314719659,Motibaghhub_DEL_PL,DA NOVIRA +919205588560,ea4da39822674fee,received_at_mh,North,TRUEFLEX,9.82E+05,Trueflex,Ravi Shankar Gupta,MotherHub_NDC,BRSNR,Motibaghhub_DEL_PL,PH-B3-NCRNDC-6523964,expected,OPENED,03-10-2026 10:09,Arvind Bansal (DNCR),02-10-2026 21:05,03-10-2026 23:27,26.36667,>=24 hrs
03-10-2026,FMPC6553544767,Motavarachahub_STV_PL,Moltira +919316809477,9efb39b58fbe416f,received_at_mh,West,LMA,1.00E+11,PRIME LOGIC,Ram BahadurSingh,MotherHub_STV,BRSNR,Motavarachahub_STV_PL,PH-ZO-SURSUR-11273135,expected,OPENED,02-10-2026 21:46,Ashvani Bhatt,02-10-2026 20:46,#VALUE!,#VALUE!,#VALUE!
03-10-2026,FMPC6553823867,Motibaghhub_DEL_PL,DA NOVIRA +919205588560,ea4da39822674fee,received_at_mh,North,TRUEFLEX,981845,Trueflex,Ravi Shankar Gupta,MotherHub_NDC,BRSNR,Motibaghhub_DEL_PL,PH-B3-NCRNDC-6523964,expected,OPENED,03-10-2026 10:09,Arvind Bansal (DNCR),02-10-2026 21:05,03-10-2026 23:26,26.35,>=24 hrs
03-10-2026,FMPP4313980178,Motibaghhub_DEL_PL,DA NOVIRA +919205588560,ea4da39822674fee,received_at_mh,North,TRUEFLEX,9.82E+05,Trueflex,Ravi Shankar Gupta,MotherHub_NDC,BRSNR,Motibaghhub_DEL_PL,PH-B3-NCRNDC-6523964,expected,OPENED,03-10-2026 10:09,Arvind Bansal (DNCR),02-10-2026 21:05,03-10-2026 23:20,26.25,>=24 hrs
03-10-2026,FMPP4313793801,Motavarachahub_STV_PL,Moltira +919316809477,9efb39b58fbe416f,received_at_mh,West,LMA,1.00E+11,PRIME LOGIC,Ram BahadurSingh,MotherHub_STV,BRSNR,Motavarachahub_STV_PL,PH-ZO-SURSUR-11273135,expected,OPENED,02-10-2026 21:46,Ashvani Bhatt,02-10-2026 20:46,#VALUE!,#VALUE!,#VALUE!
03-10-2026,FMPP4314233531,Motibaghhub_DEL_PL,DA NOVIRA +919205588560,ea4da39822674fee,received_at_mh,North,TRUEFLEX,981845,Trueflex,Ravi Shankar Gupta,MotherHub_NDC,BRSNR,Motibaghhub_DEL_PL,PH-B3-NCRNDC-6523964,expected,OPENED,03-10-2026 10:09,Arvind Bansal (DNCR),02-10-2026 21:05,03-10-2026 23:25,26.33333,>=24 hrs
03-10-2026,FMPC6553823120,Motibaghhub_DEL_PL,DA NOVIRA +919205588560,ea4da39822674fee,received_at_mh,North,TRUEFLEX,981845,Trueflex,Ravi Shankar Gupta,MotherHub_NDC,BRSNR,Motibaghhub_DEL_PL,PH-B3-NCRNDC-6523964,expected,OPENED,03-10-2026 10:09,Arvind Bansal (DNCR),02-10-2026 21:05,03-10-2026 23:26,26.35,>=24 hrs
03-10-2026,FMPC6554563428,Motibaghhub_DEL_PL,DA NOVIRA +919205588560,ea4da39822674fee,received_at_mh,North,TRUEFLEX,981845,Trueflex,Ravi Shankar Gupta,MotherHub_NDC,BRSNR,Motibaghhub_DEL_PL,PH-B3-NCRNDC-6523964,expected,OPENED,03-10-2026 10:09,Arvind Bansal (DNCR),02-10-2026 21:05,03-10-2026 23:26,26.35,>=24 hrs
03-10-2026,FMPP4314074397,Motibaghhub_DEL_PL,DA NOVIRA +919205588560,ea4da39822674fee,received_at_mh,North,TRUEFLEX,981845,Trueflex,Ravi Shankar Gupta,MotherHub_NDC,BRSNR,Motibaghhub_DEL_PL,PH-B3-NCRNDC-6523964,expected,OPENED,03-10-2026 10:09,Arvind Bansal (DNCR),02-10-2026 21:05,03-10-2026 23:20,26.25,>=24 hrs
03-10-2026,FMPC6553703152,Motibaghhub_DEL_PL,DA NOVIRA +919205588560,ea4da39822674fee,received_at_mh,North,TRUEFLEX,981845,Trueflex,Ravi Shankar Gupta,MotherHub_NDC,BRSNR,Motibaghhub_DEL_PL,PH-B3-NCRNDC-6523964,expected,OPENED,03-10-2026 10:09,Arvind Bansal (DNCR),02-10-2026 21:05,03-10-2026 23:23,26.3,>=24 hrs
03-10-2026,FMPC6554219957,Motibaghhub_DEL_PL,DA NOVIRA +919205588560,ea4da39822674fee,received_at_mh,North,TRUEFLEX,9.82E+05,Trueflex,Ravi Shankar Gupta,MotherHub_NDC,BRSNR,Motibaghhub_DEL_PL,PH-B3-NCRNDC-6523964,expected,OPENED,03-10-2026 10:09,Arvind Bansal (DNCR),02-10-2026 21:05,03-10-2026 23:23,26.3,>=24 hrs
03-10-2026,FMPC6554302872,Motavarachahub_STV_PL,Fashion at Rivaa +919737957760,b3ef6b67ad1b4360,dispatched_to_mh,West,LMA,1.00E+11,PRIME LOGIC,Ram BahadurSingh,MotherHub_STV,BRSNR,Motavarachahub_STV_PL,PH-ZO-SURSUR-11252726,expected,OPENED,02-10-2026 21:44,Ashvani Bhatt,02-10-2026 20:46,#VALUE!,#VALUE!,#VALUE!
03-10-2026,FMPC6553255237,Motibaghhub_DEL_PL,DA NOVIRA +919205588560,ea4da39822674fee,received_at_mh,North,TRUEFLEX,9.82E+05,Trueflex,Ravi Shankar Gupta,MotherHub_NDC,BRSNR,Motibaghhub_DEL_PL,PH-B3-NCRNDC-6523964,expected,OPENED,03-10-2026 10:09,Arvind Bansal (DNCR),02-10-2026 21:05,03-10-2026 23:24,26.31667,>=24 hrs
03-10-2026,FMPC6548952267,Motavarachahub_STV_PL,Sawra Creations +919898679110,7cf00166e9c84343,received_at_mh,West,LMA,1.00E+11,PRIME LOGIC,Gaurav SantoshSingh,MotherHub_STV,BRSNR,Motavarachahub_STV_PL,PH-ZO-SURSUR-11270067,expected,OPENED,02-10-2026 21:52,Ashvani Bhatt,02-10-2026 20:46,03-10-2026 23:27,26.68333,>=24 hrs
03-10-2026,FMPC6553434375,Motibaghhub_DEL_PL,DA NOVIRA +919205588560,ea4da39822674fee,received_at_mh,North,TRUEFLEX,981845,Trueflex,Ravi Shankar Gupta,MotherHub_NDC,BRSNR,Motibaghhub_DEL_PL,PH-B3-NCRNDC-6523964,expected,OPENED,03-10-2026 10:09,Arvind Bansal (DNCR),02-10-2026 21:05,03-10-2026 23:21,26.26667,>=24 hrs
03-10-2026,FMPP4313876327,Motibaghhub_DEL_PL,DA NOVIRA +919205588560,ea4da39822674fee,received_at_mh,North,TRUEFLEX,9.82E+05,Trueflex,Ravi Shankar Gupta,MotherHub_NDC,BRSNR,Motibaghhub_DEL_PL,PH-B3-NCRNDC-6523964,expected,OPENED,03-10-2026 10:09,Arvind Bansal (DNCR),02-10-2026 21:05,03-10-2026 23:20,26.25,>=24 hrs
03-10-2026,FMPC6553089359,SaniyaHub_STV_PL,PHILOPHOBIA CREATION +919714164176,2a12bc6ebc334570,dispatched_to_mh,West,LMA,1.00E+11,PRIME LOGIC,PathanIrfan,MotherHub_STV,BRSNR,SaniyaHub_STV_PL,PH-B4-SURSUR-11183305,expected,OPENED,03-10-2026 0:18,Ashvani Bhatt,02-10-2026 20:53,#VALUE!,#VALUE!,#VALUE!
03-10-2026,FMPP4314057263,SaroliHub_STV_PL,RK INNOVATION +919510761819,79082e16850a402d,dispatched_to_mh,West,LMA,1.00E+11,WERCATALYST VENTURES PVT LTD,Sandip SureshYelave,MotherHub_STV,BRSNR,SaroliHub_STV_PL,PH-B4-SURSUR-11196983,expected,OPENED,02-10-2026 23:21,Ashvani Bhatt,02-10-2026 21:35,#VALUE!,#VALUE!,#VALUE!
03-10-2026,FMPC6554139321,SaroliHub_STV_PL,LITTLE DROP STORE +919510307019,b7b248185c824745,dispatched_to_mh,West,LMA,1.00E+11,TRANSIT KINGS SERVICES PVT. LTD.,PradeepSharma,MotherHub_STV,BRSNR,SaroliHub_STV_PL,PH-ZO-SURSUR-11190149,expected,OPENED,02-10-2026 23:24,Ashvani Bhatt,02-10-2026 21:35,#VALUE!,#VALUE!,#VALUE!
03-10-2026,FMPC6552752368,SaniyaHub_STV_PL,DIYORA TEXTILES 8460228395,c4c59e6fb4b646af,received_at_mh,West,LMA,1.00E+11,COMMERSHIP SERVICES LLP,Shaikh Mohamad Kashif MohamadJafar,MotherHub_STV,BRSNR,SaniyaHub_STV_PL,PH-ZO-SURSUR-11272243,expected,OPENED,03-10-2026 0:28,Ashvani Bhatt,02-10-2026 20:53,04-10-2026 2:13,29.33333,>=24 hrs
03-10-2026,FMPC6554237588,SaniyaHub_STV_PL,PARALIANS 9723201750,8e7acd8491114e9d,dispatched_to_mh,West,LMA,1.00E+11,PRIME LOGIC,Ansari MohmmadRehan,MotherHub_STV,BRSNR,SaniyaHub_STV_PL,PH-ZO-SURSUR-11181349,expected,OPENED,03-10-2026 0:21,Ashvani Bhatt,02-10-2026 20:53,#VALUE!,#VALUE!,#VALUE!
03-10-2026,FMPP4314150860,SaniyaHub_STV_PL,BEEDUCK 9033563714,dd95475fa6b442ab,dispatched_to_mh,West,LMA,1.00E+11,COMMERSHIP SERVICES LLP,Dhananjay JagdishPatel,MotherHub_STV,BRSNR,SaniyaHub_STV_PL,PH-B4-SURSUR-11271815,expected,OPENED,02-10-2026 23:56,Ashvani Bhatt,02-10-2026 20:53,#VALUE!,#VALUE!,#VALUE!
03-10-2026,FMPC6554013786,SaroliHub_STV_PL,Hari Trandz +917984056161,687dae14becb4001,dispatched_to_mh,West,LMA,1.00E+11,WERCATALYST VENTURES PVT LTD,SaiyadFarhan,MotherHub_STV,BRSNR,SaroliHub_STV_PL,PH-ZO-SURSUR-11068942,expected,OPENED,02-10-2026 23:18,Ashvani Bhatt,02-10-2026 21:35,#VALUE!,#VALUE!,#VALUE!
03-10-2026,FMPC6554396966,SaniyaHub_STV_PL,SHREEJI ENTERPRISE +919408559287,3a2b015001a542ec,dispatched_to_mh,West,LMA,1.00E+11,PRIME LOGIC,RaeenRahebar,MotherHub_STV,BRSNR,SaniyaHub_STV_PL,PH-ZO-SURSUR-10870553,expected,OPENED,02-10-2026 23:54,Ashvani Bhatt,02-10-2026 20:53,#VALUE!,#VALUE!,#VALUE!
03-10-2026,FMPC6554372433,SaroliHub_STV_PL,SHREE NATHJI CREATION +919558600099,7b615bba7ab147e4,received_at_mh,West,LMA,1.00E+11,WERCATALYST VENTURES PVT LTD,Mahajan JayashAshok,MotherHub_STV,BRSNR,SaroliHub_STV_PL,PH-ZO-SURSUR-11188175,expected,OPENED,02-10-2026 23:31,Ashvani Bhatt,02-10-2026 21:35,03-10-2026 22:48,25.21667,>=24 hrs
03-10-2026,FMPC6554342733,SaroliHub_STV_PL,CRYSTAL ENTERPRISE +918000288182,8ee96aa83b664502,received_at_mh,West,LMA,1.00E+11,WERCATALYST VENTURES PVT LTD,SaiyadFarhan,MotherHub_STV,BRSNR,SaroliHub_STV_PL,PH-ZO-SURSUR-11068942,expected,OPENED,02-10-2026 23:18,Ashvani Bhatt,02-10-2026 21:35,03-10-2026 22:49,25.23333,>=24 hrs
03-10-2026,FMPP4314456037,SaroliHub_STV_PL,Hari Trandz +917984056161,687dae14becb4001,received_at_mh,West,LMA,1.00E+11,WERCATALYST VENTURES PVT LTD,SaiyadFarhan,MotherHub_STV,BRSNR,SaroliHub_STV_PL,PH-ZO-SURSUR-11068942,expected,OPENED,02-10-2026 23:18,Ashvani Bhatt,02-10-2026 21:35,03-10-2026 22:48,25.21667,>=24 hrs
03-10-2026,FMPC6552935878,SaroliHub_STV_PL,3D METRO SUPER STORE 7990083777,5135b81853674b8a,received_at_mh,West,TRUEFLEX,590428,Trueflex,Turukamane Vikas Ghanshyam,MotherHub_STV,BRSNR,SaroliHub_STV_PL,PH-ZO-SURSUR-11205973,expected,OPENED,02-10-2026 23:53,Ashvani Bhatt,02-10-2026 18:15,03-10-2026 19:38,25.38333,>=24 hrs
03-10-2026,FMPC6548046806,Sewrihub_Mum_PL,PRRACHANNA DARPAAN +918425830360,c9e2643b680d4202,dispatched_to_mh,West,TRUEFLEX,5.93E+05,Trueflex,Vishnu Chaturvedi,Motherhub_SAI_5,BRSNR,Sewrihub_Mum_PL,PH-B1-MUMSAI5-1694977,expected,OPENED,02-10-2026 22:47,Ashwarya Singh,02-10-2026 18:09,#VALUE!,#VALUE!,#VALUE!
03-10-2026,FMPC6554354012,SuratHub_STV_PL,Niesha Fashion +919909198022,93a6d75f818341a8,received_at_mh,West,LMA,1.00E+11,Vxpress,Vishnu Kumar Haris ChandYadav,MotherHub_STV,BRSNR,SuratHub_STV_PL,PH-ZO-SURSUR-11260481,expected,OPENED,02-10-2026 23:07,Ashvani Bhatt,02-10-2026 20:39,#VALUE!,#VALUE!,#VALUE!
03-10-2026,FMPP4314403649,KamrejHub_STV_PL,RB ENTERPRISE +916351406524,88fcacdb26cb4d52,received_at_mh,West,LMA,1.00E+11,COMMERSHIP SERVICES LLP,Doba MuaazSuleman,MotherHub_STV,BRSNR,KamrejHub_STV_PL,PH-ZO-SURSUR-11082608,expected,OPENED,02-10-2026 21:46,Ashvani Bhatt,02-10-2026 19:28,04-10-2026 4:19,32.85,>=24 hrs
03-10-2026,FMPP4313878620,SuratHub_STV_PL,YOGI FASHION +919924030751,8385347992fd4699,received_at_mh,West,LMA,1.00E+11,Vxpress,Vikas DhanarajSonawane,MotherHub_STV,BRSNR,SuratHub_STV_PL,PH-ZO-SURSUR-11261625,expected,OPENED,02-10-2026 23:02,Ashvani Bhatt,02-10-2026 20:39,04-10-2026 2:24,29.75,>=24 hrs
03-10-2026,FMPP4313642539,SuratHub_STV_PL,AAI KHODAL MOTORS AND SERVICE STATION +918866224803,f1f985717d6241c7,received_at_mh,West,LMA,1.00E+11,GROWEXPRESS LOGISTIC LLP,Jitendra BhagwanBhunkar,MotherHub_STV,BRSNR,SuratHub_STV_PL,PH-ZO-SURSUR-11265607,expected,OPENED,02-10-2026 22:33,Ashvani Bhatt,02-10-2026 20:39,04-10-2026 3:31,30.86667,>=24 hrs
03-10-2026,FMPC6552807580,SuratHub_STV_PL,AAI KHODAL MOTORS AND SERVICE STATION +918866224803,f1f985717d6241c7,received_at_mh,West,LMA,1.00E+11,GROWEXPRESS LOGISTIC LLP,Jitendra BhagwanBhunkar,MotherHub_STV,BRSNR,SuratHub_STV_PL,PH-ZO-SURSUR-11265607,expected,OPENED,02-10-2026 22:33,Ashvani Bhatt,02-10-2026 20:39,04-10-2026 3:29,30.83333,>=24 hrs
03-10-2026,FMPP4314321143,KamrejHub_STV_PL,Ziyana Enterprise +918401823024,7665301e47cd4bfe,received_at_mh,West,TRUEFLEX,1.28E+06,Trueflex,Vavda Umarfaruk Yusuf,MotherHub_STV,BRSNR,KamrejHub_STV_PL,PH-ZO-SURSUR-11271777,expected,OPENED,02-10-2026 21:32,Ashvani Bhatt,02-10-2026 19:28,04-10-2026 3:25,31.95,>=24 hrs
03-10-2026,FMPC6552780837,SuratHub_STV_PL,VRAJ FASHION +917490075047,fd47d929565e49ab,received_at_mh,West,LMA,1.00E+11,Loadshare,Ajay PrakashPatil,MotherHub_STV,BRSNR,SuratHub_STV_PL,PH-ZO-SURSUR-11266396,expected,OPENED,02-10-2026 22:54,Ashvani Bhatt,02-10-2026 20:39,05-10-2026 23:45,75.1,>=24 hrs
03-10-2026,FMPC6553398643,KamrejHub_STV_PL,VARNIRAJ ENTERPRISE +919723122590,82f9ae721fde4a45,dispatched_to_mh,West,LMA,1.00E+11,WERCATALYST VENTURES PVT LTD,Pathan AslamkhanMehbubkhan,MotherHub_STV,BRSNR,KamrejHub_STV_PL,PH-ZO-SU8BT8-25872174,expected,OPENED,02-10-2026 21:56,Ashvani Bhatt,02-10-2026 19:28,#VALUE!,#VALUE!,#VALUE!
03-10-2026,FMPP4314017818,KamrejHub_STV_PL,Ziyana Enterprise +918401823024,7665301e47cd4bfe,received_at_mh,West,TRUEFLEX,1.28E+06,Trueflex,Vavda Umarfaruk Yusuf,MotherHub_STV,BRSNR,KamrejHub_STV_PL,PH-ZO-SURSUR-11271777,expected,OPENED,02-10-2026 21:32,Ashvani Bhatt,02-10-2026 19:28,04-10-2026 3:31,32.05,>=24 hrs
03-10-2026,FMPC6554519103,KamrejHub_STV_PL,M M Enterprise +917623801399,30607b1bff064f66,dispatched_to_mh,West,LMA,1.00E+11,COMMERSHIP SERVICES LLP,Doba MuaazSuleman,MotherHub_STV,BRSNR,KamrejHub_STV_PL,PH-ZO-SURSUR-11082608,expected,OPENED,02-10-2026 21:46,Ashvani Bhatt,02-10-2026 19:28,#VALUE!,#VALUE!,#VALUE!
03-10-2026,FMPC6554099236,SuratHub_STV_PL,GANESH FASHION +919909579773,c4c16356109e4c88,received_at_mh,West,LMA,1.00E+11,Princy Enterprise,AnkitKumar,MotherHub_STV,BRSNR,SuratHub_STV_PL,PH-ZO-SURSUR-11186727,expected,OPENED,02-10-2026 23:04,Ashvani Bhatt,02-10-2026 20:39,04-10-2026 4:15,31.6,>=24 hrs
03-10-2026,FMPP4313715359,SuratTempHub_STV,JAY JALARAM ENTERPRISE +918734073386,58b11c6753b14378,dispatched_to_mh,West,LMA,1.00E+11,COMMERSHIP SERVICES LLP,Labib AltafShah,MotherHub_STV,BRSNR,SuratTempHub_STV,PH-ZO-SURSUR-66454643,expected,OPENED,02-10-2026 23:12,Ashvani Bhatt,02-10-2026 20:22,#VALUE!,#VALUE!,#VALUE!
03-10-2026,FMPP4313766229,SuratTempHub_STV,JAY JALARAM ENTERPRISE +918734073386,58b11c6753b14378,dispatched_to_mh,West,LMA,1.00E+11,COMMERSHIP SERVICES LLP,Labib AltafShah,MotherHub_STV,BRSNR,SuratTempHub_STV,PH-ZO-SURSUR-66454643,expected,OPENED,02-10-2026 23:12,Ashvani Bhatt,02-10-2026 20:22,#VALUE!,#VALUE!,#VALUE!
03-10-2026,FMPC6553743678,SuratHub_STV_PL,KHODAL ENTERPRISE +918460818104,43f3373a93794789,received_at_mh,West,TRUEFLEX,5.91E+05,Trueflex,Ganesh Prakash Devare,MotherHub_STV,Mixbagging,SuratHub_STV_PL,PH-B4-SURSULR-11200408,expected,OPENED,03-10-2026 0:32,Ashvani Bhatt,02-10-2026 20:39,04-10-2026 0:04,27.41667,>=24 hrs
03-10-2026,FMPP4314512524,StationTempHub_STV_PL,ECOMORA +916356730113,e159bbf64a124542,dispatched_to_mh,West,LMA,1.00E+11,Greenteck Logistics and Mobility Pvt Ltd,Vishal LaxmanAdagale,MotherHub_STV,BRSNR,StationTempHub_STV_PL,PH-ZO-SURSUR-11250473,expected,OPENED,02-10-2026 21:30,Ashvani Bhatt,02-10-2026 18:41,#VALUE!,#VALUE!,#VALUE!
03-10-2026,FMPP4314002615,SuratTempHub_STV,Shaanjh Craft +919110900509,24627fb29bc145e3,received_at_mh,West,LMA,1.00E+11,Princy Enterprise,VikramPatel,MotherHub_STV,BRSNR,SuratTempHub_STV,PH-ZO-SURSUR-11187370,expected,OPENED,02-10-2026 23:13,Ashvani Bhatt,02-10-2026 20:22,04-10-2026 1:34,29.2,>=24 hrs
03-10-2026,FMPC6553696481,SuratHub_STV_PL,SHREE SAI FASHION +919974314763,04e9824a5221406c,dispatched_to_mh,West,LMA,1.00E+11,WERCATALYST VENTURES PVT LTD,MdAmzad,MotherHub_STV,BRSNR,SuratHub_STV_PL,PH-ZO-SURSUR-11222001,expected,OPENED,02-10-2026 22:45,Ashvani Bhatt,02-10-2026 20:39,#VALUE!,#VALUE!,#VALUE!
03-10-2026,FMPC6552812283,SuratHub_STV_PL,RADHE FASHION +919328601368,d4c2e558d7d64370,received_at_mh,West,LMA,1.00E+11,Princy Enterprise,PatilAnil,MotherHub_STV,BRSNR,SuratHub_STV_PL,PH-ZO-SURSUR-11237923,expected,OPENED,02-10-2026 23:06,Ashvani Bhatt,02-10-2026 20:39,04-10-2026 2:40,30.01667,>=24 hrs
03-10-2026,FMPP4313987188,SuratHub_STV_PL,HARSH TOYS +918780031840,0ac95b6d68ac400b,received_at_mh,West,LMA,1.00E+11,GAUTAMI ENTERPRISE,Mirza Mohammad Zaid SalimBeg,MotherHub_STV,BRSNR,SuratHub_STV_PL,PH-ZO-SURSUR-11265198,expected,OPENED,02-10-2026 22:40,Ashvani Bhatt,02-10-2026 20:39,04-10-2026 2:10,29.51667,>=24 hrs
03-10-2026,FMPC6552761619,SuratHub_STV_PL,AAI KHODAL MOTORS AND SERVICE STATION +918866224803,f1f985717d6241c7,received_at_mh,West,LMA,1.00E+11,GROWEXPRESS LOGISTIC LLP,Jitendra BhagwanBhunkar,MotherHub_STV,BRSNR,SuratHub_STV_PL,PH-ZO-SURSUR-11265607,expected,OPENED,02-10-2026 22:33,Ashvani Bhatt,02-10-2026 20:39,04-10-2026 3:29,30.83333,>=24 hrs
03-10-2026,FMPC6554599998,StationTempHub_STV_PL,SWARA ENTERPRISE +919081459958,3276010c400b4438,received_at_mh,West,TRUEFLEX,6.44E+05,Trueflex,Sandanshiv Pavankumar,MotherHub_STV,BRSNR,StationTempHub_STV_PL,PH-ZO-SURSUR-11274231,expected,OPENED,02-10-2026 20:42,Ashvani Bhatt,02-10-2026 19:00,03-10-2026 21:16,26.26667,>=24 hrs
03-10-2026,FMPC6552816231,SuratTempHub_STV,JAY JALARAM ENTERPRISE +918734073386,58b11c6753b14378,dispatched_to_mh,West,LMA,1.00E+11,COMMERSHIP SERVICES LLP,Labib AltafShah,MotherHub_STV,BRSNR,SuratTempHub_STV,PH-ZO-SURSUR-66454643,expected,OPENED,02-10-2026 23:12,Ashvani Bhatt,02-10-2026 20:22,#VALUE!,#VALUE!,#VALUE!
03-10-2026,FMPP4313918873,KamrejHub_STV_PL,SEJALBEN VITTHALBHAI SUTARIYA +919377778073,8b6a45ee5e2245f5,dispatched_to_mh,West,LMA,1.00E+11,WERCATALYST VENTURES PVT LTD,Gori AfajalRahimbhai,MotherHub_STV,BRSNR,KamrejHub_STV_PL,PH-B4-SURSUR-11206297,expected,OPENED,02-10-2026 22:07,Ashvani Bhatt,02-10-2026 19:28,#VALUE!,#VALUE!,#VALUE!
03-10-2026,FMPP4314080169,StationTempHub_STV_PL,TRIBEAZI +919016330261,5986bf33085d46c4,received_at_mh,West,TRUEFLEX,5.90E+05,Trueflex,Meman Mohammad Latif Mohammad Faruk,MotherHub_STV,BRSNR,StationTempHub_STV_PL,PH-ZO-SURSUR-11264088,expected,OPENED,02-10-2026 20:49,Ashvani Bhatt,02-10-2026 19:00,03-10-2026 22:14,27.23333,>=24 hrs
03-10-2026,FMPP4313669067,SuratHub_STV_PL,AAI KHODAL MOTORS AND SERVICE STATION +918866224803,f1f985717d6241c7,received_at_mh,West,LMA,1.00E+11,GROWEXPRESS LOGISTIC LLP,Jitendra BhagwanBhunkar,MotherHub_STV,BRSNR,SuratHub_STV_PL,PH-ZO-SURSUR-11265607,expected,OPENED,02-10-2026 22:33,Ashvani Bhatt,02-10-2026 20:39,04-10-2026 3:32,30.88333,>=24 hrs
03-10-2026,FMPP4314628066,SuratHub_STV_PL,YOGI ART +919909559279,7eeb9653550847ed,received_at_mh,West,LMA,1.00E+11,Vxpress,Vikas DhanarajSonawane,MotherHub_STV,BRSNR,SuratHub_STV_PL,PH-ZO-SURSUR-11261625,expected,OPENED,02-10-2026 23:02,Ashvani Bhatt,02-10-2026 20:39,04-10-2026 2:25,29.76667,>=24 hrs
03-10-2026,FMPP4313593461,SuratHub_STV_PL,RADHE FASHION +919328601368,d4c2e558d7d64370,received_at_mh,West,LMA,1.00E+11,Princy Enterprise,PatilAnil,MotherHub_STV,BRSNR,SuratHub_STV_PL,PH-ZO-SURSUR-11237923,expected,OPENED,02-10-2026 23:06,Ashvani Bhatt,02-10-2026 20:39,04-10-2026 2:40,30.01667,>=24 hrs
03-10-2026,FMPP4313661989,StationTempHub_STV_PL,Zroy Enterprise +916353291241,09bf53e1172544ab,received_at_mh,West,LMA,1.00E+11,COMMERSHIP SERVICES LLP,Yadav OmprakashRajkumar,MotherHub_STV,BRSNR,StationTempHub_STV_PL,PH-ZO-SURSUR-11272775,expected,OPENED,02-10-2026 21:09,Ashvani Bhatt,02-10-2026 19:00,04-10-2026 1:16,30.26667,>=24 hrs
03-10-2026,FMPC6553637636,SuratHub_STV_PL,YOGI ART +919909559279,7eeb9653550847ed,received_at_mh,West,LMA,1.00E+11,Vxpress,Vikas DhanarajSonawane,MotherHub_STV,BRSNR,SuratHub_STV_PL,PH-ZO-SURSUR-11261625,expected,OPENED,02-10-2026 23:02,Ashvani Bhatt,02-10-2026 20:39,04-10-2026 2:24,29.75,>=24 hrs
03-10-2026,FMPC6554172282,SuratHub_STV_PL,PARTHEN ENTERPRISE +918140090812,cff4271d0c604338,dispatched_to_mh,West,LMA,1.00E+11,COMMERSHIP SERVICES LLP,Badgujar NileshMukeshbhai,MotherHub_STV,BRSNR,SuratHub_STV_PL,PH-ZO-SURSUR-11203574,expected,OPENED,02-10-2026 22:43,Ashvani Bhatt,02-10-2026 20:39,#VALUE!,#VALUE!,#VALUE!
03-10-2026,FMPC6553391448,SuratHub_STV_PL,AAI KHODAL MOTORS AND SERVICE STATION +918866224803,f1f985717d6241c7,received_at_mh,West,LMA,1.00E+11,GROWEXPRESS LOGISTIC LLP,Jitendra BhagwanBhunkar,MotherHub_STV,BRSNR,SuratHub_STV_PL,PH-ZO-SURSUR-11265607,expected,OPENED,02-10-2026 22:33,Ashvani Bhatt,02-10-2026 20:39,04-10-2026 3:29,30.83333,>=24 hrs
03-10-2026,FMPP4313556316,SuratHub_STV_PL,AAI KHODAL MOTORS AND SERVICE STATION +918866224803,f1f985717d6241c7,received_at_mh,West,LMA,1.00E+11,GROWEXPRESS LOGISTIC LLP,Jitendra BhagwanBhunkar,MotherHub_STV,BRSNR,SuratHub_STV_PL,PH-ZO-SURSUR-11265607,expected,OPENED,02-10-2026 22:33,Ashvani Bhatt,02-10-2026 20:39,04-10-2026 3:29,30.83333,>=24 hrs
03-10-2026,FMPC6552936078,StationTempHub_STV_PL,NITYA ENTERPRISE +918347560421,685aea1a69444b5e,received_at_mh,West,LMA,1.00E+11,Greenteck Logistics and Mobility Pvt Ltd,Dipesh AshokbhaiRathod,MotherHub_STV,BRSNR,StationTempHub_STV_PL,PH-ZO-SURSUR-10773551,expected,OPENED,02-10-2026 20:54,Ashvani Bhatt,02-10-2026 19:00,04-10-2026 1:40,30.66667,>=24 hrs
03-10-2026,FMPC6553332424,SuratHub_STV_PL,SIYARM ENTERPRISE +919724552042,1c7b7de97d8847d6,dispatched_to_mh,West,LMA,1.00E+11,COMMERSHIP SERVICES LLP,Badgujar NileshMukeshbhai,MotherHub_STV,BRSNR,SuratHub_STV_PL,PH-ZO-SURSUR-11203487,expected,OPENED,02-10-2026 22:25,Ashvani Bhatt,02-10-2026 20:39,#VALUE!,#VALUE!,#VALUE!
03-10-2026,FMPC6552750441,StationTempHub_STV_PL,CHHAGANBHAI PITAMBARBHAI GHASKATA +917874553642,819a8de09eb6442c,received_at_mh,West,LMA,1.00E+11,Vxpress,Vasava VikaskumarManojbhai,MotherHub_STV,BRSNR,StationTempHub_STV_PL,PH-ZO-8URSUR-11146583,expected,OPENED,02-10-2026 23:10,Ashvani Bhatt,02-10-2026 19:00,05-10-2026 21:25,74.41667,>=24 hrs
03-10-2026,FMPC6554550745,SuratHub_STV_PL,MAA KRUPA CREATION +918347738464,c16a5c2dd083408f,received_at_mh,West,LMA,1.00E+11,Shree Hari Logistics,Nikunjbhai Vasava,MotherHub_STV,BRSNR,SuratHub_STV_PL,PH-ZO-SURSUR-11198214,expected,OPENED,02-10-2026 22:52,Ashvani Bhatt,02-10-2026 20:39,04-10-2026 2:22,29.71667,>=24 hrs
03-10-2026,FMPP4314381479,StationTempHub_STV_PL,TRIBEAZI +919016330261,5986bf33085d46c4,received_at_mh,West,TRUEFLEX,5.90E+05,Trueflex,Meman Mohammad Latif Mohammad Faruk,MotherHub_STV,BRSNR,StationTempHub_STV_PL,PH-ZO-SURSUR-11264088,expected,OPENED,02-10-2026 20:49,Ashvani Bhatt,02-10-2026 19:00,03-10-2026 22:09,27.15,>=24 hrs
03-10-2026,FMPP4310800620,KamrejHub_STV_PL,SEJALBEN VITTHALBHAI SUTARIYA +919377778073,8b6a45ee5e2245f5,dispatched_to_mh,West,LMA,1.00E+11,WERCATALYST VENTURES PVT LTD,Gori AfajalRahimbhai,MotherHub_STV,BRSNR,KamrejHub_STV_PL,PH-ZO-SURSUR-11206306,expected,OPENED,02-10-2026 22:03,Ashvani Bhatt,02-10-2026 19:28,#VALUE!,#VALUE!,#VALUE!
03-10-2026,FMPC6552892391,SuratTempHub_STV,JAY JALARAM ENTERPRISE +918734073386,58b11c6753b14378,dispatched_to_mh,West,LMA,1.00E+11,COMMERSHIP SERVICES LLP,Labib AltafShah,MotherHub_STV,BRSNR,SuratTempHub_STV,PH-B4-SURSUR-72702625,expected,OPENED,03-10-2026 0:50,Ashvani Bhatt,02-10-2026 20:22,#VALUE!,#VALUE!,#VALUE!
03-10-2026,FMPP4313638164,SuratHub_STV_PL,SUKHRAM CREATION +917984266087,24073706299747d3,received_at_mh,West,LMA,1.00E+11,GROWEXPRESS LOGISTIC LLP,Jitendra BhagwanBhunkar,MotherHub_STV,BRSNR,SuratHub_STV_PL,PH-ZO-SURSUR-11265607,expected,OPENED,02-10-2026 22:33,Ashvani Bhatt,02-10-2026 20:39,04-10-2026 3:30,30.85,>=24 hrs
03-10-2026,FMPP4313673655,SuratHub_STV_PL,AAI KHODAL MOTORS AND SERVICE STATION +918866224803,f1f985717d6241c7,received_at_mh,West,LMA,1.00E+11,GROWEXPRESS LOGISTIC LLP,Jitendra BhagwanBhunkar,MotherHub_STV,BRSNR,SuratHub_STV_PL,PH-ZO-SURSUR-11265607,expected,OPENED,02-10-2026 22:33,Ashvani Bhatt,02-10-2026 20:39,04-10-2026 3:31,30.86667,>=24 hrs
03-10-2026,FMPC6554149033,SuratHub_STV_PL,GOPINATH ENTERPRISE +918000802020,b5d89d064548464f,dispatched_to_mh,West,TRUEFLEX,591290,Trueflex,Ganesh Prakash Devare,MotherHub_STV,BRSNR,SuratHub_STV_PL,PH-ZO-SURSUR-11200073,expected,OPENED,02-10-2026 23:10,Ashvani Bhatt,02-10-2026 20:39,#VALUE!,#VALUE!,#VALUE!
03-10-2026,FMPP4313671821,SuratHub_STV_PL,AAI KHODAL MOTORS AND SERVICE STATION +918866224803,f1f985717d6241c7,received_at_mh,West,LMA,1.00E+11,GROWEXPRESS LOGISTIC LLP,Jitendra BhagwanBhunkar,MotherHub_STV,BRSNR,SuratHub_STV_PL,PH-ZO-SURSUR-11265607,expected,OPENED,02-10-2026 22:33,Ashvani Bhatt,02-10-2026 20:39,04-10-2026 3:31,30.86667,>=24 hrs
03-10-2026,FMPC6554357322,KamrejHub_STV_PL,Ashirwad Mart +917069593436,5d53da9ae40d4415,received_at_mh,West,TRUEFLEX,628894,Trueflex,Randera Munaf Mahamad,MotherHub_STV,BRSNR,KamrejHub_STV_PL,PH-ZO-SURSUR-11039625,expected,OPENED,02-10-2026 22:04,Ashvani Bhatt,02-10-2026 19:28,03-10-2026 23:58,28.5,>=24 hrs
03-10-2026,FMPP4313690756,SuratTempHub_STV,JAY JALARAM ENTERPRISE +918734073386,58b11c6753b14378,dispatched_to_mh,West,LMA,1.00E+11,COMMERSHIP SERVICES LLP,Labib AltafShah,MotherHub_STV,BRSNR,SuratTempHub_STV,PH-B4-SURSUR-72702625,expected,OPENED,03-10-2026 0:50,Ashvani Bhatt,02-10-2026 20:22,#VALUE!,#VALUE!,#VALUE!
03-10-2026,FMPP4314463085,KamrejHub_STV_PL,Rudvique +919924512417,a0dfde02fc164ad5,dispatched_to_mh,West,TRUEFLEX,1.28E+06,Trueflex,Vavda Umarfaruk Yusuf,MotherHub_STV,BRSNR,KamrejHub_STV_PL,PH-B4-SURSUR-11271757,expected,OPENED,02-10-2026 21:49,Ashvani Bhatt,02-10-2026 19:28,#VALUE!,#VALUE!,#VALUE!
03-10-2026,FMPP4313520193,SuratHub_STV_PL,RADHE FASHION +919328601368,d4c2e558d7d64370,received_at_mh,West,LMA,1.00E+11,Princy Enterprise,PatilAnil,MotherHub_STV,BRSNR,SuratHub_STV_PL,PH-ZO-SURSUR-11237923,expected,OPENED,02-10-2026 23:06,Ashvani Bhatt,02-10-2026 20:39,04-10-2026 2:39,30,>=24 hrs
03-10-2026,FMPP4313672783,SuratHub_STV_PL,AAI KHODAL MOTORS AND SERVICE STATION +918866224803,f1f985717d6241c7,received_at_mh,West,LMA,1.00E+11,GROWEXPRESS LOGISTIC LLP,Jitendra BhagwanBhunkar,MotherHub_STV,BRSNR,SuratHub_STV_PL,PH-ZO-SURSUR-11265607,expected,OPENED,02-10-2026 22:33,Ashvani Bhatt,02-10-2026 20:39,04-10-2026 3:30,30.85,>=24 hrs
03-10-2026,FMPP4313826191,SuratHub_STV_PL,BHARDVAJ K FAB +919870083997,d6cba9ee35be46ac,dispatched_to_mh,West,LMA,1.00E+11,Princy Enterprise,PatilAnil,MotherHub_STV,BRSNR,SuratHub_STV_PL,PH-B4-SURSUR-11237913,expected,OPENED,02-10-2026 23:06,Ashvani Bhatt,02-10-2026 20:39,#VALUE!,#VALUE!,#VALUE!
03-10-2026,FMPP4313667032,SuratHub_STV_PL,AAI KHODAL MOTORS AND SERVICE STATION +918866224803,f1f985717d6241c7,received_at_mh,West,LMA,1.00E+11,GROWEXPRESS LOGISTIC LLP,Jitendra BhagwanBhunkar,MotherHub_STV,BRSNR,SuratHub_STV_PL,PH-ZO-SURSUR-11265607,expected,OPENED,02-10-2026 22:33,Ashvani Bhatt,02-10-2026 20:39,04-10-2026 3:31,30.86667,>=24 hrs
03-10-2026,FMPP4313667521,SuratHub_STV_PL,AAI KHODAL MOTORS AND SERVICE STATION +918866224803,f1f985717d6241c7,received_at_mh,West,LMA,1.00E+11,GROWEXPRESS LOGISTIC LLP,Jitendra BhagwanBhunkar,MotherHub_STV,BRSNR,SuratHub_STV_PL,PH-ZO-SURSUR-11265607,expected,OPENED,02-10-2026 22:33,Ashvani Bhatt,02-10-2026 20:39,04-10-2026 3:28,30.81667,>=24 hrs
03-10-2026,FMPP4313707013,SuratHub_STV_PL,AAI KHODAL MOTORS AND SERVICE STATION +918866224803,f1f985717d6241c7,received_at_mh,West,LMA,1.00E+11,GROWEXPRESS LOGISTIC LLP,Jitendra BhagwanBhunkar,MotherHub_STV,BRSNR,SuratHub_STV_PL,PH-ZO-SURSUR-11265607,expected,OPENED,02-10-2026 22:33,Ashvani Bhatt,02-10-2026 20:39,04-10-2026 3:30,30.85,>=24 hrs
03-10-2026,FMPP4313625050,StationTempHub_STV_PL,CHHAGANBHAI PITAMBARBHAI GHASKATA +917874553642,819a8de09eb6442c,received_at_mh,West,LMA,1.00E+11,Vxpress,Vasava VikaskumarManojbhai,MotherHub_STV,BRSNR,StationTempHub_STV_PL,PH-ZO-8URSUR-11146583,expected,OPENED,02-10-2026 23:10,Ashvani Bhatt,02-10-2026 19:00,05-10-2026 21:24,74.4,>=24 hrs
03-10-2026,FMPP4313675543,SuratHub_STV_PL,AAI KHODAL MOTORS AND SERVICE STATION +918866224803,f1f985717d6241c7,received_at_mh,West,LMA,1.00E+11,GROWEXPRESS LOGISTIC LLP,Jitendra BhagwanBhunkar,MotherHub_STV,BRSNR,SuratHub_STV_PL,PH-ZO-SURSUR-11265607,expected,OPENED,02-10-2026 22:33,Ashvani Bhatt,02-10-2026 20:39,04-10-2026 3:32,30.88333,>=24 hrs
03-10-2026,FMPC6553193153,StationTempHub_STV_PL,CHHAGANBHAI PITAMBARBHAI GHASKATA +917874553642,819a8de09eb6442c,received_at_mh,West,LMA,1.00E+11,Vxpress,Vasava VikaskumarManojbhai,MotherHub_STV,BRSNR,StationTempHub_STV_PL,PH-ZO-8URSUR-11146583,expected,OPENED,02-10-2026 23:10,Ashvani Bhatt,02-10-2026 19:00,05-10-2026 21:25,74.41667,>=24 hrs
03-10-2026,FMPP4314072145,SuratHub_STV_PL,PANDADI COLLECTION +917874222802,a25d387be0be4fe0,dispatched_to_mh,West,TRUEFLEX,9.73E+05,Trueflex,Patila Yogeshbhai Anilbhai,MotherHub_STV,BRSNR,SuratHub_STV_PL,PH-ZO-SURSUR-11224205,expected,OPENED,02-10-2026 22:46,Ashvani Bhatt,02-10-2026 20:39,#VALUE!,#VALUE!,#VALUE!
03-10-2026,FMPP4313676433,SuratHub_STV_PL,AAI KHODAL MOTORS AND SERVICE STATION +918866224803,f1f985717d6241c7,received_at_mh,West,LMA,1.00E+11,GROWEXPRESS LOGISTIC LLP,Jitendra BhagwanBhunkar,MotherHub_STV,BRSNR,SuratHub_STV_PL,PH-ZO-SURSUR-11265607,expected,OPENED,02-10-2026 22:33,Ashvani Bhatt,02-10-2026 20:39,04-10-2026 3:31,30.86667,>=24 hrs
03-10-2026,FMPP4313678107,SuratHub_STV_PL,AAI KHODAL MOTORS AND SERVICE STATION +918866224803,f1f985717d6241c7,received_at_mh,West,LMA,1.00E+11,GROWEXPRESS LOGISTIC LLP,Jitendra BhagwanBhunkar,MotherHub_STV,BRSNR,SuratHub_STV_PL,PH-ZO-SURSUR-11265607,expected,OPENED,02-10-2026 22:33,Ashvani Bhatt,02-10-2026 20:39,04-10-2026 3:29,30.83333,>=24 hrs
03-10-2026,FMPP4313676776,SuratHub_STV_PL,AAI KHODAL MOTORS AND SERVICE STATION +918866224803,f1f985717d6241c7,received_at_mh,West,LMA,1.00E+11,GROWEXPRESS LOGISTIC LLP,Jitendra BhagwanBhunkar,MotherHub_STV,BRSNR,SuratHub_STV_PL,PH-ZO-SURSUR-11265607,expected,OPENED,02-10-2026 22:33,Ashvani Bhatt,02-10-2026 20:39,04-10-2026 3:30,30.85,>=24 hrs
03-10-2026,FMPC6554049516,SuratTempHub_STV,JAY JALARAM ENTERPRISE +918734073386,58b11c6753b14378,dispatched_to_mh,West,LMA,1.00E+11,COMMERSHIP SERVICES LLP,Labib AltafShah,MotherHub_STV,BRSNR,SuratTempHub_STV,PH-ZO-SURSUR-66454643,expected,OPENED,02-10-2026 23:12,Ashvani Bhatt,02-10-2026 20:22,#VALUE!,#VALUE!,#VALUE!
03-10-2026,FMPP4313668536,SuratHub_STV_PL,AAI KHODAL MOTORS AND SERVICE STATION +918866224803,f1f985717d6241c7,received_at_mh,West,LMA,1.00E+11,GROWEXPRESS LOGISTIC LLP,Jitendra BhagwanBhunkar,MotherHub_STV,BRSNR,SuratHub_STV_PL,PH-ZO-SURSUR-11265607,expected,OPENED,02-10-2026 22:33,Ashvani Bhatt,02-10-2026 20:39,04-10-2026 3:29,30.83333,>=24 hrs
03-10-2026,FMPC6552900406,SuratHub_STV_PL,AAI KHODAL MOTORS AND SERVICE STATION +918866224803,f1f985717d6241c7,received_at_mh,West,LMA,1.00E+11,GROWEXPRESS LOGISTIC LLP,Jitendra BhagwanBhunkar,MotherHub_STV,BRSNR,SuratHub_STV_PL,PH-ZO-SURSUR-11265607,expected,OPENED,02-10-2026 22:33,Ashvani Bhatt,02-10-2026 20:39,04-10-2026 3:29,30.83333,>=24 hrs
03-10-2026,FMPC6554000370,StationTempHub_STV_PL,siyuenterprise +918264099078,7966bd00b3d54fd7,received_at_mh,West,LMA,1.00E+11,Oneeday hr solution pvt ltd,Abrar Abdul SattarBagvan,MotherHub_STV,BRSNR,StationTempHub_STV_PL,PH-ZO-SURSUR-11264729,expected,OPENED,02-10-2026 21:09,Ashvani Bhatt,02-10-2026 19:00,04-10-2026 9:37,38.61667,>=24 hrs
03-10-2026,FMPP4313959439,SuratHub_STV_PL,YOGI FASHION +919924030751,8385347992fd4699,received_at_mh,West,LMA,1.00E+11,Vxpress,Vikas DhanarajSonawane,MotherHub_STV,BRSNR,SuratHub_STV_PL,PH-ZO-SURSUR-11261625,expected,OPENED,02-10-2026 23:02,Ashvani Bhatt,02-10-2026 20:39,04-10-2026 2:25,29.76667,>=24 hrs
03-10-2026,FMPP4314432732,StationTempHub_STV_PL,CHHAGANBHAI PITAMBARBHAI GHASKATA +917874553642,819a8de09eb6442c,received_at_mh,West,LMA,1.00E+11,Vxpress,Vasava VikaskumarManojbhai,MotherHub_STV,BRSNR,StationTempHub_STV_PL,PH-ZO-8URSUR-11146583,expected,OPENED,02-10-2026 23:10,Ashvani Bhatt,02-10-2026 19:00,05-10-2026 21:24,74.4,>=24 hrs
03-10-2026,FMPP4313677805,SuratHub_STV_PL,AAI KHODAL MOTORS AND SERVICE STATION +918866224803,f1f985717d6241c7,received_at_mh,West,LMA,1.00E+11,GROWEXPRESS LOGISTIC LLP,Jitendra BhagwanBhunkar,MotherHub_STV,BRSNR,SuratHub_STV_PL,PH-ZO-SURSUR-11265607,expected,OPENED,02-10-2026 22:33,Ashvani Bhatt,02-10-2026 20:39,04-10-2026 3:29,30.83333,>=24 hrs
03-10-2026,FMPP4313665476,SuratHub_STV_PL,AAI KHODAL MOTORS AND SERVICE STATION +918866224803,f1f985717d6241c7,received_at_mh,West,LMA,1.00E+11,GROWEXPRESS LOGISTIC LLP,Jitendra BhagwanBhunkar,MotherHub_STV,BRSNR,SuratHub_STV_PL,PH-ZO-SURSUR-11265607,expected,OPENED,02-10-2026 22:33,Ashvani Bhatt,02-10-2026 20:39,04-10-2026 11:39,39,>=24 hrs
03-10-2026,FMPC6554251222,KamrejHub_STV_PL,INCREDIBLE INDIA +919904356326,829c34669f884cc5,dispatched_to_mh,West,LMA,1.00E+11,PS LOGISTICS,Zaheer Ahmad KasimTai,MotherHub_STV,BRSNR,KamrejHub_STV_PL,PH-B4-SURSUR-11263230,expected,OPENED,02-10-2026 21:35,Ashvani Bhatt,02-10-2026 19:28,#VALUE!,#VALUE!,#VALUE!
03-10-2026,FMPP4313665992,SuratHub_STV_PL,AAI KHODAL MOTORS AND SERVICE STATION +918866224803,f1f985717d6241c7,received_at_mh,West,LMA,1.00E+11,GROWEXPRESS LOGISTIC LLP,Jitendra BhagwanBhunkar,MotherHub_STV,BRSNR,SuratHub_STV_PL,PH-ZO-SURSUR-11265607,expected,OPENED,02-10-2026 22:33,Ashvani Bhatt,02-10-2026 20:39,04-10-2026 3:30,30.85,>=24 hrs
03-10-2026,FMPP4313683900,SuratHub_STV_PL,AAI KHODAL MOTORS AND SERVICE STATION +918866224803,f1f985717d6241c7,received_at_mh,West,LMA,1.00E+11,GROWEXPRESS LOGISTIC LLP,Jitendra BhagwanBhunkar,MotherHub_STV,BRSNR,SuratHub_STV_PL,PH-ZO-SURSUR-11265607,expected,OPENED,02-10-2026 22:33,Ashvani Bhatt,02-10-2026 20:39,04-10-2026 3:31,30.86667,>=24 hrs
03-10-2026,FMPP4313705558,KamrejHub_STV_PL,FLOURISH ENTERPRISE +917802946937,ce34c1bf0ed646b2,dispatched_to_mh,West,LMA,1.00E+11,PS LOGISTICS,Zaheer Ahmad KasimTai,MotherHub_STV,BRSNR,KamrejHub_STV_PL,PH-ZO-SURSUR-11246436,expected,OPENED,02-10-2026 21:33,Ashvani Bhatt,02-10-2026 19:28,#VALUE!,#VALUE!,#VALUE!
03-10-2026,FMPP4314418505,SuratHub_STV_PL,VRAJ FASHION +917490075047,fd47d929565e49ab,received_at_mh,West,LMA,1.00E+11,Loadshare,Ajay PrakashPatil,MotherHub_STV,BRSNR,SuratHub_STV_PL,PH-ZO-SURSUR-11266396,expected,OPENED,02-10-2026 22:54,Ashvani Bhatt,02-10-2026 20:39,03-10-2026 23:01,26.36667,>=24 hrs
03-10-2026,FMPC6554235084,KamrejHub_STV_PL,KHODAL FASHION 9537899722,b8814bf2fde045ef,received_at_mh,West,LMA,1.00E+11,PROBITY LOGISTICS PRIVATE LIMITED,Shaikh ArmanJiyaurrehman,MotherHub_STV,BRSNR,KamrejHub_STV_PL,PH-ZO-SURSUR-11213094,expected,OPENED,02-10-2026 21:30,Ashvani Bhatt,02-10-2026 19:28,04-10-2026 1:48,30.33333,>=24 hrs
03-10-2026,FMPC6553822015,SuratTempHub_STV,JAY JALARAM ENTERPRISE +918734073386,58b11c6753b14378,dispatched_to_mh,West,LMA,1.00E+11,COMMERSHIP SERVICES LLP,Labib AltafShah,MotherHub_STV,BRSNR,SuratTempHub_STV,PH-B4-SURSUR-72702625,expected,OPENED,03-10-2026 0:50,Ashvani Bhatt,02-10-2026 20:22,#VALUE!,#VALUE!,#VALUE!
03-10-2026,FMPC6552848817,StationTempHub_STV_PL,SHREE HARI ENTERPRISE +919277505601,34a84713e08c4832,dispatched_to_mh,West,LMA,1.00E+11,Greenteck Logistics and Mobility Pvt Ltd,Jayaswal AnkitNareshbhai,MotherHub_STV,BRSNR,StationTempHub_STV_PL,PH-ZO-SURSUR-11229862,expected,OPENED,02-10-2026 21:21,Ashvani Bhatt,02-10-2026 19:00,#VALUE!,#VALUE!,#VALUE!
03-10-2026,FMPP4313679485,SuratHub_STV_PL,AAI KHODAL MOTORS AND SERVICE STATION +918866224803,f1f985717d6241c7,received_at_mh,West,LMA,1.00E+11,GROWEXPRESS LOGISTIC LLP,Jitendra BhagwanBhunkar,MotherHub_STV,BRSNR,SuratHub_STV_PL,PH-ZO-SURSUR-11265607,expected,OPENED,02-10-2026 22:33,Ashvani Bhatt,02-10-2026 20:39,04-10-2026 3:31,30.86667,>=24 hrs
03-10-2026,FMPP4313677458,SuratHub_STV_PL,AAI KHODAL MOTORS AND SERVICE STATION +918866224803,f1f985717d6241c7,received_at_mh,West,LMA,1.00E+11,GROWEXPRESS LOGISTIC LLP,Jitendra BhagwanBhunkar,MotherHub_STV,BRSNR,SuratHub_STV_PL,PH-ZO-SURSUR-11265607,expected,OPENED,02-10-2026 22:33,Ashvani Bhatt,02-10-2026 20:39,04-10-2026 3:31,30.86667,>=24 hrs
03-10-2026,FMPC6555140605,SuratTempHub_STV,LAXBON ART +917096865198,505a13d4c90d4661,received_at_mh,West,LMA,1.00E+11,PS LOGISTICS,ArunSingh,MotherHub_STV,BRSNR,SuratTempHub_STV,PH-ZO-SURSUR-11268499,expected,OPENED,02-10-2026 22:51,Ashvani Bhatt,02-10-2026 20:22,04-10-2026 4:02,31.66667,>=24 hrs
03-10-2026,FMPC6545359492,SuratHub_STV_PL,AQQURATE SCALES +918401078212,0550179ba5ed4f47,dispatched_to_mh,West,LMA,1.00E+11,Shree Hari Logistics,MishraMahip,MotherHub_STV,BRSNR,SuratHub_STV_PL,PH-B4-SURSUR-11261497,expected,OPENED,02-10-2026 22:49,Ashvani Bhatt,02-10-2026 20:39,#VALUE!,#VALUE!,#VALUE!
03-10-2026,FMPC6553632282,SuratTempHub_STV,VEDIKAA STYLE +917859948964,0b3581e9ddc94a2e,dispatched_to_mh,West,TRUEFLEX,7.39E+05,Trueflex,Jay Singh Yadav,MotherHub_STV,BRSNR,SuratTempHub_STV,PH-ZO-SURSUR-11242701,expected,OPENED,02-10-2026 22:44,Ashvani Bhatt,02-10-2026 20:22,#VALUE!,#VALUE!,#VALUE!
03-10-2026,FMPC6554320252,KamrejHub_STV_PL,Ziyana Enterprise +918401823024,7665301e47cd4bfe,dispatched_to_mh,West,TRUEFLEX,1.28E+06,Trueflex,Vavda Umarfaruk Yusuf,MotherHub_STV,BRSNR,KamrejHub_STV_PL,PH-ZO-SURSUR-11271777,expected,OPENED,02-10-2026 21:32,Ashvani Bhatt,02-10-2026 19:28,#VALUE!,#VALUE!,#VALUE!
03-10-2026,FMPC6554169746,StationTempHub_STV_PL,VIRAL RETAIL +917874553642,192a9a7b1d454a53,received_at_mh,West,LMA,1.00E+11,Vxpress,Vasava VikaskumarManojbhai,MotherHub_STV,BRSNR,StationTempHub_STV_PL,PH-ZO-8URSUR-11146583,expected,OPENED,02-10-2026 23:10,Ashvani Bhatt,02-10-2026 19:00,05-10-2026 21:24,74.4,>=24 hrs
03-10-2026,FMPC6554235220,KamrejHub_STV_PL,KHODAL FASHION 9537899722,b8814bf2fde045ef,received_at_mh,West,LMA,1.00E+11,PROBITY LOGISTICS PRIVATE LIMITED,Shaikh ArmanJiyaurrehman,MotherHub_STV,BRSNR,KamrejHub_STV_PL,PH-ZO-SURSUR-11213094,expected,OPENED,02-10-2026 21:30,Ashvani Bhatt,02-10-2026 19:28,04-10-2026 1:48,30.33333,>=24 hrs
03-10-2026,FMPC6554442432,KamrejHub_STV_PL,Flipora +917778806436,87b3462689254675,dispatched_to_mh,West,LMA,1.00E+11,COMMERSHIP SERVICES LLP,Doba MuaazSuleman,MotherHub_STV,BRSNR,KamrejHub_STV_PL,PH-ZO-SURSUR-11082608,expected,OPENED,02-10-2026 21:46,Ashvani Bhatt,02-10-2026 19:28,#VALUE!,#VALUE!,#VALUE!
03-10-2026,FMPP4313776005,KamrejHub_STV_PL,MISS GUJARAT +916356911301,3bd3afdeb1284ed7,dispatched_to_mh,West,TRUEFLEX,5.90E+05,Trueflex,Amit Pal,MotherHub_STV,BRSNR,KamrejHub_STV_PL,PH-B4-SURSUR-11242241,expected,OPENED,02-10-2026 21:51,Ashvani Bhatt,02-10-2026 19:28,#VALUE!,#VALUE!,#VALUE!
03-10-2026,FMPC6552749979,MotaVarachhaSplitHub_STV_PL,CLAZKITE +918347891293,0977b78939854709,received_at_mh,West,LMA,1.00E+11,Loadshare,Patil SandipYuvraj,MotherHub_STV,BRSNR,MotaVarachhaSplitHub_STV_PL,PH-B4-SURSUR-11236145,expected,OPENED,02-10-2026 21:19,Ashvani Bhatt,02-10-2026 19:10,#VALUE!,#VALUE!,#VALUE!
03-10-2026,FMPC6554193927,MotaVarachhaSplitHub_STV_PL,VARNI SALES 8849916513,9b28e236bab34a19,received_at_mh,West,LMA,1.00E+11,Loadshare,DiwanRehansha,MotherHub_STV,BRSNR,MotaVarachhaSplitHub_STV_PL,PH-ZO-SURSUR-10592796,expected,OPENED,02-10-2026 21:33,Ashvani Bhatt,02-10-2026 19:10,03-10-2026 23:20,28.16667,>=24 hrs
03-10-2026,FMPP4313795421,MotaVarachhaSplitHub_STV_PL,TOMARA ENTERPRISE +919904449991,fdb1726150f04c20,dispatched_to_mh,West,LMA,1.00E+11,Loadshare,Shashikant PiranPatil,MotherHub_STV,BRSNR,MotaVarachhaSplitHub_STV_PL,PH-ZO-SURSUR-11247896,expected,OPENED,02-10-2026 23:19,Ashvani Bhatt,02-10-2026 19:10,#VALUE!,#VALUE!,#VALUE!
03-10-2026,FMPP4313748051,MotaVarachhaSplitHub_STV_PL,NITYA WATCH +919913612753,fb7660270d70434f,received_at_mh,West,LMA,1.00E+11,Loadshare,PatilVishal,MotherHub_STV,BRSNR,MotaVarachhaSplitHub_STV_PL,PH-ZO-SURSUR-11270041,expected,OPENED,02-10-2026 21:44,Ashvani Bhatt,02-10-2026 19:10,03-10-2026 21:30,26.33333,>=24 hrs
03-10-2026,FMPP4314719937,MotaVarachhaSplitHub_STV_PL,COMFRIX +918401184734,1c843efd22de42e8,received_at_mh,West,LMA,1.00E+11,Loadshare,PatilVishal,MotherHub_STV,BRSNR,MotaVarachhaSplitHub_STV_PL,PH-ZO-8UR8UR-11270042,expected,OPENED,02-10-2026 23:00,Ashvani Bhatt,02-10-2026 19:10,04-10-2026 22:28,51.3,>=24 hrs
03-10-2026,FMPC6554415381,MotaVarachhaSplitHub_STV_PL,SHIV ENTERPRISE 8128635389,a672a521426843a6,dispatched_to_mh,West,LMA,1.00E+11,Loadshare,VishvajitPandey,MotherHub_STV,BRSNR,MotaVarachhaSplitHub_STV_PL,PH-B4-SURSUR-11269314,expected,OPENED,02-10-2026 21:22,Ashvani Bhatt,02-10-2026 19:10,#VALUE!,#VALUE!,#VALUE!
03-10-2026,FMPP4313687904,MotaVarachhaSplitHub_STV_PL,TOMARA ENTERPRISE +919904449991,fdb1726150f04c20,dispatched_to_mh,West,LMA,1.00E+11,Loadshare,Shashikant PiranPatil,MotherHub_STV,BRSNR,MotaVarachhaSplitHub_STV_PL,PH-ZO-SURSUR-11247896,expected,OPENED,02-10-2026 23:19,Ashvani Bhatt,02-10-2026 19:10,#VALUE!,#VALUE!,#VALUE!
03-10-2026,FMPP4314741116,MotaVarachhaSplitHub_STV_PL,COMFRIX +918401184734,1c843efd22de42e8,received_at_mh,West,LMA,1.00E+11,Loadshare,PatilVishal,MotherHub_STV,BRSNR,MotaVarachhaSplitHub_STV_PL,PH-ZO-8UR8UR-11270042,expected,OPENED,02-10-2026 23:00,Ashvani Bhatt,02-10-2026 19:10,04-10-2026 22:29,51.31667,>=24 hrs
03-10-2026,FMPC6554165187,MotaVarachhaSplitHub_STV_PL,VALAM ENTERPRISE +917984975109,7df7bf0d76dd41a6,dispatched_to_mh,West,LMA,1.00E+11,Loadshare,Patil SandipYuvraj,MotherHub_STV,BRSNR,MotaVarachhaSplitHub_STV_PL,PH-ZO-SURSUR-11211872,expected,OPENED,02-10-2026 21:20,Ashvani Bhatt,02-10-2026 19:10,#VALUE!,#VALUE!,#VALUE!
03-10-2026,FMPC6553059380,MotaVarachhaSplitHub_STV_PL,DM ENTERPRISE +918320096975,30d6cba26fd24509,received_at_mh,West,LMA,1.00E+11,Loadshare,Patil SandipYuvraj,MotherHub_STV,BRSNR,MotaVarachhaSplitHub_STV_PL,PH-B4-SURSUR-11236145,expected,OPENED,02-10-2026 21:19,Ashvani Bhatt,02-10-2026 19:10,05-10-2026 22:17,75.11667,>=24 hrs
03-10-2026,FMPC6553159431,MotaVarachhaSplitHub_STV_PL,TOMARA ENTERPRISE +919904449991,fdb1726150f04c20,dispatched_to_mh,West,LMA,1.00E+11,Loadshare,Shashikant PiranPatil,MotherHub_STV,BRSNR,MotaVarachhaSplitHub_STV_PL,PH-ZO-SURSUR-11247896,expected,OPENED,02-10-2026 23:19,Ashvani Bhatt,02-10-2026 19:10,#VALUE!,#VALUE!,#VALUE!
03-10-2026,FMPP4313521304,MotaVarachhaSplitHub_STV_PL,DM ENTERPRISE +918320096975,30d6cba26fd24509,received_at_mh,West,LMA,1.00E+11,Loadshare,Patil SandipYuvraj,MotherHub_STV,BRSNR,MotaVarachhaSplitHub_STV_PL,PH-ZO-SURSUR-11236435,expected,OPENED,02-10-2026 21:26,Ashvani Bhatt,02-10-2026 19:10,05-10-2026 22:17,75.11667,>=24 hrs
03-10-2026,FMPC6553364880,MotaVarachhaSplitHub_STV_PL,NITYA WATCH +919913612753,fb7660270d70434f,received_at_mh,West,LMA,1.00E+11,Loadshare,PatilVishal,MotherHub_STV,BRSNR,MotaVarachhaSplitHub_STV_PL,PH-ZO-SURSUR-11270041,expected,OPENED,02-10-2026 21:44,Ashvani Bhatt,02-10-2026 19:10,03-10-2026 21:31,26.35,>=24 hrs
03-10-2026,FMPP4313751498,MotaVarachhaSplitHub_STV_PL,MANTRA ENTERPRISE +919726143386,c56f8177d72e4da9,received_at_mh,West,LMA,1.00E+11,Loadshare,Priyadarshan SudamKote,MotherHub_STV,BRSNR,MotaVarachhaSplitHub_STV_PL,PH-ZO-SURSUR-11243952,expected,OPENED,02-10-2026 21:24,Ashvani Bhatt,02-10-2026 19:10,04-10-2026 4:10,33,>=24 hrs
03-10-2026,FMPC6554298471,MotaVarachhaSplitHub_STV_PL,K&K EXPORT +919099936444,219543f4d11a44e5,dispatched_to_mh,West,LMA,1.00E+11,Loadshare,Patil SandipYuvraj,MotherHub_STV,BRSNR,MotaVarachhaSplitHub_STV_PL,PH-ZO-SURSUR-11211872,expected,OPENED,02-10-2026 21:20,Ashvani Bhatt,02-10-2026 19:10,#VALUE!,#VALUE!,#VALUE!
03-10-2026,FMPC6552744390,SaroliHubSplit_STV_PL,ELIGENT ENTERPRISE +919313840762,4dc367af06c24faf,dispatched_to_mh,West,LMA,1.00E+11,COMMERSHIP SERVICES LLP,PramodPatil,MotherHub_STV,BRSNR,SaroliHubSplit_STV_PL,PH-ZO-SURBTS-25683172,expected,OPENED,02-10-2026 23:57,Ashvani Bhatt,02-10-2026 19:25,#VALUE!,#VALUE!,#VALUE!
03-10-2026,FMPP4314086830,SaroliHubSplit_STV_PL,PATEL ENTERPRISE +919137722100,34c5d27a96f5432c,received_at_mh,West,TRUEFLEX,7.11E+05,Trueflex,Vishnubhai Jivanbhai Dabhi,MotherHub_STV,BRSNR,SaroliHubSplit_STV_PL,PH-ZO-SURSUR-11201525,expected,OPENED,02-10-2026 21:46,Ashvani Bhatt,02-10-2026 19:14,03-10-2026 20:23,25.15,>=24 hrs
03-10-2026,FMPP4314245193,SaroliHubSplit_STV_PL,ELIGENT ENTERPRISE +919313840762,4dc367af06c24faf,dispatched_to_mh,West,LMA,1.00E+11,COMMERSHIP SERVICES LLP,PramodPatil,MotherHub_STV,BRSNR,SaroliHubSplit_STV_PL,PH-ZO-SURBTS-25683194,expected,OPENED,03-10-2026 0:59,Ashvani Bhatt,02-10-2026 19:25,#VALUE!,#VALUE!,#VALUE!
03-10-2026,FMPC6553005910,SaroliHubSplit_STV_PL,STYLEREGAIN +917016104408,12a1565cde624e96,received_at_mh,West,LMA,1.00E+11,Vxpress,ManishNowal,MotherHub_STV,BRSNR,SaroliHubSplit_STV_PL,PH-ZO-SURSUR-11248250,expected,OPENED,02-10-2026 20:58,Ashvani Bhatt,02-10-2026 19:14,03-10-2026 23:12,27.96667,>=24 hrs
03-10-2026,FMPP4313911516,SaroliHubSplit_STV_PL,JUGNOO MART +919054872958,982b357bccee4ec0,received_at_mh,West,LMA,1.00E+11,Vxpress,Jishan,MotherHub_STV,BRSNR,SaroliHubSplit_STV_PL,PH-ZO-SURSUR-11203987,expected,OPENED,02-10-2026 20:57,Ashvani Bhatt,02-10-2026 19:14,03-10-2026 23:36,28.36667,>=24 hrs
03-10-2026,FMPP4314420400,SaroliHubSplit_STV_PL,ELIGENT ENTERPRISE +919313840762,4dc367af06c24faf,dispatched_to_mh,West,LMA,1.00E+11,COMMERSHIP SERVICES LLP,PramodPatil,MotherHub_STV,BRSNR,SaroliHubSplit_STV_PL,PH-B4-SURBTS-25683172,expected,OPENED,03-10-2026 1:39,Ashvani Bhatt,02-10-2026 19:25,#VALUE!,#VALUE!,#VALUE!
03-10-2026,FMPP4313609005,SaroliHubSplit_STV_PL,PAREVADI FASHION +916354015585,2f7b101e5fc4458d,received_at_mh,West,LMA,1.00E+11,COMMERSHIP SERVICES LLP,Chetan RamkrushnaPatil,MotherHub_STV,BRSNR,SaroliHubSplit_STV_PL,PH-ZO-SURSUR-10750440,expected,OPENED,02-10-2026 20:53,Ashvani Bhatt,02-10-2026 19:14,03-10-2026 23:33,28.31667,>=24 hrs
03-10-2026,FMPC6553854020,SaroliHubSplit_STV_PL,ELIGENT ENTERPRISE +919313840762,4dc367af06c24faf,dispatched_to_mh,West,LMA,1.00E+11,COMMERSHIP SERVICES LLP,PramodPatil,MotherHub_STV,BRSNR,SaroliHubSplit_STV_PL,PH-B4-SURBTS-25683193,expected,OPENED,03-10-2026 1:39,Ashvani Bhatt,02-10-2026 19:25,#VALUE!,#VALUE!,#VALUE!
03-10-2026,FMPC6554207727,SaroliHubSplit_STV_PL,BODAR IMPEX +918849794389,4f1c502e6d89439b,dispatched_to_mh,West,LMA,1.00E+11,Vxpress,Choket RajratanAmbadas,MotherHub_STV,BRSNR,SaroliHubSplit_STV_PL,PH-ZO-SURSUR-11248501,expected,OPENED,02-10-2026 20:55,Ashvani Bhatt,02-10-2026 19:14,#VALUE!,#VALUE!,#VALUE!
03-10-2026,FMPC6552870751,SaroliHubSplit_STV_PL,STYLEREGAIN +917016104408,12a1565cde624e96,received_at_mh,West,LMA,1.00E+11,Vxpress,ManishNowal,MotherHub_STV,BRSNR,SaroliHubSplit_STV_PL,PH-ZO-SURSUR-11248250,expected,OPENED,02-10-2026 20:58,Ashvani Bhatt,02-10-2026 19:14,03-10-2026 23:13,27.98333,>=24 hrs
03-10-2026,FMPC6553979561,SaroliHubSplit_STV_PL,STYLE REMEET +919316292689,8626e05e988247db,received_at_mh,West,LMA,1.00E+11,Vxpress,Choket RajratanAmbadas,MotherHub_STV,BRSNR,SaroliHubSplit_STV_PL,PH-ZO-SURSUR-11248250,expected,OPENED,02-10-2026 20:58,Ashvani Bhatt,02-10-2026 19:14,03-10-2026 23:12,27.96667,>=24 hrs
03-10-2026,FMPC6553676970,SaroliHubSplit_STV_PL,STYLEREGAIN +917016104408,12a1565cde624e96,received_at_mh,West,LMA,1.00E+11,Vxpress,Choket RajratanAmbadas,MotherHub_STV,BRSNR,SaroliHubSplit_STV_PL,PH-ZO-SURSUR-11248250,expected,OPENED,02-10-2026 20:58,Ashvani Bhatt,02-10-2026 19:14,03-10-2026 23:13,27.98333,>=24 hrs
03-10-2026,FMPP4313618528,SaroliHubSplit_STV_PL,STYLEREGAIN +917016104408,12a1565cde624e96,received_at_mh,West,LMA,1.00E+11,Vxpress,ManishNowal,MotherHub_STV,BRSNR,SaroliHubSplit_STV_PL,PH-ZO-SURSUR-11248250,expected,OPENED,02-10-2026 20:58,Ashvani Bhatt,02-10-2026 19:14,03-10-2026 23:13,27.98333,>=24 hrs
03-10-2026,FMPC6553854057,SaroliHubSplit_STV_PL,ELIGENT ENTERPRISE +919313840762,4dc367af06c24faf,dispatched_to_mh,West,LMA,1.00E+11,COMMERSHIP SERVICES LLP,PramodPatil,MotherHub_STV,BRSNR,SaroliHubSplit_STV_PL,PH-ZO-SURBTS-25683194,expected,OPENED,03-10-2026 0:59,Ashvani Bhatt,02-10-2026 19:25,#VALUE!,#VALUE!,#VALUE!
03-10-2026,FMPP4313928565,YogiChowkTempHub_STV_PL,Maan International +919664990049,4240a4567c23410e,received_at_mh,West,TRUEFLEX,6.99E+05,Trueflex,Ravi Kumar,MotherHub_STV,BRSNR,YogiChowkTempHub_STV_PL,PH-ZO-SURSUR-11255173,expected,OPENED,02-10-2026 18:54,Ashvani Bhatt,02-10-2026 17:44,03-10-2026 23:25,29.68333,>=24 hrs
03-10-2026,FMPP4314176374,YogiChowkTempHub_STV_PL,VARNIRAJ ENTERPRISE +919106989203,268972ad22414306,dispatched_to_mh,West,TRUEFLEX,5.90E+05,Trueflex,Borse Sachin,MotherHub_STV,BRSNR,YogiChowkTempHub_STV_PL,PH-ZO-SURSUR-11274270,expected,OPENED,02-10-2026 21:56,Ashvani Bhatt,02-10-2026 20:28,#VALUE!,#VALUE!,#VALUE!
03-10-2026,FMPC6554174080,YogiChowkTempHub_STV_PL,DWARKESH ENTERPRISE +919712833123,9d2a1cc9f3204765,received_at_mh,West,LMA,1.00E+11,COMMERSHIP SERVICES LLP,Rushikesh SahajibhaiChaudhari,MotherHub_STV,BRSNR,YogiChowkTempHub_STV_PL,PH-ZO-SURSUR-11247202,expected,OPENED,02-10-2026 22:19,Ashvani Bhatt,02-10-2026 20:28,04-10-2026 2:48,30.33333,>=24 hrs
03-10-2026,FMPC6553337776,YogiChowkTempHub_STV_PL,RUDRAY INTERNATIONAL +919586588074,9c5530c2db984dc8,received_at_mh,West,LMA,1.00E+11,WERCATALYST VENTURES PVT LTD,RohitBaviskar,MotherHub_STV,BRSNR,YogiChowkTempHub_STV_PL,PH-ZO-SURSUR-11222632,expected,OPENED,02-10-2026 22:13,Ashvani Bhatt,02-10-2026 20:28,03-10-2026 23:42,27.23333,>=24 hrs
03-10-2026,FMPC6554354443,YogiChowkTempHub_STV_PL,HK ENTERPRISE +919099199083,cb5d196d3fc341b5,dispatched_to_mh,West,LMA,1.00E+11,Vxpress,Shaikh IrfanRamjan,MotherHub_STV,BRSNR,YogiChowkTempHub_STV_PL,PH-ZO-SURSUR-11267907,expected,OPENED,02-10-2026 22:14,Ashvani Bhatt,02-10-2026 20:28,#VALUE!,#VALUE!,#VALUE!
03-10-2026,FMPP4314133456,YogiChowkTempHub_STV_PL,VARNIRAJ ENTERPRISE +919106989203,268972ad22414306,dispatched_to_mh,West,TRUEFLEX,5.90E+05,Trueflex,Borse Sachin,MotherHub_STV,BRSNR,YogiChowkTempHub_STV_PL,PH-ZO-SURSUR-11274270,expected,OPENED,02-10-2026 21:56,Ashvani Bhatt,02-10-2026 20:28,#VALUE!,#VALUE!,#VALUE!
03-10-2026,FMPP4314673707,YogiChowkTempHub_STV_PL,FASHION_BAZAR +918758248578,33ef23dca6804e96,received_at_mh,West,TRUEFLEX,1144110,Trueflex,Mistry Durgesh Vijaybhai,MotherHub_STV,BRSNR,YogiChowkTempHub_STV_PL,PH-ZO-SURSUR-11021288,expected,OPENED,02-10-2026 22:23,Ashvani Bhatt,02-10-2026 20:28,04-10-2026 1:16,28.8,>=24 hrs
03-10-2026,FMPC6552799889,YogiChowkTempHub_STV_PL,JIYANSH TRENDS +919913590360,677451c77c1a4e11,received_at_mh,West,LMA,1.00E+11,WERCATALYST VENTURES PVT LTD,Saurabh ChaturPatil,MotherHub_STV,BRSNR,YogiChowkTempHub_STV_PL,PH-ZO-SURSUR-10924847,expected,OPENED,02-10-2026 22:13,Ashvani Bhatt,02-10-2026 20:28,04-10-2026 1:06,28.63333,>=24 hrs
03-10-2026,FMPP4314195179,YogiChowkTempHub_STV_PL,VARNIRAJ ENTERPRISE +919106989203,268972ad22414306,dispatched_to_mh,West,TRUEFLEX,5.90E+05,Trueflex,Borse Sachin,MotherHub_STV,BRSNR,YogiChowkTempHub_STV_PL,PH-ZO-SURSUR-11274270,expected,OPENED,02-10-2026 21:56,Ashvani Bhatt,02-10-2026 20:28,#VALUE!,#VALUE!,#VALUE!
03-10-2026,FMPC6554067332,YogiChowkTempHub_STV_PL,FASHION_BAZAR +918758248578,33ef23dca6804e96,received_at_mh,West,TRUEFLEX,1144110,Trueflex,Mistry Durgesh Vijaybhai,MotherHub_STV,BRSNR,YogiChowkTempHub_STV_PL,PH-ZO-SURSUR-11021288,expected,OPENED,02-10-2026 22:23,Ashvani Bhatt,02-10-2026 20:28,04-10-2026 1:18,28.83333,>=24 hrs
03-10-2026,FMPP4314547020,YogiChowkTempHub_STV_PL,RUDRAY INTERNATIONAL +919586588074,9c5530c2db984dc8,received_at_mh,West,LMA,1.00E+11,WERCATALYST VENTURES PVT LTD,RohitBaviskar,MotherHub_STV,BRSNR,YogiChowkTempHub_STV_PL,PH-ZO-SURSUR-11222632,expected,OPENED,02-10-2026 22:13,Ashvani Bhatt,02-10-2026 20:28,03-10-2026 23:39,27.18333,>=24 hrs
03-10-2026,FMPP4314150247,YogiChowkTempHub_STV_PL,GRIHAM ENTERPRISE +918849321345,61c2af5b964745de,dispatched_to_mh,West,TRUEFLEX,637080,Trueflex,Vijaybhai Rameshbhai Charate,MotherHub_STV,BRSNR,YogiChowkTempHub_STV_PL,PH-B4-SURSUR-11266204,expected,OPENED,02-10-2026 22:23,Ashvani Bhatt,02-10-2026 20:28,#VALUE!,#VALUE!,#VALUE!
03-10-2026,FMPP4314180465,YogiChowkTempHub_STV_PL,VARNIRAJ ENTERPRISE +919106989203,268972ad22414306,dispatched_to_mh,West,TRUEFLEX,5.90E+05,Trueflex,Borse Sachin,MotherHub_STV,BRSNR,YogiChowkTempHub_STV_PL,PH-ZO-SURSUR-11274270,expected,OPENED,02-10-2026 21:56,Ashvani Bhatt,02-10-2026 20:28,#VALUE!,#VALUE!,#VALUE!
03-10-2026,FMPC6553973921,YogiChowkTempHub_STV_PL,NEEL 8780367143,ffb9ea5ec46643ad,received_at_mh,West,LMA,1.00E+11,WERCATALYST VENTURES PVT LTD,Mundle PremVinodbhai,MotherHub_STV,Mixbagging,YogiChowkTempHub_STV_PL,PH-B4-SURSUR-11193376,expected,OPENED,02-10-2026 22:17,Ashvani Bhatt,02-10-2026 20:28,04-10-2026 3:56,31.46667,>=24 hrs
03-10-2026,FMPP4314133471,YogiChowkTempHub_STV_PL,VARNIRAJ ENTERPRISE +919106989203,268972ad22414306,dispatched_to_mh,West,TRUEFLEX,5.90E+05,Trueflex,Borse Sachin,MotherHub_STV,BRSNR,YogiChowkTempHub_STV_PL,PH-B4-SURSUR-11274250,expected,OPENED,02-10-2026 21:56,Ashvani Bhatt,02-10-2026 20:28,#VALUE!,#VALUE!,#VALUE!
03-10-2026,FMPC6553239907,YogiChowkTempHub_STV_PL,RUDRAY INTERNATIONAL +919586588074,9c5530c2db984dc8,received_at_mh,West,LMA,1.00E+11,WERCATALYST VENTURES PVT LTD,RohitBaviskar,MotherHub_STV,BRSNR,YogiChowkTempHub_STV_PL,PH-ZO-SURSUR-11222632,expected,OPENED,02-10-2026 22:13,Ashvani Bhatt,02-10-2026 20:28,03-10-2026 23:40,27.2,>=24 hrs
03-10-2026,FMPP4311927759,VastralHub_ADI_PL,MITHALI INDUSTRIES +919672932032,1d0f33b7c53e470d,received_at_mh,West,LMA,1.00E+11,Princy Enterprise,Sodhaparmar YogendrasinhMansinh,MotherHub_ABD_Flex,BRSNR,VastralHub_ADI_PL,PH-B1-ABDFLEX-117462,expected,OPENED,03-10-2026 10:58,Ankur Sinha,01-10-2026 22:45,04-10-2026 5:01,54.26667,>=24 hrs
03-10-2026,FMPC6551726731,VastralHub_ADI_PL,MITHALI INDUSTRIES +919672932032,1d0f33b7c53e470d,received_at_mh,West,LMA,1.00E+11,Princy Enterprise,Sodhaparmar YogendrasinhMansinh,MotherHub_ABD_Flex,BRSNR,VastralHub_ADI_PL,PH-B1-ABDFLEX-117453,expected,OPENED,03-10-2026 10:56,Ankur Sinha,01-10-2026 22:45,04-10-2026 5:01,54.26667,>=24 hrs
03-10-2026,FMPC6504028243,Motibaghhub_DEL_PL,SHIVA INFOCOM +918882920079,ba065d0e7a984644,dispatched_to_mh,North,LMA,1.00E+11,Fastbeetle service,Md.Aslam,MotherHub_NDC,BRSNR,Motibaghhub_DEL_PL,PH-B3-NCRNDC-6585947,expected,OPENED,03-10-2026 0:32,Arvind Bansal (DNCR),02-10-2026 21:05,#VALUE!,#VALUE!,#VALUE!
03-10-2026,FMPP4313655255,SuratTempHub_STV,JAY JALARAM ENTERPRISE +918734073386,58b11c6753b14378,dispatched_to_mh,West,LMA,1.00E+11,COMMERSHIP SERVICES LLP,Labib AltafShah,MotherHub_STV_BTS,BRSNR,SuratTempHub_STV,PH-B6-SURBTS-25889195,expected,OPENED,02-10-2026 23:30,Ashvani Bhatt,02-10-2026 19:10,#VALUE!,#VALUE!,#VALUE!
03-10-2026,FMPC6554247269,UdhnaHub_STV_PL,KALAMANDIR +917849873886,b8171dba78a74bd4,dispatched_to_mh,West,TRUEFLEX,9.80E+05,Trueflex,Sagar Vibhishan Thakare,MotherHub_STV_BTS,BRSNR,UdhnaHub_STV_PL,PH-B3-SURBTS-25780644,expected,OPENED,02-10-2026 23:10,Ashvani Bhatt,02-10-2026 21:14,#VALUE!,#VALUE!,#VALUE!
03-10-2026,FMPP4314961252,BelghariaHub_KOL_PL,Art of Bangla +919088281646,bdc6f8635748454b,dispatched_to_mh,East,LMA,1.00E+11,Vxpress,MamtajBibi,Motherhub_AMT,BRSNR,BelghariaHub_KOL_PL,PH-B10-AMTCCU-82951,expected,OPENED,02-10-2026 23:00,Somnath G,02-10-2026 19:37,#VALUE!,#VALUE!,#VALUE!
03-10-2026,FMPP4313630156,DALHOUSIEHUB_KOL_PL,CELLO TECH +918017744035,dc1670d8589348bc,dispatched_to_mh,East,LMA,1.00E+11,Vxpress,PritamChowdhury,Motherhub_AMT,BRSNR,DALHOUSIEHUB_KOL_PL,PH-B10-AMTCCU-85208,expected,OPENED,02-10-2026 23:19,Somnath G,02-10-2026 21:09,#VALUE!,#VALUE!,#VALUE!
03-10-2026,FMPP4313982300,GariaHub_KOL_PL,TACKLE EXPRESS +917278301430,7be38cac4b3f43a0,dispatched_to_mh,East,LMA,1.00E+11,WERCATALYST VENTURES PVT LTD,TusarSardar,Motherhub_AMT,BRSNR,GariaHub_KOL_PL,PH-B10-AMTCCU-47835,expected,OPENED,02-10-2026 23:19,Somnath G,02-10-2026 20:35,#VALUE!,#VALUE!,#VALUE!
03-10-2026,FMPC6553473672,GariaHub_KOL_PL,HH CREATION +918777504445,c9c5bc309fd041ce,dispatched_to_mh,East,LMA,1.00E+11,WERCATALYST VENTURES PVT LTD,SaifuddinSardar,Motherhub_AMT,BRSNR,GariaHub_KOL_PL,PH-B10-AMTCCU-67577,expected,OPENED,02-10-2026 23:16,Somnath G,02-10-2026 20:35,#VALUE!,#VALUE!,#VALUE!
03-10-2026,FMPP4313802871,HowrahHub_KOL_PL,TREND ETHNIC +919477843767,15f8d7198acf4ce3,dispatched_to_mh,East,LMA,1.00E+11,WERCATALYST VENTURES PVT LTD,Jahed AliKhan,Motherhub_AMT,BRSNR,HowrahHub_KOL_PL,PH-B10-AMTCCU-79721,expected,OPENED,02-10-2026 22:50,Somnath G,02-10-2026 20:01,#VALUE!,#VALUE!,#VALUE!
03-10-2026,FMPC6553772861,HowrahHub_KOL_PL,PUSPA GARMENTS +916291243997,dfc0fa3450a2474f,dispatched_to_mh,East,LMA,1.00E+11,WHEELEY,Md Sahid AlamSardar,Motherhub_AMT,BRSNR,HowrahHub_KOL_PL,PH-B10-AMTCCU-42281,expected,OPENED,02-10-2026 23:07,Somnath G,02-10-2026 19:43,#VALUE!,#VALUE!,#VALUE!
03-10-2026,FMPP4313573142,HowrahHub_KOL_PL,F K RUBY COLLECTION +919123770885,62a38011950f4c01,dispatched_to_mh,East,LMA,1.00E+11,WHEELEY,Md Sahid AlamSardar,Motherhub_AMT,BRSNR,HowrahHub_KOL_PL,PH-B10-AMTCCU-42281,expected,OPENED,02-10-2026 23:07,Somnath G,02-10-2026 19:43,#VALUE!,#VALUE!,#VALUE!
03-10-2026,FMPC6552842998,HowrahHub_KOL_PL,LAXMI NARASINGHA STORES +919477670498,24f04b35c8c5499a,dispatched_to_mh,East,LMA,1.00E+11,WHEELEY,Md JiyarulMunsi,Motherhub_AMT,BRSNR,HowrahHub_KOL_PL,PH-B10-AMTCCU-73515,expected,OPENED,02-10-2026 23:07,Somnath G,02-10-2026 19:43,#VALUE!,#VALUE!,#VALUE!
03-10-2026,FMPP4313530767,HowrahHub_KOL_PL,ARADHA +919062184619,e7bd107122ad44fa,received_at_mh,East,LMA,1.00E+11,WERCATALYST VENTURES PVT LTD,DebdasMondal,Motherhub_AMT,BRSNR,HowrahHub_KOL_PL,PH-B10-AMTCCU-51929,expected,OPENED,02-10-2026 19:43,Somnath G,02-10-2026 18:34,05-10-2026 8:08,61.56667,>=24 hrs
03-10-2026,FMPP4313755864,HowrahHub_KOL_PL,TREND ETHNIC +919477843767,15f8d7198acf4ce3,dispatched_to_mh,East,LMA,1.00E+11,WERCATALYST VENTURES PVT LTD,Jahed AliKhan,Motherhub_AMT,BRSNR,HowrahHub_KOL_PL,PH-B10-AMTCCU-79721,expected,OPENED,02-10-2026 22:50,Somnath G,02-10-2026 20:01,#VALUE!,#VALUE!,#VALUE!
03-10-2026,FMPP4313645702,HowrahHub_KOL_PL,LAXMI NARASINGHA STORES +919477670498,24f04b35c8c5499a,dispatched_to_mh,East,LMA,1.00E+11,WHEELEY,Md JiyarulMunsi,Motherhub_AMT,BRSNR,HowrahHub_KOL_PL,PH-B10-AMTCCU-73515,expected,OPENED,02-10-2026 23:07,Somnath G,02-10-2026 19:43,#VALUE!,#VALUE!,#VALUE!
03-10-2026,FMPC6552841286,HowrahHub_KOL_PL,ARADHA +919062184619,e7bd107122ad44fa,received_at_mh,East,LMA,1.00E+11,WERCATALYST VENTURES PVT LTD,DebdasMondal,Motherhub_AMT,BRSNR,HowrahHub_KOL_PL,PH-B10-AMTCCU-51929,expected,OPENED,02-10-2026 19:43,Somnath G,02-10-2026 18:34,05-10-2026 8:06,61.53333,>=24 hrs
03-10-2026,FMPC6554055747,SectorVHub_KOL_PL,COZYON +917278174241,036b1e68cd134ab5,dispatched_to_mh,East,LMA,1.00E+11,WERCATALYST VENTURES PVT LTD,Akram UddinSardar,Motherhub_AMT,BRSNR,SectorVHub_KOL_PL,PH-B10-AMTCCU-68325,expected,OPENED,02-10-2026 23:09,Somnath G,02-10-2026 20:47,#VALUE!,#VALUE!,#VALUE!
03-10-2026,FMPP4314457815,SectorVHub_KOL_PL,AUTOFAHREN A1MECH INDIA PRIVATE LIMITED +918820590244,73b97ab0215e4ac2,dispatched_to_mh,East,LMA,1.00E+11,WERCATALYST VENTURES PVT LTD,Akram UddinSardar,Motherhub_AMT,BRSNR,SectorVHub_KOL_PL,PH-B10-AMTCCU-68325,expected,OPENED,02-10-2026 23:09,Somnath G,02-10-2026 20:47,#VALUE!,#VALUE!,#VALUE!
03-10-2026,FMPC6553857638,SectorVHub_KOL_PL,COZYON +917278174241,036b1e68cd134ab5,dispatched_to_mh,East,LMA,1.00E+11,WERCATALYST VENTURES PVT LTD,Akram UddinSardar,Motherhub_AMT,BRSNR,SectorVHub_KOL_PL,PH-B10-AMTCCU-68325,expected,OPENED,02-10-2026 23:09,Somnath G,02-10-2026 20:47,#VALUE!,#VALUE!,#VALUE!
03-10-2026,FMPC6554258259,SectorVHub_KOL_PL,AUTOFAHREN A1MECH INDIA PRIVATE LIMITED +918820590244,73b97ab0215e4ac2,dispatched_to_mh,East,LMA,1.00E+11,WERCATALYST VENTURES PVT LTD,Akram UddinSardar,Motherhub_AMT,BRSNR,SectorVHub_KOL_PL,PH-B10-AMTCCU-68325,expected,OPENED,02-10-2026 23:09,Somnath G,02-10-2026 20:47,#VALUE!,#VALUE!,#VALUE!
03-10-2026,FMPC6553665439,SectorVHub_KOL_PL,COZYON +917278174241,036b1e68cd134ab5,dispatched_to_mh,East,LMA,1.00E+11,WERCATALYST VENTURES PVT LTD,Akram UddinSardar,Motherhub_AMT,BRSNR,SectorVHub_KOL_PL,PH-B10-AMTCCU-68325,expected,OPENED,02-10-2026 23:09,Somnath G,02-10-2026 20:47,#VALUE!,#VALUE!,#VALUE!
03-10-2026,FMPC6553074945,SectorVHub_KOL_PL,COZYON +917278174241,036b1e68cd134ab5,dispatched_to_mh,East,LMA,1.00E+11,WERCATALYST VENTURES PVT LTD,Akram UddinSardar,Motherhub_AMT,BRSNR,SectorVHub_KOL_PL,PH-B10-AMTCCU-68325,expected,OPENED,02-10-2026 23:09,Somnath G,02-10-2026 20:47,#VALUE!,#VALUE!,#VALUE!
03-10-2026,FMPC6552804721,SectorVHub_KOL_PL,PLANTIFY +917001944572,342a9bfc77ff44e5,dispatched_to_mh,East,LMA,4379457,#N/A,#N/A,Motherhub_AMT,BRSNR,SectorVHub_KOL_PL,PH-B10-AMTCCU-74650,expected,OPENED,02-10-2026 23:06,Somnath G,02-10-2026 20:52,#VALUE!,#VALUE!,#VALUE!
03-10-2026,FMPC6552790738,SectorVHub_KOL_PL,COZYON +917278174241,036b1e68cd134ab5,dispatched_to_mh,East,LMA,1.00E+11,WERCATALYST VENTURES PVT LTD,Akram UddinSardar,Motherhub_AMT,BRSNR,SectorVHub_KOL_PL,PH-B10-AMTCCU-68325,expected,OPENED,02-10-2026 23:09,Somnath G,02-10-2026 20:47,#VALUE!,#VALUE!,#VALUE!
03-10-2026,FMPC6552765449,SectorVHub_KOL_PL,PLANTIFY +917001944572,342a9bfc77ff44e5,dispatched_to_mh,East,LMA,4.38E+06,#N/A,#N/A,Motherhub_AMT,BRSNR,SectorVHub_KOL_PL,PH-B10-AMTCCU-74650,expected,OPENED,02-10-2026 23:06,Somnath G,02-10-2026 20:52,#VALUE!,#VALUE!,#VALUE!
03-10-2026,FMPC6554283967,SectorVHub_KOL_PL,PLANTIFY +917001944572,342a9bfc77ff44e5,dispatched_to_mh,East,LMA,4.38E+06,#N/A,#N/A,Motherhub_AMT,BRSNR,SectorVHub_KOL_PL,PH-B10-AMTCCU-74650,expected,OPENED,02-10-2026 23:06,Somnath G,02-10-2026 20:52,#VALUE!,#VALUE!,#VALUE!
03-10-2026,FMPC6554042598,Alipur_DEL_PL,VAGH TRADER PRIVATE LIMITED 8860961470,cfb1de049b7c49d0,dispatched_to_mh,North,LMA,1.00E+11,SUSAH SUPPLY CHAIN AND NETWORK PRIVATE LIMITED,Vinay,MotherHub_NDC,BRSNR,Alipur_DEL_PL,PH-B3-NCRNDC-6587983,expected,OPENED,02-10-2026 23:41,Arvind Bansal (DNCR),02-10-2026 19:28,#VALUE!,#VALUE!,#VALUE!
03-10-2026,FMPC6554190758,Alipur_DEL_PL,RAJPUT ENTERPRISE +917678201261,c855b98ab75a45de,received_at_mh,North,LMA,1.00E+11,WHEELEY,AmarKumar,MotherHub_NDC,BRSNR,Alipur_DEL_PL,PH-B3-NCRNDC-6587955,expected,OPENED,02-10-2026 23:43,Arvind Bansal (DNCR),02-10-2026 19:28,04-10-2026 5:25,33.95,>=24 hrs
03-10-2026,FMPC6554195057,Alipur_DEL_PL,RAJPUT ENTERPRISE +917678201261,c855b98ab75a45de,received_at_mh,North,LMA,1.00E+11,WHEELEY,AmarKumar,MotherHub_NDC,BRSNR,Alipur_DEL_PL,PH-B3-NCRNDC-6587956,expected,OPENED,02-10-2026 23:39,Arvind Bansal (DNCR),02-10-2026 19:28,04-10-2026 8:22,36.9,>=24 hrs
03-10-2026,FMPC6554591039,BawanaHub_DEL_PL,Sachin Enterprises +919319658215,091994d53fd447de,received_at_mh,North,LMA,1.00E+11,WHEELEY,BHARAT,MotherHub_NDC,Mixbagging,BawanaHub_DEL_PL,PH-B3-NCRNDC-6594354,expected,OPENED,03-10-2026 0:32,Arvind Bansal (DNCR),02-10-2026 19:18,03-10-2026 23:36,28.3,>=24 hrs
03-10-2026,FMPP4314157418,BurariHub_DEL_PL,AS NETMART +919873385995,df999e0f5dd44a03,received_at_mh,North,TRUEFLEX,863480,Trueflex,Prince Kumar,MotherHub_NDC,BRSNR,BurariHub_DEL_PL,PH-B3-NCRNDC-6551203,expected,OPENED,02-10-2026 23:48,Arvind Bansal (DNCR),02-10-2026 19:01,04-10-2026 5:54,34.88333,>=24 hrs
03-10-2026,FMPP4311681938,BijwasanHub_DEL_PL,Bhawna Enterprises +919667755335,ee51e71af833411c,dispatched_to_mh,North,LMA,1.00E+11,Loadshare,Pawan,MotherHub_NDC,BRSNR,BijwasanHub_DEL_PL,PH-B3-NCRNDC-5851796,expected,OPENED,03-10-2026 2:39,Arvind Bansal (DNCR),02-10-2026 20:05,#VALUE!,#VALUE!,#VALUE!
03-10-2026,FMPC6553670325,BurariHub_DEL_PL,R.J. ENTERPRISES +916394380743,4f0461fe30f14baa,received_at_mh,North,TRUEFLEX,1239612,Trueflex,Avneesh Kashyap,MotherHub_NDC,BRSNR,BurariHub_DEL_PL,PH-B3-NCRNDC-6366973,expected,OPENED,02-10-2026 23:45,Arvind Bansal (DNCR),02-10-2026 19:01,04-10-2026 3:50,32.81667,>=24 hrs
03-10-2026,FMPC6554445590,BudhViharHub_DEL_PL,BULKYBUYER +919310753925,5db9acee25c54c7f,received_at_mh,North,TRUEFLEX,6.57E+05,Trueflex,NA,MotherHub_NDC,BRSNR,BudhViharHub_DEL_PL,PH-B3-NCRNDC-6445801,expected,OPENED,03-10-2026 0:30,Arvind Bansal (DNCR),02-10-2026 19:10,04-10-2026 12:32,41.36667,>=24 hrs
03-10-2026,FMPC6553401372,BudhViharHub_DEL_PL,Aman Enterprises +919654658190,d7cd2c593ec54e37,received_at_mh,North,TRUEFLEX,656691,Trueflex,NA,MotherHub_NDC,BRSNR,BudhViharHub_DEL_PL,PH-B3-NCRNDC-6445801,expected,OPENED,03-10-2026 0:30,Arvind Bansal (DNCR),02-10-2026 19:10,04-10-2026 10:49,39.65,>=24 hrs
03-10-2026,FMPC6553335163,Chhatarpur_DEL_PL,NEXAVIA GLOBAL PRIVATE LIMITED +919810507429,0d0aedd11d1e45ea,received_at_mh,North,EKART,4.21E+06,EKART,NARESH,MotherHub_NDC,BRSNR,Chhatarpur_DEL_PL,PH-B3-NCRNDC-6588310,expected,OPENED,03-10-2026 0:06,Arvind Bansal (DNCR),02-10-2026 17:51,05-10-2026 15:19,69.46667,>=24 hrs
03-10-2026,FMPC6552910510,BudhViharHub_DEL_PL,TOYSFAST ENTERPRISES +918920233975,c62914f9d4764d11,dispatched_to_mh,North,TRUEFLEX,890962,Trueflex,Madan Madan,MotherHub_NDC,BRSNR,BudhViharHub_DEL_PL,PH-B3-NCRNDC-6528193,expected,OPENED,03-10-2026 0:06,Arvind Bansal (DNCR),02-10-2026 20:42,#VALUE!,#VALUE!,#VALUE!
03-10-2026,FMPP4314526757,BurariHub_DEL_PL,Pradeep soft toys creation +918960623502,e1e85d38f5fb4405,received_at_mh,North,LMA,1.00E+11,WHEELEY,VikashSharma,MotherHub_NDC,BRSNR,BurariHub_DEL_PL,PH-B3-NCRNDC-5554510,expected,OPENED,02-10-2026 23:52,Arvind Bansal (DNCR),02-10-2026 19:01,04-10-2026 7:48,36.78333,>=24 hrs
03-10-2026,FMPC6554517261,BijwasanHub_DEL_PL,KRISHNA TRADERS +919354349204,1b2a89de5d8a4979,received_at_mh,North,TRUEFLEX,592911,Trueflex,Deepyash Solanki,MotherHub_NDC,BRSNR,BijwasanHub_DEL_PL,PH-B3-NCRNDC-6587624,expected,OPENED,03-10-2026 2:41,Arvind Bansal (DNCR),02-10-2026 20:05,03-10-2026 21:42,25.61667,>=24 hrs
03-10-2026,FMPC6552834941,BudhViharHub_DEL_PL,SINGHANIA & TRADING CO. +919582756355,f38d419c37154599,received_at_mh,North,LMA,1.00E+11,KDKN LOGISTICS SERVICES PVT LTD,PraveenSharma,MotherHub_NDC,BRSNR,BudhViharHub_DEL_PL,PH-B3-NCRNDC-6589392,expected,OPENED,03-10-2026 0:05,Arvind Bansal (DNCR),02-10-2026 20:42,04-10-2026 8:10,35.46667,>=24 hrs
03-10-2026,FMPC6554566935,BudhViharHub_DEL_PL,Everything4u +919213862533,fe6b74f8888d4b11,received_at_mh,North,TRUEFLEX,656691,Trueflex,NA,MotherHub_NDC,BRSNR,BudhViharHub_DEL_PL,PH-B3-NCRNDC-6445801,expected,OPENED,03-10-2026 0:30,Arvind Bansal (DNCR),02-10-2026 19:10,#VALUE!,#VALUE!,#VALUE!
03-10-2026,FMPC6552902954,BijwasanHub_DEL_PL,VERITRADE PRIVATE LIMITED +918527932288,d8d6108634fa4fb0,received_at_mh,North,LMA,1.00E+11,RAMEZO ENTERPRISES,BrijeshKumar,MotherHub_NDC,BRSNR,BijwasanHub_DEL_PL,PH-B3-NCRNDC-6524610,expected,OPENED,03-10-2026 2:35,Arvind Bansal (DNCR),02-10-2026 20:05,04-10-2026 1:48,29.71667,>=24 hrs
03-10-2026,FMPC6552974237,BurariHub_DEL_PL,ONLINE STORE +919315079198,7ce444a848424186,received_at_mh,North,TRUEFLEX,1239612,Trueflex,Avneesh Kashyap,MotherHub_NDC,BRSNR,BurariHub_DEL_PL,PH-B3-NCRNDC-6366973,expected,OPENED,02-10-2026 23:45,Arvind Bansal (DNCR),02-10-2026 19:01,04-10-2026 6:01,35,>=24 hrs
03-10-2026,FMPC6553029439,BurariHub_DEL_PL,Pradeep soft toys creation +918960623502,e1e85d38f5fb4405,received_at_mh,North,LMA,1.00E+11,WHEELEY,VikashSharma,MotherHub_NDC,BRSNR,BurariHub_DEL_PL,PH-B3-NCRNDC-5554510,expected,OPENED,02-10-2026 23:52,Arvind Bansal (DNCR),02-10-2026 19:01,04-10-2026 7:48,36.78333,>=24 hrs
03-10-2026,FMPC6553006020,BurariHub_DEL_PL,ONLINE STORE +919315079198,7ce444a848424186,received_at_mh,North,TRUEFLEX,1239612,Trueflex,Avneesh Kashyap,MotherHub_NDC,BRSNR,BurariHub_DEL_PL,PH-B3-NCRNDC-6366973,expected,OPENED,02-10-2026 23:45,Arvind Bansal (DNCR),02-10-2026 19:01,04-10-2026 6:06,35.08333,>=24 hrs
03-10-2026,FMPC6553057452,BurariHub_DEL_PL,ONLINE STORE +919315079198,7ce444a848424186,received_at_mh,North,TRUEFLEX,1239612,Trueflex,Avneesh Kashyap,MotherHub_NDC,BRSNR,BurariHub_DEL_PL,PH-B3-NCRNDC-6366973,expected,OPENED,02-10-2026 23:45,Arvind Bansal (DNCR),02-10-2026 19:01,04-10-2026 7:38,36.61667,>=24 hrs
03-10-2026,FMPC6553335931,Chhatarpur_DEL_PL,NEXAVIA GLOBAL PRIVATE LIMITED +919810507429,0d0aedd11d1e45ea,received_at_mh,North,EKART,4.21E+06,EKART,NARESH,MotherHub_NDC,BRSNR,Chhatarpur_DEL_PL,PH-B3-NCRNDC-6588310,expected,OPENED,03-10-2026 0:06,Arvind Bansal (DNCR),02-10-2026 17:51,03-10-2026 19:31,25.66667,>=24 hrs
03-10-2026,FMPP4310990385,BurariHub_DEL_PL,KRISHNA DIGITAL WORLD +918804049307,cf8341ca09d440b4,received_at_mh,North,TRUEFLEX,613465,Trueflex,NA,MotherHub_NDC,BRSNR,BurariHub_DEL_PL,PH-B3-NCRNDC-6471738,expected,OPENED,02-10-2026 23:48,Arvind Bansal (DNCR),02-10-2026 19:01,04-10-2026 7:55,36.9,>=24 hrs
03-10-2026,FMPC6554130529,BurariHub_DEL_PL,ONLINE STORE +919315079198,7ce444a848424186,received_at_mh,North,TRUEFLEX,1239612,Trueflex,Avneesh Kashyap,MotherHub_NDC,BRSNR,BurariHub_DEL_PL,PH-B3-NCRNDC-6366973,expected,OPENED,02-10-2026 23:45,Arvind Bansal (DNCR),02-10-2026 19:01,04-10-2026 3:53,32.86667,>=24 hrs
03-10-2026,FMPP4313977823,BurariHub_DEL_PL,AVYA ENTERPRISES +919718606121,d15f97bf46194311,received_at_mh,North,TRUEFLEX,1.24E+06,Trueflex,Avneesh Kashyap,MotherHub_NDC,BRSNR,BurariHub_DEL_PL,PH-B3-NCRNDC-6366973,expected,OPENED,02-10-2026 23:45,Arvind Bansal (DNCR),02-10-2026 19:01,04-10-2026 6:05,35.06667,>=24 hrs
03-10-2026,FMPC6554242556,BurariHub_DEL_PL,Pradeep soft toys creation +918960623502,e1e85d38f5fb4405,received_at_mh,North,LMA,1.00E+11,WHEELEY,VikashSharma,MotherHub_NDC,BRSNR,BurariHub_DEL_PL,PH-B3-NCRNDC-5554510,expected,OPENED,02-10-2026 23:52,Arvind Bansal (DNCR),02-10-2026 19:01,04-10-2026 7:45,36.73333,>=24 hrs
03-10-2026,FMPP4314537621,BurariHub_DEL_PL,AVYA ENTERPRISES +919718606121,d15f97bf46194311,received_at_mh,North,TRUEFLEX,1.24E+06,Trueflex,Avneesh Kashyap,MotherHub_NDC,BRSNR,BurariHub_DEL_PL,PH-B3-NCRNDC-6366973,expected,OPENED,02-10-2026 23:45,Arvind Bansal (DNCR),02-10-2026 19:01,04-10-2026 6:06,35.08333,>=24 hrs
03-10-2026,FMPP4314493421,BijwasanHub_DEL_PL,KRISHNA TRADERS +919354349204,1b2a89de5d8a4979,received_at_mh,North,TRUEFLEX,5.93E+05,Trueflex,Deepyash Solanki,MotherHub_NDC,BRSNR,BijwasanHub_DEL_PL,PH-B3-NCRNDC-6587624,expected,OPENED,03-10-2026 2:41,Arvind Bansal (DNCR),02-10-2026 20:05,03-10-2026 21:45,25.66667,>=24 hrs
03-10-2026,FMPP4314255729,BurariHub_DEL_PL,Pradeep soft toys creation +918960623502,e1e85d38f5fb4405,received_at_mh,North,LMA,1.00E+11,WHEELEY,VikashSharma,MotherHub_NDC,BRSNR,BurariHub_DEL_PL,PH-B3-NCRNDC-5554510,expected,OPENED,02-10-2026 23:52,Arvind Bansal (DNCR),02-10-2026 19:01,04-10-2026 7:48,36.78333,>=24 hrs
03-10-2026,FMPC6553589217,GandhinagarHub_DEL_PL,SEGGO ENTERPRISES +919958457998,8d2144da6c54489a,received_at_mh,North,EKART,3968067,EKART,Sumit Kumar,MotherHub_NDC,BRSNR,GandhinagarHub_DEL_PL,PH-B3-NCRNDC-6585389,expected,OPENED,03-10-2026 0:50,Arvind Bansal (DNCR),02-10-2026 19:53,04-10-2026 10:50,38.95,>=24 hrs
03-10-2026,FMPP4314127155,GurgaonHub_DEL_PL,CASUAL NEED +919155582475,f2e1d07c763243b6,received_at_mh,North,LMA,1.00E+11,Vxpress,MdNaushad,MotherHub_NDC,BRSNR,GurgaonHub_DEL_PL,PH-B3-NCRNDC-6425509,expected,OPENED,02-10-2026 23:52,Arvind Bansal (DNCR),02-10-2026 18:51,03-10-2026 18:51,24,>=24 hrs
03-10-2026,FMPP4314217031,GurgaonHub_DEL_PL,SANGRILA LIFESTYLE PRIVATE LIMITED 8588036579,b7dc23d6e24c436c,received_at_mh,North,LMA,1.00E+11,Watsoo,VikramSingh,MotherHub_NDC,BRSNR,GurgaonHub_DEL_PL,PH-B3-NCRNDC-6510606,expected,OPENED,03-10-2026 1:46,Arvind Bansal (DNCR),02-10-2026 19:50,05-10-2026 16:50,69,>=24 hrs
03-10-2026,FMPC6554247925,GandhinagarHub_DEL_PL,Shifa Traders +919310493600,018e138b395246d0,dispatched_to_mh,North,LMA,1.00E+11,AADIYOGI LOGISTIC PRIVATE LIMITED,KunalShakya,MotherHub_NDC,BRSNR,GandhinagarHub_DEL_PL,PH-B3-NCRNDC-6588603,expected,OPENED,03-10-2026 0:41,Arvind Bansal (DNCR),02-10-2026 19:53,#VALUE!,#VALUE!,#VALUE!
03-10-2026,FMPP4314537361,GandhinagarHub_DEL_PL,FINEXKART BUSINESS SOLUTIONS PRIVATE LIMITED +919588987948,dae9d29e42f44403,dispatched_to_mh,North,TRUEFLEX,8.16E+05,Trueflex,Neev Bhatia,MotherHub_NDC,BRSNR,GandhinagarHub_DEL_PL,PH-B3-NCRNDC-6593380,expected,OPENED,03-10-2026 0:56,Arvind Bansal (DNCR),02-10-2026 19:53,#VALUE!,#VALUE!,#VALUE!
03-10-2026,FMPP4314258612,GurgaonHub_DEL_PL,CASENED +918076371090,e6e1c828f4f947ab,received_at_mh,North,EKART,3330181,EKART,Ravendra Singh,MotherHub_NDC,BRSNR,GurgaonHub_DEL_PL,PH-B3-NCRNDC-6587582,expected,OPENED,02-10-2026 23:52,Arvind Bansal (DNCR),02-10-2026 18:51,05-10-2026 11:44,64.88333,>=24 hrs
03-10-2026,FMPC6554348979,GandhinagarHub_DEL_PL,CRYZONE INDIA PRIVATE LIMITED +918318900433,f096083117384325,received_at_mh,North,TRUEFLEX,1398630,Trueflex,Nitesh Kumar,MotherHub_NDC,BRSNR,GandhinagarHub_DEL_PL,PH-B3-NCRNDC-6589010,expected,OPENED,03-10-2026 0:40,Arvind Bansal (DNCR),02-10-2026 19:53,04-10-2026 8:55,37.03333,>=24 hrs
03-10-2026,FMPC6553786318,GurgaonHub_DEL_PL,SANGRILA LIFESTYLE PRIVATE LIMITED 8588036579,b7dc23d6e24c436c,received_at_mh,North,LMA,1.00E+11,Watsoo,VikramSingh,MotherHub_NDC,BRSNR,GurgaonHub_DEL_PL,PH-B3-NCRNDC-6510606,expected,OPENED,03-10-2026 1:46,Arvind Bansal (DNCR),02-10-2026 19:50,05-10-2026 16:08,68.3,>=24 hrs
03-10-2026,FMPC6554158289,GurgaonHub_DEL_PL,SANGRILA LIFESTYLE PRIVATE LIMITED 8588036579,b7dc23d6e24c436c,received_at_mh,North,LMA,1.00E+11,Watsoo,VikramSingh,MotherHub_NDC,BRSNR,GurgaonHub_DEL_PL,PH-B3-NCRNDC-6510614,expected,OPENED,03-10-2026 1:47,Arvind Bansal (DNCR),02-10-2026 19:50,04-10-2026 10:31,38.68333,>=24 hrs
03-10-2026,FMPC6552806332,GurgaonHub_DEL_PL,FS PURELYGOODS +918092858624,86bb955d09a4432e,received_at_mh,North,EKART,3.82E+06,EKART,Neetesh Kumar,MotherHub_NDC,BRSNR,GurgaonHub_DEL_PL,PH-B3-NCRNDC-6587121,expected,OPENED,02-10-2026 23:50,Arvind Bansal (DNCR),02-10-2026 18:51,04-10-2026 8:00,37.15,>=24 hrs
03-10-2026,FMPP4313725197,FaridabadHub_DEL_PL,KOTTY LIFESTYLE PVT LTD 8510022244,qsm29nukm5dhxgl9,received_at_mh,North,TRUEFLEX,5.90E+05,Trueflex,NA,MotherHub_NDC,BRSNR,FaridabadHub_DEL_PL,PH-B3-NCRNDC-6589116,expected,OPENED,03-10-2026 0:04,Arvind Bansal (DNCR),02-10-2026 18:59,05-10-2026 9:36,62.61667,>=24 hrs
03-10-2026,FMPC6553361330,GurgaonHub_DEL_PL,CASENED +918076371090,e6e1c828f4f947ab,received_at_mh,North,EKART,3330181,EKART,Ravendra Singh,MotherHub_NDC,BRSNR,GurgaonHub_DEL_PL,PH-B3-NCRNDC-6587582,expected,OPENED,02-10-2026 23:52,Arvind Bansal (DNCR),02-10-2026 18:51,05-10-2026 11:44,64.88333,>=24 hrs
03-10-2026,FMPC6554501897,KanjhawalaHub_DEL_PL,SONVI ENTERPRISES +917428023417,0a85b75f85574522,received_at_mh,North,LMA,1.00E+11,WHEELEY,Harsh,MotherHub_NDC,BRSNR,KanjhawalaHub_DEL_PL,PH-B3-NCRNDC-6588098,expected,OPENED,03-10-2026 2:06,Arvind Bansal (DNCR),02-10-2026 21:24,03-10-2026 23:33,26.15,>=24 hrs
03-10-2026,FMPP4314400001,JasolaHub_DEL_PL,EAZY2BUY +917011369291,393bd4f0b7194888,dispatched_to_mh,North,LMA,1.00E+11,Fastbeetle service,SagarSingh,MotherHub_NDC,BRSNR,JasolaHub_DEL_PL,PH-B3-NCRNDC-6593065,expected,OPENED,02-10-2026 23:34,Arvind Bansal (DNCR),02-10-2026 19:05,#VALUE!,#VALUE!,#VALUE!
03-10-2026,FMPC6553107852,KanjhawalaHub_DEL_PL,MANSARAM ENTERPRISES +919354177266,a7b64e0dbe7c4c70,received_at_mh,North,LMA,1.00E+11,We Innovate Business Solutions Pvt Ltd,AsifAnsari,MotherHub_NDC,BRSNR,KanjhawalaHub_DEL_PL,PH-B3-NCRNDC-6594135,expected,OPENED,03-10-2026 2:47,Arvind Bansal (DNCR),02-10-2026 21:24,04-10-2026 11:02,37.63333,>=24 hrs
03-10-2026,FMPC6552688026,KalyanNagarHub_BLR_PL,Silicon Enterprises +918904833234,76e188a02c5e4c42,dispatched_to_mh,South,EKART,4.38E+06,EKART,Sharukhahmed,Motherhub_BLR_Flex,BRSNR,KalyanNagarHub_BLR_PL,PH-B4-BLRBLX-73834,expected,OPENED,02-10-2026 20:35,Anwar Babu Maldar,02-10-2026 17:55,#VALUE!,#VALUE!,#VALUE!
03-10-2026,FMPP4314387424,KanjhawalaHub_DEL_PL,AHAD LEATHER HANDIKRAFT +919310655317,fdf826274cef4298,dispatched_to_mh,North,LMA,1.00E+11,Fastbeetle service,ChanderPal,MotherHub_NDC,BRSNR,KanjhawalaHub_DEL_PL,PH-B3-NCRNDC-6590758,expected,OPENED,03-10-2026 2:04,Arvind Bansal (DNCR),02-10-2026 21:24,#VALUE!,#VALUE!,#VALUE!
03-10-2026,FMPC6553804228,KanjhawalaHub_DEL_PL,UMANG CREATION 8920793362,b75831bd9e544724,dispatched_to_mh,North,TRUEFLEX,861542,Trueflex,Iliyas Khan,MotherHub_NDC,BRSNR,KanjhawalaHub_DEL_PL,PH-B3-NCRNDC-6531477,expected,OPENED,03-10-2026 2:09,Arvind Bansal (DNCR),02-10-2026 21:24,#VALUE!,#VALUE!,#VALUE!
03-10-2026,FMPC6554249937,IPextension_DEL_PL,Aakash Impex +919953800748,2c96afebec834cb2,dispatched_to_mh,North,LMA,1.00E+11,We Innovate Business Solutions Pvt Ltd,Vijay KumarSharma,MotherHub_NDC,BRSNR,IPextension_DEL_PL,PH-B3-NCRNDC-6590025,expected,OPENED,02-10-2026 23:35,Arvind Bansal (DNCR),02-10-2026 18:45,#VALUE!,#VALUE!,#VALUE!
03-10-2026,FMPC6552955708,IPextension_DEL_PL,Aakash Impex +919953800748,2c96afebec834cb2,dispatched_to_mh,North,LMA,1.00E+11,We Innovate Business Solutions Pvt Ltd,Vijay KumarSharma,MotherHub_NDC,BRSNR,IPextension_DEL_PL,PH-B3-NCRNDC-6590025,expected,OPENED,02-10-2026 23:35,Arvind Bansal (DNCR),02-10-2026 18:45,#VALUE!,#VALUE!,#VALUE!
03-10-2026,FMPC6552854479,KalyanNagarHub_BLR_PL,Silicon Enterprises +918904833234,76e188a02c5e4c42,dispatched_to_mh,South,EKART,4.38E+06,EKART,Sharukhahmed,Motherhub_BLR_Flex,BRSNR,KalyanNagarHub_BLR_PL,PH-B4-BLRBLX-73834,expected,OPENED,02-10-2026 20:35,Anwar Babu Maldar,02-10-2026 17:55,#VALUE!,#VALUE!,#VALUE!
03-10-2026,FMPP4314407118,MangolpuriHub_DEL_PL,ASIAN FOOTWEARS PVT.LTD. +917217777673,57f1076aa72b4ef4,dispatched_to_mh,North,TRUEFLEX,6.68E+05,Trueflex,Gurumukh Singh,MotherHub_NDC,BRSNR,MangolpuriHub_DEL_PL,PH-B3-NCRNDC-6454041,expected,OPENED,03-10-2026 0:57,Arvind Bansal (DNCR),02-10-2026 20:14,#VALUE!,#VALUE!,#VALUE!
03-10-2026,FMPC6553061808,KengeriHub_BLR_PL,HEERAJI MARKETING 9008600843,79432d03f8874765,dispatched_to_mh,South,EKART,4386443,EKART,Ravikiran S,Motherhub_BLR_Flex,BRSNR,KengeriHub_BLR_PL,PH-B4-BLRBLX-766542,expected,OPENED,02-10-2026 22:36,Anwar Babu Maldar,02-10-2026 18:55,#VALUE!,#VALUE!,#VALUE!
03-10-2026,FMPC6553553251,NehruPlaceHub_DEL_PL,MFS WHOLESALE PRIVATE LIMITED +919811583587,7c4b13d5761f4dff,dispatched_to_mh,North,EKART,4213650,EKART,Sahil,MotherHub_NDC,BRSNR,NehruPlaceHub_DEL_PL,PH-B3-NCRNDC-6595635,expected,OPENED,03-10-2026 1:56,Arvind Bansal (DNCR),02-10-2026 20:14,#VALUE!,#VALUE!,#VALUE!
03-10-2026,FMPC6554120222,NelamangalaHub_BLR_PL,PAVAN RETAIL NET +918884913881,41bb4e4bdbfc4b38,dispatched_to_mh,South,LMA,1.00E+11,Vxpress,Maruthi,Motherhub_BLR_Flex,BRSNR,NelamangalaHub_BLR_PL,PH-B4-BLRBLX-765074,expected,OPENED,02-10-2026 22:22,Anwar Babu Maldar,02-10-2026 18:49,#VALUE!,#VALUE!,#VALUE!
03-10-2026,FMPC6553057973,NajafgarhHub_DEL_PL,pikkme +919717531363,ac5abb1c93cd48aa,received_at_mh,North,LMA,1.00E+11,Greenteck Logistics and Mobility Pvt Ltd,Satyam SinghChauhan,MotherHub_NDC,BRSNR,NajafgarhHub_DEL_PL,PH-B3-NCRNDC-6591580,expected,OPENED,03-10-2026 1:52,Arvind Bansal (DNCR),02-10-2026 20:25,04-10-2026 12:32,40.11667,>=24 hrs
03-10-2026,FMPC6552767150,NehruPlaceHub_DEL_PL,PARAFLIK +917011601374,2983033b160b4331,dispatched_to_mh,North,LMA,2.20E+06,#N/A,#N/A,MotherHub_NDC,BRSNR,NehruPlaceHub_DEL_PL,PH-B3-NCRNDC-6591868,expected,OPENED,03-10-2026 1:46,Arvind Bansal (DNCR),02-10-2026 20:14,#VALUE!,#VALUE!,#VALUE!
03-10-2026,FMPP4313986955,MundkaHub_DEL_PL,Book Ford Publications +917678644574,0a0019a4f4204495,received_at_mh,North,TRUEFLEX,8.72E+05,Trueflex,Shashank Pandey,MotherHub_NDC,BRSNR,MundkaHub_DEL_PL,PH-B3-NCRNDC-6588142,expected,OPENED,02-10-2026 23:47,Arvind Bansal (DNCR),02-10-2026 19:39,04-10-2026 10:31,38.86667,>=24 hrs
03-10-2026,FMPC6553438507,NajafgarhHub_DEL_PL,pikkme +919717531363,ac5abb1c93cd48aa,received_at_mh,North,LMA,1.00E+11,Greenteck Logistics and Mobility Pvt Ltd,Satyam SinghChauhan,MotherHub_NDC,BRSNR,NajafgarhHub_DEL_PL,PH-B3-NCRNDC-6591584,expected,OPENED,03-10-2026 1:41,Arvind Bansal (DNCR),02-10-2026 20:25,05-10-2026 4:26,56.01667,>=24 hrs
03-10-2026,FMPC6546684925,Motibaghhub_DEL_PL,CASUAL COVERS +918743875146,1c49fc23439e4358,dispatched_to_mh,North,LMA,1.00E+11,Greenteck Logistics and Mobility Pvt Ltd,Vikas,MotherHub_NDC,BRSNR,Motibaghhub_DEL_PL,PH-B3-NCRNDC-6585947,expected,OPENED,03-10-2026 0:32,Arvind Bansal (DNCR),02-10-2026 21:05,#VALUE!,#VALUE!,#VALUE!
03-10-2026,FMPC6546015591,Motibaghhub_DEL_PL,CASUAL COVERS +918743875146,1c49fc23439e4358,dispatched_to_mh,North,LMA,1.00E+11,Greenteck Logistics and Mobility Pvt Ltd,Vikas,MotherHub_NDC,BRSNR,Motibaghhub_DEL_PL,PH-B3-NCRNDC-6585947,expected,OPENED,03-10-2026 0:32,Arvind Bansal (DNCR),02-10-2026 21:05,#VALUE!,#VALUE!,#VALUE!
03-10-2026,FMPC6554013546,MundkaHub_DEL_PL,KRISHNA TRADERS +919971807854,a63b1afba8d744d1,received_at_mh,North,LMA,1.00E+11,Watsoo,Guddu,MotherHub_NDC,BRSNR,MundkaHub_DEL_PL,PH-B3-NCRNDC-6574353,expected,OPENED,02-10-2026 23:47,Arvind Bansal (DNCR),02-10-2026 19:39,04-10-2026 0:58,29.31667,>=24 hrs
03-10-2026,FMPP4309708665,Motibaghhub_DEL_PL,A.V IMPEX +917065555062,8c18e8bd5c924634,dispatched_to_mh,North,LMA,1.00E+11,Loadshare,Roshan,MotherHub_NDC,BRSNR,Motibaghhub_DEL_PL,PH-B3-NCRNDC-6585947,expected,OPENED,03-10-2026 0:32,Arvind Bansal (DNCR),02-10-2026 21:05,#VALUE!,#VALUE!,#VALUE!
03-10-2026,FMPC6545468631,Motibaghhub_DEL_PL,R S Enterprises +919205624154,c493560feed64fb3,dispatched_to_mh,North,LMA,1.00E+11,WERCATALYST VENTURES PVT LTD,MOHIT,MotherHub_NDC,BRSNR,Motibaghhub_DEL_PL,PH-B3-NCRNDC-6585947,expected,OPENED,03-10-2026 0:32,Arvind Bansal (DNCR),02-10-2026 21:05,#VALUE!,#VALUE!,#VALUE!
03-10-2026,FMPC6553413722,NehruPlaceHub_DEL_PL,Narsingha Dreams +917678613188,2a5cb8dd6d9d4cdc,received_at_mh,North,TRUEFLEX,9.24E+05,Trueflex,Kunal Pawa,MotherHub_NDC,BRSNR,NehruPlaceHub_DEL_PL,PH-B3-NCRNDC-6587654,expected,OPENED,03-10-2026 1:51,Arvind Bansal (DNCR),02-10-2026 20:14,04-10-2026 12:31,40.28333,>=24 hrs
03-10-2026,FMPP4313581961,MundkaHub_DEL_PL,LIVRONIC +919319931151,0ee923e8f92940d9,received_at_mh,North,LMA,1.00E+11,Transwide Express,Pawan,MotherHub_NDC,BRSNR,MundkaHub_DEL_PL,PH-B3-NCRNDC-6589534,expected,OPENED,03-10-2026 1:39,Arvind Bansal (DNCR),02-10-2026 18:25,04-10-2026 0:07,29.7,>=24 hrs
03-10-2026,FMPP4306424290,Motibaghhub_DEL_PL,S.K.ENTERPRISES +919953697837,df2241071e64471d,dispatched_to_mh,North,TRUEFLEX,7.31E+05,Trueflex,Raja Mehto,MotherHub_NDC,BRSNR,Motibaghhub_DEL_PL,PH-B3-NCRNDC-6585947,expected,OPENED,03-10-2026 0:32,Arvind Bansal (DNCR),02-10-2026 21:05,#VALUE!,#VALUE!,#VALUE!
03-10-2026,FMPP4313682886,Motibaghhub_DEL_PL,Vishnu Versa Enterprises +919971401438,7e82d0282c1b4156,received_at_mh,North,LMA,1.00E+11,Fastbeetle service,MdShamim,MotherHub_NDC,BRSNR,Motibaghhub_DEL_PL,PH-B3-NCRNDC-6587236,expected,OPENED,03-10-2026 0:24,Arvind Bansal (DNCR),02-10-2026 21:05,04-10-2026 2:13,29.13333,>=24 hrs
03-10-2026,FMPP4313957475,NajafgarhHub_DEL_PL,NAISHA ENTERPRISES +918178858015,5b088cb87b534ee6,received_at_mh,North,LMA,1.00E+11,Sitics,MdChand,MotherHub_NDC,BRSNR,NajafgarhHub_DEL_PL,PH-B3-NCRNDC-6555003,expected,OPENED,03-10-2026 1:48,Arvind Bansal (DNCR),02-10-2026 20:25,05-10-2026 3:23,54.96667,>=24 hrs
03-10-2026,FMPC6553019371,Motibaghhub_DEL_PL,Vishnu Versa Enterprises +919971401438,7e82d0282c1b4156,received_at_mh,North,LMA,1.00E+11,Fastbeetle service,MdShamim,MotherHub_NDC,BRSNR,Motibaghhub_DEL_PL,PH-B3-NCRNDC-6587236,expected,OPENED,03-10-2026 0:24,Arvind Bansal (DNCR),02-10-2026 21:05,04-10-2026 3:36,30.51667,>=24 hrs
03-10-2026,FMPP4314417082,MundkaHub_DEL_PL,Chaitanya Enterprises +919716137922,6bc00a08178e4c5a,received_at_mh,North,LMA,1.00E+11,Transwide Express,Pawan,MotherHub_NDC,BRSNR,MundkaHub_DEL_PL,PH-B3-NCRNDC-6589503,expected,OPENED,03-10-2026 0:36,Arvind Bansal (DNCR),02-10-2026 18:25,04-10-2026 14:56,44.51667,>=24 hrs
03-10-2026,FMPC6552865990,Motibaghhub_DEL_PL,MAHAKAL ENTERPRISES +919311853906,403cd1f248e94d0a,received_at_mh,North,LMA,1.00E+11,Fastbeetle service,MdShamim,MotherHub_NDC,BRSNR,Motibaghhub_DEL_PL,PH-B3-NCRNDC-6587236,expected,OPENED,03-10-2026 0:24,Arvind Bansal (DNCR),02-10-2026 21:05,04-10-2026 3:18,30.21667,>=24 hrs
03-10-2026,FMPP4314390265,NajafgarhHub_DEL_PL,pikkme +919717531363,ac5abb1c93cd48aa,received_at_mh,North,LMA,1.00E+11,Greenteck Logistics and Mobility Pvt Ltd,Satyam SinghChauhan,MotherHub_NDC,BRSNR,NajafgarhHub_DEL_PL,PH-B3-NCRNDC-6591584,expected,OPENED,03-10-2026 1:41,Arvind Bansal (DNCR),02-10-2026 20:25,05-10-2026 4:26,56.01667,>=24 hrs
03-10-2026,FMPC6548545812,Motibaghhub_DEL_PL,CASUAL COVERS +918743875146,1c49fc23439e4358,dispatched_to_mh,North,LMA,1.00E+11,Greenteck Logistics and Mobility Pvt Ltd,Vikas,MotherHub_NDC,BRSNR,Motibaghhub_DEL_PL,PH-B3-NCRNDC-6585947,expected,OPENED,03-10-2026 0:32,Arvind Bansal (DNCR),02-10-2026 21:05,#VALUE!,#VALUE!,#VALUE!
03-10-2026,FMPC6539947508,Motibaghhub_DEL_PL,Darshan Globals +919582803020,3b85f20fa952472e,dispatched_to_mh,North,LMA,1.00E+11,WERCATALYST VENTURES PVT LTD,MOHIT,MotherHub_NDC,BRSNR,Motibaghhub_DEL_PL,PH-B3-NCRNDC-6585947,expected,OPENED,03-10-2026 0:32,Arvind Bansal (DNCR),02-10-2026 21:05,#VALUE!,#VALUE!,#VALUE!
03-10-2026,FMPC6554282442,MundkaHub_DEL_PL,KRISHNA TRADERS +919971807854,a63b1afba8d744d1,dispatched_to_mh,North,LMA,1.00E+11,Watsoo,Guddu,MotherHub_NDC,BRSNR,MundkaHub_DEL_PL,PH-B3-NCRNDC-6574352,expected,OPENED,02-10-2026 23:46,Arvind Bansal (DNCR),02-10-2026 19:39,#VALUE!,#VALUE!,#VALUE!
03-10-2026,FMPP4313978691,NehruPlaceHub_DEL_PL,M/S GEETA ELECTRONICS +918076129635,80fd33619ab84029,dispatched_to_mh,North,TRUEFLEX,798046,Trueflex,Vikesh Kaneriya,MotherHub_NDC,BRSNR,NehruPlaceHub_DEL_PL,PH-B3-NCRNDC-6587750,expected,OPENED,03-10-2026 1:46,Arvind Bansal (DNCR),02-10-2026 20:14,#VALUE!,#VALUE!,#VALUE!
03-10-2026,FMPC6531160071,Motibaghhub_DEL_PL,VARUN ENTERPRISES +918920107383,87997616561c4295,dispatched_to_mh,North,TRUEFLEX,1308266,Trueflex,Akash Tiwari,MotherHub_NDC,BRSNR,Motibaghhub_DEL_PL,PH-B3-NCRNDC-6585947,expected,OPENED,03-10-2026 0:32,Arvind Bansal (DNCR),02-10-2026 21:05,#VALUE!,#VALUE!,#VALUE!
03-10-2026,FMPP4311427109,Motibaghhub_DEL_PL,Maa Janki Enterprises +919716778315,6eeaf9aa98ac4c1f,dispatched_to_mh,North,LMA,1.00E+11,WHEELEY,PraveenKumar,MotherHub_NDC,BRSNR,Motibaghhub_DEL_PL,PH-B3-NCRNDC-6585947,expected,OPENED,03-10-2026 0:32,Arvind Bansal (DNCR),02-10-2026 21:05,#VALUE!,#VALUE!,#VALUE!
03-10-2026,FMPC6548325823,Motibaghhub_DEL_PL,RK ENTERPRISES +919953633947,428087f8ff8e46c7,dispatched_to_mh,North,TRUEFLEX,1.28E+06,Trueflex,Pawan Chand,MotherHub_NDC,BRSNR,Motibaghhub_DEL_PL,PH-B3-NCRNDC-6585947,expected,OPENED,03-10-2026 0:32,Arvind Bansal (DNCR),02-10-2026 21:05,#VALUE!,#VALUE!,#VALUE!
03-10-2026,FMPP4313630989,NehruPlaceHub_DEL_PL,CARAFLIK +919217931366,b65ffe4d23da40ab,dispatched_to_mh,North,LMA,2.20E+06,#N/A,#N/A,MotherHub_NDC,BRSNR,NehruPlaceHub_DEL_PL,PH-B3-NCRNDC-6591868,expected,OPENED,03-10-2026 1:46,Arvind Bansal (DNCR),02-10-2026 20:14,#VALUE!,#VALUE!,#VALUE!
03-10-2026,FMPC6554013320,NehruPlaceHub_DEL_PL,MFS WHOLESALE PRIVATE LIMITED +919811583587,7c4b13d5761f4dff,dispatched_to_mh,North,EKART,4213650,EKART,Sahil,MotherHub_NDC,BRSNR,NehruPlaceHub_DEL_PL,PH-B3-NCRNDC-6595635,expected,OPENED,03-10-2026 1:56,Arvind Bansal (DNCR),02-10-2026 20:14,#VALUE!,#VALUE!,#VALUE!
03-10-2026,FMPC6553276810,NajafgarhHub_DEL_PL,pikkme +919717531363,ac5abb1c93cd48aa,received_at_mh,North,LMA,1.00E+11,Greenteck Logistics and Mobility Pvt Ltd,Satyam SinghChauhan,MotherHub_NDC,BRSNR,NajafgarhHub_DEL_PL,PH-B3-NCRNDC-6591583,expected,OPENED,03-10-2026 1:49,Arvind Bansal (DNCR),02-10-2026 20:25,04-10-2026 8:33,36.13333,>=24 hrs
03-10-2026,FMPC6553524863,MundkaHub_DEL_PL,KRISHNA TRADERS +919971807854,a63b1afba8d744d1,dispatched_to_mh,North,LMA,1.00E+11,Watsoo,Guddu,MotherHub_NDC,BRSNR,MundkaHub_DEL_PL,PH-B3-NCRNDC-6531834,expected,OPENED,03-10-2026 0:51,Arvind Bansal (DNCR),02-10-2026 18:25,#VALUE!,#VALUE!,#VALUE!
03-10-2026,FMPP4314542675,PaharganjHub_DEL_PL,SPEEDEX FASHIONS +917703974562,c918d49d1c9847ef,dispatched_to_mh,North,LMA,1.00E+11,We Innovate Business Solutions Pvt Ltd,RanjeetKumar,MotherHub_NDC,BRSNR,PaharganjHub_DEL_PL,PH-B3-NCRNDC-6095038,expected,OPENED,02-10-2026 23:48,Arvind Bansal (DNCR),02-10-2026 18:56,#VALUE!,#VALUE!,#VALUE!
03-10-2026,FMPC6531887506,Motibaghhub_DEL_PL,S.K.ENTERPRISES +919953697837,df2241071e64471d,dispatched_to_mh,North,TRUEFLEX,7.31E+05,Trueflex,Raja Mehto,MotherHub_NDC,BRSNR,Motibaghhub_DEL_PL,PH-B3-NCRNDC-6585947,expected,OPENED,03-10-2026 0:32,Arvind Bansal (DNCR),02-10-2026 21:05,#VALUE!,#VALUE!,#VALUE!
03-10-2026,FMPC6548691036,Motibaghhub_DEL_PL,BhavyaEnterprises +917838292262,ef1838e038b94a3a,dispatched_to_mh,North,LMA,1.00E+11,Loadshare,Roshan,MotherHub_NDC,BRSNR,Motibaghhub_DEL_PL,PH-B3-NCRNDC-6585947,expected,OPENED,03-10-2026 0:32,Arvind Bansal (DNCR),02-10-2026 21:05,#VALUE!,#VALUE!,#VALUE!
03-10-2026,FMPC6533192171,Motibaghhub_DEL_PL,S.K.ENTERPRISES +919953697837,df2241071e64471d,dispatched_to_mh,North,TRUEFLEX,731272,Trueflex,Raja Mehto,MotherHub_NDC,BRSNR,Motibaghhub_DEL_PL,PH-B3-NCRNDC-6585947,expected,OPENED,03-10-2026 0:32,Arvind Bansal (DNCR),02-10-2026 21:05,#VALUE!,#VALUE!,#VALUE!
03-10-2026,FMPC6553016867,MundkaHub_DEL_PL,CAMPUS ACTIVEWEAR LIMITED +919212266800,6f6ac62d56304bf7,received_at_mh,North,TRUEFLEX,8.97E+05,Trueflex,Snel Kumar,MotherHub_NDC,BRSNR,MundkaHub_DEL_PL,PH-B3-NCRNDC-6587701,expected,OPENED,03-10-2026 0:49,Arvind Bansal (DNCR),02-10-2026 18:25,04-10-2026 8:09,37.73333,>=24 hrs
03-10-2026,FMPP4302441735,Motibaghhub_DEL_PL,ANANYA ENTERPRISES +919818132117,ff6710fa650f4eed,dispatched_to_mh,North,LMA,1.00E+11,WHEELEY,PraveenKumar,MotherHub_NDC,BRSNR,Motibaghhub_DEL_PL,PH-B3-NCRNDC-6585947,expected,OPENED,03-10-2026 0:32,Arvind Bansal (DNCR),02-10-2026 21:05,#VALUE!,#VALUE!,#VALUE!
03-10-2026,FMPC6554118485,SaroliHub_STV_PL,RAMADHANI ENTERPRISE +919016886458,287c88b274804621,received_at_mh,West,LMA,1.00E+11,WERCATALYST VENTURES PVT LTD,Jinjala PintuRameshbhai,MotherHub_STV_BTS,Mixbagging,SaroliHub_STV_PL,PH-B6-SURBTS-25834063,expected,OPENED,03-10-2026 3:31,Ashvani Bhatt,02-10-2026 17:35,03-10-2026 19:34,25.98333,>=24 hrs
03-10-2026,FMPP4313909115,Rohinihub_DEL_PL,K.V.Y. COLLECTIONS +919868608897,1e1440919e3b4dbf,received_at_mh,North,TRUEFLEX,622341,Trueflex,NA,MotherHub_NDC,BRSNR,Rohinihub_DEL_PL,PH-B3-NCRNDC-6234391,expected,OPENED,03-10-2026 0:02,Arvind Bansal (DNCR),02-10-2026 20:16,05-10-2026 3:15,54.98333,>=24 hrs
03-10-2026,FMPP4314477241,SahibabadHub_DEL_PL,M/S RITIK AGENCY +919599937620,3786fa5603e340ee,received_at_mh,North,TRUEFLEX,6.22E+05,Trueflex,Ajay Kumar,MotherHub_NDC,BRSNR,SahibabadHub_DEL_PL,PH-B3-NCRNDC-6510693,expected,OPENED,03-10-2026 1:55,Arvind Bansal (DNCR),02-10-2026 19:27,04-10-2026 8:22,36.91667,>=24 hrs
03-10-2026,FMPC6554214287,Rohinihub_DEL_PL,GLAM21 COSMETICS +917838553201,85c1ac0c774144a6,received_at_mh,North,LMA,1.00E+11,WHEELEY,Nizam,MotherHub_NDC,BRSNR,Rohinihub_DEL_PL,PH-B3-NCRNDC-6592422,expected,OPENED,03-10-2026 0:33,Arvind Bansal (DNCR),02-10-2026 20:16,04-10-2026 0:41,28.41667,>=24 hrs
03-10-2026,FMPC6553874192,PrahladPur_DEL_PL,Jeeva Creation +919555404962,c866f694ebc14d1a,received_at_mh,North,LMA,1.00E+11,WERCATALYST VENTURES PVT LTD,Kamal,MotherHub_NDC,BRSNR,PrahladPur_DEL_PL,PH-B3-NCRNDC-6584449,expected,OPENED,03-10-2026 0:52,Arvind Bansal (DNCR),02-10-2026 20:43,04-10-2026 1:09,28.43333,>=24 hrs
03-10-2026,FMPC6553008468,SahibabadHub_DEL_PL,kosher traders +919958158914,5juw7hab2hf2d3zj,dispatched_to_mh,North,LMA,1.00E+11,Greenteck Logistics and Mobility Pvt Ltd,SawanKumar,MotherHub_NDC,BRSNR,SahibabadHub_DEL_PL,PH-B3-NCRNDC-6567810,expected,OPENED,03-10-2026 1:56,Arvind Bansal (DNCR),02-10-2026 19:27,#VALUE!,#VALUE!,#VALUE!
03-10-2026,FMPC6553519345,Pitampurahub_DEL_PL,TRENDING SALE +918510838046,7b6ed56315f8465f,received_at_mh,North,TRUEFLEX,745990,Trueflex,Yogendra Kumar Mishra,MotherHub_NDC,BRSNR,Pitampurahub_DEL_PL,PH-B3-NCRNDC-5972521,expected,OPENED,02-10-2026 23:50,Arvind Bansal (DNCR),02-10-2026 20:14,#VALUE!,#VALUE!,#VALUE!
03-10-2026,FMPP4313552792,PrahladPur_DEL_PL,QUANTEX +917982470377,0fff1aafe80742a3,dispatched_to_mh,North,LMA,1.00E+11,WERCATALYST VENTURES PVT LTD,Kamal,MotherHub_NDC,BRSNR,PrahladPur_DEL_PL,PH-B3-NCRNDC-6584449,expected,OPENED,03-10-2026 0:52,Arvind Bansal (DNCR),02-10-2026 20:43,#VALUE!,#VALUE!,#VALUE!
03-10-2026,FMPP4314072263,Pitampurahub_DEL_PL,Speaker World +918851211958,9624f04f112e491d,received_at_mh,North,LMA,1.00E+11,We Innovate Business Solutions Pvt Ltd,HarshKumar,MotherHub_NDC,BRSNR,Pitampurahub_DEL_PL,PH-B3-NCRNDC-6006149,expected,OPENED,02-10-2026 23:54,Arvind Bansal (DNCR),02-10-2026 20:14,04-10-2026 3:01,30.78333,>=24 hrs
03-10-2026,FMPC6553005962,Rohinihub_DEL_PL,COMPUTER AND GADGETS PERIPHERALS +919582547163,6c1b84bd3311493e,received_at_mh,North,LMA,1.00E+11,Watsoo,Rohan,MotherHub_NDC,BRSNR,Rohinihub_DEL_PL,PH-B3-NCRNDC-6575791,expected,OPENED,02-10-2026 23:59,Arvind Bansal (DNCR),02-10-2026 20:16,04-10-2026 0:44,28.46667,>=24 hrs
03-10-2026,FMPC6553229476,Pitampurahub_DEL_PL,NANHI ENTERPRISES +918800847205,af0fa9caa9604f2c,received_at_mh,North,LMA,1.00E+11,E2E LOGISTIC SOLUTION,AmandeepSingh,MotherHub_NDC,BRSNR,Pitampurahub_DEL_PL,PH-B3-NCRNDC-6577927,expected,OPENED,02-10-2026 23:50,Arvind Bansal (DNCR),02-10-2026 20:14,04-10-2026 9:51,37.61667,>=24 hrs
03-10-2026,FMPC6554212208,Pitampurahub_DEL_PL,Trendy zone +917678301991,a6f36b3ac831481e,dispatched_to_mh,North,EKART,4.40E+06,EKART,Pradeep kumar yadav,MotherHub_NDC,BRSNR,Pitampurahub_DEL_PL,PH-B3-NCRNDC-6596070,expected,OPENED,02-10-2026 23:48,Arvind Bansal (DNCR),02-10-2026 20:14,#VALUE!,#VALUE!,#VALUE!
03-10-2026,FMPP4314510868,Rohinihub_DEL_PL,DJ ENTERPRISES +919999690476,42e9395a72b047bf,received_at_mh,North,LMA,1.00E+11,Fastbeetle service,PradeepKumar,MotherHub_NDC,BRSNR,Rohinihub_DEL_PL,PH-B3-NCRNDC-6595856,expected,OPENED,02-10-2026 23:54,Arvind Bansal (DNCR),02-10-2026 20:16,04-10-2026 10:38,38.36667,>=24 hrs
03-10-2026,FMPC6554461864,Pitampurahub_DEL_PL,MEHRA BROS +919891812397,cc3f811cc27047fa,dispatched_to_mh,North,LMA,1.00E+11,E2E LOGISTIC SOLUTION,AmandeepSingh,MotherHub_NDC,BRSNR,Pitampurahub_DEL_PL,PH-B3-NCRNDC-6577942,expected,OPENED,02-10-2026 23:54,Arvind Bansal (DNCR),02-10-2026 20:14,#VALUE!,#VALUE!,#VALUE!
03-10-2026,FMPP4314597552,KamrejHub_STV_PL,Flipora +917778806436,87b3462689254675,received_at_mh,West,LMA,1.00E+11,COMMERSHIP SERVICES LLP,Doba MuaazSuleman,MotherHub_STV_BTS,BRSNR,KamrejHub_STV_PL,PH-B1-SURBTS-25414888,expected,OPENED,02-10-2026 18:42,Ashvani Bhatt,02-10-2026 17:45,03-10-2026 19:35,25.83333,>=24 hrs
03-10-2026,FMPC6554013239,UttamNagarHub_DEL_PL,Kahna Enterprises +917289026490,8ce5aca140284057,received_at_mh,North,LMA,1.00E+11,WHEELEY,Nitish,MotherHub_NDC,BRSNR,UttamNagarHub_DEL_PL,PH-B3-NCRNDC-6589875,expected,OPENED,03-10-2026 0:46,Arvind Bansal (DNCR),02-10-2026 20:42,04-10-2026 9:25,36.71667,>=24 hrs
03-10-2026,FMPC6554398574,UttamNagarHub_DEL_PL,SHREE RADHA ENTERPRISES +918006116039,280c91cc5ebf49b2,received_at_mh,North,LMA,1.00E+11,Watsoo,MohdAabid,MotherHub_NDC,BRSNR,UttamNagarHub_DEL_PL,PH-B3-NCRNDC-6590032,expected,OPENED,03-10-2026 0:51,Arvind Bansal (DNCR),02-10-2026 20:42,04-10-2026 11:01,38.31667,>=24 hrs
03-10-2026,FMPC6552852121,UttamNagarHub_DEL_PL,Kahna Enterprises +917289026490,8ce5aca140284057,received_at_mh,North,LMA,1.00E+11,WHEELEY,Nitish,MotherHub_NDC,BRSNR,UttamNagarHub_DEL_PL,PH-B3-NCRNDC-6589875,expected,OPENED,03-10-2026 0:46,Arvind Bansal (DNCR),02-10-2026 20:42,04-10-2026 9:22,36.66667,>=24 hrs
03-10-2026,FMPP4313771210,UttamNagarHub_DEL_PL,Alright Retail +919716922590,94b206bd0b364d57,received_at_mh,North,LMA,1.00E+11,WERCATALYST VENTURES PVT LTD,MithunMetho,MotherHub_NDC,BRSNR,UttamNagarHub_DEL_PL,PH-B3-NCRNDC-5577635,expected,OPENED,03-10-2026 0:45,Arvind Bansal (DNCR),02-10-2026 20:42,05-10-2026 4:00,55.3,>=24 hrs
03-10-2026,FMPP4314233617,UttamNagarHub_DEL_PL,SHREE RADHA ENTERPRISES +918006116039,280c91cc5ebf49b2,received_at_mh,North,LMA,1.00E+11,Watsoo,MohdAabid,MotherHub_NDC,BRSNR,UttamNagarHub_DEL_PL,PH-B3-NCRNDC-6590032,expected,OPENED,03-10-2026 0:51,Arvind Bansal (DNCR),02-10-2026 20:42,04-10-2026 10:46,38.06667,>=24 hrs
03-10-2026,FMPP4313613709,UttamNagarHub_DEL_PL,SHREE DEVKI ENTERPRISES +919717944874,bb956b64ca04426c,received_at_mh,North,LMA,1.00E+11,WHEELEY,NeerajKumar,MotherHub_NDC,BRSNR,UttamNagarHub_DEL_PL,PH-B3-NCRNDC-6590259,expected,OPENED,03-10-2026 0:51,Arvind Bansal (DNCR),02-10-2026 20:42,04-10-2026 13:28,40.76667,>=24 hrs
03-10-2026,FMPC6553285057,UttamNagarHub_DEL_PL,Spike Retail +917011527399,675d5f5141a14fd4,received_at_mh,North,LMA,1.00E+11,WERCATALYST VENTURES PVT LTD,MithunMetho,MotherHub_NDC,BRSNR,UttamNagarHub_DEL_PL,PH-B3-NCRNDC-5577635,expected,OPENED,03-10-2026 0:45,Arvind Bansal (DNCR),02-10-2026 20:42,05-10-2026 8:17,59.58333,>=24 hrs
03-10-2026,FMPC6553583637,UttamNagarHub_DEL_PL,KHUSHI WORLD +917428572841,1e72a5b7f60940f0,received_at_mh,North,LMA,1.00E+11,Watsoo,MohdAabid,MotherHub_NDC,BRSNR,UttamNagarHub_DEL_PL,PH-B3-NCRNDC-6590032,expected,OPENED,03-10-2026 0:51,Arvind Bansal (DNCR),02-10-2026 20:42,05-10-2026 14:00,65.3,>=24 hrs
03-10-2026,FMPP4313895126,UttamNagarHub_DEL_PL,Maa Blessings Pvt Ltd +917982091520,9c78fcdbf9914e33,received_at_mh,North,LMA,1.00E+11,WHEELEY,NeerajKumar,MotherHub_NDC,BRSNR,UttamNagarHub_DEL_PL,PH-B3-NCRNDC-6590259,expected,OPENED,03-10-2026 0:51,Arvind Bansal (DNCR),02-10-2026 20:42,05-10-2026 3:04,54.36667,>=24 hrs
03-10-2026,FMPC6554396892,VasundharaHub_DEL_PL,LOIS CARON PVT LTD +919971347040,234e4586bb6a4012,dispatched_to_mh,North,TRUEFLEX,5.95E+05,Trueflex,NA,MotherHub_NDC,BRSNR,VasundharaHub_DEL_PL,PH-B3-NCRNDC-6590578,expected,OPENED,03-10-2026 0:13,Arvind Bansal (DNCR),02-10-2026 21:14,#VALUE!,#VALUE!,#VALUE!
03-10-2026,FMPC6553280932,VasundharaHub_DEL_PL,Ossify +919310629315,ccc39bb1092a4296,received_at_mh,North,LMA,1.00E+11,Loadshare,PrashantGiri,MotherHub_NDC,BRSNR,VasundharaHub_DEL_PL,PH-B3-NCRNDC-6592698,expected,OPENED,03-10-2026 0:23,Arvind Bansal (DNCR),02-10-2026 21:14,04-10-2026 6:13,32.98333,>=24 hrs
03-10-2026,FMPP4314446188,VasundharaHub_DEL_PL,bookly +919205706971,157026c9c7c94cfa,received_at_mh,North,LMA,1.00E+11,Transwide Express,ARUN,MotherHub_NDC,BRSNR,VasundharaHub_DEL_PL,PH-B3-NCRNDC-6586171,expected,OPENED,03-10-2026 0:11,Arvind Bansal (DNCR),02-10-2026 21:14,04-10-2026 10:40,37.43333,>=24 hrs
03-10-2026,FMPC6553332677,VasundharaHub_DEL_PL,Ossify +919310629315,ccc39bb1092a4296,received_at_mh,North,LMA,1.00E+11,Loadshare,PrashantGiri,MotherHub_NDC,BRSNR,VasundharaHub_DEL_PL,PH-B3-NCRNDC-6592698,expected,OPENED,03-10-2026 0:23,Arvind Bansal (DNCR),02-10-2026 21:14,04-10-2026 6:03,32.81667,>=24 hrs
03-10-2026,FMPC6554116696,VasundharaHub_DEL_PL,Sehajbooks +919999352082,876b8a53b63042fd,dispatched_to_mh,North,LMA,1.00E+11,Transwide Express,RanveerSingh,MotherHub_NDC,BRSNR,VasundharaHub_DEL_PL,PH-B3-NCRNDC-6132164,expected,OPENED,03-10-2026 0:06,Arvind Bansal (DNCR),02-10-2026 21:14,#VALUE!,#VALUE!,#VALUE!
03-10-2026,FMPC6554564640,VasundharaHub_DEL_PL,Ossify +919310629315,ccc39bb1092a4296,dispatched_to_mh,North,LMA,1.00E+11,Loadshare,PrashantGiri,MotherHub_NDC,BRSNR,VasundharaHub_DEL_PL,PH-B3-NCRNDC-6592698,expected,OPENED,03-10-2026 0:23,Arvind Bansal (DNCR),02-10-2026 21:14,#VALUE!,#VALUE!,#VALUE!
03-10-2026,FMPC6554049007,VasundharaHub_DEL_PL,WOOGER +918384005054,fe04f0fdf6974180,dispatched_to_mh,North,TRUEFLEX,7.10E+05,Trueflex,Mohd Suhail,MotherHub_NDC,BRSNR,VasundharaHub_DEL_PL,PH-B3-NCRNDC-6514226,expected,OPENED,03-10-2026 0:03,Arvind Bansal (DNCR),02-10-2026 21:14,#VALUE!,#VALUE!,#VALUE!
03-10-2026,FMPP4314532432,WelcomeHub_DEL_PL,S N ENTERPRISES +917053006061,70324c772b984c20,received_at_mh,North,TRUEFLEX,977095,Trueflex,Rahil,MotherHub_NDC,BRSNR,WelcomeHub_DEL_PL,PH-B3-NCRNDC-6293089,expected,OPENED,03-10-2026 0:31,Arvind Bansal (DNCR),02-10-2026 19:29,04-10-2026 4:59,33.5,>=24 hrs
03-10-2026,FMPP4313771208,YelahankaHub_BLR_PL,Baalve +919663260666,0c3feabbe87d4086,received_at_mh,South,EKART,4.01E+06,EKART,Danush S,Motherhub_BLR_Flex,BRSNR,YelahankaHub_BLR_PL,PH-B4-BLRBLX-762710,expected,OPENED,02-10-2026 19:55,Anwar Babu Maldar,02-10-2026 16:45,05-10-2026 0:49,56.06667,>=24 hrs
03-10-2026,FMPC6554579555,WelcomeHub_DEL_PL,I K ENTERPRISES +919136832504,7d900ec1ecc64f5a,received_at_mh,North,LMA,1.00E+11,Transwide Express,NiteshKumar,MotherHub_NDC,BRSNR,WelcomeHub_DEL_PL,PH-B3-NCRNDC-6568604,expected,OPENED,03-10-2026 0:39,Arvind Bansal (DNCR),02-10-2026 19:29,04-10-2026 6:17,34.8,>=24 hrs
03-10-2026,FMPC6554011051,WelcomeHub_DEL_PL,MS Brothers +918178128753,7c1a0892d5f2455e,dispatched_to_mh,North,LMA,1.00E+11,Transwide Express,VIKRAM KASYAP,MotherHub_NDC,BRSNR,WelcomeHub_DEL_PL,PH-B3-NCRNDC-6324328,expected,OPENED,03-10-2026 0:30,Arvind Bansal (DNCR),02-10-2026 19:29,#VALUE!,#VALUE!,#VALUE!
03-10-2026,FMPC6552851030,WelcomeHub_DEL_PL,REYONS +918595089307,dd4dc3238cae4463,dispatched_to_mh,North,LMA,1.00E+11,Greenteck Logistics and Mobility Pvt Ltd,Akash,MotherHub_NDC,BRSNR,WelcomeHub_DEL_PL,PH-B3-NCRNDC-6564058,expected,OPENED,03-10-2026 0:37,Arvind Bansal (DNCR),02-10-2026 19:29,#VALUE!,#VALUE!,#VALUE!
03-10-2026,FMPC6552867681,WelcomeHub_DEL_PL,King's Villa +919250513199,74ac87a9fe8543fb,dispatched_to_mh,North,TRUEFLEX,590576,Trueflex,NA,MotherHub_NDC,BRSNR,WelcomeHub_DEL_PL,PH-B3-NCRNDC-6593163,expected,OPENED,03-10-2026 0:24,Arvind Bansal (DNCR),02-10-2026 19:29,#VALUE!,#VALUE!,#VALUE!
03-10-2026,FMPC6553721389,WelcomeHub_DEL_PL,The Lighting Store +917838206557,d1e16a097bd4419b,dispatched_to_mh,North,LMA,1.00E+11,Greenteck Logistics and Mobility Pvt Ltd,Ashish,MotherHub_NDC,BRSNR,WelcomeHub_DEL_PL,PH-B3-NCRNDC-6374568,expected,OPENED,03-10-2026 0:40,Arvind Bansal (DNCR),02-10-2026 19:29,#VALUE!,#VALUE!,#VALUE!
03-10-2026,FMPC6554034436,WelcomeHub_DEL_PL,SWASTI CREATIONS +919310719546,6624d5d526a94bdf,received_at_mh,North,LMA,1.00E+11,Transwide Express,Afak,MotherHub_NDC,BRSNR,WelcomeHub_DEL_PL,PH-B3-NCRNDC-6522504,expected,OPENED,03-10-2026 0:38,Arvind Bansal (DNCR),02-10-2026 19:29,04-10-2026 8:34,37.08333,>=24 hrs
03-10-2026,FMPC6554408575,WelcomeHub_DEL_PL,NEERAJYOTI ENTERPRISES +919899588984,14bcf1ad405f4498,dispatched_to_mh,North,TRUEFLEX,8.68E+05,Trueflex,Bhoop Singh,MotherHub_NDC,BRSNR,WelcomeHub_DEL_PL,PH-B3-NCRNDC-5662794,expected,OPENED,03-10-2026 0:33,Arvind Bansal (DNCR),02-10-2026 19:29,#VALUE!,#VALUE!,#VALUE!
03-10-2026,FMPP4313952599,WelcomeHub_DEL_PL,NEERAJYOTI ENTERPRISES +919899588984,14bcf1ad405f4498,dispatched_to_mh,North,TRUEFLEX,867969,Trueflex,Bhoop Singh,MotherHub_NDC,BRSNR,WelcomeHub_DEL_PL,PH-B3-NCRNDC-5662794,expected,OPENED,03-10-2026 0:33,Arvind Bansal (DNCR),02-10-2026 19:29,#VALUE!,#VALUE!,#VALUE!
03-10-2026,FMPC6554133982,YelahankaHub_BLR_PL,Baalve +919663260666,0c3feabbe87d4086,received_at_mh,South,EKART,4.01E+06,EKART,Danush S,Motherhub_BLR_Flex,BRSNR,YelahankaHub_BLR_PL,PH-B4-BLRBLX-762710,expected,OPENED,02-10-2026 19:55,Anwar Babu Maldar,02-10-2026 16:45,05-10-2026 0:50,56.08333,>=24 hrs
03-10-2026,FMPC6554211563,WelcomeHub_DEL_PL,REYONS +918595089307,dd4dc3238cae4463,dispatched_to_mh,North,LMA,1.00E+11,Greenteck Logistics and Mobility Pvt Ltd,Akash,MotherHub_NDC,BRSNR,WelcomeHub_DEL_PL,PH-B3-NCRNDC-6564058,expected,OPENED,03-10-2026 0:37,Arvind Bansal (DNCR),02-10-2026 19:29,#VALUE!,#VALUE!,#VALUE!
03-10-2026,FMPC6554181255,WelcomeHub_DEL_PL,NEERAJYOTI ENTERPRISES +919899588984,14bcf1ad405f4498,dispatched_to_mh,North,TRUEFLEX,867969,Trueflex,Bhoop Singh,MotherHub_NDC,BRSNR,WelcomeHub_DEL_PL,PH-B3-NCRNDC-5662794,expected,OPENED,03-10-2026 0:33,Arvind Bansal (DNCR),02-10-2026 19:29,#VALUE!,#VALUE!,#VALUE!
03-10-2026,FMPC6552754413,WelcomeHub_DEL_PL,AMAR COLLECTION +918796162040,3f8b6afac6ab4fd5,received_at_mh,North,LMA,1.00E+11,Transwide Express,RitikSharma,MotherHub_NDC,BRSNR,WelcomeHub_DEL_PL,PH-B3-NCRNDC-6474983,expected,OPENED,03-10-2026 0:26,Arvind Bansal (DNCR),02-10-2026 19:29,04-10-2026 6:05,34.6,>=24 hrs
03-10-2026,FMPC6554473162,WelcomeHub_DEL_PL,WELL WEAR +918948491142,8cc50da72ece43ec,dispatched_to_mh,North,TRUEFLEX,4.24E+06,Trueflex,#N/A,MotherHub_NDC,BRSNR,WelcomeHub_DEL_PL,PH-B3-NCRNDC-6523245,expected,OPENED,03-10-2026 0:32,Arvind Bansal (DNCR),02-10-2026 19:29,#VALUE!,#VALUE!,#VALUE!
03-10-2026,FMPP4313880673,SuratHub_STV_PL,ARCELO NUTRI FOODS PRIVATE LIMITED +919909251011,88fff8d16d5e4175,received_at_mh,West,LMA,1.00E+11,GAUTAMI ENTERPRISE,Malek NazimNisar,MotherHub_STV_BTS,BRSNR,SuratHub_STV_PL,PH-B2-SURBTS-25873449,expected,OPENED,02-10-2026 21:40,Ashvani Bhatt,02-10-2026 18:11,03-10-2026 20:18,26.11667,>=24 hrs
03-10-2026,FMPC6554345788,DindoliHub_STV_PL,V R TREND +919023636117,22cf61a1bb0f4156,received_at_mh,West,TRUEFLEX,7.40E+05,Trueflex,Abhishek Kumar Dubey,MotherHub_STV_BTS,BRSNR,DindoliHub_STV_PL,PH-B3-SURBTS-25348070,expected,OPENED,02-10-2026 23:01,Ashvani Bhatt,02-10-2026 17:31,03-10-2026 21:51,28.33333,>=24 hrs
03-10-2026,FMPC6554322848,DindoliHub_STV_PL,FUTURE ELECTRONICS +917878164389,6b0c28306cef48b2,received_at_mh,West,TRUEFLEX,7.40E+05,Trueflex,Abhishek Kumar Dubey,MotherHub_STV_BTS,BRSNR,DindoliHub_STV_PL,PH-B6-SURBTS-25348070,expected,OPENED,03-10-2026 0:06,Ashvani Bhatt,02-10-2026 17:31,03-10-2026 19:15,25.73333,>=24 hrs
03-10-2026,FMPP4314663994,ManinagarHub_ADI_PL,Cosmos International +918799550466,00196debbd194404,received_at_mh,West,LMA,1.00E+11,Princy Enterprise,Rajkumar JayantibhaiVaghela,MotherHub_ABD_Flex,BRSNR,ManinagarHub_ADI_PL,PH-B4-ABDFLEX-113288,expected,OPENED,03-10-2026 0:48,Ankur Sinha,02-10-2026 20:08,03-10-2026 21:40,25.53333,>=24 hrs
03-10-2026,FMPC6553063604,KamrejHub_STV_PL,Flipora +917778806436,87b3462689254675,received_at_mh,West,LMA,1.00E+11,COMMERSHIP SERVICES LLP,Doba MuaazSuleman,MotherHub_STV_BTS,BRSNR,KamrejHub_STV_PL,PH-B6-SURBTS-25415524,expected,OPENED,02-10-2026 18:46,Ashvani Bhatt,02-10-2026 17:45,03-10-2026 21:46,28.01667,>=24 hrs
03-10-2026,FMPC6553063469,KamrejHub_STV_PL,Flipora +917778806436,87b3462689254675,received_at_mh,West,LMA,1.00E+11,COMMERSHIP SERVICES LLP,Doba MuaazSuleman,MotherHub_STV_BTS,BRSNR,KamrejHub_STV_PL,PH-B1-SURBTS-25414888,expected,OPENED,02-10-2026 18:42,Ashvani Bhatt,02-10-2026 17:45,03-10-2026 21:45,28,>=24 hrs
03-10-2026,FMPP4314455062,KamrejHub_STV_PL,DIOLTY BIOCHEMICAL +919825117002,b3ae45810dda4d36,received_at_mh,West,LMA,1.00E+11,WERCATALYST VENTURES PVT LTD,Gori AfajalRahimbhai,MotherHub_STV_BTS,BRSNR,KamrejHub_STV_PL,PH-B2-SURBTS-25805477,expected,OPENED,02-10-2026 23:01,Ashvani Bhatt,02-10-2026 19:24,03-10-2026 21:34,26.16667,>=24 hrs
03-10-2026,FMPC6552835802,SuratHub_STV_PL,AAI KHODAL MOTORS AND SERVICE STATION +918866224803,f1f985717d6241c7,received_at_mh,West,LMA,1.00E+11,GROWEXPRESS LOGISTIC LLP,Jitendra BhagwanBhunkar,MotherHub_STV_BTS,BRSNR,SuratHub_STV_PL,PH-B1-SURBTS-25813178,expected,OPENED,02-10-2026 20:07,Ashvani Bhatt,02-10-2026 18:11,03-10-2026 21:01,26.83333,>=24 hrs
03-10-2026,FMPC6553389478,KamrejHub_STV_PL,Flipora +917778806436,87b3462689254675,received_at_mh,West,LMA,1.00E+11,COMMERSHIP SERVICES LLP,Doba MuaazSuleman,MotherHub_STV_BTS,BRSNR,KamrejHub_STV_PL,PH-B1-SURBTS-25414888,expected,OPENED,02-10-2026 18:42,Ashvani Bhatt,02-10-2026 17:45,03-10-2026 21:46,28.01667,>=24 hrs
03-10-2026,FMPP4314463690,KamrejHub_STV_PL,MOON & MOUNT BIOCHEMICAL +919081905653,c9b2fbd7755d41bd,received_at_mh,West,LMA,1.00E+11,WERCATALYST VENTURES PVT LTD,Gori AfajalRahimbhai,MotherHub_STV_BTS,BRSNR,KamrejHub_STV_PL,PH-B3-SURBTS-25805485,expected,OPENED,02-10-2026 22:35,Ashvani Bhatt,02-10-2026 19:24,03-10-2026 21:11,25.78333,>=24 hrs
03-10-2026,FMPP4314463684,KamrejHub_STV_PL,MOON & MOUNT BIOCHEMICAL +919081905653,c9b2fbd7755d41bd,received_at_mh,West,LMA,1.00E+11,WERCATALYST VENTURES PVT LTD,Gori AfajalRahimbhai,MotherHub_STV_BTS,BRSNR,KamrejHub_STV_PL,PH-B2-SURBTS-25805477,expected,OPENED,02-10-2026 23:01,Ashvani Bhatt,02-10-2026 19:24,03-10-2026 21:14,25.83333,>=24 hrs
03-10-2026,FMPC6553967370,SaroliHubSplit_STV_PL,PATEL ENTERPRISE +919137722100,34c5d27a96f5432c,received_at_mh,West,TRUEFLEX,7.11E+05,Trueflex,Vishnubhai Jivanbhai Dabhi,MotherHub_STV_BTS,BRSNR,SaroliHubSplit_STV_PL,PH-B2-SURBTS-25826728,expected,OPENED,03-10-2026 2:13,Ashvani Bhatt,02-10-2026 18:09,03-10-2026 21:43,27.56667,>=24 hrs
03-10-2026,FMPC6553405065,BehalaHub_KOL_PL,A.S.ENTERPRISE +917278677314,223604db57594f79,dispatched_to_mh,East,LMA,1.00E+11,WHEELEY,AbhisekBiswas,Motherhub_ULB,BRSNR,BehalaHub_KOL_PL,PH-B2-CCUULB-5236737,expected,OPENED,02-10-2026 23:02,Somnath G,02-10-2026 20:13,#VALUE!,#VALUE!,#VALUE!
03-10-2026,FMPC6554442197,BelghariaHub_KOL_PL,M/S HRBAL HOUSE +918017978308,e0baa2ad16dd47ad,received_at_mh,East,LMA,1.00E+11,Vxpress,MamtajBibi,Motherhub_ULB,BRSNR,BelghariaHub_KOL_PL,PH-B2-CCUULB-5317248,expected,OPENED,02-10-2026 22:22,Somnath G,02-10-2026 19:35,04-10-2026 23:07,51.53333,>=24 hrs
03-10-2026,FMPP4313909531,BehalaHub_KOL_PL,R K ENTERPRISES +919874269980,21f246e8b4614760,dispatched_to_mh,East,LMA,1.00E+11,WHEELEY,SamirHalder,Motherhub_ULB,BRSNR,BehalaHub_KOL_PL,PH-B2-CCUULB-4923987,expected,OPENED,02-10-2026 23:05,Somnath G,02-10-2026 20:13,#VALUE!,#VALUE!,#VALUE!
03-10-2026,FMPC6553205189,DindoliHub_STV_PL,ASHVINBHAI NANYBHAI MANGROLIYA +917046899488,f56ee95e74da4222,dispatched_to_mh,West,LMA,1.00E+11,WERCATALYST VENTURES PVT LTD,RajputPremsing,MotherHub_STV_BTS,BRSNR,DindoliHub_STV_PL,PH-B1-SURBTS-25893663,expected,OPENED,02-10-2026 21:16,Ashvani Bhatt,02-10-2026 20:33,#VALUE!,#VALUE!,#VALUE!
03-10-2026,FMPC6553202686,DindoliHub_STV_PL,PINK SHE +919974050132,f6c1df83aa6b4a36,received_at_mh,West,LMA,1.00E+11,Princy Enterprise,TikhadeAjay,MotherHub_STV_BTS,BRSNR,DindoliHub_STV_PL,PH-B2-SURBTS-25854394,expected,OPENED,02-10-2026 19:42,Ashvani Bhatt,02-10-2026 18:38,04-10-2026 2:55,32.28333,>=24 hrs
03-10-2026,FMPP4314387185,DindoliHub_STV_PL,SAVANI TEXTILE INDUSTRIES PRIVATE LIMITED +919824130425,1c275e84978f4021,dispatched_to_mh,West,LMA,1.00E+11,WERCATALYST VENTURES PVT LTD,RajputPremsing,MotherHub_STV_BTS,BRSNR,DindoliHub_STV_PL,PH-B2-SURBTS-25850940,expected,OPENED,02-10-2026 21:38,Ashvani Bhatt,02-10-2026 20:33,#VALUE!,#VALUE!,#VALUE!
03-10-2026,FMPC6554555560,DindoliHub_STV_PL,ISHANI ENTERPRISE +917874518634,5688967ed9974ba3,received_at_mh,West,LMA,1.00E+11,Loadshare,ReddySagar,MotherHub_STV_BTS,BRSNR,DindoliHub_STV_PL,PH-B2-SURBTS-25848074,expected,OPENED,02-10-2026 20:49,Ashvani Bhatt,02-10-2026 18:50,05-10-2026 22:58,76.13333,>=24 hrs
03-10-2026,FMPC6552759288,DindoliHub_STV_PL,GMR BATTLE +919054233695,b174b1f53fe648db,dispatched_to_mh,West,LMA,1.00E+11,TMD LOGISTICS PRIVATE LIMITED,Atul DnyaneshwarInshulkar,MotherHub_STV_BTS,BRSNR,DindoliHub_STV_PL,PH-B1-SURBTS-25880551,expected,OPENED,02-10-2026 22:57,Ashvani Bhatt,02-10-2026 19:28,#VALUE!,#VALUE!,#VALUE!
03-10-2026,FMPC6554277289,DindoliHub_STV_PL,GRIVA DESIGNER +919558085533,33c2eaa808f6457a,dispatched_to_mh,West,LMA,1.00E+11,Loadshare,Parate RoshanArjunbhai,MotherHub_STV_BTS,BRSNR,DindoliHub_STV_PL,PH-B2-SURBTS-25889624,expected,OPENED,02-10-2026 21:04,Ashvani Bhatt,02-10-2026 20:24,#VALUE!,#VALUE!,#VALUE!
03-10-2026,FMPC6554115987,DindoliHub_STV_PL,RADHE ENTERPRISE +919429890434,cf6e2177915a4c8c,received_at_mh,West,TRUEFLEX,9.99E+05,Trueflex,Ajay Dnyaneshwar Patil,MotherHub_STV_BTS,BRSNR,DindoliHub_STV_PL,PH-B6-SURBTS-25681608,expected,OPENED,02-10-2026 21:44,Ashvani Bhatt,02-10-2026 19:28,04-10-2026 9:07,37.65,>=24 hrs
03-10-2026,FMPP4313849196,DindoliHub_STV_PL,Nebula Trendz +918758790273,b9764449c364489b,received_at_mh,West,LMA,1.00E+11,Princy Enterprise,TikhadeAjay,MotherHub_STV_BTS,BRSNR,DindoliHub_STV_PL,PH-B2-SURBTS-25854394,expected,OPENED,02-10-2026 19:42,Ashvani Bhatt,02-10-2026 18:38,04-10-2026 2:54,32.26667,>=24 hrs
03-10-2026,FMPC6549112512,DhankawadiHub_PUNE_PL,Amdee's World +919822813717,f9d73085774a4ee2,received_at_mh,West,EKART,4.13E+06,EKART,Vitthal Gulchand Devkule,MotherHub_PUNE,BRSNR,DhankawadiHub_PUNE_PL,PH-B1-PNQPNQ-4481153,expected,OPENED,02-10-2026 22:36,Swapnil Borgaonkar (MH),#VALUE!,#VALUE!,#VALUE!,#VALUE!
03-10-2026,FMPP4313989986,DindoliHub_STV_PL,Nebula Trendz +918758790273,b9764449c364489b,received_at_mh,West,LMA,1.00E+11,Princy Enterprise,TikhadeAjay,MotherHub_STV_BTS,BRSNR,DindoliHub_STV_PL,PH-B2-SURBTS-25854394,expected,OPENED,02-10-2026 19:42,Ashvani Bhatt,02-10-2026 18:38,04-10-2026 2:57,32.31667,>=24 hrs
03-10-2026,FMPC6554185829,DindoliHub_STV_PL,V FANCY +918866884162,e0fd24ce26ea4fd9,dispatched_to_mh,West,LMA,1.00E+11,Loadshare,ReddySagar,MotherHub_STV_BTS,BRSNR,DindoliHub_STV_PL,PH-B6-SURBTS-25889449,expected,OPENED,02-10-2026 20:40,Ashvani Bhatt,02-10-2026 18:50,#VALUE!,#VALUE!,#VALUE!
03-10-2026,FMPP4313973797,DindoliHub_STV_PL,PINK SHE +919974050132,f6c1df83aa6b4a36,received_at_mh,West,LMA,1.00E+11,Princy Enterprise,TikhadeAjay,MotherHub_STV_BTS,BRSNR,DindoliHub_STV_PL,PH-B2-SURBTS-25854394,expected,OPENED,02-10-2026 19:42,Ashvani Bhatt,02-10-2026 18:38,04-10-2026 2:57,32.31667,>=24 hrs
03-10-2026,FMPC6554147176,DindoliHub_STV_PL,YOGI ENTERPRISE +916354064515,b6d3159aea374974,dispatched_to_mh,West,LMA,1.00E+11,Vxpress,Pankaj EknathSuryawanshi,MotherHub_STV_BTS,BRSNR,DindoliHub_STV_PL,PH-B6-SURBTS-24936071,expected,OPENED,03-10-2026 1:46,Ashvani Bhatt,02-10-2026 20:28,#VALUE!,#VALUE!,#VALUE!
03-10-2026,FMPC6553484796,DindoliHub_STV_PL,PINK SHE +919974050132,f6c1df83aa6b4a36,received_at_mh,West,LMA,1.00E+11,Princy Enterprise,TikhadeAjay,MotherHub_STV_BTS,BRSNR,DindoliHub_STV_PL,PH-B2-SURBTS-25854394,expected,OPENED,02-10-2026 19:42,Ashvani Bhatt,02-10-2026 18:38,04-10-2026 2:55,32.28333,>=24 hrs
03-10-2026,FMPP4313911523,DindoliHub_STV_PL,PINK SHE +919974050132,f6c1df83aa6b4a36,received_at_mh,West,LMA,1.00E+11,Princy Enterprise,TikhadeAjay,MotherHub_STV_BTS,BRSNR,DindoliHub_STV_PL,PH-B2-SURBTS-25854394,expected,OPENED,02-10-2026 19:42,Ashvani Bhatt,02-10-2026 18:38,04-10-2026 2:58,32.33333,>=24 hrs
03-10-2026,FMPP4313988760,DindoliHub_STV_PL,PINK SHE +919974050132,f6c1df83aa6b4a36,received_at_mh,West,LMA,1.00E+11,Princy Enterprise,TikhadeAjay,MotherHub_STV_BTS,BRSNR,DindoliHub_STV_PL,PH-B2-SURBTS-25854394,expected,OPENED,02-10-2026 19:42,Ashvani Bhatt,02-10-2026 18:38,04-10-2026 2:54,32.26667,>=24 hrs
03-10-2026,FMPC6553713814,DhankawadiHub_PUNE_PL,AARU ENTERPRISES +917385846503,ce152fa1e4ef4083,dispatched_to_mh,West,EKART,4.10E+06,EKART,Jivan Raju Jadhav,MotherHub_PUNE,BRSNR,DhankawadiHub_PUNE_PL,PH-B6-PNQPNQ-4487540,expected,OPENED,02-10-2026 23:00,Swapnil Borgaonkar (MH),02-10-2026 19:18,#VALUE!,#VALUE!,#VALUE!
03-10-2026,FMPP4313912032,DindoliHub_STV_PL,PINK SHE +919974050132,f6c1df83aa6b4a36,received_at_mh,West,LMA,1.00E+11,Princy Enterprise,TikhadeAjay,MotherHub_STV_BTS,BRSNR,DindoliHub_STV_PL,PH-B2-SURBTS-25854394,expected,OPENED,02-10-2026 19:42,Ashvani Bhatt,02-10-2026 18:38,04-10-2026 3:09,32.51667,>=24 hrs
03-10-2026,FMPC6554153684,DindoliHub_STV_PL,Yamuna fashion +919979441523,8cc9494787f7443c,received_at_mh,West,LMA,1.00E+11,Shree Hari Logistics,Kiran BabluPatil,MotherHub_STV_BTS,BRSNR,DindoliHub_STV_PL,PH-B6-SURBTS-25235762,expected,OPENED,03-10-2026 4:50,Ashvani Bhatt,02-10-2026 19:28,04-10-2026 8:44,37.26667,>=24 hrs
03-10-2026,FMPP4313715972,DindoliHub_STV_PL,CANVAS WEAVES 9327550128,df49493f52464aef,dispatched_to_mh,West,LMA,1.00E+11,WERCATALYST VENTURES PVT LTD,Vasane ShubhamSanjay,MotherHub_STV_BTS,BRSNR,DindoliHub_STV_PL,PH-B6-SURBTS-25891792,expected,OPENED,02-10-2026 20:54,Ashvani Bhatt,02-10-2026 19:09,#VALUE!,#VALUE!,#VALUE!
03-10-2026,FMPC6554304086,DindoliHub_STV_PL,V R TREND +919023636117,22cf61a1bb0f4156,dispatched_to_mh,West,TRUEFLEX,7.40E+05,Trueflex,Abhishek Kumar Dubey,MotherHub_STV_BTS,BRSNR,DindoliHub_STV_PL,PH-B1-SURBTS-25348070,expected,OPENED,02-10-2026 22:58,Ashvani Bhatt,02-10-2026 17:31,#VALUE!,#VALUE!,#VALUE!
03-10-2026,FMPC6553416145,DindoliHub_STV_PL,Nebula Trendz +918758790273,b9764449c364489b,received_at_mh,West,LMA,1.00E+11,Princy Enterprise,TikhadeAjay,MotherHub_STV_BTS,BRSNR,DindoliHub_STV_PL,PH-B2-SURBTS-25854394,expected,OPENED,02-10-2026 19:42,Ashvani Bhatt,02-10-2026 18:38,04-10-2026 2:57,32.31667,>=24 hrs
03-10-2026,FMPC6553800864,DindoliHub_STV_PL,PINK SHE +919974050132,f6c1df83aa6b4a36,received_at_mh,West,LMA,1.00E+11,Princy Enterprise,TikhadeAjay,MotherHub_STV_BTS,BRSNR,DindoliHub_STV_PL,PH-B2-SURBTS-25854394,expected,OPENED,02-10-2026 19:42,Ashvani Bhatt,02-10-2026 18:38,04-10-2026 2:55,32.28333,>=24 hrs
03-10-2026,FMPC6553376372,DALHOUSIEHUB_KOL_PL,MOBILE CORNER +916291186861,65fbe9c8d45a48b2,dispatched_to_mh,East,LMA,1.00E+11,Vxpress,PritamChowdhury,Motherhub_ULB,BRSNR,DALHOUSIEHUB_KOL_PL,PH-B2-CCUULB-5320035,expected,OPENED,02-10-2026 23:54,Somnath G,02-10-2026 20:27,#VALUE!,#VALUE!,#VALUE!
03-10-2026,FMPC6554202475,DindoliHub_STV_PL,Homelyfy +919023967595,972da9b415e14e0f,dispatched_to_mh,West,LMA,1.00E+11,Princy Enterprise,Mo ShakeelShekh,MotherHub_STV_BTS,BRSNR,DindoliHub_STV_PL,PH-B3-SURBTS-25699618,expected,OPENED,03-10-2026 0:52,Ashvani Bhatt,02-10-2026 20:24,#VALUE!,#VALUE!,#VALUE!
03-10-2026,FMPC6553689404,DindoliHub_STV_PL,PINK SHE +919974050132,f6c1df83aa6b4a36,received_at_mh,West,LMA,1.00E+11,Princy Enterprise,TikhadeAjay,MotherHub_STV_BTS,BRSNR,DindoliHub_STV_PL,PH-B2-SURBTS-25854394,expected,OPENED,02-10-2026 19:42,Ashvani Bhatt,02-10-2026 18:38,04-10-2026 2:57,32.31667,>=24 hrs
03-10-2026,FMPC6553805006,DindoliHub_STV_PL,PINK SHE +919974050132,f6c1df83aa6b4a36,received_at_mh,West,LMA,1.00E+11,Princy Enterprise,TikhadeAjay,MotherHub_STV_BTS,BRSNR,DindoliHub_STV_PL,PH-B2-SURBTS-25854394,expected,OPENED,02-10-2026 19:42,Ashvani Bhatt,02-10-2026 18:38,04-10-2026 2:56,32.3,>=24 hrs
03-10-2026,FMPC6553007376,DindoliHub_STV_PL,RADHE ENTERPRISE +919429890434,cf6e2177915a4c8c,received_at_mh,West,TRUEFLEX,9.99E+05,Trueflex,Ajay Dnyaneshwar Patil,MotherHub_STV_BTS,BRSNR,DindoliHub_STV_PL,PH-B2-SURBTS-25681478,expected,OPENED,02-10-2026 21:52,Ashvani Bhatt,02-10-2026 19:28,04-10-2026 1:54,30.43333,>=24 hrs
03-10-2026,FMPC6553802244,DindoliHub_STV_PL,PINK SHE +919974050132,f6c1df83aa6b4a36,received_at_mh,West,LMA,1.00E+11,Princy Enterprise,TikhadeAjay,MotherHub_STV_BTS,BRSNR,DindoliHub_STV_PL,PH-B2-SURBTS-25854394,expected,OPENED,02-10-2026 19:42,Ashvani Bhatt,02-10-2026 18:38,04-10-2026 2:57,32.31667,>=24 hrs
03-10-2026,FMPC6553634986,DindoliHub_STV_PL,PINK SHE +919974050132,f6c1df83aa6b4a36,received_at_mh,West,LMA,1.00E+11,Princy Enterprise,TikhadeAjay,MotherHub_STV_BTS,BRSNR,DindoliHub_STV_PL,PH-B2-SURBTS-25854394,expected,OPENED,02-10-2026 19:42,Ashvani Bhatt,02-10-2026 18:38,04-10-2026 2:57,32.31667,>=24 hrs
03-10-2026,FMPC6553804823,DindoliHub_STV_PL,PINK SHE +919974050132,f6c1df83aa6b4a36,received_at_mh,West,LMA,1.00E+11,Princy Enterprise,TikhadeAjay,MotherHub_STV_BTS,BRSNR,DindoliHub_STV_PL,PH-B2-SURBTS-25854394,expected,OPENED,02-10-2026 19:42,Ashvani Bhatt,02-10-2026 18:38,04-10-2026 2:57,32.31667,>=24 hrs
03-10-2026,FMPC6554272131,DindoliHub_STV_PL,JAY ENTERPRISE +919408255390,d2bd4b4dc61c4806,received_at_mh,West,TRUEFLEX,9.99E+05,Trueflex,Ajay Dnyaneshwar Patil,MotherHub_STV_BTS,BRSNR,DindoliHub_STV_PL,PH-B6-SURBTS-25681608,expected,OPENED,02-10-2026 21:44,Ashvani Bhatt,02-10-2026 19:28,04-10-2026 9:05,37.61667,>=24 hrs
03-10-2026,FMPC6552767321,DindoliHub_STV_PL,Yamuna fashion +919979441523,8cc9494787f7443c,received_at_mh,West,LMA,1.00E+11,Shree Hari Logistics,Kiran BabluPatil,MotherHub_STV_BTS,BRSNR,DindoliHub_STV_PL,PH-B6-SURBTS-25235762,expected,OPENED,03-10-2026 4:50,Ashvani Bhatt,02-10-2026 19:28,04-10-2026 9:20,37.86667,>=24 hrs
03-10-2026,FMPP4314454397,DindoliHub_STV_PL,Western World +919975704304,4285e57d0f0d497c,dispatched_to_mh,West,LMA,1.00E+11,Princy Enterprise,AmitMishra,MotherHub_STV_BTS,BRSNR,DindoliHub_STV_PL,PH-B2-SURBTS-24678010,expected,OPENED,02-10-2026 21:30,Ashvani Bhatt,02-10-2026 20:24,#VALUE!,#VALUE!,#VALUE!
03-10-2026,FMPP4312218415,DhankawadiHub_PUNE_PL,NURIX PHARMACEUTICALS INDIA PRIVATE LIMITED +919028124603,98860b87acc64665,dispatched_to_mh,West,EKART,4102198,EKART,Jivan Raju Jadhav,MotherHub_PUNE,BRSNR,DhankawadiHub_PUNE_PL,PH-B6-PNQPNQ-4488512,expected,OPENED,02-10-2026 22:34,Swapnil Borgaonkar (MH),02-10-2026 19:18,#VALUE!,#VALUE!,#VALUE!
03-10-2026,FMPC6554158580,DindoliHub_STV_PL,MAHESH RATNABHAI BALDANIYA +919408546370,fe3cfdd0058e4414,received_at_mh,West,TRUEFLEX,9.99E+05,Trueflex,Ajay Dnyaneshwar Patil,MotherHub_STV_BTS,BRSNR,DindoliHub_STV_PL,PH-B6-SURBTS-25681608,expected,OPENED,02-10-2026 21:44,Ashvani Bhatt,02-10-2026 19:28,04-10-2026 9:02,37.56667,>=24 hrs
03-10-2026,FMPC6553366717,DindoliHub_STV_PL,Nebula Trendz +918758790273,b9764449c364489b,received_at_mh,West,LMA,1.00E+11,Princy Enterprise,TikhadeAjay,MotherHub_STV_BTS,BRSNR,DindoliHub_STV_PL,PH-B2-SURBTS-25854394,expected,OPENED,02-10-2026 19:42,Ashvani Bhatt,02-10-2026 18:38,04-10-2026 2:58,32.33333,>=24 hrs
03-10-2026,FMPC6554163550,DindoliHub_STV_PL,SHRI SIDHI FASHION +919166807301,0bd2661b9ef749a1,dispatched_to_mh,West,TRUEFLEX,9.49E+05,Trueflex,Shekh Samir,MotherHub_STV_BTS,BRSNR,DindoliHub_STV_PL,PH-B6-SURBTS-25853566,expected,OPENED,03-10-2026 4:40,Ashvani Bhatt,02-10-2026 18:03,#VALUE!,#VALUE!,#VALUE!
03-10-2026,FMPC6553464787,DindoliHub_STV_PL,PINK SHE +919974050132,f6c1df83aa6b4a36,received_at_mh,West,LMA,1.00E+11,Princy Enterprise,TikhadeAjay,MotherHub_STV_BTS,BRSNR,DindoliHub_STV_PL,PH-B2-SURBTS-25854394,expected,OPENED,02-10-2026 19:42,Ashvani Bhatt,02-10-2026 18:38,04-10-2026 2:55,32.28333,>=24 hrs
03-10-2026,FMPP4314107089,DindoliHub_STV_PL,MAHESH RATNABHAI BALDANIYA +919408546370,fe3cfdd0058e4414,received_at_mh,West,TRUEFLEX,998771,Trueflex,Ajay Dnyaneshwar Patil,MotherHub_STV_BTS,BRSNR,DindoliHub_STV_PL,PH-B6-SURBTS-25681608,expected,OPENED,02-10-2026 21:44,Ashvani Bhatt,02-10-2026 19:28,04-10-2026 9:11,37.71667,>=24 hrs
03-10-2026,FMPC6554251776,DindoliHub_STV_PL,Western World +919975704304,4285e57d0f0d497c,dispatched_to_mh,West,LMA,1.00E+11,Princy Enterprise,AmitMishra,MotherHub_STV_BTS,BRSNR,DindoliHub_STV_PL,PH-B1-SURBTS-25153969,expected,OPENED,02-10-2026 21:18,Ashvani Bhatt,02-10-2026 20:24,#VALUE!,#VALUE!,#VALUE!
03-10-2026,FMPC6553978446,DhankawadiHub_PUNE_PL,Rudra Store +918356044419,fc059540e4354378,received_at_mh,West,EKART,4.10E+06,EKART,Jivan Raju Jadhav,MotherHub_PUNE,BRSNR,DhankawadiHub_PUNE_PL,PH-B3-PNQPNQ-4487510,expected,OPENED,02-10-2026 23:00,Swapnil Borgaonkar (MH),02-10-2026 19:18,05-10-2026 9:17,61.98333,>=24 hrs
03-10-2026,FMPC6553401536,DindoliHub_STV_PL,Yamuna fashion +919979441523,8cc9494787f7443c,received_at_mh,West,LMA,1.00E+11,Shree Hari Logistics,Kiran BabluPatil,MotherHub_STV_BTS,BRSNR,DindoliHub_STV_PL,PH-B1-SURBTS-25785584,expected,OPENED,03-10-2026 0:12,Ashvani Bhatt,02-10-2026 19:28,04-10-2026 4:14,32.76667,>=24 hrs
03-10-2026,FMPC6553338483,DindoliHub_STV_PL,MANVIT CREATION +919726314226,0aef2d69ecd446ee,received_at_mh,West,LMA,1.00E+11,Vxpress,Pankaj EknathSuryawanshi,MotherHub_STV_BTS,BRSNR,DindoliHub_STV_PL,PH-B2-SURBTS-25863549,expected,OPENED,02-10-2026 23:08,Ashvani Bhatt,02-10-2026 19:28,04-10-2026 1:10,29.7,>=24 hrs
03-10-2026,FMPC6553416866,DindoliHub_STV_PL,DWARKADHISH ENTERPRISE +919023335622,cfa374d3c08c4a5e,received_at_mh,West,TRUEFLEX,998771,Trueflex,Ajay Dnyaneshwar Patil,MotherHub_STV_BTS,BRSNR,DindoliHub_STV_PL,PH-B1-SURBTS-25681463,expected,OPENED,02-10-2026 21:49,Ashvani Bhatt,02-10-2026 19:28,04-10-2026 1:49,30.35,>=24 hrs
03-10-2026,FMPC6553408766,DindoliHub_STV_PL,Nebula Trendz +918758790273,b9764449c364489b,received_at_mh,West,LMA,1.00E+11,Princy Enterprise,TikhadeAjay,MotherHub_STV_BTS,BRSNR,DindoliHub_STV_PL,PH-B2-SURBTS-25854394,expected,OPENED,02-10-2026 19:42,Ashvani Bhatt,02-10-2026 18:38,04-10-2026 2:55,32.28333,>=24 hrs
03-10-2026,FMPC6553472551,DindoliHub_STV_PL,Nebula Trendz +918758790273,b9764449c364489b,received_at_mh,West,LMA,1.00E+11,Princy Enterprise,TikhadeAjay,MotherHub_STV_BTS,BRSNR,DindoliHub_STV_PL,PH-B2-SURBTS-25854394,expected,OPENED,02-10-2026 19:42,Ashvani Bhatt,02-10-2026 18:38,04-10-2026 2:54,32.26667,>=24 hrs
03-10-2026,FMPP4313982178,DindoliHub_STV_PL,Nebula Trendz +918758790273,b9764449c364489b,received_at_mh,West,LMA,1.00E+11,Princy Enterprise,TikhadeAjay,MotherHub_STV_BTS,BRSNR,DindoliHub_STV_PL,PH-B2-SURBTS-25854394,expected,OPENED,02-10-2026 19:42,Ashvani Bhatt,02-10-2026 18:38,04-10-2026 2:56,32.3,>=24 hrs
03-10-2026,FMPC6552796118,DindoliHub_STV_PL,SHRI SIDHI FASHION +919166807301,0bd2661b9ef749a1,dispatched_to_mh,West,TRUEFLEX,948561,Trueflex,Shekh Samir,MotherHub_STV_BTS,BRSNR,DindoliHub_STV_PL,PH-B3-SURBTS-25853519,expected,OPENED,02-10-2026 18:58,Ashvani Bhatt,02-10-2026 18:03,#VALUE!,#VALUE!,#VALUE!
03-10-2026,FMPC6554013891,DindoliHub_STV_PL,MAHESH RATNABHAI BALDANIYA +919408546370,fe3cfdd0058e4414,received_at_mh,West,TRUEFLEX,998771,Trueflex,Ajay Dnyaneshwar Patil,MotherHub_STV_BTS,BRSNR,DindoliHub_STV_PL,PH-B1-SURBTS-25681463,expected,OPENED,02-10-2026 21:49,Ashvani Bhatt,02-10-2026 19:28,04-10-2026 1:47,30.31667,>=24 hrs
03-10-2026,FMPC6554277364,DindoliHub_STV_PL,DWARKADHISH ENTERPRISE +919023335622,cfa374d3c08c4a5e,received_at_mh,West,TRUEFLEX,9.99E+05,Trueflex,Ajay Dnyaneshwar Patil,MotherHub_STV_BTS,BRSNR,DindoliHub_STV_PL,PH-B6-SURBTS-25681608,expected,OPENED,02-10-2026 21:44,Ashvani Bhatt,02-10-2026 19:28,04-10-2026 9:05,37.61667,>=24 hrs
03-10-2026,FMPC6552875159,DindoliHub_STV_PL,Yamuna fashion +919979441523,8cc9494787f7443c,received_at_mh,West,LMA,1.00E+11,Shree Hari Logistics,Kiran BabluPatil,MotherHub_STV_BTS,BRSNR,DindoliHub_STV_PL,PH-B6-SURBTS-25235762,expected,OPENED,03-10-2026 4:50,Ashvani Bhatt,02-10-2026 19:28,04-10-2026 8:49,37.35,>=24 hrs
03-10-2026,FMPP4314309515,DindoliHub_STV_PL,RADHE ENTERPRISE +919429890434,cf6e2177915a4c8c,received_at_mh,West,TRUEFLEX,9.99E+05,Trueflex,Ajay Dnyaneshwar Patil,MotherHub_STV_BTS,BRSNR,DindoliHub_STV_PL,PH-B1-SURBTS-25681463,expected,OPENED,02-10-2026 21:49,Ashvani Bhatt,02-10-2026 19:28,04-10-2026 1:44,30.26667,>=24 hrs
03-10-2026,FMPC6553979138,DindoliHub_STV_PL,RADHE ENTERPRISE +919429890434,cf6e2177915a4c8c,received_at_mh,West,TRUEFLEX,9.99E+05,Trueflex,Ajay Dnyaneshwar Patil,MotherHub_STV_BTS,BRSNR,DindoliHub_STV_PL,PH-B2-SURBTS-25681478,expected,OPENED,02-10-2026 21:52,Ashvani Bhatt,02-10-2026 19:28,04-10-2026 2:45,31.28333,>=24 hrs
03-10-2026,FMPC6552819154,DhankawadiHub_PUNE_PL,Rudra Store +918356044419,fc059540e4354378,received_at_mh,West,EKART,4.10E+06,EKART,Jivan Raju Jadhav,MotherHub_PUNE,BRSNR,DhankawadiHub_PUNE_PL,PH-B3-PNQPNQ-4487510,expected,OPENED,02-10-2026 23:00,Swapnil Borgaonkar (MH),02-10-2026 19:18,05-10-2026 9:17,61.98333,>=24 hrs
03-10-2026,FMPC6553461209,DindoliHub_STV_PL,Nebula Trendz +918758790273,b9764449c364489b,received_at_mh,West,LMA,1.00E+11,Princy Enterprise,TikhadeAjay,MotherHub_STV_BTS,BRSNR,DindoliHub_STV_PL,PH-B2-SURBTS-25854394,expected,OPENED,02-10-2026 19:42,Ashvani Bhatt,02-10-2026 18:38,04-10-2026 2:57,32.31667,>=24 hrs
03-10-2026,FMPC6553506815,DhankawadiHub_PUNE_PL,Shivayra +919145420517,0cb0f591410a46ae,dispatched_to_mh,West,EKART,2.08E+06,EKART,Deepak,MotherHub_PUNE,BRSNR,DhankawadiHub_PUNE_PL,PH-B6-PNQPNQ-4488512,expected,OPENED,02-10-2026 22:34,Swapnil Borgaonkar (MH),02-10-2026 19:18,#VALUE!,#VALUE!,#VALUE!
03-10-2026,FMPP4314483170,DindoliHub_STV_PL,Western World +919975704304,4285e57d0f0d497c,dispatched_to_mh,West,LMA,1.00E+11,Princy Enterprise,AmitMishra,MotherHub_STV_BTS,BRSNR,DindoliHub_STV_PL,PH-B1-SURBTS-25153969,expected,OPENED,02-10-2026 21:18,Ashvani Bhatt,02-10-2026 20:24,#VALUE!,#VALUE!,#VALUE!
03-10-2026,FMPC6553436156,DindoliHub_STV_PL,Nebula Trendz +918758790273,b9764449c364489b,received_at_mh,West,LMA,1.00E+11,Princy Enterprise,TikhadeAjay,MotherHub_STV_BTS,BRSNR,DindoliHub_STV_PL,PH-B2-SURBTS-25854394,expected,OPENED,02-10-2026 19:42,Ashvani Bhatt,02-10-2026 18:38,04-10-2026 2:54,32.26667,>=24 hrs
03-10-2026,FMPC6553688161,DindoliHub_STV_PL,PINK SHE +919974050132,f6c1df83aa6b4a36,received_at_mh,West,LMA,1.00E+11,Princy Enterprise,TikhadeAjay,MotherHub_STV_BTS,BRSNR,DindoliHub_STV_PL,PH-B2-SURBTS-25854394,expected,OPENED,02-10-2026 19:42,Ashvani Bhatt,02-10-2026 18:38,04-10-2026 2:58,32.33333,>=24 hrs
03-10-2026,FMPP4313954717,DindoliHub_STV_PL,PINK SHE +919974050132,f6c1df83aa6b4a36,received_at_mh,West,LMA,1.00E+11,Princy Enterprise,TikhadeAjay,MotherHub_STV_BTS,BRSNR,DindoliHub_STV_PL,PH-B2-SURBTS-25854394,expected,OPENED,02-10-2026 19:42,Ashvani Bhatt,02-10-2026 18:38,04-10-2026 2:58,32.33333,>=24 hrs
03-10-2026,FMPP4314454736,DindoliHub_STV_PL,Western World +919975704304,4285e57d0f0d497c,dispatched_to_mh,West,LMA,1.00E+11,Princy Enterprise,AmitMishra,MotherHub_STV_BTS,BRSNR,DindoliHub_STV_PL,PH-B6-SURBTS-25814701,expected,OPENED,03-10-2026 2:58,Ashvani Bhatt,02-10-2026 20:24,#VALUE!,#VALUE!,#VALUE!
03-10-2026,FMPC6552833762,DindoliHub_STV_PL,Yamuna fashion +919979441523,8cc9494787f7443c,received_at_mh,West,LMA,1.00E+11,Shree Hari Logistics,Kiran BabluPatil,MotherHub_STV_BTS,BRSNR,DindoliHub_STV_PL,PH-B6-SURBTS-25235762,expected,OPENED,03-10-2026 4:50,Ashvani Bhatt,02-10-2026 19:28,04-10-2026 8:43,37.25,>=24 hrs
03-10-2026,FMPC6553409393,DindoliHub_STV_PL,PINK SHE +919974050132,f6c1df83aa6b4a36,received_at_mh,West,LMA,1.00E+11,Princy Enterprise,TikhadeAjay,MotherHub_STV_BTS,BRSNR,DindoliHub_STV_PL,PH-B2-SURBTS-25854394,expected,OPENED,02-10-2026 19:42,Ashvani Bhatt,02-10-2026 18:38,04-10-2026 2:55,32.28333,>=24 hrs
03-10-2026,FMPC6553417526,DomalgudaHub_HYD_PL,Sansuka Enterprises +918555962262,b788ab0097134843,dispatched_to_mh,South,LMA,1.00E+11,WERCATALYST VENTURES PVT LTD,Vannelu SaiRam,MotherHub_HYP,BRSNR,DomalgudaHub_HYD_PL,PH-B2-HYDHYP-10119813,expected,OPENED,02-10-2026 20:15,Vivekananda Tallapudi,02-10-2026 18:22,#VALUE!,#VALUE!,#VALUE!
03-10-2026,FMPC6554217666,DomalgudaHub_HYD_PL,FASTAKER +917702282864,884d95f4aa1d4cde,dispatched_to_mh,South,LMA,1.00E+11,WERCATALYST VENTURES PVT LTD,NaravoinaJayanth,MotherHub_HYP,BRSNR,DomalgudaHub_HYD_PL,PH-B4-HYDHYP-10120175,expected,OPENED,02-10-2026 21:35,Vivekananda Tallapudi,02-10-2026 19:30,#VALUE!,#VALUE!,#VALUE!
03-10-2026,FMPP4313572908,HowrahHub_KOL_PL,LAXMI NARASINGHA STORES +919477670498,24f04b35c8c5499a,dispatched_to_mh,East,LMA,1.00E+11,WHEELEY,Md JiyarulMunsi,Motherhub_ULB,BRSNR,HowrahHub_KOL_PL,PH-B2-CCUULB-5307676,expected,OPENED,02-10-2026 22:24,Somnath G,02-10-2026 19:46,#VALUE!,#VALUE!,#VALUE!
03-10-2026,FMPC6552921566,HowrahHub_KOL_PL,LAXMI NARASINGHA STORES +919477670498,24f04b35c8c5499a,dispatched_to_mh,East,LMA,1.00E+11,WHEELEY,Md JiyarulMunsi,Motherhub_ULB,BRSNR,HowrahHub_KOL_PL,PH-B2-CCUULB-5307676,expected,OPENED,02-10-2026 22:24,Somnath G,02-10-2026 19:46,#VALUE!,#VALUE!,#VALUE!
03-10-2026,FMPC6553923999,HowrahHub_KOL_PL,SIMORA Enterprises +919234008340,d31cd438026b4429,dispatched_to_mh,East,LMA,1.00E+11,WHEELEY,BISHALSINGH,Motherhub_ULB,BRSNR,HowrahHub_KOL_PL,PH-B2-CCUULB-5194866,expected,OPENED,02-10-2026 23:33,Somnath G,02-10-2026 20:15,#VALUE!,#VALUE!,#VALUE!
03-10-2026,FMPP4313585682,HowrahHub_KOL_PL,ELITEWAVE GARMENTS +918240885961,b1253e35c0534de3,received_at_mh,East,LMA,1.00E+11,SAS,SalmanTarafdar,Motherhub_ULB,BRSNR,HowrahHub_KOL_PL,PH-B1-CCUULB-5262739,expected,OPENED,02-10-2026 23:26,Somnath G,02-10-2026 20:15,#VALUE!,#VALUE!,#VALUE!
03-10-2026,FMPP4314106877,HowrahHub_KOL_PL,HURIYAT AKHTIARIK +918910012695,0d5582fda9ae420b,dispatched_to_mh,East,LMA,1.00E+11,WHEELEY,Md Sahid AlamSardar,Motherhub_ULB,BRSNR,HowrahHub_KOL_PL,PH-B2-CCUULB-4361794,expected,OPENED,02-10-2026 22:23,Somnath G,02-10-2026 19:46,#VALUE!,#VALUE!,#VALUE!
03-10-2026,FMPP4314165152,HowrahHub_KOL_PL,ARADHA +919062184619,e7bd107122ad44fa,received_at_mh,East,LMA,1.00E+11,WERCATALYST VENTURES PVT LTD,DebdasMondal,Motherhub_ULB,BRSNR,HowrahHub_KOL_PL,PH-B2-CCUULB-5277525,expected,OPENED,02-10-2026 21:54,Somnath G,02-10-2026 18:36,#VALUE!,#VALUE!,#VALUE!
03-10-2026,FMPC6552714123,ManinagarHub_ADI_PL,HKBS HOME +917041501389,0bc804bbf5294b10,dispatched_to_mh,West,LMA,1.00E+11,Princy Enterprise,NadiyaMonik,Motherhub_ABD,BRSNR,ManinagarHub_ADI_PL,PH-ZO-AHDABD-16862210,expected,OPENED,03-10-2026 0:36,Ankur Sinha,02-10-2026 21:07,#VALUE!,#VALUE!,#VALUE!
03-10-2026,FMPC6553336108,ManinagarHub_ADI_PL,Rajkamal Jewellers +916359579720,8947696b7f224a9a,dispatched_to_mh,West,LMA,1.00E+11,Princy Enterprise,Zala NirendrasinhShailendrasinh,MotherHub_ABD_Flex,BRSNR,ManinagarHub_ADI_PL,PH-B4-ABDFLEX-121993,expected,OPENED,02-10-2026 20:48,Ankur Sinha,02-10-2026 18:01,#VALUE!,#VALUE!,#VALUE!
03-10-2026,FMPC6553142360,ManinagarHub_ADI_PL,KAISHAR ENTERPRISE +917698896663,4f8d4c6ae9e74ad2,dispatched_to_mh,West,LMA,1.00E+11,Princy Enterprise,Shrimali HardikkumarVinodbhhai,MotherHub_ABD_Flex,BRSNR,ManinagarHub_ADI_PL,PH-B1-ABDFLEX-122009,expected,OPENED,02-10-2026 21:02,Ankur Sinha,02-10-2026 18:01,#VALUE!,#VALUE!,#VALUE!
03-10-2026,FMPP4314704530,ManinagarHub_ADI_PL,Cosmos International +918799550466,00196debbd194404,received_at_mh,West,LMA,1.00E+11,Princy Enterprise,Rajkumar JayantibhaiVaghela,MotherHub_ABD_Flex,BRSNR,ManinagarHub_ADI_PL,PH-B1-ABDFLEX-113251,expected,OPENED,03-10-2026 0:49,Ankur Sinha,02-10-2026 20:08,03-10-2026 20:50,24.7,>=24 hrs
03-10-2026,FMPC6552748232,ManinagarHub_ADI_PL,SiaaRam +919054003690,e84c7fe444c94202,received_at_mh,West,LMA,1.00E+11,Princy Enterprise,Ghanghoria SonukumarMotilal,MotherHub_ABD_Flex,BRSNR,ManinagarHub_ADI_PL,PH-B3-ABDFLEX-121737,expected,OPENED,02-10-2026 21:06,Ankur Sinha,02-10-2026 18:01,05-10-2026 22:23,76.36667,>=24 hrs
03-10-2026,FMPP4314026946,ManinagarHub_ADI_PL,B.N. CREATION +917990611402,7e2e2d4857d1499c,dispatched_to_mh,West,LMA,1.00E+11,Princy Enterprise,NadiyaMonik,MotherHub_ABD_Flex,BRSNR,ManinagarHub_ADI_PL,PH-B4-ABDFLEX-124673,expected,OPENED,03-10-2026 0:35,Ankur Sinha,02-10-2026 20:08,#VALUE!,#VALUE!,#VALUE!
03-10-2026,FMPP4314646633,ManinagarHub_ADI_PL,V.B.K PRODUCTS +917016090595,edeb86918a6540c7,dispatched_to_mh,West,LMA,1.00E+11,Princy Enterprise,NadiyaMonik,MotherHub_ABD_Flex,BRSNR,ManinagarHub_ADI_PL,PH-B3-ABDFLEX-124672,expected,OPENED,03-10-2026 0:32,Ankur Sinha,02-10-2026 20:08,#VALUE!,#VALUE!,#VALUE!
03-10-2026,FMPC6553125425,ManinagarHub_ADI_PL,HKBS HOME +917041501389,0bc804bbf5294b10,dispatched_to_mh,West,LMA,1.00E+11,Princy Enterprise,NadiyaMonik,MotherHub_ABD_Flex,BRSNR,ManinagarHub_ADI_PL,PH-B3-ABDFLEX-124672,expected,OPENED,03-10-2026 0:32,Ankur Sinha,02-10-2026 20:08,#VALUE!,#VALUE!,#VALUE!
03-10-2026,FMPP4313577590,ManinagarHub_ADI_PL,KAISHAR ENTERPRISE +917698896663,4f8d4c6ae9e74ad2,dispatched_to_mh,West,LMA,1.00E+11,Princy Enterprise,Shrimali HardikkumarVinodbhhai,MotherHub_ABD_Flex,BRSNR,ManinagarHub_ADI_PL,PH-B1-ABDFLEX-122009,expected,OPENED,02-10-2026 21:02,Ankur Sinha,02-10-2026 18:01,#VALUE!,#VALUE!,#VALUE!
03-10-2026,FMPC6554553505,ManinagarHub_ADI_PL,Cosmos International +918799550466,00196debbd194404,received_at_mh,West,LMA,1.00E+11,Princy Enterprise,Rajkumar JayantibhaiVaghela,Motherhub_ABD,BRSNR,ManinagarHub_ADI_PL,PH-ZO-AHDABD-16852008,expected,OPENED,02-10-2026 22:12,Ankur Sinha,02-10-2026 20:09,03-10-2026 23:51,27.7,>=24 hrs
03-10-2026,FMPP4313770209,ManinagarHub_ADI_PL,JS ENTERPRISE +918849466338,f1541cef8ed841cb,dispatched_to_mh,West,LMA,1.00E+11,Loadshare,Dholpariya JashwantBalwant,MotherHub_ABD_Flex,BRSNR,ManinagarHub_ADI_PL,PH-B4-ABDFLEX-123926,expected,OPENED,03-10-2026 0:47,Ankur Sinha,02-10-2026 20:08,#VALUE!,#VALUE!,#VALUE!
03-10-2026,FMPC6554591884,ManinagarHub_ADI_PL,Cosmos International +918799550466,00196debbd194404,received_at_mh,West,LMA,1.00E+11,Princy Enterprise,Rajkumar JayantibhaiVaghela,MotherHub_ABD_Flex,BRSNR,ManinagarHub_ADI_PL,PH-B4-ABDFLEX-113288,expected,OPENED,03-10-2026 0:48,Ankur Sinha,02-10-2026 20:08,03-10-2026 21:39,25.51667,>=24 hrs
03-10-2026,FMPC6554514161,ManinagarHub_ADI_PL,SAINATH TRADERS +918460507924,1f8e5f5cadc749a9,dispatched_to_mh,West,LMA,1.00E+11,Princy Enterprise,Rajkumar JayantibhaiVaghela,MotherHub_ABD_Flex,BRSNR,ManinagarHub_ADI_PL,PH-B4-ABDFLEX-113288,expected,OPENED,03-10-2026 0:48,Ankur Sinha,02-10-2026 20:08,#VALUE!,#VALUE!,#VALUE!
03-10-2026,FMPC6554569596,ManinagarHub_ADI_PL,Cosmos International +918799550466,00196debbd194404,received_at_mh,West,LMA,1.00E+11,Princy Enterprise,Rajkumar JayantibhaiVaghela,MotherHub_ABD_Flex,BRSNR,ManinagarHub_ADI_PL,PH-B4-ABDFLEX-113288,expected,OPENED,03-10-2026 0:48,Ankur Sinha,02-10-2026 20:08,03-10-2026 21:40,25.53333,>=24 hrs
03-10-2026,FMPC6553421471,ManinagarHub_ADI_PL,DAYLIGHT PRODUCTS +919998743855,18e68260ab0c41a3,dispatched_to_mh,West,LMA,1.00E+11,Loadshare,Dholpariya JashwantBalwant,MotherHub_ABD_Flex,BRSNR,ManinagarHub_ADI_PL,PH-B1-ABDFLEX-123087,expected,OPENED,03-10-2026 0:38,Ankur Sinha,02-10-2026 20:08,#VALUE!,#VALUE!,#VALUE!
03-10-2026,FMPC6553415622,ManinagarHub_ADI_PL,SkyRed Ventures +917575850586,b627d8e636be4cb5,dispatched_to_mh,West,LMA,1.00E+11,Loadshare,Dholpariya JashwantBalwant,MotherHub_ABD_Flex,BRSNR,ManinagarHub_ADI_PL,PH-B4-ABDFLEX-123926,expected,OPENED,03-10-2026 0:47,Ankur Sinha,02-10-2026 20:08,#VALUE!,#VALUE!,#VALUE!
03-10-2026,FMPC6552813933,ManinagarHub_ADI_PL,Kapadia +919106175358,agf9h3v7639lbbll,dispatched_to_mh,West,LMA,1.00E+11,Loadshare,Sopan RaghunathBaviskar,Motherhub_ABD,BRSNR,ManinagarHub_ADI_PL,PH-ZO-AHDABD-16855792,expected,OPENED,02-10-2026 22:17,Ankur Sinha,02-10-2026 20:09,#VALUE!,#VALUE!,#VALUE!
03-10-2026,FMPC6554237667,LBNagarHub_HYD_PL,cookxon +918328400494,476d49dcb8a24696,dispatched_to_mh,South,LMA,1.00E+11,Greenteck Logistics and Mobility Pvt Ltd,Mogili KarthikSagar,MotherHub_HYP,BRSNR,LBNagarHub_HYD_PL,PH-B4-HYDHYP-10125817,expected,OPENED,02-10-2026 22:55,Vivekananda Tallapudi,02-10-2026 17:58,#VALUE!,#VALUE!,#VALUE!
03-10-2026,FMPC6552912574,ManinagarHub_ADI_PL,KAISHAR ENTERPRISE +917698896663,4f8d4c6ae9e74ad2,dispatched_to_mh,West,LMA,1.00E+11,Princy Enterprise,Shrimali HardikkumarVinodbhhai,MotherHub_ABD_Flex,BRSNR,ManinagarHub_ADI_PL,PH-B4-ABDFLEX-122023,expected,OPENED,02-10-2026 21:03,Ankur Sinha,02-10-2026 18:01,#VALUE!,#VALUE!,#VALUE!
03-10-2026,FMPP4314386805,ManinagarHub_ADI_PL,Namaskar Foods +919925040702,43c137a816c844a3,received_at_mh,West,LMA,1.00E+11,Princy Enterprise,Zala NirendrasinhShailendrasinh,MotherHub_ABD_Flex,BRSNR,ManinagarHub_ADI_PL,PH-B4-ABDFLEX-121984,expected,OPENED,02-10-2026 20:49,Ankur Sinha,02-10-2026 18:01,#VALUE!,#VALUE!,#VALUE!
03-10-2026,FMPC6554063163,ManinagarHub_ADI_PL,Aza Creation +919274759203,b305dccf9eb345d0,received_at_mh,West,LMA,1.00E+11,Princy Enterprise,Shrimali HardikkumarVinodbhhai,MotherHub_ABD_Flex,BRSNR,ManinagarHub_ADI_PL,PH-B1-ABDFLEX-122009,expected,OPENED,02-10-2026 21:02,Ankur Sinha,02-10-2026 18:01,04-10-2026 2:24,32.38333,>=24 hrs
03-10-2026,FMPC6553520396,ManinagarHub_ADI_PL,B.N. CREATION +917990611402,7e2e2d4857d1499c,dispatched_to_mh,West,LMA,1.00E+11,Princy Enterprise,NadiyaMonik,MotherHub_ABD_Flex,BRSNR,ManinagarHub_ADI_PL,PH-B1-ABDFLEX-124669,expected,OPENED,03-10-2026 0:35,Ankur Sinha,02-10-2026 20:08,#VALUE!,#VALUE!,#VALUE!
03-10-2026,FMPC6553858739,ManinagarHub_ADI_PL,GURUKRUPA IMPEX +918690905900,43f28b524f0341bd,dispatched_to_mh,West,LMA,1.00E+11,Princy Enterprise,YuvrajsinhChavda,MotherHub_ABD_Flex,BRSNR,ManinagarHub_ADI_PL,PH-B4-ABDFLEX-121798,expected,OPENED,03-10-2026 0:47,Ankur Sinha,02-10-2026 20:08,#VALUE!,#VALUE!,#VALUE!
03-10-2026,FMPP4314393875,ManinagarHub_ADI_PL,KAISHAR ENTERPRISE +917698896663,4f8d4c6ae9e74ad2,received_at_mh,West,LMA,1.00E+11,Princy Enterprise,Shrimali HardikkumarVinodbhhai,MotherHub_ABD_Flex,BRSNR,ManinagarHub_ADI_PL,PH-B3-ABDFLEX-122014,expected,OPENED,02-10-2026 21:01,Ankur Sinha,02-10-2026 18:01,04-10-2026 7:18,37.28333,>=24 hrs
03-10-2026,FMPC6554339941,ManinagarHub_ADI_PL,KAISHAR ENTERPRISE +917698896663,4f8d4c6ae9e74ad2,received_at_mh,West,LMA,1.00E+11,Princy Enterprise,Shrimali HardikkumarVinodbhhai,Motherhub_ABD,BRSNR,ManinagarHub_ADI_PL,PH-ZO-AHDABD-16860279,expected,OPENED,02-10-2026 22:19,Ankur Sinha,02-10-2026 20:09,03-10-2026 23:36,27.45,>=24 hrs
03-10-2026,FMPC6554213325,LBNagarHub_HYD_PL,LIFESTYLE COLOURS +918142993181,22ccbc0ef4594cf6,dispatched_to_mh,South,LMA,1.00E+11,Greenteck Logistics and Mobility Pvt Ltd,Mogili KarthikSagar,MotherHub_HYP,BRSNR,LBNagarHub_HYD_PL,PH-B4-HYDHYP-10125817,expected,OPENED,02-10-2026 22:55,Vivekananda Tallapudi,02-10-2026 17:58,#VALUE!,#VALUE!,#VALUE!
03-10-2026,FMPC6553087773,ManinagarHub_ADI_PL,Gokul Fashion +917622893003,439f641b73474dfb,received_at_mh,West,LMA,1.00E+11,Loadshare,PrajapatiGaurav,MotherHub_ABD_Flex,BRSNR,ManinagarHub_ADI_PL,PH-B1-ABDFLEX-65759,expected,OPENED,02-10-2026 20:56,Ankur Sinha,02-10-2026 18:01,05-10-2026 22:09,76.13333,>=24 hrs
03-10-2026,FMPP4314041587,ManinagarHub_ADI_PL,Rishabh Maverick Impex Pvt. Ltd. +918000692011,22a5f7f7126b48ec,received_at_mh,West,LMA,1.00E+11,Princy Enterprise,Rajkumar JayantibhaiVaghela,MotherHub_ABD_Flex,BRSNR,ManinagarHub_ADI_PL,PH-B3-ABDFLEX-94863,expected,OPENED,03-10-2026 0:53,Ankur Sinha,02-10-2026 20:08,#VALUE!,#VALUE!,#VALUE!
03-10-2026,FMPC6553095894,ManinagarHub_ADI_PL,AARAV IMPEX +917742324242,d57e967534cb46ae,received_at_mh,West,LMA,1.00E+11,Loadshare,PrajapatiGaurav,MotherHub_ABD_Flex,BRSNR,ManinagarHub_ADI_PL,PH-B3-ABDFLEX-65767,expected,OPENED,02-10-2026 20:59,Ankur Sinha,02-10-2026 18:01,05-10-2026 22:10,76.15,>=24 hrs
03-10-2026,FMPC6553508922,ManinagarHub_ADI_PL,B.N. CREATION +917990611402,7e2e2d4857d1499c,dispatched_to_mh,West,LMA,1.00E+11,Princy Enterprise,NadiyaMonik,MotherHub_ABD_Flex,BRSNR,ManinagarHub_ADI_PL,PH-B1-ABDFLEX-124669,expected,OPENED,03-10-2026 0:35,Ankur Sinha,02-10-2026 20:08,#VALUE!,#VALUE!,#VALUE!
03-10-2026,FMPP4314676183,ManinagarHub_ADI_PL,Cosmos International +918799550466,00196debbd194404,received_at_mh,West,LMA,1.00E+11,Princy Enterprise,Rajkumar JayantibhaiVaghela,Motherhub_ABD,BRSNR,ManinagarHub_ADI_PL,PH-ZO-AHDABD-16852008,expected,OPENED,02-10-2026 22:12,Ankur Sinha,02-10-2026 20:09,03-10-2026 23:52,27.71667,>=24 hrs
03-10-2026,FMPC6554141968,MasabTankHub_HYD_PL,RR ENTERPRISES +917386759915,89fe077414074ec7,dispatched_to_mh,South,LMA,1.00E+11,WERCATALYST VENTURES PVT LTD,BMallikarjun,MotherHub_HYP,BRSNR,MasabTankHub_HYD_PL,PH-B2-HYDHYP-10130110,expected,OPENED,02-10-2026 21:17,Vivekananda Tallapudi,02-10-2026 18:02,#VALUE!,#VALUE!,#VALUE!
03-10-2026,FMPC6553994323,Motavarachahub_STV_PL,KHATI AXOMIYA +918238822234,4ff365e57f904b73,received_at_mh,West,LMA,1.00E+11,PRIME LOGIC,Gaurav VinodPawar,MotherHub_STV_BTS,BRSNR,Motavarachahub_STV_PL,PH-B2-SURBTS-25858632,expected,OPENED,02-10-2026 21:10,Ashvani Bhatt,02-10-2026 19:40,04-10-2026 2:13,30.55,>=24 hrs
03-10-2026,FMPC6553282221,MysorerdHub_BLR_PL,KRISHNA ELECTRICALS AND ELECTRONICS +917760762340,9fa4f4b31c534bf3,dispatched_to_mh,South,LMA,1.00E+11,WERCATALYST VENTURES PVT LTD,S ZafarPasha,MotherHub_BLR,BRSNR,MysorerdHub_BLR_PL,PH-B3-BLRBLR-15713478,expected,OPENED,02-10-2026 20:50,Anwar Babu Maldar,02-10-2026 17:57,#VALUE!,#VALUE!,#VALUE!
03-10-2026,FMPC6554505981,Motavarachahub_STV_PL,KEEKOS +919081024391,59dda05732864dda,dispatched_to_mh,West,LMA,1.00E+11,PRIME LOGIC,Bhushan SudhakarMagare,MotherHub_STV_BTS,BRSNR,Motavarachahub_STV_PL,PH-B6-SURBTS-25888430,expected,OPENED,03-10-2026 3:59,Ashvani Bhatt,02-10-2026 19:40,#VALUE!,#VALUE!,#VALUE!
03-10-2026,FMPC6553027230,Motavarachahub_STV_PL,VISHWAS SYNTHETICS +919998835363,d573a0ab344540d3,received_at_seller,West,LMA,1.00E+11,PRIME LOGIC,Anuj KumarYadav,MotherHub_STV_BTS,BRSNR,Motavarachahub_STV_PL,PH-B2-SURBTS-25653325,expected,OPENED,02-10-2026 20:28,Ashvani Bhatt,#VALUE!,#VALUE!,#VALUE!,#VALUE!
03-10-2026,FMPC6552843131,MysorerdHub_BLR_PL,GOWRI ENTERPRISES +919066026221,32793341be81419c,dispatched_to_mh,South,LMA,1.00E+11,WERCATALYST VENTURES PVT LTD,S ZafarPasha,MotherHub_BLR,BRSNR,MysorerdHub_BLR_PL,PH-B3-BLRBLR-15713478,expected,OPENED,02-10-2026 20:50,Anwar Babu Maldar,02-10-2026 17:57,#VALUE!,#VALUE!,#VALUE!
03-10-2026,FMPC6552994078,Motavarachahub_STV_PL,VISHWAS SYNTHETICS +919998835363,d573a0ab344540d3,dispatched_to_mh,West,LMA,1.00E+11,PRIME LOGIC,Anuj KumarYadav,MotherHub_STV_BTS,BRSNR,Motavarachahub_STV_PL,PH-B3-SURBTS-25653332,expected,OPENED,02-10-2026 22:02,Ashvani Bhatt,02-10-2026 21:16,#VALUE!,#VALUE!,#VALUE!
03-10-2026,FMPP4313681364,Motavarachahub_STV_PL,VISHWAS SYNTHETICS +919998835363,d573a0ab344540d3,dispatched_to_mh,West,LMA,1.00E+11,PRIME LOGIC,Anuj KumarYadav,MotherHub_STV_BTS,BRSNR,Motavarachahub_STV_PL,PH-B3-SURBTS-25653332,expected,OPENED,02-10-2026 22:02,Ashvani Bhatt,02-10-2026 21:16,#VALUE!,#VALUE!,#VALUE!
03-10-2026,FMPC6553524019,Motavarachahub_STV_PL,KHATI AXOMIYA +918238822234,4ff365e57f904b73,received_at_mh,West,LMA,1.00E+11,PRIME LOGIC,Gaurav VinodPawar,MotherHub_STV_BTS,BRSNR,Motavarachahub_STV_PL,PH-B2-SURBTS-25858632,expected,OPENED,02-10-2026 21:10,Ashvani Bhatt,02-10-2026 19:40,04-10-2026 2:16,30.6,>=24 hrs
03-10-2026,FMPC6553523521,Motavarachahub_STV_PL,SLC FASHION 9998803027,c11c0a2560074136,received_at_mh,West,TRUEFLEX,5.97E+05,Trueflex,Patil Prashant Kailash,MotherHub_STV_BTS,BRSNR,Motavarachahub_STV_PL,PH-B3-SURBTS-25898442,expected,OPENED,02-10-2026 19:27,Ashvani Bhatt,02-10-2026 17:36,03-10-2026 20:18,26.7,>=24 hrs
03-10-2026,FMPC6552767285,Motavarachahub_STV_PL,VISHWAS SYNTHETICS +919998835363,d573a0ab344540d3,dispatched_to_mh,West,LMA,1.00E+11,PRIME LOGIC,Anuj KumarYadav,MotherHub_STV_BTS,BRSNR,Motavarachahub_STV_PL,PH-B3-SURBTS-25653332,expected,OPENED,02-10-2026 22:02,Ashvani Bhatt,02-10-2026 21:16,#VALUE!,#VALUE!,#VALUE!
03-10-2026,FMPP4314025220,Motavarachahub_STV_PL,RAJNANDINI FASHION INDIA LIMITED +918000022054,066cc3bf7e3b4982,received_at_mh,West,LMA,1.00E+11,PRIME LOGIC,ShubhamSingh,MotherHub_STV_BTS,BRSNR,Motavarachahub_STV_PL,PH-B1-SURBTS-25897406,expected,OPENED,02-10-2026 20:42,Ashvani Bhatt,02-10-2026 19:40,04-10-2026 1:26,29.76667,>=24 hrs
03-10-2026,FMPC6552828584,Motavarachahub_STV_PL,VISHWAS SYNTHETICS +919998835363,d573a0ab344540d3,received_at_seller,West,LMA,1.00E+11,PRIME LOGIC,Anuj KumarYadav,MotherHub_STV_BTS,BRSNR,Motavarachahub_STV_PL,PH-B1-SURBTS-25653318,expected,OPENED,02-10-2026 20:27,Ashvani Bhatt,#VALUE!,#VALUE!,#VALUE!,#VALUE!
03-10-2026,FMPC6554044334,Motavarachahub_STV_PL,KHATI AXOMIYA +918238822234,4ff365e57f904b73,received_at_mh,West,LMA,1.00E+11,PRIME LOGIC,Gaurav VinodPawar,MotherHub_STV_BTS,BRSNR,Motavarachahub_STV_PL,PH-B2-SURBTS-25858632,expected,OPENED,02-10-2026 21:10,Ashvani Bhatt,02-10-2026 19:40,04-10-2026 2:11,30.51667,>=24 hrs
03-10-2026,FMPC6553274685,Motavarachahub_STV_PL,VISHWAS SYNTHETICS +919998835363,d573a0ab344540d3,dispatched_to_mh,West,LMA,1.00E+11,PRIME LOGIC,Anuj KumarYadav,MotherHub_STV_BTS,BRSNR,Motavarachahub_STV_PL,PH-B3-SURBTS-25653332,expected,OPENED,02-10-2026 22:02,Ashvani Bhatt,02-10-2026 21:16,#VALUE!,#VALUE!,#VALUE!
03-10-2026,FMPC6554058119,Motavarachahub_STV_PL,RUCHI ENTERPRISE +919227032828,72d51909288c47c6,received_at_mh,West,TRUEFLEX,5.97E+05,Trueflex,Rajendra Pruthviraj Patil,MotherHub_STV_BTS,BRSNR,Motavarachahub_STV_PL,PH-B2-SURBTS-25895855,expected,OPENED,02-10-2026 19:16,Ashvani Bhatt,02-10-2026 17:36,03-10-2026 21:47,28.18333,>=24 hrs
03-10-2026,FMPC6554125506,Motavarachahub_STV_PL,FASHION SHOP +919081767309,878c1e8b7a4542fe,dispatched_to_mh,West,LMA,1.00E+11,Loadshare,Dipendra SinghRathore,MotherHub_STV_BTS,BRSNR,Motavarachahub_STV_PL,PH-B1-SURBTS-25876518,expected,OPENED,02-10-2026 21:42,Ashvani Bhatt,02-10-2026 19:40,#VALUE!,#VALUE!,#VALUE!
03-10-2026,FMPC6553556302,Motavarachahub_STV_PL,AMAR FASHION +917574009041,19a846edb81b4536,dispatched_to_mh,West,TRUEFLEX,5.92E+05,Trueflex,Shaikh Hussain,MotherHub_STV_BTS,BRSNR,Motavarachahub_STV_PL,PH-B2-SURBTS-25805086,expected,OPENED,02-10-2026 21:02,Ashvani Bhatt,02-10-2026 19:40,#VALUE!,#VALUE!,#VALUE!
03-10-2026,FMPC6553461235,SaniyaHub_STV_PL,INDIA FASHION CLUB +918153875307,df5062b40f054fa2,received_at_mh,West,LMA,1.00E+11,COMMERSHIP SERVICES LLP,Pandey AdarshManojbhai,MotherHub_STV_BTS,BRSNR,SaniyaHub_STV_PL,PH-B2-SURBTS-25812789,expected,OPENED,02-10-2026 23:21,Ashvani Bhatt,02-10-2026 20:50,04-10-2026 1:57,29.11667,>=24 hrs
03-10-2026,FMPC6552776824,SaniyaHub_STV_PL,S.V. ENTERPRISE +919925970945,d5d23c60ba7d4967,received_at_mh,West,LMA,1.00E+11,PRIME LOGIC,Saiyad TosifKudratali,MotherHub_STV_BTS,BRSNR,SaniyaHub_STV_PL,PH-B1-SURBTS-25813420,expected,OPENED,02-10-2026 19:42,Ashvani Bhatt,02-10-2026 18:14,04-10-2026 1:56,31.7,>=24 hrs
03-10-2026,FMPP4313701521,SaroliHub_STV_PL,SUNRISE +919824955628,fcc601f1387943af,received_at_mh,West,LMA,1.00E+11,Loadshare,Jignesh VinodSavale,MotherHub_STV_BTS,BRSNR,SaroliHub_STV_PL,PH-B2-SURBTS-25840689,expected,OPENED,02-10-2026 20:18,Ashvani Bhatt,02-10-2026 18:35,04-10-2026 5:36,35.01667,>=24 hrs
03-10-2026,FMPC6553103736,SaroliHub_STV_PL,CRYSTAL ENTERPRISE +918000288182,8ee96aa83b664502,received_at_mh,West,LMA,1.00E+11,WERCATALYST VENTURES PVT LTD,SaiyadFarhan,MotherHub_STV_BTS,BRSNR,SaroliHub_STV_PL,PH-B2-SURBTS-25387821,expected,OPENED,02-10-2026 18:27,Ashvani Bhatt,02-10-2026 17:35,04-10-2026 4:53,35.3,>=24 hrs
03-10-2026,FMPC6553107897,SaniyaHub_STV_PL,khodal fashion 8200242747,7cb9217a4c9f4606,dispatched_to_mh,West,LMA,1.00E+11,PRIME LOGIC,Ansari MohmmadRehan,MotherHub_STV_BTS,BRSNR,SaniyaHub_STV_PL,PH-B2-SURBTS-25720647,expected,OPENED,02-10-2026 20:57,Ashvani Bhatt,02-10-2026 20:16,#VALUE!,#VALUE!,#VALUE!
03-10-2026,FMPP4314541909,SaroliHub_STV_PL,AYUKTA INTERNATIONAL +919978757105,76c37c211b7c4f4b,dispatched_to_mh,West,LMA,1.00E+11,WERCATALYST VENTURES PVT LTD,SamalaSaiganesh,MotherHub_STV_BTS,BRSNR,SaroliHub_STV_PL,PH-B6-SURBTS-25701634,expected,OPENED,02-10-2026 21:23,Ashvani Bhatt,02-10-2026 19:00,#VALUE!,#VALUE!,#VALUE!
03-10-2026,FMPC6553680099,SaroliHub_STV_PL,SUNRISE +919824955628,fcc601f1387943af,received_at_mh,West,LMA,1.00E+11,Loadshare,Jignesh VinodSavale,MotherHub_STV_BTS,BRSNR,SaroliHub_STV_PL,PH-B1-SURBTS-25840523,expected,OPENED,02-10-2026 21:41,Ashvani Bhatt,02-10-2026 18:35,04-10-2026 3:24,32.81667,>=24 hrs
03-10-2026,FMPC6552835524,SectorVHub_KOL_PL,PLANTIFY +917001944572,342a9bfc77ff44e5,dispatched_to_mh,East,LMA,4.38E+06,#N/A,#N/A,Motherhub_ULB,BRSNR,SectorVHub_KOL_PL,PH-B2-CCUULB-5308341,expected,OPENED,03-10-2026 1:49,Somnath G,02-10-2026 22:28,#VALUE!,#VALUE!,#VALUE!
03-10-2026,FMPP4313776638,SaroliHub_STV_PL,Akshar Creation +917016152206,a2479a4d310947eb,received_at_mh,West,LMA,1.00E+11,PROBITY LOGISTICS PRIVATE LIMITED,RinkuVishwakarma,MotherHub_STV_BTS,BRSNR,SaroliHub_STV_PL,PH-B3-SURBTS-25176505,expected,OPENED,03-10-2026 1:06,Ashvani Bhatt,02-10-2026 17:30,03-10-2026 19:12,25.7,>=24 hrs
03-10-2026,FMPC6554322559,SaroliHub_STV_PL,Hari Trandz +917984056161,687dae14becb4001,dispatched_to_mh,West,LMA,1.00E+11,WERCATALYST VENTURES PVT LTD,SaiyadFarhan,MotherHub_STV_BTS,BRSNR,SaroliHub_STV_PL,PH-B2-SURBTS-25387821,expected,OPENED,02-10-2026 18:27,Ashvani Bhatt,02-10-2026 17:35,#VALUE!,#VALUE!,#VALUE!
03-10-2026,FMPP4313769931,SaroliHub_STV_PL,SUNRISE +919824955628,fcc601f1387943af,received_at_mh,West,LMA,1.00E+11,Loadshare,Jignesh VinodSavale,MotherHub_STV_BTS,BRSNR,SaroliHub_STV_PL,PH-B3-SURBTS-25841106,expected,OPENED,02-10-2026 20:17,Ashvani Bhatt,02-10-2026 18:35,04-10-2026 4:30,33.91667,>=24 hrs
03-10-2026,FMPP4313776179,SaroliHub_STV_PL,3D METRO SUPER STORE 7990083777,5135b81853674b8a,received_at_mh,West,TRUEFLEX,5.90E+05,Trueflex,Turukamane Vikas Ghanshyam,MotherHub_STV_BTS,BRSNR,SaroliHub_STV_PL,PH-B3-SURBTS-25675753,expected,OPENED,03-10-2026 0:13,Ashvani Bhatt,02-10-2026 18:18,#VALUE!,#VALUE!,#VALUE!
03-10-2026,FMPC6554449279,SaroliHub_STV_PL,SUNRISE +919824955628,fcc601f1387943af,received_at_mh,West,LMA,1.00E+11,Loadshare,Jignesh VinodSavale,MotherHub_STV_BTS,BRSNR,SaroliHub_STV_PL,PH-B6-SURBTS-25841819,expected,OPENED,03-10-2026 3:06,Ashvani Bhatt,02-10-2026 18:35,04-10-2026 11:50,41.25,>=24 hrs
03-10-2026,FMPC6554332299,SaniyaHub_STV_PL,SHREEJI ENTERPRISE +919408559287,3a2b015001a542ec,dispatched_to_mh,West,LMA,1.00E+11,PRIME LOGIC,RaeenRahebar,MotherHub_STV_BTS,BRSNR,SaniyaHub_STV_PL,PH-B1-SURBTS-24728538,expected,OPENED,02-10-2026 23:17,Ashvani Bhatt,02-10-2026 20:50,#VALUE!,#VALUE!,#VALUE!
03-10-2026,FMPP4313895884,SaroliHub_STV_PL,KingCore +918866757660,5883ca34f6ca4333,dispatched_to_mh,West,LMA,1.00E+11,PROBITY LOGISTICS PRIVATE LIMITED,Chaudhari AkshaykumarAmrutbhai,MotherHub_STV_BTS,BRSNR,SaroliHub_STV_PL,PH-B2-SURBTS-25539976,expected,OPENED,02-10-2026 20:34,Ashvani Bhatt,02-10-2026 18:38,#VALUE!,#VALUE!,#VALUE!
03-10-2026,FMPC6553488717,SaniyaHub_STV_PL,khodal fashion 8200242747,7cb9217a4c9f4606,dispatched_to_mh,West,LMA,1.00E+11,PRIME LOGIC,Ansari MohmmadRehan,MotherHub_STV_BTS,BRSNR,SaniyaHub_STV_PL,PH-B2-SURBTS-25720647,expected,OPENED,02-10-2026 20:57,Ashvani Bhatt,02-10-2026 20:16,#VALUE!,#VALUE!,#VALUE!
03-10-2026,FMPP4314167763,SaroliHub_STV_PL,CRYSTAL ENTERPRISE +918000288182,8ee96aa83b664502,received_at_mh,West,LMA,1.00E+11,WERCATALYST VENTURES PVT LTD,SaiyadFarhan,MotherHub_STV_BTS,BRSNR,SaroliHub_STV_PL,PH-B1-SURBTS-25387785,expected,OPENED,02-10-2026 18:26,Ashvani Bhatt,02-10-2026 17:35,04-10-2026 3:29,33.9,>=24 hrs
03-10-2026,FMPC6553588558,SaroliHub_STV_PL,CRYSTAL ENTERPRISE +918000288182,8ee96aa83b664502,dispatched_to_mh,West,LMA,1.00E+11,WERCATALYST VENTURES PVT LTD,SaiyadFarhan,MotherHub_STV_BTS,BRSNR,SaroliHub_STV_PL,PH-B3-SURBTS-25387837,expected,OPENED,02-10-2026 18:23,Ashvani Bhatt,02-10-2026 17:35,#VALUE!,#VALUE!,#VALUE!
03-10-2026,FMPC6554527800,SaniyaHub_STV_PL,PARALIANS 9723201750,8e7acd8491114e9d,dispatched_to_mh,West,LMA,1.00E+11,PRIME LOGIC,Ansari MohmmadRehan,MotherHub_STV_BTS,BRSNR,SaniyaHub_STV_PL,PH-B2-SURBTS-25720647,expected,OPENED,02-10-2026 20:57,Ashvani Bhatt,02-10-2026 20:16,#VALUE!,#VALUE!,#VALUE!
03-10-2026,FMPP4314030565,SaroliHub_STV_PL,SUNRISE +919824955628,fcc601f1387943af,received_at_mh,West,LMA,1.00E+11,Loadshare,Jignesh VinodSavale,MotherHub_STV_BTS,BRSNR,SaroliHub_STV_PL,PH-B1-SURBTS-25840523,expected,OPENED,02-10-2026 21:41,Ashvani Bhatt,02-10-2026 18:35,04-10-2026 4:22,33.78333,>=24 hrs
03-10-2026,FMPC6553922622,SaniyaHub_STV_PL,GLORI STAR +919510009428,cd55f941d9b9417d,received_at_mh,West,LMA,1.00E+11,COMMERSHIP SERVICES LLP,Pandey AdarshManojbhai,MotherHub_STV_BTS,BRSNR,SaniyaHub_STV_PL,PH-B1-SURBTS-25812890,expected,OPENED,02-10-2026 22:51,Ashvani Bhatt,02-10-2026 20:50,04-10-2026 4:12,31.36667,>=24 hrs
03-10-2026,FMPC6552677651,SaroliHub_STV_PL,VYSTRA +917359192850,7d04264448004823,received_at_mh,West,LMA,1.00E+11,TRANSIT KINGS SERVICES PVT. LTD.,Pal ShivamRamjanam,MotherHub_STV_BTS,BRSNR,SaroliHub_STV_PL,PH-B1-SIRBTS-25654517,expected,OPENED,02-10-2026 23:50,Ashvani Bhatt,02-10-2026 22:15,04-10-2026 0:00,25.75,>=24 hrs
03-10-2026,FMPP4314752167,SaroliHub_STV_PL,RAJ ENTERPRISE +917203829767,ed21342107fe4ee7,dispatched_to_mh,West,LMA,1.00E+11,WERCATALYST VENTURES PVT LTD,Mahajan JayashAshok,MotherHub_STV_BTS,BRSNR,SaroliHub_STV_PL,PH-B2-SURBTS-25748790,expected,OPENED,03-10-2026 1:14,Ashvani Bhatt,02-10-2026 22:15,#VALUE!,#VALUE!,#VALUE!
03-10-2026,FMPC6554139493,SaroliHub_STV_PL,LITTLE DROP STORE +919510307019,b7b248185c824745,dispatched_to_mh,West,LMA,1.00E+11,TRANSIT KINGS SERVICES PVT. LTD.,PradeepSharma,MotherHub_STV_BTS,BRSNR,SaroliHub_STV_PL,PH-B6-SURBTS-25653822,expected,OPENED,02-10-2026 23:56,Ashvani Bhatt,02-10-2026 22:15,#VALUE!,#VALUE!,#VALUE!
03-10-2026,FMPC6553572081,SaroliHub_STV_PL,SUNRISE +919824955628,fcc601f1387943af,received_at_mh,West,LMA,1.00E+11,Loadshare,Jignesh VinodSavale,MotherHub_STV_BTS,BRSNR,SaroliHub_STV_PL,PH-B3-SURBTS-25841106,expected,OPENED,02-10-2026 20:17,Ashvani Bhatt,02-10-2026 18:35,04-10-2026 4:30,33.91667,>=24 hrs
03-10-2026,FMPC6553330519,SaroliHub_STV_PL,Hari Trandz +917984056161,687dae14becb4001,received_at_mh,West,LMA,1.00E+11,WERCATALYST VENTURES PVT LTD,SaiyadFarhan,MotherHub_STV_BTS,BRSNR,SaroliHub_STV_PL,PH-B2-SURBTS-25387821,expected,OPENED,02-10-2026 18:27,Ashvani Bhatt,02-10-2026 17:35,04-10-2026 4:56,35.35,>=24 hrs
03-10-2026,FMPC6554111020,SaniyaHub_STV_PL,khodal fashion 8200242747,7cb9217a4c9f4606,dispatched_to_mh,West,LMA,1.00E+11,PRIME LOGIC,Ansari MohmmadRehan,MotherHub_STV_BTS,BRSNR,SaniyaHub_STV_PL,PH-B2-SURBTS-25720647,expected,OPENED,02-10-2026 20:57,Ashvani Bhatt,02-10-2026 20:16,#VALUE!,#VALUE!,#VALUE!
03-10-2026,FMPC6553721865,SaroliHub_STV_PL,SUNRISE +919824955628,fcc601f1387943af,received_at_mh,West,LMA,1.00E+11,Loadshare,Jignesh VinodSavale,MotherHub_STV_BTS,BRSNR,SaroliHub_STV_PL,PH-B6-SURBTS-25841819,expected,OPENED,03-10-2026 3:06,Ashvani Bhatt,02-10-2026 18:35,04-10-2026 12:05,41.5,>=24 hrs
03-10-2026,FMPC6554140293,SaroliHub_STV_PL,KHODAL ENTERPRISE +916356481612,0d9bf6bb096f4fa7,dispatched_to_mh,West,LMA,1.00E+11,WERCATALYST VENTURES PVT LTD,Vishal MarajiBhalerav,MotherHub_STV_BTS,BRSNR,SaroliHub_STV_PL,PH-B3-SURBTS-25835088,expected,OPENED,02-10-2026 21:52,Ashvani Bhatt,02-10-2026 17:35,#VALUE!,#VALUE!,#VALUE!
03-10-2026,FMPC6554100534,SaroliHub_STV_PL,Hari Trandz +917984056161,687dae14becb4001,dispatched_to_mh,West,LMA,1.00E+11,WERCATALYST VENTURES PVT LTD,SaiyadFarhan,MotherHub_STV_BTS,BRSNR,SaroliHub_STV_PL,PH-B2-SURBTS-25387821,expected,OPENED,02-10-2026 18:27,Ashvani Bhatt,02-10-2026 17:35,#VALUE!,#VALUE!,#VALUE!
03-10-2026,FMPP4314008721,SaniyaHub_STV_PL,INDUS VALLEY +919824866236,894b0696ef244039,dispatched_to_mh,West,LMA,1.00E+11,PRIME LOGIC,Shaikh Sabir Ali MohdHabib,MotherHub_STV_BTS,BRSNR,SaniyaHub_STV_PL,PH-B3-SURBTS-25896662,expected,OPENED,02-10-2026 21:42,Ashvani Bhatt,02-10-2026 20:30,#VALUE!,#VALUE!,#VALUE!
03-10-2026,FMPC6552998815,SaroliHub_STV_PL,SUNRISE +919824955628,fcc601f1387943af,received_at_mh,West,LMA,1.00E+11,Loadshare,Jignesh VinodSavale,MotherHub_STV_BTS,BRSNR,SaroliHub_STV_PL,PH-B2-SURBTS-25840689,expected,OPENED,02-10-2026 20:18,Ashvani Bhatt,02-10-2026 18:35,04-10-2026 5:33,34.96667,>=24 hrs
03-10-2026,FMPC6554322307,SaroliHub_STV_PL,MAYRA FASHION +919512878516,9418422534a34f78,received_at_mh,West,LMA,1.00E+11,WERCATALYST VENTURES PVT LTD,Pathan ArbazKhan,MotherHub_STV_BTS,BRSNR,SaroliHub_STV_PL,PH-B2-SURBTS-25656719,expected,OPENED,02-10-2026 21:59,Ashvani Bhatt,02-10-2026 19:00,04-10-2026 2:34,31.56667,>=24 hrs
03-10-2026,FMPC6553828008,SaroliHub_STV_PL,SUNRISE +919824955628,fcc601f1387943af,received_at_mh,West,LMA,1.00E+11,Loadshare,Jignesh VinodSavale,MotherHub_STV_BTS,BRSNR,SaroliHub_STV_PL,PH-B1-SURBTS-25840523,expected,OPENED,02-10-2026 21:41,Ashvani Bhatt,02-10-2026 18:35,04-10-2026 3:24,32.81667,>=24 hrs
03-10-2026,FMPC6554367030,SaniyaHub_STV_PL,LICHEE 9054111122,d89338c74e324004,dispatched_to_mh,West,LMA,1.00E+11,COMMERSHIP SERVICES LLP,Dhananjay JagdishPatel,MotherHub_STV_BTS,BRSNR,SaniyaHub_STV_PL,PH-B3-SURBTS-25893949,expected,OPENED,02-10-2026 23:06,Ashvani Bhatt,02-10-2026 20:50,#VALUE!,#VALUE!,#VALUE!
03-10-2026,FMPC6554117424,SaniyaHub_STV_PL,new ethical fashion 9099314702,63d7d9ebd35943e0,dispatched_to_mh,West,LMA,1.00E+11,PRIME LOGIC,Ansari MohmmadRehan,MotherHub_STV_BTS,BRSNR,SaniyaHub_STV_PL,PH-B1-SURBTS-25788135,expected,OPENED,02-10-2026 20:57,Ashvani Bhatt,02-10-2026 20:16,#VALUE!,#VALUE!,#VALUE!
03-10-2026,FMPC6554547699,SaniyaHub_STV_PL,PARALIANS 9723201750,8e7acd8491114e9d,dispatched_to_mh,West,LMA,1.00E+11,PRIME LOGIC,Ansari MohmmadRehan,MotherHub_STV_BTS,BRSNR,SaniyaHub_STV_PL,PH-B2-SURBTS-25720647,expected,OPENED,02-10-2026 20:57,Ashvani Bhatt,02-10-2026 20:16,#VALUE!,#VALUE!,#VALUE!
03-10-2026,FMPC6552810189,SaroliHub_STV_PL,Q7 BRAND +918469758500,db33e4252ea04cd7,dispatched_to_mh,West,TRUEFLEX,5.90E+05,Trueflex,Turukamane Vikas Ghanshyam,MotherHub_STV_BTS,BRSNR,SaroliHub_STV_PL,PH-B2-SURBTS-25675703,expected,OPENED,03-10-2026 2:01,Ashvani Bhatt,02-10-2026 18:18,#VALUE!,#VALUE!,#VALUE!
03-10-2026,FMPC6552755090,SaroliHub_STV_PL,TEXTILE MANTRA +918849034089,1a3f405c5d6f4cee,received_at_mh,West,LMA,1.00E+11,WERCATALYST VENTURES PVT LTD,Nimje KamleshHaribhai,MotherHub_STV_BTS,BRSNR,SaroliHub_STV_PL,PH-B3-SURBTS-25651881,expected,OPENED,02-10-2026 23:49,Ashvani Bhatt,02-10-2026 22:15,04-10-2026 7:59,33.73333,>=24 hrs
03-10-2026,FMPC6554434848,SaroliHub_STV_PL,CRYSTAL ENTERPRISE +918000288182,8ee96aa83b664502,received_at_mh,West,LMA,1.00E+11,WERCATALYST VENTURES PVT LTD,SaiyadFarhan,MotherHub_STV_BTS,BRSNR,SaroliHub_STV_PL,PH-B1-SURBTS-25387785,expected,OPENED,02-10-2026 18:26,Ashvani Bhatt,02-10-2026 17:35,04-10-2026 3:36,34.01667,>=24 hrs
03-10-2026,FMPP4314445936,SaroliHub_STV_PL,SUNRISE +919824955628,fcc601f1387943af,received_at_mh,West,LMA,1.00E+11,Loadshare,Jignesh VinodSavale,MotherHub_STV_BTS,BRSNR,SaroliHub_STV_PL,PH-B6-SURBTS-25841819,expected,OPENED,03-10-2026 3:06,Ashvani Bhatt,02-10-2026 18:35,04-10-2026 11:50,41.25,>=24 hrs
03-10-2026,FMPC6552812228,SaniyaHub_STV_PL,S.V. ENTERPRISE +919925970945,d5d23c60ba7d4967,received_at_mh,West,LMA,1.00E+11,PRIME LOGIC,Saiyad TosifKudratali,MotherHub_STV_BTS,BRSNR,SaniyaHub_STV_PL,PH-B1-SURBTS-25813420,expected,OPENED,02-10-2026 19:42,Ashvani Bhatt,02-10-2026 18:14,04-10-2026 1:25,31.18333,>=24 hrs
03-10-2026,FMPP4314510492,SaroliHub_STV_PL,SUNRISE +919824955628,fcc601f1387943af,received_at_mh,West,LMA,1.00E+11,Loadshare,Jignesh VinodSavale,MotherHub_STV_BTS,BRSNR,SaroliHub_STV_PL,PH-B6-SURBTS-25841819,expected,OPENED,03-10-2026 3:06,Ashvani Bhatt,02-10-2026 18:35,04-10-2026 11:43,41.13333,>=24 hrs
03-10-2026,FMPC6554173111,SaroliHub_STV_PL,SHREE GURU DEVAM +919714419087,d6548a5655e448c6,received_at_mh,West,LMA,1.00E+11,Shree Hari Logistics,Atul AmbadasMahajan,MotherHub_STV_BTS,BRSNR,SaroliHub_STV_PL,PH-B2-SURBTS-25327620,expected,OPENED,02-10-2026 18:21,Ashvani Bhatt,02-10-2026 17:39,03-10-2026 19:23,25.73333,>=24 hrs
03-10-2026,FMPC6552890943,SaroliHub_STV_PL,Hari Trandz +917984056161,687dae14becb4001,received_at_mh,West,LMA,1.00E+11,WERCATALYST VENTURES PVT LTD,SaiyadFarhan,MotherHub_STV_BTS,BRSNR,SaroliHub_STV_PL,PH-B1-SURBTS-25387785,expected,OPENED,02-10-2026 18:26,Ashvani Bhatt,02-10-2026 17:35,04-10-2026 3:31,33.93333,>=24 hrs
03-10-2026,FMPC6552708017,SaroliHub_STV_PL,Aarav Enterprise +916359638950,d92f08107f804b30,dispatched_to_mh,West,LMA,1.00E+11,Loadshare,Jignesh VinodSavale,MotherHub_STV_BTS,BRSNR,SaroliHub_STV_PL,PH-B6-SURBTS-25496287,expected,OPENED,02-10-2026 20:15,Ashvani Bhatt,02-10-2026 18:35,#VALUE!,#VALUE!,#VALUE!
03-10-2026,FMPP4314255982,SaroliHub_STV_PL,SAIRAM TEX FAB +919624397144,e8283b00905c48ec,dispatched_to_mh,West,LMA,1.00E+11,TRANSIT KINGS SERVICES PVT. LTD.,Pal ShivamRamjanam,MotherHub_STV_BTS,BRSNR,SaroliHub_STV_PL,PH-B6-SURBTS-25653821,expected,OPENED,03-10-2026 0:09,Ashvani Bhatt,02-10-2026 22:15,#VALUE!,#VALUE!,#VALUE!
03-10-2026,FMPP4314501359,SaniyaHub_STV_PL,khodal fashion 8200242747,7cb9217a4c9f4606,dispatched_to_mh,West,LMA,1.00E+11,PRIME LOGIC,Ansari MohmmadRehan,MotherHub_STV_BTS,BRSNR,SaniyaHub_STV_PL,PH-B2-SURBTS-25720647,expected,OPENED,02-10-2026 20:57,Ashvani Bhatt,02-10-2026 20:16,#VALUE!,#VALUE!,#VALUE!
03-10-2026,FMPP4313660783,SaroliHub_STV_PL,3D METRO SUPER STORE 7990083777,5135b81853674b8a,received_at_mh,West,TRUEFLEX,5.90E+05,Trueflex,Turukamane Vikas Ghanshyam,MotherHub_STV_BTS,BRSNR,SaroliHub_STV_PL,PH-B3-SURBTS-25675753,expected,OPENED,03-10-2026 0:13,Ashvani Bhatt,02-10-2026 18:18,#VALUE!,#VALUE!,#VALUE!
03-10-2026,FMPC6552827630,SectorVHub_KOL_PL,PURBACHAL GROCERY +918240659914,87fc70522b9f432e,received_at_mh,East,LMA,4.38E+06,#N/A,#N/A,Motherhub_ULB,BRSNR,SectorVHub_KOL_PL,PH-B2-CCUULB-5308341,expected,OPENED,03-10-2026 1:49,Somnath G,02-10-2026 22:28,#VALUE!,#VALUE!,#VALUE!
03-10-2026,FMPC6553523413,SaroliHub_STV_PL,LENIRA +919016338358,08d7a65ac552491f,dispatched_to_mh,West,LMA,1.00E+11,WERCATALYST VENTURES PVT LTD,Karani SinghRathore,MotherHub_STV_BTS,BRSNR,SaroliHub_STV_PL,PH-B3-SURBTS-25489433,expected,OPENED,02-10-2026 18:26,Ashvani Bhatt,02-10-2026 17:35,#VALUE!,#VALUE!,#VALUE!
03-10-2026,FMPP4314488955,SaniyaHub_STV_PL,GLORI STAR +919510009428,cd55f941d9b9417d,received_at_mh,West,LMA,1.00E+11,COMMERSHIP SERVICES LLP,Pandey AdarshManojbhai,MotherHub_STV_BTS,BRSNR,SaniyaHub_STV_PL,PH-B2-SURBTS-25812872,expected,OPENED,02-10-2026 23:51,Ashvani Bhatt,02-10-2026 20:50,04-10-2026 4:12,31.36667,>=24 hrs
03-10-2026,FMPC6554145322,SaniyaHub_STV_PL,VR HYGIENE CARE +917359583595,ebcce0f27f68483c,received_at_mh,West,LMA,1.00E+11,Princy Enterprise,Purushouttam GorakhDeore,MotherHub_STV_BTS,BRSNR,SaniyaHub_STV_PL,PH-B2-SURBTS-25778969,expected,OPENED,02-10-2026 22:45,Ashvani Bhatt,02-10-2026 18:40,03-10-2026 22:17,27.61667,>=24 hrs
03-10-2026,FMPC6553485044,SaroliHub_STV_PL,SUNRISE +919824955628,fcc601f1387943af,received_at_mh,West,LMA,1.00E+11,Loadshare,Jignesh VinodSavale,MotherHub_STV_BTS,BRSNR,SaroliHub_STV_PL,PH-B3-SURBTS-25841106,expected,OPENED,02-10-2026 20:17,Ashvani Bhatt,02-10-2026 18:35,04-10-2026 5:11,34.6,>=24 hrs
03-10-2026,FMPP4313994916,SaroliHub_STV_PL,SUNRISE +919824955628,fcc601f1387943af,received_at_mh,West,LMA,1.00E+11,Loadshare,Jignesh VinodSavale,MotherHub_STV_BTS,BRSNR,SaroliHub_STV_PL,PH-B3-SURBTS-25841106,expected,OPENED,02-10-2026 20:17,Ashvani Bhatt,02-10-2026 18:35,04-10-2026 5:11,34.6,>=24 hrs
03-10-2026,FMPC6554502627,SaniyaHub_STV_PL,khodal fashion 8200242747,7cb9217a4c9f4606,dispatched_to_mh,West,LMA,1.00E+11,PRIME LOGIC,Ansari MohmmadRehan,MotherHub_STV_BTS,BRSNR,SaniyaHub_STV_PL,PH-B2-SURBTS-25720647,expected,OPENED,02-10-2026 20:57,Ashvani Bhatt,02-10-2026 20:16,#VALUE!,#VALUE!,#VALUE!
03-10-2026,FMPC6553593567,SaroliHub_STV_PL,SUNRISE +919824955628,fcc601f1387943af,received_at_mh,West,LMA,1.00E+11,Loadshare,Jignesh VinodSavale,MotherHub_STV_BTS,BRSNR,SaroliHub_STV_PL,PH-B1-SURBTS-25840523,expected,OPENED,02-10-2026 21:41,Ashvani Bhatt,02-10-2026 18:35,04-10-2026 5:12,34.61667,>=24 hrs
03-10-2026,FMPC6554398840,SaniyaHub_STV_PL,LICHEE 9054111122,d89338c74e324004,dispatched_to_mh,West,LMA,1.00E+11,COMMERSHIP SERVICES LLP,Dhananjay JagdishPatel,MotherHub_STV_BTS,BRSNR,SaniyaHub_STV_PL,PH-B1-SURBTS-25893991,expected,OPENED,02-10-2026 22:59,Ashvani Bhatt,02-10-2026 20:50,#VALUE!,#VALUE!,#VALUE!
03-10-2026,FMPP4313610548,SaroliHub_STV_PL,VYSTRA +917359192850,7d04264448004823,received_at_mh,West,LMA,1.00E+11,TRANSIT KINGS SERVICES PVT. LTD.,Pal ShivamRamjanam,MotherHub_STV_BTS,BRSNR,SaroliHub_STV_PL,PH-B2-SIRBTS-25356541,expected,OPENED,02-10-2026 23:51,Ashvani Bhatt,02-10-2026 22:15,04-10-2026 0:03,25.8,>=24 hrs
03-10-2026,FMPC6554145066,SaniyaHub_STV_PL,VR HYGIENE CARE +917359583595,ebcce0f27f68483c,received_at_mh,West,LMA,1.00E+11,Princy Enterprise,Purushouttam GorakhDeore,MotherHub_STV_BTS,BRSNR,SaniyaHub_STV_PL,PH-B6-SURBTS-25779254,expected,OPENED,03-10-2026 0:22,Ashvani Bhatt,02-10-2026 18:40,04-10-2026 16:29,45.81667,>=24 hrs
03-10-2026,FMPC6553370638,SaroliHub_STV_PL,RINAAZ FASHION +919824736367,eb4ba6c8c3be44fd,received_at_mh,West,LMA,1.00E+11,WERCATALYST VENTURES PVT LTD,Jadhav RajaAshok,MotherHub_STV_BTS,BRSNR,SaroliHub_STV_PL,PH-B2-SURBTS-25398016,expected,OPENED,02-10-2026 18:37,Ashvani Bhatt,02-10-2026 17:35,04-10-2026 0:09,30.56667,>=24 hrs
03-10-2026,FMPC6554052438,SaniyaHub_STV_PL,khodal fashion 8200242747,7cb9217a4c9f4606,dispatched_to_mh,West,LMA,1.00E+11,PRIME LOGIC,Ansari MohmmadRehan,MotherHub_STV_BTS,BRSNR,SaniyaHub_STV_PL,PH-B2-SURBTS-25720647,expected,OPENED,02-10-2026 20:57,Ashvani Bhatt,02-10-2026 20:16,#VALUE!,#VALUE!,#VALUE!
03-10-2026,FMPC6554486910,SaroliHub_STV_PL,CRYSTAL ENTERPRISE +918000288182,8ee96aa83b664502,dispatched_to_mh,West,LMA,1.00E+11,WERCATALYST VENTURES PVT LTD,SaiyadFarhan,MotherHub_STV_BTS,BRSNR,SaroliHub_STV_PL,PH-B1-SURBTS-25387785,expected,OPENED,02-10-2026 18:26,Ashvani Bhatt,02-10-2026 17:35,#VALUE!,#VALUE!,#VALUE!
03-10-2026,FMPP4314324309,SaroliHub_STV_PL,SUNRISE +919824955628,fcc601f1387943af,received_at_mh,West,LMA,1.00E+11,Loadshare,Jignesh VinodSavale,MotherHub_STV_BTS,BRSNR,SaroliHub_STV_PL,PH-B6-SURBTS-25841819,expected,OPENED,03-10-2026 3:06,Ashvani Bhatt,02-10-2026 18:35,04-10-2026 12:05,41.5,>=24 hrs
03-10-2026,FMPC6553024043,SaniyaHub_STV_PL,VR HYGIENE CARE +917359583595,ebcce0f27f68483c,dispatched_to_mh,West,LMA,1.00E+11,Princy Enterprise,Purushouttam GorakhDeore,MotherHub_STV_BTS,BRSNR,SaniyaHub_STV_PL,PH-B6-SURBTS-25779245,expected,OPENED,03-10-2026 0:25,Ashvani Bhatt,02-10-2026 18:40,#VALUE!,#VALUE!,#VALUE!
03-10-2026,FMPP4314397437,SaniyaHub_STV_PL,MADHAV ENTERPRISE +919723850553,95ae708789104965,received_at_mh,West,LMA,1.00E+11,PRIME LOGIC,Shoeb Shah RafikShah,MotherHub_STV_BTS,BRSNR,SaniyaHub_STV_PL,PH-B6-SURBTS-25837505,expected,OPENED,02-10-2026 23:31,Ashvani Bhatt,02-10-2026 20:57,#VALUE!,#VALUE!,#VALUE!
03-10-2026,FMPP4314516826,SaniyaHub_STV_PL,PARALIANS 9723201750,8e7acd8491114e9d,dispatched_to_mh,West,LMA,1.00E+11,PRIME LOGIC,Ansari MohmmadRehan,MotherHub_STV_BTS,BRSNR,SaniyaHub_STV_PL,PH-B2-SURBTS-25720647,expected,OPENED,02-10-2026 20:57,Ashvani Bhatt,02-10-2026 20:16,#VALUE!,#VALUE!,#VALUE!
03-10-2026,FMPC6552839723,SectorVHub_KOL_PL,PLANTIFY +917001944572,342a9bfc77ff44e5,dispatched_to_mh,East,LMA,4379457,#N/A,#N/A,Motherhub_ULB,BRSNR,SectorVHub_KOL_PL,PH-B2-CCUULB-5308341,expected,OPENED,03-10-2026 1:49,Somnath G,02-10-2026 22:28,#VALUE!,#VALUE!,#VALUE!
03-10-2026,FMPP4314049152,SaniyaHub_STV_PL,Kangopi Fashion +917622939593,74378cda04504ec3,dispatched_to_mh,West,LMA,1.00E+11,PRIME LOGIC,Ansari MohmmadRehan,MotherHub_STV_BTS,BRSNR,SaniyaHub_STV_PL,PH-B2-SURBTS-25788157,expected,OPENED,02-10-2026 20:54,Ashvani Bhatt,02-10-2026 20:16,#VALUE!,#VALUE!,#VALUE!
03-10-2026,FMPC6554032435,SaniyaHub_STV_PL,PHILOPHOBIA CREATION +919714164176,2a12bc6ebc334570,dispatched_to_mh,West,LMA,1.00E+11,PRIME LOGIC,PathanIrfan,MotherHub_STV_BTS,BRSNR,SaniyaHub_STV_PL,PH-B3-SURBTS-25634709,expected,OPENED,02-10-2026 23:16,Ashvani Bhatt,02-10-2026 20:57,#VALUE!,#VALUE!,#VALUE!
03-10-2026,FMPC6552760457,SectorVHub_KOL_PL,PLANTIFY +917001944572,342a9bfc77ff44e5,dispatched_to_mh,East,LMA,4.38E+06,#N/A,#N/A,Motherhub_ULB,BRSNR,SectorVHub_KOL_PL,PH-B2-CCUULB-5308341,expected,OPENED,03-10-2026 1:49,Somnath G,02-10-2026 22:28,#VALUE!,#VALUE!,#VALUE!
03-10-2026,FMPC6553522596,SaroliHub_STV_PL,3D METRO SUPER STORE 7990083777,5135b81853674b8a,received_at_mh,West,TRUEFLEX,590428,Trueflex,Turukamane Vikas Ghanshyam,MotherHub_STV_BTS,BRSNR,SaroliHub_STV_PL,PH-B2-SURBTS-25675703,expected,OPENED,03-10-2026 2:01,Ashvani Bhatt,02-10-2026 18:18,05-10-2026 23:25,77.11667,>=24 hrs
03-10-2026,FMPC6554634430,ShyamalHub_SHY_PL,AROMA APPEAL +919558442506,aa12a513f84646f8,received_at_mh,West,EKART,4134658,EKART,Kureshi Aman,MotherHub_ABD_Flex,BRSNR,ShyamalHub_SHY_PL,PH-B4-ABDFLEX-123765,expected,OPENED,02-10-2026 22:40,Ankur Sinha,02-10-2026 18:27,04-10-2026 12:35,42.13333,>=24 hrs
03-10-2026,FMPC6552847500,ShyamalHub_SHY_PL,DASH EVERAL +919510541809,dbe8fdf6f01a4bbc,received_at_mh,West,EKART,4.05E+06,EKART,Shahrukh Yunushbhai Shekh,MotherHub_ABD_Flex,BRSNR,ShyamalHub_SHY_PL,PH-B3-ABDFLEX-123007,expected,OPENED,02-10-2026 22:05,Ankur Sinha,02-10-2026 18:27,04-10-2026 5:51,35.4,>=24 hrs
03-10-2026,FMPP4314535993,ShyamalHub_SHY_PL,Parshv Groups +919727486539,0d8c69270b024a89,received_at_mh,West,LMA,1.00E+11,Princy Enterprise,JadavBharat,MotherHub_ABD_Flex,BRSNR,ShyamalHub_SHY_PL,PH-B4-ABDFLEX-120407,expected,OPENED,02-10-2026 22:13,Ankur Sinha,02-10-2026 18:27,05-10-2026 1:05,54.63333,>=24 hrs
03-10-2026,FMPC6553480869,ShyamalHub_SHY_PL,M/S RAJ RAJESHWARI TRADING +919924561637,f900f64f4ee44d07,received_at_mh,West,LMA,1.00E+11,Princy Enterprise,ManguSingh,MotherHub_ABD_Flex,BRSNR,ShyamalHub_SHY_PL,PH-B3-ABDFLEX-123721,expected,OPENED,02-10-2026 22:41,Ankur Sinha,02-10-2026 18:27,05-10-2026 5:00,58.55,>=24 hrs
03-10-2026,FMPC6554508773,ShyamalHub_SHY_PL,ARSH ENTERPRISES +916355400650,cc5948762069456b,received_at_mh,West,TRUEFLEX,1037184,Trueflex,Pathan Almaskhan Farukkhan,MotherHub_ABD_Flex,BRSNR,ShyamalHub_SHY_PL,PH-B4-ABDFLEX-115528,expected,OPENED,02-10-2026 22:39,Ankur Sinha,02-10-2026 18:27,04-10-2026 9:28,39.01667,>=24 hrs
03-10-2026,FMPC6549783613,ShukrawarpethHub_PL,ELIKA PLASTO PRIVATE LIMITED 7841051491,6aeadd0036024809,dispatched_to_mh,West,TRUEFLEX,1356754,Trueflex,Supriya Ganesh Kadam,MotherHub_PUNE,BRSNR,ShukrawarpethHub_PL,PH-B3-PNQPNQ-4488566,expected,OPENED,02-10-2026 23:26,Swapnil Borgaonkar (MH),02-10-2026 21:17,#VALUE!,#VALUE!,#VALUE!
03-10-2026,FMPC6554316339,ShyamalHub_SHY_PL,ROYAL MARKETING +917016932487,a649d4a0b57747f1,received_at_mh,West,LMA,1.00E+11,Princy Enterprise,Mamani WasimbhaiValjibhai,MotherHub_ABD_Flex,BRSNR,ShyamalHub_SHY_PL,PH-B1-ABDFLEX-123771,expected,OPENED,02-10-2026 22:12,Ankur Sinha,02-10-2026 18:27,04-10-2026 9:41,39.23333,>=24 hrs
03-10-2026,FMPC6554248782,ShukrawarpethHub_PL,RUTURAJ ENTERPRISES +917770068181,02bef50f06104b52,dispatched_to_mh,West,EKART,4.07E+06,EKART,Shahrukh Siraj Shaikh,MotherHub_PUNE,BRSNR,ShukrawarpethHub_PL,PH-B4-PNQPNQ-4488065,expected,OPENED,02-10-2026 23:37,Swapnil Borgaonkar (MH),02-10-2026 21:17,#VALUE!,#VALUE!,#VALUE!
03-10-2026,FMPC6552903137,ShyamalHub_SHY_PL,DASH EVERAL +919510541809,dbe8fdf6f01a4bbc,received_at_mh,West,EKART,4054138,EKART,Shahrukh Yunushbhai Shekh,MotherHub_ABD_Flex,BRSNR,ShyamalHub_SHY_PL,PH-B4-ABDFLEX-123009,expected,OPENED,02-10-2026 22:07,Ankur Sinha,02-10-2026 18:27,04-10-2026 6:15,35.8,>=24 hrs
03-10-2026,FMPC6554404803,ShyamalHub_SHY_PL,ARSH ENTERPRISES +916355400650,cc5948762069456b,received_at_mh,West,TRUEFLEX,1.04E+06,Trueflex,Pathan Almaskhan Farukkhan,MotherHub_ABD_Flex,BRSNR,ShyamalHub_SHY_PL,PH-B4-ABDFLEX-115528,expected,OPENED,02-10-2026 22:39,Ankur Sinha,02-10-2026 18:27,05-10-2026 10:26,63.98333,>=24 hrs
03-10-2026,FMPP4313562682,ShyamalHub_SHY_PL,DASH EVERAL +919510541809,dbe8fdf6f01a4bbc,received_at_mh,West,EKART,4054138,EKART,Shahrukh Yunushbhai Shekh,MotherHub_ABD_Flex,BRSNR,ShyamalHub_SHY_PL,PH-B4-ABDFLEX-123009,expected,OPENED,02-10-2026 22:07,Ankur Sinha,02-10-2026 18:27,04-10-2026 4:09,33.7,>=24 hrs
03-10-2026,FMPC6552972570,ShyamalHub_SHY_PL,ARSH ENTERPRISES +916355400650,cc5948762069456b,received_at_mh,West,LMA,1.00E+11,Princy Enterprise,Prajapati KaranShankarlal,MotherHub_ABD_Flex,BRSNR,ShyamalHub_SHY_PL,PH-B1-ABDFLEX-115460,expected,OPENED,03-10-2026 1:06,Ankur Sinha,02-10-2026 18:27,04-10-2026 9:49,39.36667,>=24 hrs
03-10-2026,FMPC6553225839,ShyamalHub_SHY_PL,V R ENTERPRISE +919428827561,c526087e5fdc4282,received_at_mh,West,LMA,1.00E+11,Princy Enterprise,Shaikh AbdulMannan,MotherHub_ABD_Flex,BRSNR,ShyamalHub_SHY_PL,PH-B1-ABDFLEX-70448,expected,OPENED,02-10-2026 22:39,Ankur Sinha,02-10-2026 18:27,#VALUE!,#VALUE!,#VALUE!
03-10-2026,FMPP4313597365,ShyamalHub_SHY_PL,DASH EVERAL +919510541809,dbe8fdf6f01a4bbc,received_at_mh,West,EKART,4054138,EKART,Shahrukh Yunushbhai Shekh,MotherHub_ABD_Flex,BRSNR,ShyamalHub_SHY_PL,PH-B3-ABDFLEX-123007,expected,OPENED,02-10-2026 22:05,Ankur Sinha,02-10-2026 18:27,04-10-2026 7:10,36.71667,>=24 hrs
03-10-2026,FMPC6552796893,ShyamalHub_SHY_PL,Hinaz Enterprise +919274061168,e227c520ddc14e4f,received_at_mh,West,LMA,1.00E+11,Princy Enterprise,Mamani WasimbhaiValjibhai,MotherHub_ABD_Flex,BRSNR,ShyamalHub_SHY_PL,PH-B1-ABDFLEX-123768,expected,OPENED,02-10-2026 22:02,Ankur Sinha,02-10-2026 18:27,#VALUE!,#VALUE!,#VALUE!
03-10-2026,FMPC6552872645,ShukrawarpethHub_PL,Suparshwa Enterprises +919960469994,103353fc71754292,dispatched_to_mh,West,EKART,3888304,EKART,Kishor Sadhu Dhone,MotherHub_PUNE,BRSNR,ShukrawarpethHub_PL,PH-B1-PNQPNQ-4483765,expected,OPENED,02-10-2026 23:39,Swapnil Borgaonkar (MH),02-10-2026 21:17,#VALUE!,#VALUE!,#VALUE!
03-10-2026,FMPC6553439046,ShyamalHub_SHY_PL,ARSH ENTERPRISES +916355400650,cc5948762069456b,received_at_mh,West,TRUEFLEX,1037184,Trueflex,Pathan Almaskhan Farukkhan,Motherhub_ABD,BRSNR,ShyamalHub_SHY_PL,PH-ZO-AHDABD-16853880,expected,OPENED,03-10-2026 0:04,Ankur Sinha,02-10-2026 20:36,04-10-2026 3:14,30.63333,>=24 hrs
03-10-2026,FMPC6553134350,ShyamalHub_SHY_PL,M/S RAJ RAJESHWARI TRADING +919924561637,f900f64f4ee44d07,received_at_mh,West,LMA,1.00E+11,Princy Enterprise,ManguSingh,Motherhub_ABD,BRSNR,ShyamalHub_SHY_PL,PH-ZO-AHDABD-16861450,expected,OPENED,03-10-2026 0:03,Ankur Sinha,02-10-2026 20:36,05-10-2026 0:45,52.15,>=24 hrs
03-10-2026,FMPC6553475056,ShyamalHub_SHY_PL,FASHION TRENDZ +919909159921,9c47c77183a541e5,dispatched_to_mh,West,EKART,4.18E+06,EKART,Khokhar Mohin Irafanabhai,MotherHub_ABD_Flex,BRSNR,ShyamalHub_SHY_PL,PH-B4-ABDFLEX-79462,expected,OPENED,02-10-2026 22:27,Ankur Sinha,02-10-2026 18:27,#VALUE!,#VALUE!,#VALUE!
03-10-2026,FMPP4313629436,ShyamalHub_SHY_PL,ROYAL MARKETING +917016932487,a649d4a0b57747f1,received_at_mh,West,LMA,1.00E+11,Princy Enterprise,Mamani WasimbhaiValjibhai,MotherHub_ABD_Flex,BRSNR,ShyamalHub_SHY_PL,PH-B1-ABDFLEX-123771,expected,OPENED,02-10-2026 22:12,Ankur Sinha,02-10-2026 18:27,04-10-2026 9:41,39.23333,>=24 hrs
03-10-2026,FMPP4313581420,ShyamalHub_SHY_PL,DASH EVERAL +919510541809,dbe8fdf6f01a4bbc,received_at_mh,West,EKART,4054138,EKART,Shahrukh Yunushbhai Shekh,MotherHub_ABD_Flex,BRSNR,ShyamalHub_SHY_PL,PH-B4-ABDFLEX-123009,expected,OPENED,02-10-2026 22:07,Ankur Sinha,02-10-2026 18:27,04-10-2026 6:15,35.8,>=24 hrs
03-10-2026,FMPP4313602447,ShyamalHub_SHY_PL,DASH EVERAL +919510541809,dbe8fdf6f01a4bbc,received_at_mh,West,EKART,4.05E+06,EKART,Shahrukh Yunushbhai Shekh,MotherHub_ABD_Flex,BRSNR,ShyamalHub_SHY_PL,PH-B4-ABDFLEX-123009,expected,OPENED,02-10-2026 22:07,Ankur Sinha,02-10-2026 18:27,04-10-2026 6:15,35.8,>=24 hrs
03-10-2026,FMPP4313840524,ShyamalHub_SHY_PL,ThreadRoots Apparels +918160480128,236da39f64b243e4,received_at_mh,West,TRUEFLEX,1.36E+06,Trueflex,Jivani Sohilbhai Hanifbhai,MotherHub_ABD_Flex,BRSNR,ShyamalHub_SHY_PL,PH-B4-ABDFLEX-123017,expected,OPENED,02-10-2026 22:24,Ankur Sinha,02-10-2026 18:27,#VALUE!,#VALUE!,#VALUE!
03-10-2026,FMPP4313809933,ShyamalHub_SHY_PL,F.N MARKETING +917016425476,fe1d049a6950422a,received_at_mh,West,LMA,1.00E+11,Princy Enterprise,Mamani WasimbhaiValjibhai,Motherhub_ABD,BRSNR,ShyamalHub_SHY_PL,PH-ZO-AHDABD-16861525,expected,OPENED,03-10-2026 0:00,Ankur Sinha,02-10-2026 20:36,04-10-2026 1:52,29.26667,>=24 hrs
03-10-2026,FMPC6552861231,ShyamalHub_SHY_PL,DASH EVERAL +919510541809,dbe8fdf6f01a4bbc,received_at_mh,West,EKART,4.05E+06,EKART,Shahrukh Yunushbhai Shekh,MotherHub_ABD_Flex,BRSNR,ShyamalHub_SHY_PL,PH-B3-ABDFLEX-123007,expected,OPENED,02-10-2026 22:05,Ankur Sinha,02-10-2026 18:27,04-10-2026 5:51,35.4,>=24 hrs
03-10-2026,FMPP4313580401,ShyamalHub_SHY_PL,DASH EVERAL +919510541809,dbe8fdf6f01a4bbc,received_at_mh,West,EKART,4054138,EKART,Shahrukh Yunushbhai Shekh,MotherHub_ABD_Flex,BRSNR,ShyamalHub_SHY_PL,PH-B4-ABDFLEX-123009,expected,OPENED,02-10-2026 22:07,Ankur Sinha,02-10-2026 18:27,04-10-2026 6:34,36.11667,>=24 hrs
03-10-2026,FMPC6552893379,SuratTempHub_STV,JAY JALARAM ENTERPRISE +918734073386,58b11c6753b14378,dispatched_to_mh,West,LMA,1.00E+11,COMMERSHIP SERVICES LLP,Labib AltafShah,MotherHub_STV_BTS,BRSNR,SuratTempHub_STV,PH-B1-SURBTS-67252643,expected,OPENED,03-10-2026 0:13,Ashvani Bhatt,02-10-2026 19:10,#VALUE!,#VALUE!,#VALUE!
03-10-2026,FMPC6553839017,SuratHub_STV_PL,KimishaFashions +919712683027,2a5fb1f2a7a74956,received_at_mh,West,LMA,1.00E+11,Princy Enterprise,AdityaKumar,MotherHub_STV_BTS,BRSNR,SuratHub_STV_PL,PH-B6-SURBTS-25596585,expected,OPENED,02-10-2026 22:11,Ashvani Bhatt,02-10-2026 20:31,04-10-2026 9:56,37.41667,>=24 hrs
03-10-2026,FMPC6553570804,SuratHub_STV_PL,SHUBH FLAX +919924751528,20b7eef43eb54e76,received_at_mh,West,TRUEFLEX,591290,Trueflex,Ganesh Prakash Devare,MotherHub_STV_BTS,BRSNR,SuratHub_STV_PL,PH-B1-SURBTS-25685659,expected,OPENED,02-10-2026 20:29,Ashvani Bhatt,02-10-2026 18:11,03-10-2026 21:40,27.48333,>=24 hrs
03-10-2026,FMPC6549187929,SuratTempHub_STV,Shaanjh Craft +919110900509,24627fb29bc145e3,received_at_mh,West,LMA,1.00E+11,Princy Enterprise,VikramPatel,MotherHub_STV_BTS,BRSNR,SuratTempHub_STV,PH-B6-SURBTS-25647083,expected,OPENED,02-10-2026 23:43,Ashvani Bhatt,02-10-2026 19:10,04-10-2026 10:38,39.46667,>=24 hrs
03-10-2026,FMPP4314424242,KamrejHub_STV_PL,Rudvique +919924512417,a0dfde02fc164ad5,received_at_mh,West,TRUEFLEX,1.28E+06,Trueflex,Vavda Umarfaruk Yusuf,MotherHub_STV_BTS,BRSNR,KamrejHub_STV_PL,PH-B6-SURBTS-25893749,expected,OPENED,02-10-2026 21:19,Ashvani Bhatt,02-10-2026 19:24,03-10-2026 23:01,27.61667,>=24 hrs
03-10-2026,FMPP4313919605,SuratHub_STV_PL,PEIJINSART +918849036756,c884fcaae3234835,dispatched_to_mh,West,LMA,1.00E+11,GAUTAMI ENTERPRISE,Malek NazimNisar,MotherHub_STV_BTS,BRSNR,SuratHub_STV_PL,PH-B1-SURBTS-25874889,expected,OPENED,02-10-2026 19:51,Ashvani Bhatt,02-10-2026 19:16,#VALUE!,#VALUE!,#VALUE!
03-10-2026,FMPC6554445493,SuratHub_STV_PL,KONICA FAB +918734903772,98d373f5ea204546,received_at_mh,West,LMA,1.00E+11,Princy Enterprise,AdityaKumar,MotherHub_STV_BTS,BRSNR,SuratHub_STV_PL,PH-B6-SURBTS-25890501,expected,OPENED,02-10-2026 22:08,Ashvani Bhatt,02-10-2026 20:31,04-10-2026 10:08,37.61667,>=24 hrs
03-10-2026,FMPP4313766717,StationTempHub_STV_PL,NBUK +919909220525,74af71d66b00400e,received_at_mh,West,TRUEFLEX,8.68E+05,Trueflex,Patil Digambar Ashok,MotherHub_STV_BTS,BRSNR,StationTempHub_STV_PL,PH-B2-SURBTS-24357822,expected,OPENED,02-10-2026 20:13,Ashvani Bhatt,02-10-2026 17:10,04-10-2026 5:59,36.81667,>=24 hrs
03-10-2026,FMPC6553343724,SuratHub_STV_PL,JAI JASOL NX +917878122993,ad6b8de4ff244e09,received_at_mh,West,TRUEFLEX,1.43E+06,Trueflex,Hujefa Mehmud Fakir,MotherHub_STV_BTS,BRSNR,SuratHub_STV_PL,PH-B6-SURBTS-25849415,expected,OPENED,02-10-2026 22:32,Ashvani Bhatt,02-10-2026 20:31,04-10-2026 10:18,37.78333,>=24 hrs
03-10-2026,FMPP4313922337,SuratTempHub_STV,JAY JALARAM ENTERPRISE +918734073386,58b11c6753b14378,dispatched_to_mh,West,LMA,1.00E+11,COMMERSHIP SERVICES LLP,Labib AltafShah,MotherHub_STV_BTS,BRSNR,SuratTempHub_STV,PH-B3-SURBTS-67262876,expected,OPENED,03-10-2026 0:19,Ashvani Bhatt,02-10-2026 19:10,#VALUE!,#VALUE!,#VALUE!
03-10-2026,FMPP4313925843,SuratHub_STV_PL,REORIA FASHION +918200237528,8e3c6e32d6134733,received_at_mh,West,LMA,1.00E+11,Vxpress,Vikas DhanarajSonawane,MotherHub_STV_BTS,BRSNR,SuratHub_STV_PL,PH-B6-SURBTS-25862957,expected,OPENED,02-10-2026 20:45,Ashvani Bhatt,02-10-2026 18:02,04-10-2026 11:16,41.23333,>=24 hrs
03-10-2026,FMPC6553970368,SuratHub_STV_PL,AAI KHODAL MOTORS AND SERVICE STATION +918866224803,f1f985717d6241c7,received_at_mh,West,LMA,1.00E+11,GROWEXPRESS LOGISTIC LLP,Jitendra BhagwanBhunkar,MotherHub_STV_BTS,BRSNR,SuratHub_STV_PL,PH-B1-SURBTS-25813178,expected,OPENED,02-10-2026 20:07,Ashvani Bhatt,02-10-2026 18:11,03-10-2026 20:30,26.31667,>=24 hrs
03-10-2026,FMPP4314547619,KamrejHub_STV_PL,KHODAL FASHION 9537899722,b8814bf2fde045ef,received_at_mh,West,LMA,1.00E+11,PROBITY LOGISTICS PRIVATE LIMITED,Shaikh ArmanJiyaurrehman,MotherHub_STV_BTS,BRSNR,KamrejHub_STV_PL,PH-B6-SURBTS-25610433,expected,OPENED,02-10-2026 18:43,Ashvani Bhatt,02-10-2026 17:45,04-10-2026 11:48,42.05,>=24 hrs
03-10-2026,FMPC6553378849,StationTempHub_STV_PL,M AND N ENTERPRISE +918160317343,6924579a606749ee,received_at_mh,West,LMA,1.00E+11,Shree Hari Logistics,DAUD BEG WAHAB BEGMIRZA,MotherHub_STV_BTS,BRSNR,StationTempHub_STV_PL,PH-B1-SURBTS-25383690,expected,OPENED,02-10-2026 21:42,Ashvani Bhatt,02-10-2026 19:03,04-10-2026 2:36,31.55,>=24 hrs
03-10-2026,FMPC6552893453,SuratTempHub_STV,JAY JALARAM ENTERPRISE +918734073386,58b11c6753b14378,dispatched_to_mh,West,LMA,1.00E+11,COMMERSHIP SERVICES LLP,Labib AltafShah,MotherHub_STV_BTS,BRSNR,SuratTempHub_STV,PH-B3-SURBTS-67262876,expected,OPENED,03-10-2026 0:19,Ashvani Bhatt,02-10-2026 19:10,#VALUE!,#VALUE!,#VALUE!
03-10-2026,FMPC6554070013,SuratHub_STV_PL,BN Enterprise +918347484111,37498ff4e0f24db9,received_at_mh,West,LMA,1.00E+11,GAUTAMI ENTERPRISE,Malek NazimNisar,MotherHub_STV_BTS,BRSNR,SuratHub_STV_PL,PH-B6-SURBTS-25875200,expected,OPENED,02-10-2026 19:46,Ashvani Bhatt,02-10-2026 18:11,04-10-2026 11:35,41.4,>=24 hrs
03-10-2026,FMPC6552889237,StationTempHub_STV_PL,TRIBEAZI +919016330261,5986bf33085d46c4,received_at_mh,West,TRUEFLEX,5.90E+05,Trueflex,Meman Mohammad Latif Mohammad Faruk,MotherHub_STV_BTS,BRSNR,StationTempHub_STV_PL,PH-B6-SURBTS-25870215,expected,OPENED,02-10-2026 20:26,Ashvani Bhatt,02-10-2026 17:49,04-10-2026 11:23,41.56667,>=24 hrs
03-10-2026,FMPP4314349058,KamrejHub_STV_PL,Rudvique +919924512417,a0dfde02fc164ad5,received_at_mh,West,TRUEFLEX,1.28E+06,Trueflex,Vavda Umarfaruk Yusuf,MotherHub_STV_BTS,BRSNR,KamrejHub_STV_PL,PH-B1-SURBTS-25893718,expected,OPENED,02-10-2026 21:20,Ashvani Bhatt,02-10-2026 19:24,03-10-2026 23:01,27.61667,>=24 hrs
03-10-2026,FMPP4313897103,StationTempHub_STV_PL,VIRAL RETAIL +917874553642,192a9a7b1d454a53,dispatched_to_mh,West,LMA,1.00E+11,Vxpress,Vasava VikaskumarManojbhai,MotherHub_STV_BTS,BRSNR,StationTempHub_STV_PL,PH-B3-8URBTS-25546890,expected,OPENED,03-10-2026 1:13,Ashvani Bhatt,02-10-2026 17:10,#VALUE!,#VALUE!,#VALUE!
03-10-2026,FMPC6553484472,SuratTempHub_STV,ANMOL DIAPER SHOP +918200346940,f0a313b4aa3d4ab1,received_at_mh,West,LMA,1.00E+11,COMMERSHIP SERVICES LLP,ShaikhAftab,MotherHub_STV_BTS,BRSNR,SuratTempHub_STV,PH-B6-SURBTS-25882755,expected,OPENED,02-10-2026 22:55,Ashvani Bhatt,02-10-2026 19:10,04-10-2026 0:44,29.56667,>=24 hrs
03-10-2026,FMPC6554285694,KamrejHub_STV_PL,GHAR MAKEOVER & BEAUTY +919898151474,b0cf2cf4bd274cce,received_at_mh,West,LMA,1.00E+11,PROBITY LOGISTICS PRIVATE LIMITED,HafejiUsman,MotherHub_STV_BTS,BRSNR,KamrejHub_STV_PL,PH-B3-SURBTS-25036021,expected,OPENED,02-10-2026 23:00,Ashvani Bhatt,02-10-2026 19:24,04-10-2026 3:10,31.76667,>=24 hrs
03-10-2026,FMPC6553407382,KamrejHub_STV_PL,M M Enterprise +917623801399,30607b1bff064f66,received_at_mh,West,LMA,1.00E+11,COMMERSHIP SERVICES LLP,Doba MuaazSuleman,MotherHub_STV_BTS,BRSNR,KamrejHub_STV_PL,PH-B3-SURBTS-25415189,expected,OPENED,02-10-2026 21:13,Ashvani Bhatt,02-10-2026 17:45,05-10-2026 22:25,76.66667,>=24 hrs
03-10-2026,FMPC6553539471,SuratHub_STV_PL,YOGI FASHION +919924030751,8385347992fd4699,received_at_mh,West,LMA,1.00E+11,Vxpress,Vikas DhanarajSonawane,MotherHub_STV_BTS,BRSNR,SuratHub_STV_PL,PH-B6-SURBTS-25862957,expected,OPENED,02-10-2026 20:45,Ashvani Bhatt,02-10-2026 18:02,04-10-2026 11:16,41.23333,>=24 hrs
03-10-2026,FMPC6554123961,SuratTempHub_STV,JAY JALARAM ENTERPRISE +918734073386,58b11c6753b14378,dispatched_to_mh,West,LMA,1.00E+11,COMMERSHIP SERVICES LLP,Labib AltafShah,MotherHub_STV_BTS,BRSNR,SuratTempHub_STV,PH-B6-SURBTS-25889195,expected,OPENED,02-10-2026 23:30,Ashvani Bhatt,02-10-2026 19:10,#VALUE!,#VALUE!,#VALUE!
03-10-2026,FMPC6553614257,SuratTempHub_STV,KANAKSH CREATIONS +918200486607,153aaccbedc942f0,dispatched_to_mh,West,TRUEFLEX,589980,Trueflex,Ganesh Dagadu Borse,MotherHub_STV_BTS,BRSNR,SuratTempHub_STV,PH-B1-SURBTS-25885655,expected,OPENED,02-10-2026 21:51,Ashvani Bhatt,02-10-2026 20:03,#VALUE!,#VALUE!,#VALUE!
03-10-2026,FMPC6553021037,SuratTempHub_STV,JAY JALARAM ENTERPRISE +918734073386,58b11c6753b14378,dispatched_to_mh,West,LMA,1.00E+11,COMMERSHIP SERVICES LLP,Labib AltafShah,MotherHub_STV_BTS,BRSNR,SuratTempHub_STV,PH-B6-SURBTS-25889195,expected,OPENED,02-10-2026 23:30,Ashvani Bhatt,02-10-2026 19:10,#VALUE!,#VALUE!,#VALUE!
03-10-2026,FMPC6554406372,SuratTempHub_STV,JAY JALARAM ENTERPRISE +918734073386,58b11c6753b14378,dispatched_to_mh,West,LMA,1.00E+11,COMMERSHIP SERVICES LLP,Labib AltafShah,MotherHub_STV_BTS,BRSNR,SuratTempHub_STV,PH-B2-SURBTS-92442374,expected,OPENED,03-10-2026 0:34,Ashvani Bhatt,02-10-2026 19:10,#VALUE!,#VALUE!,#VALUE!
03-10-2026,FMPP4314381536,SuratHub_STV_PL,SHUBH FLAX +919924751528,20b7eef43eb54e76,received_at_mh,West,TRUEFLEX,5.91E+05,Trueflex,Ganesh Prakash Devare,MotherHub_STV_BTS,BRSNR,SuratHub_STV_PL,PH-B1-SURBTS-25685659,expected,OPENED,02-10-2026 20:29,Ashvani Bhatt,02-10-2026 18:11,03-10-2026 21:25,27.23333,>=24 hrs
03-10-2026,FMPC6554191649,SuratHub_STV_PL,VRAJ FASHION +917490075047,fd47d929565e49ab,received_at_mh,West,LMA,1.00E+11,Loadshare,Ajay PrakashPatil,MotherHub_STV_BTS,BRSNR,SuratHub_STV_PL,PH-B1-SURBTS-25878119,expected,OPENED,02-10-2026 22:43,Ashvani Bhatt,02-10-2026 19:16,04-10-2026 1:42,30.43333,>=24 hrs
03-10-2026,FMPC6553555602,KamrejHub_STV_PL,Rudvique +919924512417,a0dfde02fc164ad5,received_at_mh,West,TRUEFLEX,1.28E+06,Trueflex,Vavda Umarfaruk Yusuf,MotherHub_STV_BTS,BRSNR,KamrejHub_STV_PL,PH-B1-SURBTS-25893718,expected,OPENED,02-10-2026 21:20,Ashvani Bhatt,02-10-2026 19:24,03-10-2026 22:58,27.56667,>=24 hrs
03-10-2026,FMPC6552848403,SuratHub_STV_PL,DHRUTI CREATIONS +917990509781,f47b95eec2334e1d,received_at_mh,West,LMA,1.00E+11,Princy Enterprise,Pathan HarunBanekha,MotherHub_STV_BTS,BRSNR,SuratHub_STV_PL,PH-B2-SURBTS-25794255,expected,OPENED,02-10-2026 22:00,Ashvani Bhatt,02-10-2026 18:02,05-10-2026 22:46,76.73333,>=24 hrs
03-10-2026,FMPP4313677186,SuratHub_STV_PL,AAI KHODAL MOTORS AND SERVICE STATION +918866224803,f1f985717d6241c7,received_at_mh,West,LMA,1.00E+11,GROWEXPRESS LOGISTIC LLP,Jitendra BhagwanBhunkar,MotherHub_STV_BTS,BRSNR,SuratHub_STV_PL,PH-B2-SURBTS-25813231,expected,OPENED,02-10-2026 22:24,Ashvani Bhatt,02-10-2026 18:11,03-10-2026 21:54,27.71667,>=24 hrs
03-10-2026,FMPC6553142971,StationTempHub_STV_PL,BINNY ENTERPRISE +918780477922,b3329dbff2b14c2e,received_at_seller,West,LMA,1.00E+11,WERCATALYST VENTURES PVT LTD,PrabhatUpadhyay,MotherHub_STV_BTS,BRSNR,StationTempHub_STV_PL,PH-B6-SURBTS-25897223,expected,OPENED,02-10-2026 22:17,Ashvani Bhatt,#VALUE!,#VALUE!,#VALUE!,#VALUE!
03-10-2026,FMPP4313669923,SuratHub_STV_PL,AAI KHODAL MOTORS AND SERVICE STATION +918866224803,f1f985717d6241c7,received_at_mh,West,LMA,1.00E+11,GROWEXPRESS LOGISTIC LLP,Jitendra BhagwanBhunkar,MotherHub_STV_BTS,BRSNR,SuratHub_STV_PL,PH-B2-SURBTS-25813231,expected,OPENED,02-10-2026 22:24,Ashvani Bhatt,02-10-2026 18:11,03-10-2026 21:41,27.5,>=24 hrs
03-10-2026,FMPC6552959896,SuratHub_STV_PL,AAI KHODAL MOTORS AND SERVICE STATION +918866224803,f1f985717d6241c7,received_at_mh,West,LMA,1.00E+11,GROWEXPRESS LOGISTIC LLP,Jitendra BhagwanBhunkar,MotherHub_STV_BTS,BRSNR,SuratHub_STV_PL,PH-B6-SURBTS-25813726,expected,OPENED,02-10-2026 20:08,Ashvani Bhatt,02-10-2026 18:11,04-10-2026 11:32,41.35,>=24 hrs
03-10-2026,FMPC6553687510,StationTempHub_STV_PL,JEH EMPIRE +917096342240,ecb6e785fd1b4cfb,received_at_mh,West,TRUEFLEX,602953,Trueflex,Govind Ruparam Parihar,MotherHub_STV_BTS,BRSNR,StationTempHub_STV_PL,PH-B1-SURBTS-25730425,expected,OPENED,02-10-2026 19:17,Ashvani Bhatt,02-10-2026 17:16,03-10-2026 22:41,29.41667,>=24 hrs
03-10-2026,FMPP4314455775,KamrejHub_STV_PL,Rudvique +919924512417,a0dfde02fc164ad5,received_at_mh,West,TRUEFLEX,1.28E+06,Trueflex,Vavda Umarfaruk Yusuf,MotherHub_STV_BTS,BRSNR,KamrejHub_STV_PL,PH-B3-SURBTS-25893738,expected,OPENED,02-10-2026 21:22,Ashvani Bhatt,02-10-2026 19:24,03-10-2026 22:58,27.56667,>=24 hrs
03-10-2026,FMPP4314646169,SuratTempHub_STV,ZAKWAN AGENCY +919974281126,4dffcf499a374228,received_at_mh,West,LMA,1.00E+11,Princy Enterprise,VikramPatel,MotherHub_STV_BTS,BRSNR,SuratTempHub_STV,PH-B6-SURBTS-25647083,expected,OPENED,02-10-2026 23:43,Ashvani Bhatt,02-10-2026 19:10,04-10-2026 2:23,31.21667,>=24 hrs
03-10-2026,FMPC6554609732,StationTempHub_STV_PL,KESARIYA EXPORT +917043202394,527b7eb86afd4508,received_at_mh,West,TRUEFLEX,589827,Trueflex,Bhoparam Bagaramji Rabari,MotherHub_STV_BTS,BRSNR,StationTempHub_STV_PL,PH-B6-SURBTS-25733591,expected,OPENED,02-10-2026 19:29,Ashvani Bhatt,02-10-2026 17:10,04-10-2026 9:31,40.35,>=24 hrs
03-10-2026,FMPC6554436818,SuratHub_STV_PL,KONICA FAB +918734903772,98d373f5ea204546,received_at_mh,West,LMA,1.00E+11,Princy Enterprise,AdityaKumar,MotherHub_STV_BTS,BRSNR,SuratHub_STV_PL,PH-B6-SURBTS-25890501,expected,OPENED,02-10-2026 22:08,Ashvani Bhatt,02-10-2026 20:31,04-10-2026 9:50,37.31667,>=24 hrs
03-10-2026,FMPC6553554922,SuratHub_STV_PL,Rakholiya Enterprise +919723476958,b4c0a16ad45a45ec,received_at_mh,West,TRUEFLEX,5.91E+05,Trueflex,Ganesh Prakash Devare,MotherHub_STV_BTS,BRSNR,SuratHub_STV_PL,PH-B2-SURBTS-256848,expected,OPENED,02-10-2026 22:25,Ashvani Bhatt,02-10-2026 18:11,05-10-2026 17:44,71.55,>=24 hrs
03-10-2026,FMPC6553140158,SuratHub_STV_PL,ML ENTERPRISE +919428494372,da9300e406f44fec,received_at_mh,West,LMA,1.00E+11,Vxpress,Vikas DhanarajSonawane,MotherHub_STV_BTS,BRSNR,SuratHub_STV_PL,PH-B2-SURBTS-25862918,expected,OPENED,02-10-2026 20:48,Ashvani Bhatt,02-10-2026 18:02,04-10-2026 23:41,53.65,>=24 hrs
03-10-2026,FMPC6552748703,SuratHub_STV_PL,AAI KHODAL MOTORS AND SERVICE STATION +918866224803,f1f985717d6241c7,received_at_mh,West,LMA,1.00E+11,GROWEXPRESS LOGISTIC LLP,Jitendra BhagwanBhunkar,MotherHub_STV_BTS,BRSNR,SuratHub_STV_PL,PH-B6-SURBTS-25813726,expected,OPENED,02-10-2026 20:08,Ashvani Bhatt,02-10-2026 18:11,04-10-2026 11:35,41.4,>=24 hrs
03-10-2026,FMPC6554078018,KamrejHub_STV_PL,Rudvique +919924512417,a0dfde02fc164ad5,received_at_mh,West,TRUEFLEX,1.28E+06,Trueflex,Vavda Umarfaruk Yusuf,MotherHub_STV_BTS,BRSNR,KamrejHub_STV_PL,PH-B1-SURBTS-25893718,expected,OPENED,02-10-2026 21:20,Ashvani Bhatt,02-10-2026 19:24,03-10-2026 22:48,27.4,>=24 hrs
03-10-2026,FMPC6553336927,SuratHub_STV_PL,REORIA FASHION +918200237528,8e3c6e32d6134733,received_at_mh,West,LMA,1.00E+11,Vxpress,Vikas DhanarajSonawane,MotherHub_STV_BTS,BRSNR,SuratHub_STV_PL,PH-B2-SURBTS-25862918,expected,OPENED,02-10-2026 20:48,Ashvani Bhatt,02-10-2026 18:02,03-10-2026 22:16,28.23333,>=24 hrs
03-10-2026,FMPC6553355468,SuratTempHub_STV,JANKIJI FABRICS LLP +919979872374,d322e8c63bd64b4e,received_at_mh,West,LMA,1.00E+11,Shree Hari Logistics,Jarad DevkrushnaShantilal,MotherHub_STV_BTS,BRSNR,SuratTempHub_STV,PH-B2-SURBTS-25883258,expected,OPENED,02-10-2026 21:25,Ashvani Bhatt,02-10-2026 16:48,04-10-2026 6:09,37.35,>=24 hrs
03-10-2026,FMPP4313749393,SuratTempHub_STV,JAY JALARAM ENTERPRISE +918734073386,58b11c6753b14378,dispatched_to_mh,West,LMA,1.00E+11,COMMERSHIP SERVICES LLP,Labib AltafShah,MotherHub_STV_BTS,BRSNR,SuratTempHub_STV,PH-B1-SURBTS-67252643,expected,OPENED,03-10-2026 0:13,Ashvani Bhatt,02-10-2026 19:10,#VALUE!,#VALUE!,#VALUE!
03-10-2026,FMPP4313851300,SuratHub_STV_PL,YOGI FASHION +919924030751,8385347992fd4699,received_at_mh,West,LMA,1.00E+11,Vxpress,Vikas DhanarajSonawane,MotherHub_STV_BTS,BRSNR,SuratHub_STV_PL,PH-B6-SURBTS-25862957,expected,OPENED,02-10-2026 20:45,Ashvani Bhatt,02-10-2026 18:02,04-10-2026 11:18,41.26667,>=24 hrs
03-10-2026,FMPC6554337027,KamrejHub_STV_PL,LEVEL UP INDIA +919265437589,69df3f0a82c14788,dispatched_to_mh,West,LMA,1.00E+11,PS LOGISTICS,Zaheer Ahmad KasimTai,MotherHub_STV_BTS,BRSNR,KamrejHub_STV_PL,PH-B3-SURBTS-25867801,expected,OPENED,03-10-2026 0:49,Ashvani Bhatt,02-10-2026 19:24,#VALUE!,#VALUE!,#VALUE!
03-10-2026,FMPC6553128851,SuratHub_STV_PL,SHREEMANJI TRADING +919426912734,8847ec0feaf84232,received_at_mh,West,LMA,1.00E+11,Princy Enterprise,Pathan HarunBanekha,MotherHub_STV_BTS,BRSNR,SuratHub_STV_PL,PH-B1-SURBTS-25794221,expected,OPENED,02-10-2026 21:58,Ashvani Bhatt,02-10-2026 18:02,03-10-2026 21:24,27.36667,>=24 hrs
03-10-2026,FMPC6554601831,SuratHub_STV_PL,K 3 TRENDS +917043305487,c2ce84f84e044867,received_at_mh,West,LMA,1.00E+11,Princy Enterprise,AdityaKumar,MotherHub_STV_BTS,BRSNR,SuratHub_STV_PL,PH-B6-SURBTS-25890586,expected,OPENED,03-10-2026 5:37,Ashvani Bhatt,02-10-2026 20:31,04-10-2026 9:54,37.38333,>=24 hrs
03-10-2026,FMPC6554234671,SuratTempHub_STV,100 DREAMS +918866711117,4f2aec945c5d4e9b,dispatched_to_mh,West,LMA,1.00E+11,Loadshare,Shaikh Samir ShaikhLal,MotherHub_STV_BTS,BRSNR,SuratTempHub_STV,PH-B2-SURBTS-25882641,expected,OPENED,02-10-2026 21:02,Ashvani Bhatt,02-10-2026 16:48,#VALUE!,#VALUE!,#VALUE!
03-10-2026,FMPC6553479872,KamrejHub_STV_PL,CIRAMIST +917201843714,90d33418e8474e8d,dispatched_to_mh,West,LMA,1.00E+11,WERCATALYST VENTURES PVT LTD,Shaikh Mohamad HanifHamid,MotherHub_STV_BTS,BRSNR,KamrejHub_STV_PL,PH-B3-SURBTS-25870099,expected,OPENED,02-10-2026 22:07,Ashvani Bhatt,02-10-2026 17:33,#VALUE!,#VALUE!,#VALUE!
03-10-2026,FMPP4314589588,SuratHub_STV_PL,GC PREMIUM JEWELLERY +917874150692,b2ee68ffcec54ae7,dispatched_to_mh,West,TRUEFLEX,9.73E+05,Trueflex,Patila Yogeshbhai Anilbhai,MotherHub_STV_BTS,BRSNR,SuratHub_STV_PL,PH-B3-SURBTS-25754865,expected,OPENED,02-10-2026 22:23,Ashvani Bhatt,02-10-2026 19:16,#VALUE!,#VALUE!,#VALUE!
03-10-2026,FMPC6554108578,SuratHub_STV_PL,AAI KHODAL MOTORS AND SERVICE STATION +918866224803,f1f985717d6241c7,received_at_mh,West,LMA,1.00E+11,GROWEXPRESS LOGISTIC LLP,Jitendra BhagwanBhunkar,MotherHub_STV_BTS,BRSNR,SuratHub_STV_PL,PH-B2-SURBTS-25813231,expected,OPENED,02-10-2026 22:24,Ashvani Bhatt,02-10-2026 18:11,03-10-2026 21:43,27.53333,>=24 hrs
03-10-2026,FMPC6552864090,SuratTempHub_STV,JAY JALARAM ENTERPRISE +918734073386,58b11c6753b14378,dispatched_to_mh,West,LMA,1.00E+11,COMMERSHIP SERVICES LLP,Labib AltafShah,MotherHub_STV_BTS,BRSNR,SuratTempHub_STV,PH-B6-SURBTS-25889195,expected,OPENED,02-10-2026 23:30,Ashvani Bhatt,02-10-2026 19:10,#VALUE!,#VALUE!,#VALUE!
03-10-2026,FMPC6554091088,KamrejHub_STV_PL,SHREENATH ENTERPRISE +919173732342,a36285f7988f4055,dispatched_to_mh,West,TRUEFLEX,6.01E+05,Trueflex,Rajput Ranadhir Bhupendrabhai,MotherHub_STV_BTS,BRSNR,KamrejHub_STV_PL,PH-B3-SURBTS-25413736,expected,OPENED,03-10-2026 0:03,Ashvani Bhatt,02-10-2026 17:41,#VALUE!,#VALUE!,#VALUE!
03-10-2026,FMPC6554112978,SuratTempHub_STV,JAY JALARAM ENTERPRISE +918734073386,58b11c6753b14378,dispatched_to_mh,West,LMA,1.00E+11,COMMERSHIP SERVICES LLP,Labib AltafShah,MotherHub_STV_BTS,BRSNR,SuratTempHub_STV,PH-B6-SURBTS-25889195,expected,OPENED,02-10-2026 23:30,Ashvani Bhatt,02-10-2026 19:10,#VALUE!,#VALUE!,#VALUE!
03-10-2026,FMPC6554151385,SuratHub_STV_PL,MARUTI EXIM +917698717991,4afc21aacbc04b99,dispatched_to_mh,West,LMA,1.00E+11,Shree Hari Logistics,MishraMahip,MotherHub_STV_BTS,BRSNR,SuratHub_STV_PL,PH-B6-SURBTS-25870898,expected,OPENED,02-10-2026 21:53,Ashvani Bhatt,02-10-2026 19:16,#VALUE!,#VALUE!,#VALUE!
03-10-2026,FMPC6554242561,SuratHub_STV_PL,AAI KHODAL MOTORS AND SERVICE STATION +918866224803,f1f985717d6241c7,received_at_mh,West,LMA,1.00E+11,GROWEXPRESS LOGISTIC LLP,Jitendra BhagwanBhunkar,MotherHub_STV_BTS,BRSNR,SuratHub_STV_PL,PH-B1-SURBTS-25813178,expected,OPENED,02-10-2026 20:07,Ashvani Bhatt,02-10-2026 18:11,03-10-2026 21:04,26.88333,>=24 hrs
03-10-2026,FMPP4313626977,KamrejHub_STV_PL,Rudvique +919924512417,a0dfde02fc164ad5,received_at_mh,West,TRUEFLEX,1.28E+06,Trueflex,Vavda Umarfaruk Yusuf,MotherHub_STV_BTS,BRSNR,KamrejHub_STV_PL,PH-B1-SURBTS-25893718,expected,OPENED,02-10-2026 21:20,Ashvani Bhatt,02-10-2026 19:24,03-10-2026 23:00,27.6,>=24 hrs
03-10-2026,FMPP4313651652,SuratTempHub_STV,JAY JALARAM ENTERPRISE +918734073386,58b11c6753b14378,dispatched_to_mh,West,LMA,1.00E+11,COMMERSHIP SERVICES LLP,Labib AltafShah,MotherHub_STV_BTS,BRSNR,SuratTempHub_STV,PH-B2-SURBTS-92442374,expected,OPENED,03-10-2026 0:34,Ashvani Bhatt,02-10-2026 19:10,#VALUE!,#VALUE!,#VALUE!
03-10-2026,FMPP4314526108,KamrejHub_STV_PL,Ziyana Enterprise +918401823024,7665301e47cd4bfe,dispatched_to_mh,West,TRUEFLEX,1280902,Trueflex,Vavda Umarfaruk Yusuf,MotherHub_STV_BTS,BRSNR,KamrejHub_STV_PL,PH-B2-SURBTS-25893733,expected,OPENED,02-10-2026 21:21,Ashvani Bhatt,02-10-2026 19:24,#VALUE!,#VALUE!,#VALUE!
03-10-2026,FMPP4314137800,StationTempHub_STV_PL,ZIAANSS ENTERPRISE +917861884241,61b152b4a7474a4c,dispatched_to_mh,West,LMA,1.00E+11,Greenteck Logistics and Mobility Pvt Ltd,Vishal LaxmanAdagale,MotherHub_STV_BTS,BRSNR,StationTempHub_STV_PL,PH-B2-SURBTS-25826068,expected,OPENED,02-10-2026 20:23,Ashvani Bhatt,02-10-2026 18:26,#VALUE!,#VALUE!,#VALUE!
03-10-2026,FMPP4314548278,SuratHub_STV_PL,YOGI FASHION +919924030751,8385347992fd4699,received_at_mh,West,LMA,1.00E+11,Vxpress,Vikas DhanarajSonawane,MotherHub_STV_BTS,BRSNR,SuratHub_STV_PL,PH-B2-SURBTS-25862918,expected,OPENED,02-10-2026 20:48,Ashvani Bhatt,02-10-2026 18:02,03-10-2026 22:04,28.03333,>=24 hrs
03-10-2026,FMPC6552797248,SuratTempHub_STV,Shaanjh Craft +919110900509,24627fb29bc145e3,received_at_mh,West,LMA,1.00E+11,Princy Enterprise,VikramPatel,MotherHub_STV_BTS,BRSNR,SuratTempHub_STV,PH-B6-SURBTS-25647083,expected,OPENED,02-10-2026 23:43,Ashvani Bhatt,02-10-2026 19:10,04-10-2026 10:33,39.38333,>=24 hrs
03-10-2026,FMPP4314382717,KamrejHub_STV_PL,SHREENATH ENTERPRISE +919173732342,a36285f7988f4055,dispatched_to_mh,West,TRUEFLEX,6.01E+05,Trueflex,Rajput Ranadhir Bhupendrabhai,MotherHub_STV_BTS,BRSNR,KamrejHub_STV_PL,PH-B1-SURBTS-25807967,expected,OPENED,02-10-2026 22:40,Ashvani Bhatt,02-10-2026 17:41,#VALUE!,#VALUE!,#VALUE!
03-10-2026,FMPC6554221407,KamrejHub_STV_PL,Rudvique +919924512417,a0dfde02fc164ad5,dispatched_to_mh,West,TRUEFLEX,1280902,Trueflex,Vavda Umarfaruk Yusuf,MotherHub_STV_BTS,BRSNR,KamrejHub_STV_PL,PH-B1-SURBTS-25893718,expected,OPENED,02-10-2026 21:20,Ashvani Bhatt,02-10-2026 19:24,#VALUE!,#VALUE!,#VALUE!
03-10-2026,FMPP4314077200,SuratHub_STV_PL,GOPINATH ENTERPRISE +918000802020,b5d89d064548464f,dispatched_to_mh,West,TRUEFLEX,5.91E+05,Trueflex,Ganesh Prakash Devare,MotherHub_STV_BTS,BRSNR,SuratHub_STV_PL,PH-B6-SURBTS-25684902,expected,OPENED,02-10-2026 20:29,Ashvani Bhatt,02-10-2026 18:11,#VALUE!,#VALUE!,#VALUE!
03-10-2026,FMPC6552777772,SuratHub_STV_PL,AAI KHODAL MOTORS AND SERVICE STATION +918866224803,f1f985717d6241c7,received_at_mh,West,LMA,1.00E+11,GROWEXPRESS LOGISTIC LLP,Jitendra BhagwanBhunkar,MotherHub_STV_BTS,BRSNR,SuratHub_STV_PL,PH-B2-SURBTS-25813231,expected,OPENED,02-10-2026 22:24,Ashvani Bhatt,02-10-2026 18:11,03-10-2026 21:38,27.45,>=24 hrs
03-10-2026,FMPC6554084027,StationTempHub_STV_PL,Kalp Enterprise +919624282277,f014f4b214894a53,received_at_mh,West,TRUEFLEX,5.93E+05,Trueflex,Mahendra Mahajan,MotherHub_STV_BTS,BRSNR,StationTempHub_STV_PL,PH-B1-SURBTS-25607491,expected,OPENED,02-10-2026 20:53,Ashvani Bhatt,02-10-2026 17:49,05-10-2026 21:30,75.68333,>=24 hrs
03-10-2026,FMPP4314434873,KamrejHub_STV_PL,Flipora +917778806436,87b3462689254675,dispatched_to_mh,West,LMA,1.00E+11,COMMERSHIP SERVICES LLP,Doba MuaazSuleman,MotherHub_STV_BTS,BRSNR,KamrejHub_STV_PL,PH-B1-SURBTS-25414888,expected,OPENED,02-10-2026 18:42,Ashvani Bhatt,02-10-2026 17:45,#VALUE!,#VALUE!,#VALUE!
03-10-2026,FMPC6553297807,SuratHub_STV_PL,BAMFORD +919409689131,8848a9db541c4aa1,received_at_mh,West,TRUEFLEX,5.90E+05,Trueflex,Maniar Sahil,MotherHub_STV_BTS,BRSNR,SuratHub_STV_PL,PH-B2-SURBTS-25865648,expected,OPENED,02-10-2026 20:22,Ashvani Bhatt,02-10-2026 18:02,03-10-2026 23:24,29.36667,>=24 hrs
03-10-2026,FMPP4313637999,SuratHub_STV_PL,DIVYA VISHAL PATEL +919925183708,c9d5a5560ccb4f01,received_at_mh,West,LMA,1.00E+11,Shree Hari Logistics,Shah PavankumarValmikiprasad,MotherHub_STV_BTS,BRSNR,SuratHub_STV_PL,PH-B2-SURBTS-25843318,expected,OPENED,02-10-2026 20:29,Ashvani Bhatt,02-10-2026 18:02,04-10-2026 3:00,32.96667,>=24 hrs
03-10-2026,FMPP4313688596,SuratHub_STV_PL,VARUN MAHENDRABHAI TAGADIYA +919913242928,4fd5f8d4526e40a6,received_at_mh,West,LMA,1.00E+11,Shree Hari Logistics,Shah PavankumarValmikiprasad,MotherHub_STV_BTS,BRSNR,SuratHub_STV_PL,PH-B2-SURBTS-25843318,expected,OPENED,02-10-2026 20:29,Ashvani Bhatt,02-10-2026 18:02,04-10-2026 3:08,33.1,>=24 hrs
03-10-2026,FMPC6553477364,SuratHub_STV_PL,NIRAVE FASHION +919909269915,62d92f39e7f043d1,received_at_mh,West,LMA,1.00E+11,Princy Enterprise,Ganesh ArunPatil,MotherHub_STV_BTS,BRSNR,SuratHub_STV_PL,PH-B1-SURBTS-25565129,expected,OPENED,02-10-2026 20:49,Ashvani Bhatt,02-10-2026 18:02,03-10-2026 23:27,29.41667,>=24 hrs
03-10-2026,FMPC6554397152,KamrejHub_STV_PL,KHODAL FASHION 9537899722,b8814bf2fde045ef,received_at_mh,West,LMA,1.00E+11,PROBITY LOGISTICS PRIVATE LIMITED,Shaikh ArmanJiyaurrehman,MotherHub_STV_BTS,BRSNR,KamrejHub_STV_PL,PH-B1-SURBTS-25610304,expected,OPENED,02-10-2026 18:42,Ashvani Bhatt,02-10-2026 17:45,04-10-2026 4:19,34.56667,>=24 hrs
03-10-2026,FMPC6553808307,SuratHub_STV_PL,SHREEJI ENTERPRISE +917573806639,2490d8d282a74bfa,dispatched_to_mh,West,LMA,1.00E+11,Shree Hari Logistics,MishraMahip,MotherHub_STV_BTS,BRSNR,SuratHub_STV_PL,PH-B1-SURBTS-25870741,expected,OPENED,02-10-2026 21:55,Ashvani Bhatt,02-10-2026 19:16,#VALUE!,#VALUE!,#VALUE!
03-10-2026,FMPC6554505837,StationTempHub_STV_PL,TITHIEXPO +917874874670,f2c0a55493564224,dispatched_to_mh,West,LMA,1.00E+11,COMMERSHIP SERVICES LLP,Yadav OmprakashRajkumar,MotherHub_STV_BTS,BRSNR,StationTempHub_STV_PL,PH-B2-SURBTS-25715555,expected,OPENED,03-10-2026 1:12,Ashvani Bhatt,02-10-2026 17:49,#VALUE!,#VALUE!,#VALUE!
03-10-2026,FMPC6554486828,KamrejHub_STV_PL,SHIVAY ENTERPRISE +919687080714,028ee5a3da894751,dispatched_to_mh,West,TRUEFLEX,1.38E+06,Trueflex,Akhilesh Dubey,MotherHub_STV_BTS,BRSNR,KamrejHub_STV_PL,PH-B1-SURBTS-25393447,expected,OPENED,03-10-2026 0:25,Ashvani Bhatt,02-10-2026 17:26,#VALUE!,#VALUE!,#VALUE!
03-10-2026,FMPP4314455772,SuratHub_STV_PL,KHODAL ENTERPRISE +918460818104,43f3373a93794789,received_at_mh,West,TRUEFLEX,5.91E+05,Trueflex,Ganesh Prakash Devare,MotherHub_STV_BTS,BRSNR,SuratHub_STV_PL,PH-B6-SURBTS-25685821,expected,OPENED,02-10-2026 20:29,Ashvani Bhatt,02-10-2026 18:11,04-10-2026 9:28,39.28333,>=24 hrs
03-10-2026,FMPC6553308292,KamrejHub_STV_PL,Ziyana Enterprise +918401823024,7665301e47cd4bfe,received_at_mh,West,TRUEFLEX,1.28E+06,Trueflex,Vavda Umarfaruk Yusuf,MotherHub_STV_BTS,BRSNR,KamrejHub_STV_PL,PH-B6-SURBTS-25893749,expected,OPENED,02-10-2026 21:19,Ashvani Bhatt,02-10-2026 19:24,03-10-2026 22:45,27.35,>=24 hrs
03-10-2026,FMPP4314536253,StationTempHub_STV_PL,Zroy Enterprise +916353291241,09bf53e1172544ab,received_at_mh,West,LMA,1.00E+11,COMMERSHIP SERVICES LLP,Yadav OmprakashRajkumar,MotherHub_STV_BTS,BRSNR,StationTempHub_STV_PL,PH-B6-SURBTS-25715322,expected,OPENED,02-10-2026 21:28,Ashvani Bhatt,02-10-2026 17:49,05-10-2026 5:16,59.45,>=24 hrs
03-10-2026,FMPC6552935929,StationTempHub_STV_PL,SHREE HARI ENTERPRISE +919277505601,34a84713e08c4832,dispatched_to_mh,West,LMA,1.00E+11,Greenteck Logistics and Mobility Pvt Ltd,Jayaswal AnkitNareshbhai,MotherHub_STV_BTS,BRSNR,StationTempHub_STV_PL,PH-B6-SURBTS-25771328,expected,OPENED,02-10-2026 21:02,Ashvani Bhatt,02-10-2026 17:49,#VALUE!,#VALUE!,#VALUE!
03-10-2026,FMPC6554486888,SuratHub_STV_PL,SS Enterprise +919662694804,d1afb2fde0094804,received_at_mh,West,LMA,1.00E+11,Shree Hari Logistics,KrishnaSingh,MotherHub_STV_BTS,BRSNR,SuratHub_STV_PL,PH-B2-SURBTS-25895918,expected,OPENED,03-10-2026 6:36,Ashvani Bhatt,02-10-2026 19:16,04-10-2026 10:36,39.33333,>=24 hrs
03-10-2026,FMPC6552843310,SuratHub_STV_PL,DHRUTI CREATIONS +917990509781,f47b95eec2334e1d,received_at_mh,West,LMA,1.00E+11,Princy Enterprise,Pathan HarunBanekha,MotherHub_STV_BTS,BRSNR,SuratHub_STV_PL,PH-B2-SURBTS-25794255,expected,OPENED,02-10-2026 22:00,Ashvani Bhatt,02-10-2026 18:02,06-10-2026 0:04,78.03333,>=24 hrs
03-10-2026,FMPP4314071480,SuratHub_STV_PL,ML ENTERPRISE +919428494372,da9300e406f44fec,received_at_mh,West,LMA,1.00E+11,Vxpress,Vikas DhanarajSonawane,MotherHub_STV_BTS,BRSNR,SuratHub_STV_PL,PH-B2-SURBTS-25862918,expected,OPENED,02-10-2026 20:48,Ashvani Bhatt,02-10-2026 18:02,03-10-2026 21:58,27.93333,>=24 hrs
03-10-2026,FMPP4314515589,StationTempHub_STV_PL,TRIBEAZI +919016330261,5986bf33085d46c4,received_at_mh,West,TRUEFLEX,5.90E+05,Trueflex,Meman Mohammad Latif Mohammad Faruk,MotherHub_STV_BTS,BRSNR,StationTempHub_STV_PL,PH-B1-SURBTS-25869938,expected,OPENED,02-10-2026 20:26,Ashvani Bhatt,02-10-2026 17:49,03-10-2026 21:07,27.3,>=24 hrs
03-10-2026,FMPP4312721484,SuratHub_STV_PL,Narsimha Creation +918141654066,c58369985d7348df,received_at_mh,West,LMA,1.00E+11,Shree Hari Logistics,Nikunjbhai Vasava,MotherHub_STV_BTS,BRSNR,SuratHub_STV_PL,PH-B3-SURBTS-25513971,expected,OPENED,02-10-2026 22:40,Ashvani Bhatt,02-10-2026 19:16,04-10-2026 2:33,31.28333,>=24 hrs
03-10-2026,FMPC6554355807,SuratHub_STV_PL,SAM CAROL +918980097455,a5752665d2974370,dispatched_to_mh,West,LMA,1.00E+11,Shree Hari Logistics,KrishnaSingh,MotherHub_STV_BTS,BRSNR,SuratHub_STV_PL,PH-B6-SURBTS-25896017,expected,OPENED,02-10-2026 21:45,Ashvani Bhatt,02-10-2026 19:16,#VALUE!,#VALUE!,#VALUE!
03-10-2026,FMPC6554453085,SuratHub_STV_PL,K 3 TRENDS +917043305487,c2ce84f84e044867,received_at_mh,West,LMA,1.00E+11,Princy Enterprise,AdityaKumar,MotherHub_STV_BTS,BRSNR,SuratHub_STV_PL,PH-B6-SURBTS-25890500,expected,OPENED,02-10-2026 22:12,Ashvani Bhatt,02-10-2026 20:31,04-10-2026 9:59,37.46667,>=24 hrs
03-10-2026,FMPP4314516285,KamrejHub_STV_PL,KHODAL FASHION 9537899722,b8814bf2fde045ef,received_at_mh,West,LMA,1.00E+11,PROBITY LOGISTICS PRIVATE LIMITED,Shaikh ArmanJiyaurrehman,MotherHub_STV_BTS,BRSNR,KamrejHub_STV_PL,PH-B1-SURBTS-25610304,expected,OPENED,02-10-2026 18:42,Ashvani Bhatt,02-10-2026 17:45,04-10-2026 4:19,34.56667,>=24 hrs
03-10-2026,FMPC6553305918,SuratHub_STV_PL,AAI KHODAL MOTORS AND SERVICE STATION +918866224803,f1f985717d6241c7,received_at_mh,West,LMA,1.00E+11,GROWEXPRESS LOGISTIC LLP,Jitendra BhagwanBhunkar,MotherHub_STV_BTS,BRSNR,SuratHub_STV_PL,PH-B1-SURBTS-25813178,expected,OPENED,02-10-2026 20:07,Ashvani Bhatt,02-10-2026 18:11,03-10-2026 20:46,26.58333,>=24 hrs
03-10-2026,FMPC6552816244,SuratTempHub_STV,JAY JALARAM ENTERPRISE +918734073386,58b11c6753b14378,dispatched_to_mh,West,LMA,1.00E+11,COMMERSHIP SERVICES LLP,Labib AltafShah,MotherHub_STV_BTS,BRSNR,SuratTempHub_STV,PH-B6-SURBTS-25889195,expected,OPENED,02-10-2026 23:30,Ashvani Bhatt,02-10-2026 19:10,#VALUE!,#VALUE!,#VALUE!
03-10-2026,FMPP4313889680,KamrejHub_STV_PL,Ashirvad Fashion +919512620750,4c66561c213c4bfe,received_at_mh,West,LMA,1.00E+11,Vxpress,Gamit AnkitkumarShivajibhai,MotherHub_STV_BTS,BRSNR,KamrejHub_STV_PL,PH-B2-SURBTS-25868795,expected,OPENED,03-10-2026 1:36,Ashvani Bhatt,02-10-2026 19:24,04-10-2026 3:50,32.43333,>=24 hrs
03-10-2026,FMPC6554325288,SuratTempHub_STV,DEVDARSHAN SAREE +919979598432,a138d9667d114ed5,received_at_mh,West,LMA,1.00E+11,PS LOGISTICS,Nakul PrakashbhaiDhobi,MotherHub_STV_BTS,BRSNR,SuratTempHub_STV,PH-B6-SURBTS-25847603,expected,OPENED,02-10-2026 22:52,Ashvani Bhatt,02-10-2026 21:02,04-10-2026 10:15,37.21667,>=24 hrs
03-10-2026,FMPP4309428827,KamrejHub_STV_PL,SEJALBEN VITTHALBHAI SUTARIYA +919377778073,8b6a45ee5e2245f5,dispatched_to_mh,West,LMA,1.00E+11,WERCATALYST VENTURES PVT LTD,Gori AfajalRahimbhai,MotherHub_STV_BTS,BRSNR,KamrejHub_STV_PL,PH-B6-SURBTS-25002239,expected,OPENED,02-10-2026 22:34,Ashvani Bhatt,02-10-2026 19:24,#VALUE!,#VALUE!,#VALUE!
03-10-2026,FMPP4314712465,SuratTempHub_STV,ZAKWAN AGENCY +919974281126,4dffcf499a374228,received_at_mh,West,LMA,1.00E+11,Princy Enterprise,VikramPatel,MotherHub_STV_BTS,BRSNR,SuratTempHub_STV,PH-B2-SURBTS-24847328,expected,OPENED,02-10-2026 23:43,Ashvani Bhatt,02-10-2026 19:10,04-10-2026 2:21,31.18333,>=24 hrs
03-10-2026,FMPC6553319523,SuratTempHub_STV,JAY JALARAM ENTERPRISE +918734073386,58b11c6753b14378,dispatched_to_mh,West,LMA,1.00E+11,COMMERSHIP SERVICES LLP,Labib AltafShah,MotherHub_STV_BTS,BRSNR,SuratTempHub_STV,PH-B1-SURBTS-67252643,expected,OPENED,03-10-2026 0:13,Ashvani Bhatt,02-10-2026 19:10,#VALUE!,#VALUE!,#VALUE!
03-10-2026,FMPC6553560079,SuratHub_STV_PL,OM FASHION +919824886692,c6cfb156eded40a1,received_at_mh,West,LMA,1.00E+11,Princy Enterprise,AnkitKumar,MotherHub_STV_BTS,BRSNR,SuratHub_STV_PL,PH-B6-SURBTS-25381083,expected,OPENED,03-10-2026 0:16,Ashvani Bhatt,02-10-2026 18:02,04-10-2026 11:21,41.31667,>=24 hrs
03-10-2026,FMPC6553752585,SuratTempHub_STV,JAY JALARAM ENTERPRISE +918734073386,58b11c6753b14378,dispatched_to_mh,West,LMA,1.00E+11,COMMERSHIP SERVICES LLP,Labib AltafShah,MotherHub_STV_BTS,BRSNR,SuratTempHub_STV,PH-B6-SURBTS-25889195,expected,OPENED,02-10-2026 23:30,Ashvani Bhatt,02-10-2026 19:10,#VALUE!,#VALUE!,#VALUE!
03-10-2026,FMPC6554391134,SuratHub_STV_PL,PEIJINSART +918849036756,c884fcaae3234835,dispatched_to_mh,West,LMA,1.00E+11,GAUTAMI ENTERPRISE,Malek NazimNisar,MotherHub_STV_BTS,BRSNR,SuratHub_STV_PL,PH-B1-SURBTS-25874889,expected,OPENED,02-10-2026 19:51,Ashvani Bhatt,02-10-2026 19:16,#VALUE!,#VALUE!,#VALUE!
03-10-2026,FMPP4313641371,KamrejHub_STV_PL,DHIAAN ENTERPRISE +918530000797,f9cd3ffee5d44b07,received_at_mh,West,LMA,1.00E+11,WERCATALYST VENTURES PVT LTD,Pathan AslamkhanMehbubkhan,MotherHub_STV_BTS,BRSNR,KamrejHub_STV_PL,PH-B6-SURBTS-25875070,expected,OPENED,02-10-2026 20:44,Ashvani Bhatt,02-10-2026 17:49,#VALUE!,#VALUE!,#VALUE!
03-10-2026,FMPP4314086908,SuratHub_STV_PL,DHRUV OXIDISED JEWELLERY +917016325859,82cb135c1f304338,received_at_mh,West,LMA,1.00E+11,Shree Hari Logistics,Shah PavankumarValmikiprasad,MotherHub_STV_BTS,BRSNR,SuratHub_STV_PL,PH-B2-SURBTS-25843318,expected,OPENED,02-10-2026 20:29,Ashvani Bhatt,02-10-2026 18:02,04-10-2026 4:19,34.28333,>=24 hrs
03-10-2026,FMPC6552999618,StationTempHub_STV_PL,CHHAGANBHAI PITAMBARBHAI GHASKATA +917874553642,819a8de09eb6442c,received_at_mh,West,LMA,1.00E+11,Vxpress,Vasava VikaskumarManojbhai,MotherHub_STV_BTS,BRSNR,StationTempHub_STV_PL,PH-B6-SURBT8-25546784,expected,OPENED,03-10-2026 4:52,Ashvani Bhatt,02-10-2026 17:10,#VALUE!,#VALUE!,#VALUE!
03-10-2026,FMPP4313675473,SuratHub_STV_PL,DHRUV OXIDISED JEWELLERY +917016325859,82cb135c1f304338,received_at_mh,West,LMA,1.00E+11,Shree Hari Logistics,Shah PavankumarValmikiprasad,MotherHub_STV_BTS,BRSNR,SuratHub_STV_PL,PH-B3-SURBTS-25682990,expected,OPENED,02-10-2026 21:44,Ashvani Bhatt,02-10-2026 18:02,04-10-2026 1:24,31.36667,>=24 hrs
03-10-2026,FMPP4313954393,SuratHub_STV_PL,RADHE FASHION +919328601368,d4c2e558d7d64370,received_at_mh,West,LMA,1.00E+11,Princy Enterprise,PatilAnil,MotherHub_STV_BTS,BRSNR,SuratHub_STV_PL,PH-B6-SURBTS-25795032,expected,OPENED,02-10-2026 21:09,Ashvani Bhatt,02-10-2026 18:02,04-10-2026 10:20,40.3,>=24 hrs
03-10-2026,FMPC6553628868,SuratHub_STV_PL,PEIJINSART +918849036756,c884fcaae3234835,dispatched_to_mh,West,LMA,1.00E+11,GAUTAMI ENTERPRISE,Malek NazimNisar,MotherHub_STV_BTS,BRSNR,SuratHub_STV_PL,PH-B6-SURBTS-25615986,expected,OPENED,03-10-2026 0:11,Ashvani Bhatt,02-10-2026 18:11,#VALUE!,#VALUE!,#VALUE!
03-10-2026,FMPC6554595298,SuratHub_STV_PL,YOGI ART +919909559279,7eeb9653550847ed,dispatched_to_mh,West,LMA,1.00E+11,Vxpress,Vikas DhanarajSonawane,MotherHub_STV_BTS,BRSNR,SuratHub_STV_PL,PH-B3-SURBTS-25862927,expected,OPENED,02-10-2026 20:50,Ashvani Bhatt,02-10-2026 18:02,#VALUE!,#VALUE!,#VALUE!
03-10-2026,FMPP4313945646,KamrejHub_STV_PL,SHUBHMANGLAM +919909634009,328618c9a9bf4374,dispatched_to_mh,West,TRUEFLEX,6.18E+05,Trueflex,Mansur Mohmedriyaz Mahmad Hushain,MotherHub_STV_BTS,BRSNR,KamrejHub_STV_PL,PH-B2-SURBTS-25599535,expected,OPENED,02-10-2026 18:32,Ashvani Bhatt,02-10-2026 17:01,#VALUE!,#VALUE!,#VALUE!
03-10-2026,FMPC6552917820,SuratHub_STV_PL,AAI KHODAL MOTORS AND SERVICE STATION +918866224803,f1f985717d6241c7,received_at_mh,West,LMA,1.00E+11,GROWEXPRESS LOGISTIC LLP,Jitendra BhagwanBhunkar,MotherHub_STV_BTS,BRSNR,SuratHub_STV_PL,PH-B6-SURBTS-25813726,expected,OPENED,02-10-2026 20:08,Ashvani Bhatt,02-10-2026 18:11,04-10-2026 11:49,41.63333,>=24 hrs
03-10-2026,FMPC6553414036,SuratHub_STV_PL,NIRAVE FASHION +919909269915,62d92f39e7f043d1,received_at_mh,West,LMA,1.00E+11,Princy Enterprise,Ganesh ArunPatil,MotherHub_STV_BTS,BRSNR,SuratHub_STV_PL,PH-B6-SURBTS-25565239,expected,OPENED,02-10-2026 20:45,Ashvani Bhatt,02-10-2026 18:02,04-10-2026 11:33,41.51667,>=24 hrs
03-10-2026,FMPC6553833361,SuratTempHub_STV,GURJARI JEWELLERS +916351763144,8f43757c98184d1b,received_at_mh,West,TRUEFLEX,6.04E+05,Trueflex,Shaikh Mohammad Siraj Mohammad Siddik,MotherHub_STV_BTS,BRSNR,SuratTempHub_STV,PH-B1-SURBTS-25292593,expected,OPENED,02-10-2026 19:18,Ashvani Bhatt,02-10-2026 17:25,04-10-2026 2:31,33.1,>=24 hrs
03-10-2026,FMPC6554086435,KamrejHub_STV_PL,Ziyana Enterprise +918401823024,7665301e47cd4bfe,received_at_mh,West,TRUEFLEX,1.28E+06,Trueflex,Vavda Umarfaruk Yusuf,MotherHub_STV_BTS,BRSNR,KamrejHub_STV_PL,PH-B3-SURBTS-25893738,expected,OPENED,02-10-2026 21:22,Ashvani Bhatt,02-10-2026 19:24,03-10-2026 22:59,27.58333,>=24 hrs
03-10-2026,FMPC6553331433,SuratHub_STV_PL,PARMARAS CREATION +918140478584,19bea5a364ad43cb,dispatched_to_mh,West,LMA,1.00E+11,Shree Hari Logistics,Tiwari KishanAkhilesh,MotherHub_STV_BTS,BRSNR,SuratHub_STV_PL,PH-B6-8URBTS-25584288,expected,OPENED,03-10-2026 7:12,Ashvani Bhatt,02-10-2026 18:02,#VALUE!,#VALUE!,#VALUE!
03-10-2026,FMPC6553023166,StationTempHub_STV_PL,HV CREATION +916354391323,8aff78f139674b61,received_at_mh,West,LMA,1.00E+11,Loadshare,Gunesh GiriGoswami,MotherHub_STV_BTS,BRSNR,StationTempHub_STV_PL,PH-B2-SURBTS-25259384,expected,OPENED,02-10-2026 21:57,Ashvani Bhatt,02-10-2026 19:03,03-10-2026 22:37,27.56667,>=24 hrs
03-10-2026,FMPC6552797659,SuratHub_STV_PL,AAI KHODAL MOTORS AND SERVICE STATION +918866224803,f1f985717d6241c7,received_at_mh,West,LMA,1.00E+11,GROWEXPRESS LOGISTIC LLP,Jitendra BhagwanBhunkar,MotherHub_STV_BTS,BRSNR,SuratHub_STV_PL,PH-B3-SURBTS-25813260,expected,OPENED,02-10-2026 21:54,Ashvani Bhatt,02-10-2026 18:11,03-10-2026 20:02,25.85,>=24 hrs
03-10-2026,FMPC6552812374,SuratHub_STV_PL,AAI KHODAL MOTORS AND SERVICE STATION +918866224803,f1f985717d6241c7,received_at_mh,West,LMA,1.00E+11,GROWEXPRESS LOGISTIC LLP,Jitendra BhagwanBhunkar,MotherHub_STV_BTS,BRSNR,SuratHub_STV_PL,PH-B6-SURBTS-25813726,expected,OPENED,02-10-2026 20:08,Ashvani Bhatt,02-10-2026 18:11,04-10-2026 11:49,41.63333,>=24 hrs
03-10-2026,FMPC6552923044,SuratHub_STV_PL,SUKHRAM CREATION +917984266087,24073706299747d3,received_at_mh,West,LMA,1.00E+11,GROWEXPRESS LOGISTIC LLP,Jitendra BhagwanBhunkar,MotherHub_STV_BTS,BRSNR,SuratHub_STV_PL,PH-B1-SURBTS-25813178,expected,OPENED,02-10-2026 20:07,Ashvani Bhatt,02-10-2026 18:11,03-10-2026 20:30,26.31667,>=24 hrs
03-10-2026,FMPC6552783006,KamrejHub_STV_PL,BYLINE CORPORATION +917487977171,840d68484afc44b9,dispatched_to_mh,West,TRUEFLEX,628894,Trueflex,Randera Munaf Mahamad,MotherHub_STV_BTS,BRSNR,KamrejHub_STV_PL,PH-B2-SURBTS-25742238,expected,OPENED,02-10-2026 20:30,Ashvani Bhatt,02-10-2026 17:26,#VALUE!,#VALUE!,#VALUE!
03-10-2026,FMPC6553806573,SuratHub_STV_PL,AAI KHODAL MOTORS AND SERVICE STATION +918866224803,f1f985717d6241c7,received_at_mh,West,LMA,1.00E+11,GROWEXPRESS LOGISTIC LLP,Jitendra BhagwanBhunkar,MotherHub_STV_BTS,BRSNR,SuratHub_STV_PL,PH-B6-SURBTS-25813726,expected,OPENED,02-10-2026 20:08,Ashvani Bhatt,02-10-2026 18:11,04-10-2026 11:46,41.58333,>=24 hrs
03-10-2026,FMPP4313614405,KamrejHub_STV_PL,Rudvique +919924512417,a0dfde02fc164ad5,received_at_mh,West,TRUEFLEX,1280902,Trueflex,Vavda Umarfaruk Yusuf,MotherHub_STV_BTS,BRSNR,KamrejHub_STV_PL,PH-B6-SURBTS-25893749,expected,OPENED,02-10-2026 21:19,Ashvani Bhatt,02-10-2026 19:24,03-10-2026 23:01,27.61667,>=24 hrs
03-10-2026,FMPP4314527017,SuratHub_STV_PL,AAI KHODAL MOTORS AND SERVICE STATION +918866224803,f1f985717d6241c7,received_at_mh,West,LMA,1.00E+11,GROWEXPRESS LOGISTIC LLP,Jitendra BhagwanBhunkar,MotherHub_STV_BTS,BRSNR,SuratHub_STV_PL,PH-B1-SURBTS-25813178,expected,OPENED,02-10-2026 20:07,Ashvani Bhatt,02-10-2026 18:11,03-10-2026 21:00,26.81667,>=24 hrs
03-10-2026,FMPC6554146925,KamrejHub_STV_PL,Rudvique +919924512417,a0dfde02fc164ad5,received_at_mh,West,TRUEFLEX,1.28E+06,Trueflex,Vavda Umarfaruk Yusuf,MotherHub_STV_BTS,BRSNR,KamrejHub_STV_PL,PH-B1-SURBTS-25893718,expected,OPENED,02-10-2026 21:20,Ashvani Bhatt,02-10-2026 19:24,03-10-2026 22:59,27.58333,>=24 hrs
03-10-2026,FMPP4314413685,KamrejHub_STV_PL,JB ENTERPRISE +919409990940,4cbaa6389d2f48cb,received_at_mh,West,TRUEFLEX,5.90E+05,Trueflex,Amit Pal,MotherHub_STV_BTS,BRSNR,KamrejHub_STV_PL,PH-B3-SURBTS-25809698,expected,OPENED,02-10-2026 19:45,Ashvani Bhatt,02-10-2026 17:26,04-10-2026 0:55,31.48333,>=24 hrs
03-10-2026,FMPP4314083586,SuratHub_STV_PL,SHREEKANTH ENTERPRISE +919586567352,e9d0e249361745cf,received_at_mh,West,LMA,1.00E+11,Vxpress,Vikas DhanarajSonawane,MotherHub_STV_BTS,BRSNR,SuratHub_STV_PL,PH-B6-SURBTS-25862957,expected,OPENED,02-10-2026 20:45,Ashvani Bhatt,02-10-2026 18:02,04-10-2026 11:27,41.41667,>=24 hrs
03-10-2026,FMPC6553444942,KamrejHub_STV_PL,Rudvique +919924512417,a0dfde02fc164ad5,received_at_mh,West,TRUEFLEX,1.28E+06,Trueflex,Vavda Umarfaruk Yusuf,MotherHub_STV_BTS,BRSNR,KamrejHub_STV_PL,PH-B1-SURBTS-25893718,expected,OPENED,02-10-2026 21:20,Ashvani Bhatt,02-10-2026 19:24,03-10-2026 22:59,27.58333,>=24 hrs
03-10-2026,FMPC6553837162,SuratTempHub_STV,JAY JALARAM ENTERPRISE +918734073386,58b11c6753b14378,dispatched_to_mh,West,LMA,1.00E+11,COMMERSHIP SERVICES LLP,Labib AltafShah,MotherHub_STV_BTS,BRSNR,SuratTempHub_STV,PH-B6-SURBTS-25889195,expected,OPENED,02-10-2026 23:30,Ashvani Bhatt,02-10-2026 19:10,#VALUE!,#VALUE!,#VALUE!
03-10-2026,FMPC6552973094,SuratHub_STV_PL,AAI KHODAL MOTORS AND SERVICE STATION +918866224803,f1f985717d6241c7,received_at_mh,West,LMA,1.00E+11,GROWEXPRESS LOGISTIC LLP,Jitendra BhagwanBhunkar,MotherHub_STV_BTS,BRSNR,SuratHub_STV_PL,PH-B2-SURBTS-25813231,expected,OPENED,02-10-2026 22:24,Ashvani Bhatt,02-10-2026 18:11,04-10-2026 6:30,36.31667,>=24 hrs
03-10-2026,FMPP4313918837,SuratTempHub_STV,JAY JALARAM ENTERPRISE +918734073386,58b11c6753b14378,dispatched_to_mh,West,LMA,1.00E+11,COMMERSHIP SERVICES LLP,Labib AltafShah,MotherHub_STV_BTS,BRSNR,SuratTempHub_STV,PH-B6-SURBTS-25889195,expected,OPENED,02-10-2026 23:30,Ashvani Bhatt,02-10-2026 19:10,#VALUE!,#VALUE!,#VALUE!
03-10-2026,FMPC6553825183,StationTempHub_STV_PL,J.R.V Enterprise +918320809441,d9afd9c2e23342c4,received_at_mh,West,TRUEFLEX,5.90E+05,Trueflex,Meman Mohammad Latif Mohammad Faruk,MotherHub_STV_BTS,BRSNR,StationTempHub_STV_PL,PH-B3-SURBTS-25870111,expected,OPENED,02-10-2026 20:26,Ashvani Bhatt,02-10-2026 17:49,04-10-2026 22:18,52.48333,>=24 hrs
03-10-2026,FMPC6549356483,SuratTempHub_STV,HARAMAIN TRADING CO. +919106780103,be3b1b1771ee4600,received_at_mh,West,LMA,1.00E+11,Princy Enterprise,VikramPatel,MotherHub_STV_BTS,BRSNR,SuratTempHub_STV,PH-B6-SURBTS-25647090,expected,OPENED,03-10-2026 3:19,Ashvani Bhatt,02-10-2026 19:10,03-10-2026 23:06,27.93333,>=24 hrs
03-10-2026,FMPP4314387882,SuratHub_STV_PL,AAI KHODAL MOTORS AND SERVICE STATION +918866224803,f1f985717d6241c7,received_at_mh,West,LMA,1.00E+11,GROWEXPRESS LOGISTIC LLP,Jitendra BhagwanBhunkar,MotherHub_STV_BTS,BRSNR,SuratHub_STV_PL,PH-B1-SURBTS-25813178,expected,OPENED,02-10-2026 20:07,Ashvani Bhatt,02-10-2026 18:11,03-10-2026 21:03,26.86667,>=24 hrs
03-10-2026,FMPP4314660915,SuratHub_STV_PL,ZABBY ALLEN +917818056636,4f01eb9a77834b0c,received_at_mh,West,TRUEFLEX,1372784,Trueflex,Mukesh Santosh Koli,MotherHub_STV_BTS,BRSNR,SuratHub_STV_PL,PH-B3-SURBTS-25061450,expected,OPENED,02-10-2026 22:57,Ashvani Bhatt,02-10-2026 19:16,05-10-2026 1:38,54.36667,>=24 hrs
03-10-2026,FMPC6552745858,StationTempHub_STV_PL,MARNET +919824981224,9896e7e570cd4a76,received_at_mh,West,TRUEFLEX,5.90E+05,Trueflex,Meman Mohammad Latif Mohammad Faruk,MotherHub_STV_BTS,BRSNR,StationTempHub_STV_PL,PH-B3-SURBTS-25870111,expected,OPENED,02-10-2026 20:26,Ashvani Bhatt,02-10-2026 17:49,04-10-2026 22:18,52.48333,>=24 hrs
03-10-2026,FMPC6553084661,SuratTempHub_STV,P.P ENTERPRISE +918200917175,84e4c1716fd844b2,dispatched_to_mh,West,LMA,1.00E+11,COMMERSHIP SERVICES LLP,Pandey DurgeshAshutosh,MotherHub_STV_BTS,BRSNR,SuratTempHub_STV,PH-B3-SURBTS-25883832,expected,OPENED,02-10-2026 23:36,Ashvani Bhatt,02-10-2026 19:10,#VALUE!,#VALUE!,#VALUE!
03-10-2026,FMPC6554285336,SuratTempHub_STV,S K ENTERPRISE +919016161044,2c295a54e9f24871,dispatched_to_mh,West,LMA,1.00E+11,COMMERSHIP SERVICES LLP,Labib AltafShah,MotherHub_STV_BTS,BRSNR,SuratTempHub_STV,PH-B1-SURBTS-25889172,expected,OPENED,03-10-2026 0:26,Ashvani Bhatt,02-10-2026 19:10,#VALUE!,#VALUE!,#VALUE!
03-10-2026,FMPP4314797655,SuratTempHub_STV,ANMOL DIAPER SHOP +918200346940,f0a313b4aa3d4ab1,received_at_mh,West,LMA,1.00E+11,COMMERSHIP SERVICES LLP,ShaikhAftab,MotherHub_STV_BTS,BRSNR,SuratTempHub_STV,PH-B6-SURBTS-25882755,expected,OPENED,02-10-2026 22:55,Ashvani Bhatt,02-10-2026 19:10,04-10-2026 0:45,29.58333,>=24 hrs
03-10-2026,FMPC6554164464,KamrejHub_STV_PL,Rudvique +919924512417,a0dfde02fc164ad5,received_at_mh,West,TRUEFLEX,1280902,Trueflex,Vavda Umarfaruk Yusuf,MotherHub_STV_BTS,BRSNR,KamrejHub_STV_PL,PH-B6-SURBTS-25893749,expected,OPENED,02-10-2026 21:19,Ashvani Bhatt,02-10-2026 19:24,03-10-2026 23:01,27.61667,>=24 hrs
03-10-2026,FMPC6554223092,SuratTempHub_STV,KISSINA +916353515284,2136d8505d7f452a,received_at_mh,West,LMA,1.00E+11,GROWEXPRESS LOGISTIC LLP,SandipNayak,MotherHub_STV_BTS,BRSNR,SuratTempHub_STV,PH-B1-SURBTS-25441781,expected,OPENED,02-10-2026 19:35,Ashvani Bhatt,02-10-2026 16:48,04-10-2026 0:23,31.58333,>=24 hrs
03-10-2026,FMPC6554196132,KamrejHub_STV_PL,KHODAL FASHION 9537899722,b8814bf2fde045ef,received_at_mh,West,LMA,1.00E+11,PROBITY LOGISTICS PRIVATE LIMITED,Shaikh ArmanJiyaurrehman,MotherHub_STV_BTS,BRSNR,KamrejHub_STV_PL,PH-B6-SURBTS-25610433,expected,OPENED,02-10-2026 18:43,Ashvani Bhatt,02-10-2026 17:45,04-10-2026 11:47,42.03333,>=24 hrs
03-10-2026,FMPP4313919926,SuratTempHub_STV,JAY JALARAM ENTERPRISE +918734073386,58b11c6753b14378,dispatched_to_mh,West,LMA,1.00E+11,COMMERSHIP SERVICES LLP,Labib AltafShah,MotherHub_STV_BTS,BRSNR,SuratTempHub_STV,PH-B3-SURBTS-67262876,expected,OPENED,03-10-2026 0:19,Ashvani Bhatt,02-10-2026 19:10,#VALUE!,#VALUE!,#VALUE!
03-10-2026,FMPC6552884888,SuratTempHub_STV,AARAV MODELING STUDIO +918200805715,ddb928b8a3804dba,received_at_mh,West,LMA,1.00E+11,COMMERSHIP SERVICES LLP,SHAH SUFIYANIKBAL,MotherHub_STV_BTS,BRSNR,SuratTempHub_STV,PH-B2-SURBTS-25882793,expected,OPENED,02-10-2026 19:24,Ashvani Bhatt,02-10-2026 17:25,04-10-2026 5:40,36.25,>=24 hrs
03-10-2026,FMPP4314526209,KamrejHub_STV_PL,Ziyana Enterprise +918401823024,7665301e47cd4bfe,dispatched_to_mh,West,TRUEFLEX,1.28E+06,Trueflex,Vavda Umarfaruk Yusuf,MotherHub_STV_BTS,BRSNR,KamrejHub_STV_PL,PH-B1-SURBTS-25893718,expected,OPENED,02-10-2026 21:20,Ashvani Bhatt,02-10-2026 19:24,#VALUE!,#VALUE!,#VALUE!
03-10-2026,FMPC6553595040,KamrejHub_STV_PL,Gelesbliss Enterprise +919913559194,5b7b98f70d7542aa,dispatched_to_mh,West,LMA,1.00E+11,PS LOGISTICS,Zaheer Ahmad KasimTai,MotherHub_STV_BTS,BRSNR,KamrejHub_STV_PL,PH-B6-SURBTS-25820421,expected,OPENED,03-10-2026 2:15,Ashvani Bhatt,02-10-2026 19:24,#VALUE!,#VALUE!,#VALUE!
03-10-2026,FMPC6553924013,StationTempHub_STV_PL,NILKANTH FASHION +919081549139,4d21768c15884ef5,received_at_mh,West,LMA,1.00E+11,Greenteck Logistics and Mobility Pvt Ltd,Vishal LaxmanAdagale,MotherHub_STV_BTS,BRSNR,StationTempHub_STV_PL,PH-B6-SURBTS-25826172,expected,OPENED,02-10-2026 20:23,Ashvani Bhatt,02-10-2026 18:26,03-10-2026 23:43,29.28333,>=24 hrs
03-10-2026,FMPP4314499834,SuratHub_STV_PL,VRAJ FASHION +917490075047,fd47d929565e49ab,received_at_mh,West,LMA,1.00E+11,Loadshare,Ajay PrakashPatil,MotherHub_STV_BTS,BRSNR,SuratHub_STV_PL,PH-B1-SURBTS-25878119,expected,OPENED,02-10-2026 22:43,Ashvani Bhatt,02-10-2026 19:16,04-10-2026 1:42,30.43333,>=24 hrs
03-10-2026,FMPC6553355227,SuratTempHub_STV,Navkar +919558798583,686d05a37be940e8,dispatched_to_mh,West,LMA,1.00E+11,GROWEXPRESS LOGISTIC LLP,Bagale NarendraDinesh,MotherHub_STV_BTS,BRSNR,SuratTempHub_STV,PH-B2-SURBTS-25884027,expected,OPENED,02-10-2026 23:37,Ashvani Bhatt,02-10-2026 19:10,#VALUE!,#VALUE!,#VALUE!
03-10-2026,FMPP4313941398,SuratTempHub_STV,Navkar +919558798583,686d05a37be940e8,dispatched_to_mh,West,LMA,1.00E+11,GROWEXPRESS LOGISTIC LLP,Bagale NarendraDinesh,MotherHub_STV_BTS,BRSNR,SuratTempHub_STV,PH-B1-SURBTS-25883959,expected,OPENED,02-10-2026 23:37,Ashvani Bhatt,02-10-2026 19:10,#VALUE!,#VALUE!,#VALUE!
03-10-2026,FMPC6554461868,SuratHub_STV_PL,SS Enterprise +919662694804,d1afb2fde0094804,received_at_mh,West,LMA,1.00E+11,Shree Hari Logistics,KrishnaSingh,MotherHub_STV_BTS,BRSNR,SuratHub_STV_PL,PH-B3-SURBTS-25895943,expected,OPENED,02-10-2026 21:53,Ashvani Bhatt,02-10-2026 19:16,04-10-2026 0:13,28.95,>=24 hrs
03-10-2026,FMPC6554395557,SuratTempHub_STV,SVMN DECORS +917861941182,fe8c8adfab4c4750,received_at_mh,West,LMA,1.00E+11,COMMERSHIP SERVICES LLP,Labib AltafShah,MotherHub_STV_BTS,BRSNR,SuratTempHub_STV,PH-B2-SURBTS-92442374,expected,OPENED,03-10-2026 0:34,Ashvani Bhatt,02-10-2026 19:10,#VALUE!,#VALUE!,#VALUE!
03-10-2026,FMPP4313918121,SuratHub_STV_PL,REORIA FASHION +918200237528,8e3c6e32d6134733,received_at_mh,West,LMA,1.00E+11,Vxpress,Vikas DhanarajSonawane,MotherHub_STV_BTS,BRSNR,SuratHub_STV_PL,PH-B1-SURBTS-25862907,expected,OPENED,02-10-2026 20:49,Ashvani Bhatt,02-10-2026 18:02,03-10-2026 21:46,27.73333,>=24 hrs
03-10-2026,FMPC6554324081,SuratHub_STV_PL,MANSI ENTERPRISE +918980106427,50acab4942de4ab5,received_at_mh,West,LMA,1.00E+11,Shree Hari Logistics,KrishnaSingh,MotherHub_STV_BTS,BRSNR,SuratHub_STV_PL,PH-B6-SURBTS-25896019,expected,OPENED,02-10-2026 21:47,Ashvani Bhatt,02-10-2026 19:16,04-10-2026 10:36,39.33333,>=24 hrs
03-10-2026,FMPC6552845350,SuratHub_STV_PL,DHRUV OXIDISED JEWELLERY +917016325859,82cb135c1f304338,received_at_mh,West,LMA,1.00E+11,Shree Hari Logistics,Shah PavankumarValmikiprasad,MotherHub_STV_BTS,BRSNR,SuratHub_STV_PL,PH-B1-SURBTS-25682964,expected,OPENED,02-10-2026 20:29,Ashvani Bhatt,02-10-2026 18:02,04-10-2026 5:04,35.03333,>=24 hrs
03-10-2026,FMPC6553172267,SuratTempHub_STV,SVMN DECORS +917861941182,fe8c8adfab4c4750,dispatched_to_mh,West,LMA,1.00E+11,COMMERSHIP SERVICES LLP,Labib AltafShah,MotherHub_STV_BTS,BRSNR,SuratTempHub_STV,PH-B3-SURBTS-67262876,expected,OPENED,03-10-2026 0:19,Ashvani Bhatt,02-10-2026 19:10,#VALUE!,#VALUE!,#VALUE!
03-10-2026,FMPP4313606720,StationTempHub_STV_PL,CHHAGANBHAI PITAMBARBHAI GHASKATA +917874553642,819a8de09eb6442c,received_at_mh,West,LMA,1.00E+11,Vxpress,Vasava VikaskumarManojbhai,MotherHub_STV_BTS,BRSNR,StationTempHub_STV_PL,PH-B3-8URBTS-25546890,expected,OPENED,03-10-2026 1:13,Ashvani Bhatt,02-10-2026 17:10,06-10-2026 0:51,79.68333,>=24 hrs
03-10-2026,FMPP4314520937,KamrejHub_STV_PL,Parshiv +919737300513,abef10c1986949f1,dispatched_to_mh,West,LMA,1.00E+11,PS LOGISTICS,Zaheer Ahmad KasimTai,MotherHub_STV_BTS,BRSNR,KamrejHub_STV_PL,PH-B1-SURBTS-25820327,expected,OPENED,03-10-2026 0:24,Ashvani Bhatt,02-10-2026 19:24,#VALUE!,#VALUE!,#VALUE!
03-10-2026,FMPP4314418450,SuratHub_STV_PL,VRAJ FASHION +917490075047,fd47d929565e49ab,received_at_mh,West,LMA,1.00E+11,Loadshare,Ajay PrakashPatil,MotherHub_STV_BTS,BRSNR,SuratHub_STV_PL,PH-B1-SURBTS-25878119,expected,OPENED,02-10-2026 22:43,Ashvani Bhatt,02-10-2026 19:16,04-10-2026 1:54,30.63333,>=24 hrs
03-10-2026,FMPP4313561906,KamrejHub_STV_PL,Rudvique +919924512417,a0dfde02fc164ad5,received_at_mh,West,TRUEFLEX,1.28E+06,Trueflex,Vavda Umarfaruk Yusuf,MotherHub_STV_BTS,BRSNR,KamrejHub_STV_PL,PH-B1-SURBTS-25893718,expected,OPENED,02-10-2026 21:20,Ashvani Bhatt,02-10-2026 19:24,03-10-2026 22:58,27.56667,>=24 hrs
03-10-2026,FMPC6552852193,SuratHub_STV_PL,AAI KHODAL MOTORS AND SERVICE STATION +918866224803,f1f985717d6241c7,received_at_mh,West,LMA,1.00E+11,GROWEXPRESS LOGISTIC LLP,Jitendra BhagwanBhunkar,MotherHub_STV_BTS,BRSNR,SuratHub_STV_PL,PH-B2-SURBTS-25813231,expected,OPENED,02-10-2026 22:24,Ashvani Bhatt,02-10-2026 18:11,03-10-2026 21:54,27.71667,>=24 hrs
03-10-2026,FMPC6553224065,StationTempHub_STV_PL,CHHAGANBHAI PITAMBARBHAI GHASKATA +917874553642,819a8de09eb6442c,received_at_mh,West,LMA,1.00E+11,Vxpress,Vasava VikaskumarManojbhai,MotherHub_STV_BTS,BRSNR,StationTempHub_STV_PL,PH-B3-8URBTS-25546890,expected,OPENED,03-10-2026 1:13,Ashvani Bhatt,02-10-2026 17:10,#VALUE!,#VALUE!,#VALUE!
03-10-2026,FMPC6552820398,SuratHub_STV_PL,HARMIN ENTERPRISE +919023376550,2ad93d7907c74cc1,dispatched_to_mh,West,LMA,1.00E+11,Princy Enterprise,Sonavane SanjaybhaiDilipbhai,MotherHub_STV_BTS,BRSNR,SuratHub_STV_PL,PH-B2-SURBTS-25890695,expected,OPENED,02-10-2026 21:46,Ashvani Bhatt,02-10-2026 18:02,#VALUE!,#VALUE!,#VALUE!
03-10-2026,FMPP4314441841,SuratHub_STV_PL,BN Enterprise +918347484111,37498ff4e0f24db9,received_at_mh,West,LMA,1.00E+11,GAUTAMI ENTERPRISE,Malek NazimNisar,MotherHub_STV_BTS,BRSNR,SuratHub_STV_PL,PH-B6-SURBTS-25875200,expected,OPENED,02-10-2026 19:46,Ashvani Bhatt,02-10-2026 18:11,04-10-2026 11:39,41.46667,>=24 hrs
03-10-2026,FMPC6553377546,SuratHub_STV_PL,GANESH FASHION +919909579773,c4c16356109e4c88,received_at_mh,West,LMA,1.00E+11,Princy Enterprise,AnkitKumar,MotherHub_STV_BTS,BRSNR,SuratHub_STV_PL,PH-B2-SURBTS-25644939,expected,OPENED,02-10-2026 21:03,Ashvani Bhatt,02-10-2026 18:02,03-10-2026 21:52,27.83333,>=24 hrs
03-10-2026,FMPC6553429379,SuratHub_STV_PL,YOGI FASHION +919924030751,8385347992fd4699,received_at_mh,West,LMA,1.00E+11,Vxpress,Vikas DhanarajSonawane,MotherHub_STV_BTS,BRSNR,SuratHub_STV_PL,PH-B1-SURBTS-25862907,expected,OPENED,02-10-2026 20:49,Ashvani Bhatt,02-10-2026 18:02,03-10-2026 21:39,27.61667,>=24 hrs
03-10-2026,FMPC6553004589,SuratTempHub_STV,YOUTECH SYSTEMS 9558892476,53f40ab1697543d9,received_at_mh,West,TRUEFLEX,4.26E+06,Trueflex,#N/A,MotherHub_STV_BTS,BRSNR,SuratTempHub_STV,PH-B3-SURBTS-25884948,expected,OPENED,02-10-2026 18:58,Ashvani Bhatt,02-10-2026 16:48,04-10-2026 19:45,50.95,>=24 hrs
03-10-2026,FMPC6554331934,KamrejHub_STV_PL,Ashirwad Mart +917069593436,5d53da9ae40d4415,received_at_mh,West,TRUEFLEX,6.29E+05,Trueflex,Randera Munaf Mahamad,MotherHub_STV_BTS,BRSNR,KamrejHub_STV_PL,PH-B3-SURBTS-25416175,expected,OPENED,02-10-2026 20:30,Ashvani Bhatt,02-10-2026 17:26,04-10-2026 3:06,33.66667,>=24 hrs
03-10-2026,FMPP4313617156,SuratHub_STV_PL,AAI KHODAL MOTORS AND SERVICE STATION +918866224803,f1f985717d6241c7,received_at_mh,West,LMA,1.00E+11,GROWEXPRESS LOGISTIC LLP,Jitendra BhagwanBhunkar,MotherHub_STV_BTS,BRSNR,SuratHub_STV_PL,PH-B6-SURBTS-25813726,expected,OPENED,02-10-2026 20:08,Ashvani Bhatt,02-10-2026 18:11,04-10-2026 11:48,41.61667,>=24 hrs
03-10-2026,FMPP4314652505,KamrejHub_STV_PL,KHODAL FASHION 9537899722,b8814bf2fde045ef,received_at_mh,West,LMA,1.00E+11,PROBITY LOGISTICS PRIVATE LIMITED,Shaikh ArmanJiyaurrehman,MotherHub_STV_BTS,BRSNR,KamrejHub_STV_PL,PH-B1-SURBTS-25610304,expected,OPENED,02-10-2026 18:42,Ashvani Bhatt,02-10-2026 17:45,04-10-2026 4:20,34.58333,>=24 hrs
03-10-2026,FMPP4314057705,KamrejHub_STV_PL,HARI KRUSHNA ORGANIC +919879251317,09ce8af78af64cf8,dispatched_to_mh,West,LMA,1.00E+11,Vxpress,Gamit AnkitkumarShivajibhai,MotherHub_STV_BTS,BRSNR,KamrejHub_STV_PL,PH-B6-SURBTS-25868843,expected,OPENED,03-10-2026 1:33,Ashvani Bhatt,02-10-2026 19:24,#VALUE!,#VALUE!,#VALUE!
03-10-2026,FMPC6552969312,SuratHub_STV_PL,AAI KHODAL MOTORS AND SERVICE STATION +918866224803,f1f985717d6241c7,received_at_mh,West,LMA,1.00E+11,GROWEXPRESS LOGISTIC LLP,Jitendra BhagwanBhunkar,MotherHub_STV_BTS,BRSNR,SuratHub_STV_PL,PH-B6-SURBTS-25813726,expected,OPENED,02-10-2026 20:08,Ashvani Bhatt,02-10-2026 18:11,04-10-2026 11:47,41.6,>=24 hrs
03-10-2026,FMPP4313570224,KamrejHub_STV_PL,SHREE CREATION +919909437202,f70c7825739543ac,dispatched_to_mh,West,LMA,1.00E+11,PS LOGISTICS,Zaheer Ahmad KasimTai,MotherHub_STV_BTS,BRSNR,KamrejHub_STV_PL,PH-B3-SURBTS-25867801,expected,OPENED,03-10-2026 0:49,Ashvani Bhatt,02-10-2026 19:24,#VALUE!,#VALUE!,#VALUE!
03-10-2026,FMPC6552890435,StationTempHub_STV_PL,HV CREATION +916354391323,8aff78f139674b61,received_at_mh,West,LMA,1.00E+11,Loadshare,Gunesh GiriGoswami,MotherHub_STV_BTS,BRSNR,StationTempHub_STV_PL,PH-B6-SURBTS-25259483,expected,OPENED,02-10-2026 21:57,Ashvani Bhatt,02-10-2026 19:03,04-10-2026 10:46,39.71667,>=24 hrs
03-10-2026,FMPP4314481593,StationTempHub_STV_PL,TRIBEAZI +919016330261,5986bf33085d46c4,received_at_mh,West,TRUEFLEX,5.90E+05,Trueflex,Meman Mohammad Latif Mohammad Faruk,MotherHub_STV_BTS,BRSNR,StationTempHub_STV_PL,PH-B6-SURBTS-25870215,expected,OPENED,02-10-2026 20:26,Ashvani Bhatt,02-10-2026 17:49,#VALUE!,#VALUE!,#VALUE!
03-10-2026,FMPC6552751810,KamrejHub_STV_PL,Rudvique +919924512417,a0dfde02fc164ad5,received_at_mh,West,TRUEFLEX,1.28E+06,Trueflex,Vavda Umarfaruk Yusuf,MotherHub_STV_BTS,BRSNR,KamrejHub_STV_PL,PH-B1-SURBTS-25893718,expected,OPENED,02-10-2026 21:20,Ashvani Bhatt,02-10-2026 19:24,03-10-2026 22:46,27.36667,>=24 hrs
03-10-2026,FMPC6553119430,SuratHub_STV_PL,AAI KHODAL MOTORS AND SERVICE STATION +918866224803,f1f985717d6241c7,received_at_mh,West,LMA,1.00E+11,GROWEXPRESS LOGISTIC LLP,Jitendra BhagwanBhunkar,MotherHub_STV_BTS,BRSNR,SuratHub_STV_PL,PH-B6-SURBTS-25813726,expected,OPENED,02-10-2026 20:08,Ashvani Bhatt,02-10-2026 18:11,04-10-2026 11:30,41.31667,>=24 hrs
03-10-2026,FMPC6553808126,SuratHub_STV_PL,DHRUV OXIDISED JEWELLERY +917016325859,82cb135c1f304338,received_at_mh,West,LMA,1.00E+11,Shree Hari Logistics,Shah PavankumarValmikiprasad,MotherHub_STV_BTS,BRSNR,SuratHub_STV_PL,PH-B2-SURBTS-25843318,expected,OPENED,02-10-2026 20:29,Ashvani Bhatt,02-10-2026 18:02,04-10-2026 4:08,34.1,>=24 hrs
03-10-2026,FMPP4314503399,SuratHub_STV_PL,LADYSHOP +917600068184,449f10e761ea4f5a,dispatched_to_mh,West,LMA,1.00E+11,Shree Hari Logistics,PrajapatiKaniyalal,MotherHub_STV_BTS,BRSNR,SuratHub_STV_PL,PH-B1-SURBTS-25670757,expected,OPENED,03-10-2026 0:21,Ashvani Bhatt,02-10-2026 19:16,#VALUE!,#VALUE!,#VALUE!
03-10-2026,FMPC6552776080,SuratHub_STV_PL,AAI KHODAL MOTORS AND SERVICE STATION +918866224803,f1f985717d6241c7,received_at_mh,West,LMA,1.00E+11,GROWEXPRESS LOGISTIC LLP,Jitendra BhagwanBhunkar,MotherHub_STV_BTS,BRSNR,SuratHub_STV_PL,PH-B6-SURBTS-25813726,expected,OPENED,02-10-2026 20:08,Ashvani Bhatt,02-10-2026 18:11,04-10-2026 11:44,41.55,>=24 hrs
03-10-2026,FMPP4313609476,KamrejHub_STV_PL,SHREE CREATION +919909437202,f70c7825739543ac,dispatched_to_mh,West,LMA,1.00E+11,PS LOGISTICS,Zaheer Ahmad KasimTai,MotherHub_STV_BTS,BRSNR,KamrejHub_STV_PL,PH-B2-SURBTS-25867795,expected,OPENED,03-10-2026 0:08,Ashvani Bhatt,02-10-2026 19:24,#VALUE!,#VALUE!,#VALUE!
03-10-2026,FMPC6552834048,SuratHub_STV_PL,AAI KHODAL MOTORS AND SERVICE STATION +918866224803,f1f985717d6241c7,received_at_mh,West,LMA,1.00E+11,GROWEXPRESS LOGISTIC LLP,Jitendra BhagwanBhunkar,MotherHub_STV_BTS,BRSNR,SuratHub_STV_PL,PH-B1-SURBTS-25813178,expected,OPENED,02-10-2026 20:07,Ashvani Bhatt,02-10-2026 18:11,03-10-2026 20:26,26.25,>=24 hrs
03-10-2026,FMPP4314176005,SuratHub_STV_PL,YOGI FASHION +919924030751,8385347992fd4699,received_at_mh,West,LMA,1.00E+11,Vxpress,Vikas DhanarajSonawane,MotherHub_STV_BTS,BRSNR,SuratHub_STV_PL,PH-B2-SURBTS-25862918,expected,OPENED,02-10-2026 20:48,Ashvani Bhatt,02-10-2026 18:02,03-10-2026 21:36,27.56667,>=24 hrs
03-10-2026,FMPP4313809846,SuratTempHub_STV,BBS TEXTILE +919898577744,f799b3f3faf64c7a,received_at_mh,West,LMA,1.00E+11,Shree Hari Logistics,SatishKumar,MotherHub_STV_BTS,BRSNR,SuratTempHub_STV,PH-B1-SURBTS-25763848,expected,OPENED,02-10-2026 18:57,Ashvani Bhatt,02-10-2026 17:25,04-10-2026 1:34,32.15,>=24 hrs
03-10-2026,FMPC6553106537,SuratHub_STV_PL,YOGI FASHION +919924030751,8385347992fd4699,received_at_mh,West,LMA,1.00E+11,Vxpress,Vikas DhanarajSonawane,MotherHub_STV_BTS,BRSNR,SuratHub_STV_PL,PH-B6-SURBTS-25862957,expected,OPENED,02-10-2026 20:45,Ashvani Bhatt,02-10-2026 18:02,04-10-2026 11:13,41.18333,>=24 hrs
03-10-2026,FMPP4314515557,KamrejHub_STV_PL,Rudvique +919924512417,a0dfde02fc164ad5,received_at_mh,West,TRUEFLEX,1.28E+06,Trueflex,Vavda Umarfaruk Yusuf,MotherHub_STV_BTS,BRSNR,KamrejHub_STV_PL,PH-B1-SURBTS-25893718,expected,OPENED,02-10-2026 21:20,Ashvani Bhatt,02-10-2026 19:24,03-10-2026 23:00,27.6,>=24 hrs
03-10-2026,FMPC6553101153,SuratHub_STV_PL,Zarala +919714401257,bf2301deb09e48e5,received_at_mh,West,TRUEFLEX,589844,Trueflex,Maniar Sahil,MotherHub_STV_BTS,BRSNR,SuratHub_STV_PL,PH-B6-SURBTS-25865686,expected,OPENED,02-10-2026 19:45,Ashvani Bhatt,02-10-2026 18:02,04-10-2026 11:13,41.18333,>=24 hrs
03-10-2026,FMPC6553834218,SuratTempHub_STV,ZAKWAN AGENCY +919974281126,4dffcf499a374228,received_at_mh,West,LMA,1.00E+11,Princy Enterprise,VikramPatel,MotherHub_STV_BTS,BRSNR,SuratTempHub_STV,PH-B2-SURBTS-24847328,expected,OPENED,02-10-2026 23:43,Ashvani Bhatt,02-10-2026 19:10,04-10-2026 2:22,31.2,>=24 hrs
03-10-2026,FMPC6554179519,KamrejHub_STV_PL,KHODAL FASHION 9537899722,b8814bf2fde045ef,received_at_mh,West,LMA,1.00E+11,PROBITY LOGISTICS PRIVATE LIMITED,Shaikh ArmanJiyaurrehman,MotherHub_STV_BTS,BRSNR,KamrejHub_STV_PL,PH-B6-SURBTS-25610433,expected,OPENED,02-10-2026 18:43,Ashvani Bhatt,02-10-2026 17:45,04-10-2026 11:46,42.01667,>=24 hrs
03-10-2026,FMPC6554066831,KamrejHub_STV_PL,Rudvique +919924512417,a0dfde02fc164ad5,received_at_mh,West,TRUEFLEX,1280902,Trueflex,Vavda Umarfaruk Yusuf,MotherHub_STV_BTS,BRSNR,KamrejHub_STV_PL,PH-B6-SURBTS-25893749,expected,OPENED,02-10-2026 21:19,Ashvani Bhatt,02-10-2026 19:24,03-10-2026 22:58,27.56667,>=24 hrs
03-10-2026,FMPC6554061831,SuratHub_STV_PL,AAI KHODAL MOTORS AND SERVICE STATION +918866224803,f1f985717d6241c7,received_at_mh,West,LMA,1.00E+11,GROWEXPRESS LOGISTIC LLP,Jitendra BhagwanBhunkar,MotherHub_STV_BTS,BRSNR,SuratHub_STV_PL,PH-B6-SURBTS-25813726,expected,OPENED,02-10-2026 20:08,Ashvani Bhatt,02-10-2026 18:11,04-10-2026 11:41,41.5,>=24 hrs
03-10-2026,FMPP4314717486,KamrejHub_STV_PL,RUDRA FASHION +916354507880,92f6237f07924ab9,received_at_mh,West,TRUEFLEX,600999,Trueflex,Rajput Ranadhir Bhupendrabhai,MotherHub_STV_BTS,BRSNR,KamrejHub_STV_PL,PH-B1-SURBTS-25655250,expected,OPENED,02-10-2026 18:41,Ashvani Bhatt,02-10-2026 17:41,06-10-2026 0:36,78.91667,>=24 hrs
03-10-2026,FMPC6553622790,SuratHub_STV_PL,YOGI FASHION +919924030751,8385347992fd4699,received_at_mh,West,LMA,1.00E+11,Vxpress,Vikas DhanarajSonawane,MotherHub_STV_BTS,BRSNR,SuratHub_STV_PL,PH-B6-SURBTS-25862957,expected,OPENED,02-10-2026 20:45,Ashvani Bhatt,02-10-2026 18:02,04-10-2026 11:17,41.25,>=24 hrs
03-10-2026,FMPP4314569465,KamrejHub_STV_PL,SHIVAY ENTERPRISE +919687080714,028ee5a3da894751,dispatched_to_mh,West,TRUEFLEX,1.38E+06,Trueflex,Akhilesh Dubey,MotherHub_STV_BTS,BRSNR,KamrejHub_STV_PL,PH-B2-SURBTS-25393490,expected,OPENED,02-10-2026 23:33,Ashvani Bhatt,02-10-2026 17:26,#VALUE!,#VALUE!,#VALUE!
03-10-2026,FMPC6554472822,KamrejHub_STV_PL,Ziyana Enterprise +918401823024,7665301e47cd4bfe,received_at_mh,West,TRUEFLEX,1.28E+06,Trueflex,Vavda Umarfaruk Yusuf,MotherHub_STV_BTS,BRSNR,KamrejHub_STV_PL,PH-B6-SURBTS-25893749,expected,OPENED,02-10-2026 21:19,Ashvani Bhatt,02-10-2026 19:24,03-10-2026 23:00,27.6,>=24 hrs
03-10-2026,FMPP4313576856,SuratHub_STV_PL,THAMONI ENTERPRISE +917096231639,e8e3b55fd8914203,dispatched_to_mh,West,LMA,1.00E+11,GAUTAMI ENTERPRISE,Mirza Mohammad Zaid SalimBeg,MotherHub_STV_BTS,BRSNR,SuratHub_STV_PL,PH-B3-SURBTS-25748004,expected,OPENED,02-10-2026 20:09,Ashvani Bhatt,02-10-2026 18:11,#VALUE!,#VALUE!,#VALUE!
03-10-2026,FMPP4314374361,StationTempHub_STV_PL,TRIBEAZI +919016330261,5986bf33085d46c4,received_at_mh,West,TRUEFLEX,5.90E+05,Trueflex,Meman Mohammad Latif Mohammad Faruk,MotherHub_STV_BTS,BRSNR,StationTempHub_STV_PL,PH-B6-SURBTS-25870215,expected,OPENED,02-10-2026 20:26,Ashvani Bhatt,02-10-2026 17:49,04-10-2026 11:09,41.33333,>=24 hrs
03-10-2026,FMPC6552903911,SuratHub_STV_PL,AAI KHODAL MOTORS AND SERVICE STATION +918866224803,f1f985717d6241c7,received_at_mh,West,LMA,1.00E+11,GROWEXPRESS LOGISTIC LLP,Jitendra BhagwanBhunkar,MotherHub_STV_BTS,BRSNR,SuratHub_STV_PL,PH-B6-SURBTS-25813726,expected,OPENED,02-10-2026 20:08,Ashvani Bhatt,02-10-2026 18:11,04-10-2026 11:27,41.26667,>=24 hrs
03-10-2026,FMPC6553826616,StationTempHub_STV_PL,LYSLIY +919106797496,a75de0186ce64a09,dispatched_to_mh,West,LMA,1.00E+11,COMMERSHIP SERVICES LLP,Yadav OmprakashRajkumar,MotherHub_STV_BTS,BRSNR,StationTempHub_STV_PL,PH-B6-SURBTS-25715322,expected,OPENED,02-10-2026 21:28,Ashvani Bhatt,02-10-2026 17:49,#VALUE!,#VALUE!,#VALUE!
03-10-2026,FMPC6553678290,SuratHub_STV_PL,GANESH FASHION +919909579773,c4c16356109e4c88,received_at_mh,West,LMA,1.00E+11,Princy Enterprise,AnkitKumar,MotherHub_STV_BTS,BRSNR,SuratHub_STV_PL,PH-B6-SURBTS-25644959,expected,OPENED,03-10-2026 0:42,Ashvani Bhatt,02-10-2026 18:02,03-10-2026 21:38,27.6,>=24 hrs
03-10-2026,FMPC6553981885,KamrejHub_STV_PL,INCREDIBLE INDIA +919904356326,829c34669f884cc5,dispatched_to_mh,West,LMA,1.00E+11,PS LOGISTICS,Zaheer Ahmad KasimTai,MotherHub_STV_BTS,BRSNR,KamrejHub_STV_PL,PH-B3-SURBTS-25867801,expected,OPENED,03-10-2026 0:49,Ashvani Bhatt,02-10-2026 19:24,#VALUE!,#VALUE!,#VALUE!
03-10-2026,FMPP4313760987,StationTempHub_STV_PL,CHHAGANBHAI PITAMBARBHAI GHASKATA +917874553642,819a8de09eb6442c,received_at_mh,West,LMA,1.00E+11,Vxpress,Vasava VikaskumarManojbhai,MotherHub_STV_BTS,BRSNR,StationTempHub_STV_PL,PH-B6-SURBT8-25546784,expected,OPENED,03-10-2026 4:52,Ashvani Bhatt,02-10-2026 17:10,#VALUE!,#VALUE!,#VALUE!
03-10-2026,FMPP4314568266,SuratHub_STV_PL,CombZone +918160734429,683b415fb0b14756,received_at_mh,West,LMA,1.00E+11,Shree Hari Logistics,Yadav RohitVijayshankar,MotherHub_STV_BTS,BRSNR,SuratHub_STV_PL,PH-B6-SURBTS-25611055,expected,OPENED,02-10-2026 20:27,Ashvani Bhatt,02-10-2026 18:02,03-10-2026 21:30,27.46667,>=24 hrs
03-10-2026,FMPP4314650212,MotaVarachhaSplitHub_STV_PL,NILAM ENTERPRISE +919033389808,ceaa18d11cb14d31,received_at_mh,West,LMA,1.00E+11,Loadshare,Parmar PiyushKantibhai,MotherHub_STV_BTS,BRSNR,MotaVarachhaSplitHub_STV_PL,PH-B6-SURBTS-25871436,expected,OPENED,02-10-2026 21:53,Ashvani Bhatt,02-10-2026 19:35,04-10-2026 11:20,39.75,>=24 hrs
03-10-2026,FMPP4314023192,MotaVarachhaSplitHub_STV_PL,TALSHIBHAI VIRADIYA +918673868670,095c2923077c4ff9,dispatched_to_mh,West,LMA,1.00E+11,Loadshare,Pathan RihankhanIkramkhan,MotherHub_STV_BTS,BRSNR,MotaVarachhaSplitHub_STV_PL,PH-B1-SURBTS-25723456,expected,OPENED,02-10-2026 22:07,Ashvani Bhatt,02-10-2026 19:35,#VALUE!,#VALUE!,#VALUE!
03-10-2026,FMPP4313665312,MotaVarachhaSplitHub_STV_PL,KENVI ENTERPRISE +917284883384,4c4a74fd3e864a5b,received_at_mh,West,LMA,1.00E+11,Loadshare,Priyadarshan SudamKote,MotherHub_STV_BTS,BRSNR,MotaVarachhaSplitHub_STV_PL,PH-B3-SURBTS-25813046,expected,OPENED,02-10-2026 20:25,Ashvani Bhatt,02-10-2026 17:58,04-10-2026 2:38,32.66667,>=24 hrs
03-10-2026,FMPC6554272381,MotaVarachhaSplitHub_STV_PL,TOMARA ENTERPRISE +919904449991,fdb1726150f04c20,received_at_seller,West,LMA,1.00E+11,Loadshare,Shashikant PiranPatil,MotherHub_STV_BTS,BRSNR,MotaVarachhaSplitHub_STV_PL,PH-B2-SURBTS-25824960,expected,OPENED,02-10-2026 23:34,Ashvani Bhatt,#VALUE!,#VALUE!,#VALUE!,#VALUE!
03-10-2026,FMPC6552920193,MotaVarachhaSplitHub_STV_PL,VYANA ENTERPRISE +918128945097,6fed52690ab84165,received_at_mh,West,LMA,1.00E+11,Loadshare,ChaudhariShankar,MotherHub_STV_BTS,BRSNR,MotaVarachhaSplitHub_STV_PL,PH-B1-SURBTS-25299378,expected,OPENED,02-10-2026 18:52,Ashvani Bhatt,02-10-2026 17:11,04-10-2026 0:05,30.9,>=24 hrs
03-10-2026,FMPP4314072831,MotaVarachhaSplitHub_STV_PL,NBK ENTERPRISES +919328373449,c7272a79cff24de1,dispatched_to_mh,West,LMA,1.00E+11,Loadshare,Mehul JayantibhaiPatel,MotherHub_STV_BTS,BRSNR,MotaVarachhaSplitHub_STV_PL,PH-B2-SURBTS-25897962,expected,OPENED,02-10-2026 20:23,Ashvani Bhatt,02-10-2026 17:58,#VALUE!,#VALUE!,#VALUE!
03-10-2026,FMPP4314458617,MotaVarachhaSplitHub_STV_PL,TOMARA ENTERPRISE +919904449991,fdb1726150f04c20,received_at_seller,West,LMA,1.00E+11,Loadshare,Shashikant PiranPatil,MotherHub_STV_BTS,BRSNR,MotaVarachhaSplitHub_STV_PL,PH-B2-SURBTS-25824960,expected,OPENED,02-10-2026 23:34,Ashvani Bhatt,#VALUE!,#VALUE!,#VALUE!,#VALUE!
03-10-2026,FMPC6553019147,MotaVarachhaSplitHub_STV_PL,KENVI ENTERPRISE +917284883384,4c4a74fd3e864a5b,dispatched_to_mh,West,LMA,1.00E+11,Loadshare,Priyadarshan SudamKote,MotherHub_STV_BTS,BRSNR,MotaVarachhaSplitHub_STV_PL,PH-B2-SURBTS-25813038,expected,OPENED,02-10-2026 20:26,Ashvani Bhatt,02-10-2026 17:58,#VALUE!,#VALUE!,#VALUE!
03-10-2026,FMPC6553087578,MotaVarachhaSplitHub_STV_PL,DM ENTERPRISE +918320096975,30d6cba26fd24509,received_at_mh,West,LMA,1.00E+11,Loadshare,Patil SandipYuvraj,MotherHub_STV_BTS,BRSNR,MotaVarachhaSplitHub_STV_PL,PH-B1-SURBTS-25790123,expected,OPENED,02-10-2026 20:00,Ashvani Bhatt,02-10-2026 17:58,05-10-2026 22:53,76.91667,>=24 hrs
03-10-2026,FMPC6553833632,MotaVarachhaSplitHub_STV_PL,ADIANADI ENTERPRISE +919537077679,55130618653f4252,received_at_mh,West,LMA,1.00E+11,Loadshare,Pathan RihankhanIkramkhan,MotherHub_STV_BTS,BRSNR,MotaVarachhaSplitHub_STV_PL,PH-B1-SURBTS-25616125,expected,OPENED,02-10-2026 19:32,Ashvani Bhatt,02-10-2026 17:11,03-10-2026 22:53,29.7,>=24 hrs
03-10-2026,FMPP4313819725,MotaVarachhaSplitHub_STV_PL,KENVI ENTERPRISE +917284883384,4c4a74fd3e864a5b,received_at_mh,West,LMA,1.00E+11,Loadshare,Priyadarshan SudamKote,MotherHub_STV_BTS,BRSNR,MotaVarachhaSplitHub_STV_PL,PH-B6-SURBTS-25813068,expected,OPENED,03-10-2026 8:13,Ashvani Bhatt,02-10-2026 17:58,04-10-2026 10:43,40.75,>=24 hrs
03-10-2026,FMPC6552882749,MotaVarachhaSplitHub_STV_PL,VYANA ENTERPRISE +918128945097,6fed52690ab84165,received_at_mh,West,LMA,1.00E+11,Loadshare,ChaudhariShankar,MotherHub_STV_BTS,BRSNR,MotaVarachhaSplitHub_STV_PL,PH-B1-SURBTS-25299378,expected,OPENED,02-10-2026 18:52,Ashvani Bhatt,02-10-2026 17:11,04-10-2026 0:06,30.91667,>=24 hrs
03-10-2026,FMPP4314067639,MotaVarachhaSplitHub_STV_PL,jesika collection +919664878584,4175b290587f4435,dispatched_to_mh,West,LMA,1.00E+11,Loadshare,Divan MohammadZaid,MotherHub_STV_BTS,BRSNR,MotaVarachhaSplitHub_STV_PL,PH-B6-SURBTS-25524679,expected,OPENED,02-10-2026 20:34,Ashvani Bhatt,02-10-2026 17:58,#VALUE!,#VALUE!,#VALUE!
03-10-2026,FMPC6554174671,MotaVarachhaSplitHub_STV_PL,MANTRA ENTERPRISE +919726143386,c56f8177d72e4da9,received_at_mh,West,LMA,1.00E+11,Loadshare,Priyadarshan SudamKote,MotherHub_STV_BTS,BRSNR,MotaVarachhaSplitHub_STV_PL,PH-B2-SURBTS-25813038,expected,OPENED,02-10-2026 20:26,Ashvani Bhatt,02-10-2026 17:58,04-10-2026 4:27,34.48333,>=24 hrs
03-10-2026,FMPC6553085613,MotaVarachhaSplitHub_STV_PL,RAGILUXE +919081372436,0929e1897e76411c,received_at_mh,West,LMA,1.00E+11,Loadshare,Pathan RihankhanIkramkhan,MotherHub_STV_BTS,BRSNR,MotaVarachhaSplitHub_STV_PL,PH-B2-SURBTS-25901672,expected,OPENED,02-10-2026 21:20,Ashvani Bhatt,02-10-2026 17:11,03-10-2026 22:48,29.61667,>=24 hrs
03-10-2026,FMPC6554330203,MotaVarachhaSplitHub_STV_PL,TOMARA ENTERPRISE +919904449991,fdb1726150f04c20,received_at_seller,West,LMA,1.00E+11,Loadshare,Shashikant PiranPatil,MotherHub_STV_BTS,BRSNR,MotaVarachhaSplitHub_STV_PL,PH-B1-SURBTS-25824928,expected,OPENED,02-10-2026 21:39,Ashvani Bhatt,#VALUE!,#VALUE!,#VALUE!,#VALUE!
03-10-2026,FMPP4314068312,MotaVarachhaSplitHub_STV_PL,DM ENTERPRISE +918320096975,30d6cba26fd24509,received_at_mh,West,LMA,1.00E+11,Loadshare,Patil SandipYuvraj,MotherHub_STV_BTS,BRSNR,MotaVarachhaSplitHub_STV_PL,PH-B6-SURBTS-25790170,expected,OPENED,02-10-2026 22:06,Ashvani Bhatt,02-10-2026 17:58,05-10-2026 18:21,72.38333,>=24 hrs
03-10-2026,FMPP4313676204,MotaVarachhaSplitHub_STV_PL,KENVI ENTERPRISE +917284883384,4c4a74fd3e864a5b,received_at_mh,West,LMA,1.00E+11,Loadshare,Priyadarshan SudamKote,MotherHub_STV_BTS,BRSNR,MotaVarachhaSplitHub_STV_PL,PH-B6-SURBTS-25813068,expected,OPENED,03-10-2026 8:13,Ashvani Bhatt,02-10-2026 17:58,04-10-2026 10:36,40.63333,>=24 hrs
03-10-2026,FMPC6554286999,MotaVarachhaSplitHub_STV_PL,NILAM ENTERPRISE +919033389808,ceaa18d11cb14d31,received_at_mh,West,LMA,1.00E+11,Loadshare,Parmar PiyushKantibhai,MotherHub_STV_BTS,BRSNR,MotaVarachhaSplitHub_STV_PL,PH-B1-SURBTS-25871396,expected,OPENED,02-10-2026 22:06,Ashvani Bhatt,02-10-2026 19:35,03-10-2026 23:29,27.9,>=24 hrs
03-10-2026,FMPC6552872790,MotaVarachhaSplitHub_STV_PL,VALAM ENTERPRISE +917984975109,7df7bf0d76dd41a6,dispatched_to_mh,West,LMA,1.00E+11,Loadshare,Patil SandipYuvraj,MotherHub_STV_BTS,BRSNR,MotaVarachhaSplitHub_STV_PL,PH-B6-SURBTS-25719343,expected,OPENED,03-10-2026 3:33,Ashvani Bhatt,02-10-2026 17:58,#VALUE!,#VALUE!,#VALUE!
03-10-2026,FMPC6554340230,MotaVarachhaSplitHub_STV_PL,DM ENTERPRISE +918320096975,30d6cba26fd24509,received_at_mh,West,LMA,1.00E+11,Loadshare,Patil SandipYuvraj,MotherHub_STV_BTS,BRSNR,MotaVarachhaSplitHub_STV_PL,PH-B1-SURBTS-25790122,expected,OPENED,02-10-2026 21:59,Ashvani Bhatt,02-10-2026 17:58,05-10-2026 22:44,76.76667,>=24 hrs
03-10-2026,FMPC6553678627,MotaVarachhaSplitHub_STV_PL,STAR LIGHT JARI +919714744117,38467e425ad34528,received_at_mh,West,LMA,1.00E+11,Oneeday hr solution pvt ltd,Abhay ShamkantPatil,MotherHub_STV_BTS,BRSNR,MotaVarachhaSplitHub_STV_PL,PH-B1-SURBTS-25822375,expected,OPENED,02-10-2026 21:29,Ashvani Bhatt,02-10-2026 17:58,04-10-2026 4:28,34.5,>=24 hrs
03-10-2026,FMPC6554321497,MotaVarachhaSplitHub_STV_PL,DM ENTERPRISE +918320096975,30d6cba26fd24509,received_at_mh,West,LMA,1.00E+11,Loadshare,Patil SandipYuvraj,MotherHub_STV_BTS,BRSNR,MotaVarachhaSplitHub_STV_PL,PH-B3-SURBTS-25790141,expected,OPENED,02-10-2026 20:03,Ashvani Bhatt,02-10-2026 17:58,05-10-2026 18:22,72.4,>=24 hrs
03-10-2026,FMPP4314500331,MotaVarachhaSplitHub_STV_PL,DM ENTERPRISE +918320096975,30d6cba26fd24509,received_at_mh,West,LMA,1.00E+11,Loadshare,Patil SandipYuvraj,MotherHub_STV_BTS,BRSNR,MotaVarachhaSplitHub_STV_PL,PH-B3-SURBTS-25790141,expected,OPENED,02-10-2026 20:03,Ashvani Bhatt,02-10-2026 17:58,05-10-2026 18:23,72.41667,>=24 hrs
03-10-2026,FMPP4313721502,MotaVarachhaSplitHub_STV_PL,KENVI ENTERPRISE +917284883384,4c4a74fd3e864a5b,received_at_mh,West,LMA,1.00E+11,Loadshare,Priyadarshan SudamKote,MotherHub_STV_BTS,BRSNR,MotaVarachhaSplitHub_STV_PL,PH-B1-SURBTS-25813028,expected,OPENED,02-10-2026 20:25,Ashvani Bhatt,02-10-2026 17:58,04-10-2026 2:59,33.01667,>=24 hrs
03-10-2026,FMPP4314124292,MotaVarachhaSplitHub_STV_PL,TOMARA ENTERPRISE +919904449991,fdb1726150f04c20,received_at_seller,West,LMA,1.00E+11,Loadshare,Shashikant PiranPatil,MotherHub_STV_BTS,BRSNR,MotaVarachhaSplitHub_STV_PL,PH-B3-SURBTS-25824968,expected,OPENED,02-10-2026 21:56,Ashvani Bhatt,#VALUE!,#VALUE!,#VALUE!,#VALUE!
03-10-2026,FMPP4313665706,MotaVarachhaSplitHub_STV_PL,DM ENTERPRISE +918320096975,30d6cba26fd24509,received_at_mh,West,LMA,1.00E+11,Loadshare,Patil SandipYuvraj,MotherHub_STV_BTS,BRSNR,MotaVarachhaSplitHub_STV_PL,PH-B6-SURBTS-25790171,expected,OPENED,02-10-2026 22:02,Ashvani Bhatt,02-10-2026 17:58,05-10-2026 18:19,72.35,>=24 hrs
03-10-2026,FMPC6553215322,MotaVarachhaSplitHub_STV_PL,TOMARA ENTERPRISE +919904449991,fdb1726150f04c20,received_at_seller,West,LMA,1.00E+11,Loadshare,Shashikant PiranPatil,MotherHub_STV_BTS,BRSNR,MotaVarachhaSplitHub_STV_PL,PH-B6-SURBTS-25825009,expected,OPENED,02-10-2026 19:31,Ashvani Bhatt,#VALUE!,#VALUE!,#VALUE!,#VALUE!
03-10-2026,FMPP4314604920,MotaVarachhaSplitHub_STV_PL,KAVYAN JEWELS +917863028241,43520b95d1a04873,dispatched_to_mh,West,LMA,1.00E+11,Loadshare,Patil SandipYuvraj,MotherHub_STV_BTS,BRSNR,MotaVarachhaSplitHub_STV_PL,PH-B3-SURBTS-25802546,expected,OPENED,02-10-2026 19:59,Ashvani Bhatt,02-10-2026 17:58,#VALUE!,#VALUE!,#VALUE!
03-10-2026,FMPC6542440923,MotaVarachhaSplitHub_STV_PL,PantryHub +919428719247,b4fbfe738cd54bf0,dispatched_to_mh,West,LMA,1.00E+11,Loadshare,Divan MohammadZaid,MotherHub_STV_BTS,BRSNR,MotaVarachhaSplitHub_STV_PL,PH-B6-8URBTS-25524693,expected,OPENED,03-10-2026 6:42,Ashvani Bhatt,02-10-2026 17:11,#VALUE!,#VALUE!,#VALUE!
03-10-2026,FMPC6553155013,MotaVarachhaSplitHub_STV_PL,HITARTH FASHION JEWELLERY +917016505284,abe8db303efd4dd4,dispatched_to_mh,West,LMA,1.00E+11,Loadshare,Patel VajirYunus,MotherHub_STV_BTS,BRSNR,MotaVarachhaSplitHub_STV_PL,PH-B2-SURBTS-25656300,expected,OPENED,02-10-2026 19:03,Ashvani Bhatt,02-10-2026 17:11,#VALUE!,#VALUE!,#VALUE!
03-10-2026,FMPC6554063677,MotaVarachhaSplitHub_STV_PL,SMITH CREATION +917990974221,18c4ce3537594bd4,dispatched_to_mh,West,LMA,1.00E+11,Loadshare,Patel VajirYunus,MotherHub_STV_BTS,BRSNR,MotaVarachhaSplitHub_STV_PL,PH-B1-SURBTS-25397006,expected,OPENED,02-10-2026 21:59,Ashvani Bhatt,02-10-2026 19:35,#VALUE!,#VALUE!,#VALUE!
03-10-2026,FMPC6554338469,MotaVarachhaSplitHub_STV_PL,ADIANADI ENTERPRISE +919537077679,55130618653f4252,received_at_mh,West,LMA,1.00E+11,Loadshare,Pathan RihankhanIkramkhan,MotherHub_STV_BTS,BRSNR,MotaVarachhaSplitHub_STV_PL,PH-B2-SURBTS-25616141,expected,OPENED,02-10-2026 19:27,Ashvani Bhatt,02-10-2026 17:11,04-10-2026 4:04,34.88333,>=24 hrs
03-10-2026,FMPC6553688352,MotaVarachhaSplitHub_STV_PL,RUDRA ENTERPRISE +917862036317,efde41f7d1244960,dispatched_to_mh,West,LMA,1.00E+11,Loadshare,Pathan RihankhanIkramkhan,MotherHub_STV_BTS,BRSNR,MotaVarachhaSplitHub_STV_PL,PH-B2-SURBTS-25901672,expected,OPENED,02-10-2026 21:20,Ashvani Bhatt,02-10-2026 17:11,#VALUE!,#VALUE!,#VALUE!
03-10-2026,FMPC6554598758,MotaVarachhaSplitHub_STV_PL,KRISHNABEN MAYUR POLARA +917778091294,718e367883544115,dispatched_to_mh,West,LMA,1.00E+11,Loadshare,Kishan MangaMali,MotherHub_STV_BTS,BRSNR,MotaVarachhaSplitHub_STV_PL,PH-B1-SURBTS-25824932,expected,OPENED,02-10-2026 19:03,Ashvani Bhatt,02-10-2026 17:11,#VALUE!,#VALUE!,#VALUE!
03-10-2026,FMPC6553713567,MotaVarachhaSplitHub_STV_PL,DANIEL JUBILE +917041012311,21a16b34f45245f7,received_at_seller,West,LMA,1.00E+11,Loadshare,Kunal ChhotuKoli,MotherHub_STV_BTS,BRSNR,MotaVarachhaSplitHub_STV_PL,PH-B6-SURBTS-25836522,expected,OPENED,03-10-2026 4:31,Ashvani Bhatt,#VALUE!,#VALUE!,#VALUE!,#VALUE!
03-10-2026,FMPC6554331098,MotaVarachhaSplitHub_STV_PL,DM ENTERPRISE +918320096975,30d6cba26fd24509,received_at_mh,West,LMA,1.00E+11,Loadshare,Patil SandipYuvraj,MotherHub_STV_BTS,BRSNR,MotaVarachhaSplitHub_STV_PL,PH-B6-SURBTS-25790170,expected,OPENED,02-10-2026 22:06,Ashvani Bhatt,02-10-2026 17:58,05-10-2026 18:23,72.41667,>=24 hrs
03-10-2026,FMPC6553407883,MotaVarachhaSplitHub_STV_PL,DECSTY +917016645931,612bf5d137384083,dispatched_to_mh,West,LMA,1.00E+11,Loadshare,Priyadarshan SudamKote,MotherHub_STV_BTS,BRSNR,MotaVarachhaSplitHub_STV_PL,PH-B2-SURBTS-25840913,expected,OPENED,02-10-2026 21:39,Ashvani Bhatt,02-10-2026 17:11,#VALUE!,#VALUE!,#VALUE!
03-10-2026,FMPP4313644547,MotaVarachhaSplitHub_STV_PL,KENVI ENTERPRISE +917284883384,4c4a74fd3e864a5b,received_at_mh,West,LMA,1.00E+11,Loadshare,Priyadarshan SudamKote,MotherHub_STV_BTS,BRSNR,MotaVarachhaSplitHub_STV_PL,PH-B1-SURBTS-25813028,expected,OPENED,02-10-2026 20:25,Ashvani Bhatt,02-10-2026 17:58,04-10-2026 4:31,34.55,>=24 hrs
03-10-2026,FMPC6552903627,MotaVarachhaSplitHub_STV_PL,DM ENTERPRISE +918320096975,30d6cba26fd24509,received_at_mh,West,LMA,1.00E+11,Loadshare,Patil SandipYuvraj,MotherHub_STV_BTS,BRSNR,MotaVarachhaSplitHub_STV_PL,PH-B1-SURBTS-25790123,expected,OPENED,02-10-2026 20:00,Ashvani Bhatt,02-10-2026 17:58,05-10-2026 22:43,76.75,>=24 hrs
03-10-2026,FMPP4313607462,MotaVarachhaSplitHub_STV_PL,TOMARA ENTERPRISE +919904449991,fdb1726150f04c20,received_at_seller,West,LMA,1.00E+11,Loadshare,Shashikant PiranPatil,MotherHub_STV_BTS,BRSNR,MotaVarachhaSplitHub_STV_PL,PH-B3-SURBTS-25824968,expected,OPENED,02-10-2026 21:56,Ashvani Bhatt,#VALUE!,#VALUE!,#VALUE!,#VALUE!
03-10-2026,FMPC6552994415,MotaVarachhaSplitHub_STV_PL,LOOKSMART EXIM +919427496379,48ac5273665c42ba,dispatched_to_mh,West,LMA,1.00E+11,Loadshare,Patil SandipYuvraj,MotherHub_STV_BTS,BRSNR,MotaVarachhaSplitHub_STV_PL,PH-B6-SURBTS-25719343,expected,OPENED,03-10-2026 3:33,Ashvani Bhatt,02-10-2026 17:58,#VALUE!,#VALUE!,#VALUE!
03-10-2026,FMPC6552906575,MotaVarachhaSplitHub_STV_PL,KENVI ENTERPRISE +917284883384,4c4a74fd3e864a5b,received_at_mh,West,LMA,1.00E+11,Loadshare,Priyadarshan SudamKote,MotherHub_STV_BTS,BRSNR,MotaVarachhaSplitHub_STV_PL,PH-B1-SURBTS-25813028,expected,OPENED,02-10-2026 20:25,Ashvani Bhatt,02-10-2026 17:58,04-10-2026 4:32,34.56667,>=24 hrs
03-10-2026,FMPC6554212372,MotaVarachhaSplitHub_STV_PL,TOMARA ENTERPRISE +919904449991,fdb1726150f04c20,received_at_seller,West,LMA,1.00E+11,Loadshare,Shashikant PiranPatil,MotherHub_STV_BTS,BRSNR,MotaVarachhaSplitHub_STV_PL,PH-B3-SURBTS-25824968,expected,OPENED,02-10-2026 21:56,Ashvani Bhatt,#VALUE!,#VALUE!,#VALUE!,#VALUE!
03-10-2026,FMPP4314664956,MotaVarachhaSplitHub_STV_PL,VAVSU +919408522014,29a685eafdfc438b,dispatched_to_mh,West,LMA,1.00E+11,Loadshare,Patil SandipYuvraj,MotherHub_STV_BTS,BRSNR,MotaVarachhaSplitHub_STV_PL,PH-B6-SURBTS-25719343,expected,OPENED,03-10-2026 3:33,Ashvani Bhatt,02-10-2026 17:58,#VALUE!,#VALUE!,#VALUE!
03-10-2026,FMPC6553577002,MotaVarachhaSplitHub_STV_PL,VYANA ENTERPRISE +918128945097,6fed52690ab84165,received_at_mh,West,LMA,1.00E+11,Loadshare,ChaudhariShankar,MotherHub_STV_BTS,BRSNR,MotaVarachhaSplitHub_STV_PL,PH-B1-SURBTS-25299378,expected,OPENED,02-10-2026 18:52,Ashvani Bhatt,02-10-2026 17:11,04-10-2026 0:07,30.93333,>=24 hrs
03-10-2026,FMPP4314114255,MotaVarachhaSplitHub_STV_PL,STAR LIGHT JARI +919714744117,38467e425ad34528,received_at_mh,West,LMA,1.00E+11,Oneeday hr solution pvt ltd,Abhay ShamkantPatil,MotherHub_STV_BTS,Mixbagging,MotaVarachhaSplitHub_STV_PL,PH-B6-SURBTS-25822427,expected,OPENED,03-10-2026 4:03,Ashvani Bhatt,02-10-2026 17:58,03-10-2026 19:46,25.8,>=24 hrs
03-10-2026,FMPC6554519856,MotaVarachhaSplitHub_STV_PL,M.M Enterprise +919054244884,070f21f89d6140e9,received_at_mh,West,LMA,1.00E+11,Loadshare,VishvajitPandey,MotherHub_STV_BTS,BRSNR,MotaVarachhaSplitHub_STV_PL,PH-B1-SURBTS-25886650,expected,OPENED,02-10-2026 20:04,Ashvani Bhatt,02-10-2026 17:58,03-10-2026 23:35,29.61667,>=24 hrs
03-10-2026,FMPC6552867994,MotaVarachhaSplitHub_STV_PL,CLAZKITE +918347891293,0977b78939854709,received_at_mh,West,LMA,1.00E+11,Loadshare,Patil SandipYuvraj,MotherHub_STV_BTS,BRSNR,MotaVarachhaSplitHub_STV_PL,PH-B1-SURBTS-25790122,expected,OPENED,02-10-2026 21:59,Ashvani Bhatt,02-10-2026 17:58,04-10-2026 0:23,30.41667,>=24 hrs
03-10-2026,FMPP4313646191,MotaVarachhaSplitHub_STV_PL,DM ENTERPRISE +918320096975,30d6cba26fd24509,received_at_mh,West,LMA,1.00E+11,Loadshare,Patil SandipYuvraj,MotherHub_STV_BTS,BRSNR,MotaVarachhaSplitHub_STV_PL,PH-B1-SURBTS-25790123,expected,OPENED,02-10-2026 20:00,Ashvani Bhatt,02-10-2026 17:58,05-10-2026 22:39,76.68333,>=24 hrs
03-10-2026,FMPP4313631549,MotaVarachhaSplitHub_STV_PL,TOMARA ENTERPRISE +919904449991,fdb1726150f04c20,received_at_seller,West,LMA,1.00E+11,Loadshare,Shashikant PiranPatil,MotherHub_STV_BTS,BRSNR,MotaVarachhaSplitHub_STV_PL,PH-B6-SURBTS-25825009,expected,OPENED,02-10-2026 19:31,Ashvani Bhatt,#VALUE!,#VALUE!,#VALUE!,#VALUE!
03-10-2026,FMPP4313787214,MotaVarachhaSplitHub_STV_PL,MANTRA ENTERPRISE +919726143386,c56f8177d72e4da9,received_at_mh,West,LMA,1.00E+11,Loadshare,Priyadarshan SudamKote,MotherHub_STV_BTS,BRSNR,MotaVarachhaSplitHub_STV_PL,PH-B1-SURBTS-25813028,expected,OPENED,02-10-2026 20:25,Ashvani Bhatt,02-10-2026 17:58,04-10-2026 4:57,34.98333,>=24 hrs
03-10-2026,FMPP4314142128,TirupurHub_TPR_PL,MANASH E-COMMERCE PRIVATE LIMITED 9870620220,2d9c5e5bc4ba4748,dispatched_to_mh,South,LMA,1.00E+11,Vxpress,Aravinth,MotherHub_CJB,BRSNR,TirupurHub_TPR_PL,PH-ZO-CJBCJB-5764207,expected,OPENED,02-10-2026 22:58,ranju.chandran,02-10-2026 20:19,#VALUE!,#VALUE!,#VALUE!
03-10-2026,FMPC6553068939,MotaVarachhaSplitHub_STV_PL,Deramart +918401046703,6cf62ee379f8492c,received_at_mh,West,LMA,1.00E+11,Loadshare,Patel VajirYunus,MotherHub_STV_BTS,BRSNR,MotaVarachhaSplitHub_STV_PL,PH-B6-SURBTS-25656342,expected,OPENED,02-10-2026 22:14,Ashvani Bhatt,02-10-2026 17:11,04-10-2026 10:49,41.63333,>=24 hrs
03-10-2026,FMPC6554171561,MotaVarachhaSplitHub_STV_PL,DHARTI CORPORATION +919624465856,5c7071390c544071,received_at_seller,West,LMA,1.00E+11,Loadshare,Shashikant PiranPatil,MotherHub_STV_BTS,BRSNR,MotaVarachhaSplitHub_STV_PL,PH-B1-SURBTS-25824930,expected,OPENED,02-10-2026 21:38,Ashvani Bhatt,#VALUE!,#VALUE!,#VALUE!,#VALUE!
03-10-2026,FMPC6553637589,MotaVarachhaSplitHub_STV_PL,APEX INTERNATIONAL +917567746060,aa43f264c9d94a81,received_at_mh,West,LMA,1.00E+11,GAUTAMI ENTERPRISE,SANKARGURU,MotherHub_STV_BTS,BRSNR,MotaVarachhaSplitHub_STV_PL,PH-B6-SURBTS-25466652,expected,OPENED,03-10-2026 4:14,Ashvani Bhatt,02-10-2026 17:11,#VALUE!,#VALUE!,#VALUE!
03-10-2026,FMPP4313655775,MotaVarachhaSplitHub_STV_PL,TOMARA ENTERPRISE +919904449991,fdb1726150f04c20,received_at_seller,West,LMA,1.00E+11,Loadshare,Shashikant PiranPatil,MotherHub_STV_BTS,BRSNR,MotaVarachhaSplitHub_STV_PL,PH-B3-SURBTS-25824968,expected,OPENED,02-10-2026 21:56,Ashvani Bhatt,#VALUE!,#VALUE!,#VALUE!,#VALUE!
03-10-2026,FMPP4313807401,MotaVarachhaSplitHub_STV_PL,Arvi Sales +917283903368,3b70e14a92114e8f,dispatched_to_mh,West,LMA,1.00E+11,Loadshare,Patil SandipYuvraj,MotherHub_STV_BTS,BRSNR,MotaVarachhaSplitHub_STV_PL,PH-B1-SURBTS-25385077,expected,OPENED,02-10-2026 21:24,Ashvani Bhatt,02-10-2026 17:11,#VALUE!,#VALUE!,#VALUE!
03-10-2026,FMPC6554397370,MotaVarachhaSplitHub_STV_PL,ADIANADI ENTERPRISE +919537077679,55130618653f4252,received_at_mh,West,LMA,1.00E+11,Loadshare,Pathan RihankhanIkramkhan,MotherHub_STV_BTS,BRSNR,MotaVarachhaSplitHub_STV_PL,PH-B6-SURBTS-25616180,expected,OPENED,02-10-2026 19:27,Ashvani Bhatt,02-10-2026 17:11,04-10-2026 9:31,40.33333,>=24 hrs
03-10-2026,FMPP4313651409,MotaVarachhaSplitHub_STV_PL,Ghori hub +917383570344,fa7717f0d80e448e,received_at_mh,West,LMA,1.00E+11,Loadshare,DiwanRehansha,MotherHub_STV_BTS,BRSNR,MotaVarachhaSplitHub_STV_PL,PH-B6-SURBTS-24387155,expected,OPENED,02-10-2026 18:41,Ashvani Bhatt,02-10-2026 17:11,04-10-2026 9:28,40.28333,>=24 hrs
03-10-2026,FMPC6554392366,VastralHub_ADI_PL,NOVA LIFESCIENCE +917878797577,32f7f44356eb4394,received_at_mh,West,LMA,1.00E+11,Princy Enterprise,Sodhaparmar YogendrasinhMansinh,MotherHub_ABD_Flex,BRSNR,VastralHub_ADI_PL,PH-B4-ABDFLEX-71443,expected,OPENED,03-10-2026 4:52,Ankur Sinha,02-10-2026 21:02,05-10-2026 22:43,73.68333,>=24 hrs
03-10-2026,FMPC6553854098,SaroliHubSplit_STV_PL,ELIGENT ENTERPRISE +919313840762,4dc367af06c24faf,dispatched_to_mh,West,LMA,1.00E+11,COMMERSHIP SERVICES LLP,PramodPatil,MotherHub_STV_BTS,BRSNR,SaroliHubSplit_STV_PL,PH-B6-SURBTS-25683196,expected,OPENED,03-10-2026 4:25,Ashvani Bhatt,02-10-2026 18:53,#VALUE!,#VALUE!,#VALUE!
03-10-2026,FMPP4314511087,VastralHub_ADI_PL,KAJAL CORPORATION +918866855678,021de31302534f8f,dispatched_to_mh,West,LMA,1.00E+11,Princy Enterprise,Sodhaparmar YogendrasinhMansinh,MotherHub_ABD_Flex,BRSNR,VastralHub_ADI_PL,PH-B1-ABDFLEX-119174,expected,OPENED,03-10-2026 0:36,Ankur Sinha,02-10-2026 21:02,#VALUE!,#VALUE!,#VALUE!
03-10-2026,FMPP4314458892,VastralHub_ADI_PL,ANAMIKA ENTERPRISE +918980024148,508ba5a061214bed,received_at_mh,West,LMA,1.00E+11,COMMERSHIP SERVICES LLP,DhruvSingh,MotherHub_ABD_Flex,BRSNR,VastralHub_ADI_PL,PH-B1-ABDFLEX-100018,expected,OPENED,03-10-2026 0:07,Ankur Sinha,02-10-2026 21:02,05-10-2026 2:47,53.75,>=24 hrs
03-10-2026,FMPC6554262110,VastralHub_ADI_PL,SAHAJ AUTO PARTS +917600105555,9c4ff93cc6a54552,dispatched_to_mh,West,LMA,1.00E+11,Princy Enterprise,CHITTE JAYKUMAR VINOD,MotherHub_ABD_Flex,BRSNR,VastralHub_ADI_PL,PH-B1-ABDFLEX-11608,expected,OPENED,03-10-2026 2:21,Ankur Sinha,02-10-2026 19:08,#VALUE!,#VALUE!,#VALUE!
03-10-2026,FMPP4314395030,SaroliHubSplit_STV_PL,MADHAV FASHION +918469922198,9a56901e1d6d41e4,dispatched_to_mh,West,LMA,1.00E+11,Vxpress,Siddiqui DanishAnis,MotherHub_STV_BTS,BRSNR,SaroliHubSplit_STV_PL,PH-B1-SURBTS-25717637,expected,OPENED,02-10-2026 20:11,Ashvani Bhatt,02-10-2026 18:35,#VALUE!,#VALUE!,#VALUE!
03-10-2026,FMPC6553418510,VastralHub_ADI_PL,NOVA LIFESCIENCE +917878797577,32f7f44356eb4394,received_at_mh,West,LMA,1.00E+11,Princy Enterprise,Sodhaparmar YogendrasinhMansinh,MotherHub_ABD_Flex,BRSNR,VastralHub_ADI_PL,PH-B4-ABDFLEX-71443,expected,OPENED,03-10-2026 4:52,Ankur Sinha,02-10-2026 21:02,05-10-2026 22:44,73.7,>=24 hrs
03-10-2026,FMPC6553579209,SaroliHubSplit_STV_PL,STYLEREGAIN +917016104408,12a1565cde624e96,received_at_mh,West,LMA,1.00E+11,Vxpress,Choket RajratanAmbadas,MotherHub_STV_BTS,BRSNR,SaroliHubSplit_STV_PL,PH-B6-SURBTS-25825907,expected,OPENED,02-10-2026 19:59,Ashvani Bhatt,02-10-2026 17:59,04-10-2026 9:45,39.76667,>=24 hrs
03-10-2026,FMPC6554321302,SaroliHubSplit_STV_PL,STYLE REMEET +919316292689,8626e05e988247db,received_at_mh,West,LMA,1.00E+11,Vxpress,Choket RajratanAmbadas,MotherHub_STV_BTS,BRSNR,SaroliHubSplit_STV_PL,PH-B2-SURBTS-25826624,expected,OPENED,02-10-2026 20:00,Ashvani Bhatt,02-10-2026 17:59,04-10-2026 4:33,34.56667,>=24 hrs
03-10-2026,FMPC6553399960,SaroliHubSplit_STV_PL,STYLEREGAIN +917016104408,12a1565cde624e96,received_at_mh,West,LMA,1.00E+11,Vxpress,Choket RajratanAmbadas,MotherHub_STV_BTS,BRSNR,SaroliHubSplit_STV_PL,PH-B6-SURBTS-25825907,expected,OPENED,02-10-2026 19:59,Ashvani Bhatt,02-10-2026 17:59,04-10-2026 9:47,39.8,>=24 hrs
03-10-2026,FMPP4313759667,VastralHub_ADI_PL,ANAMIKA ENTERPRISE +918980024148,508ba5a061214bed,received_at_mh,West,LMA,1.00E+11,COMMERSHIP SERVICES LLP,DhruvSingh,MotherHub_ABD_Flex,BRSNR,VastralHub_ADI_PL,PH-B3-ABDFLEX-84070,expected,OPENED,03-10-2026 0:07,Ankur Sinha,02-10-2026 21:02,05-10-2026 5:01,55.98333,>=24 hrs
03-10-2026,FMPC6553172105,SaroliHubSplit_STV_PL,STYLEREGAIN +917016104408,12a1565cde624e96,received_at_mh,West,LMA,1.00E+11,Vxpress,Choket RajratanAmbadas,MotherHub_STV_BTS,BRSNR,SaroliHubSplit_STV_PL,PH-B6-SURBTS-25825907,expected,OPENED,02-10-2026 19:59,Ashvani Bhatt,02-10-2026 17:59,04-10-2026 9:44,39.75,>=24 hrs
03-10-2026,FMPP4314119063,VastralHub_ADI_PL,ANAMIKA ENTERPRISE +918980024148,508ba5a061214bed,dispatched_to_mh,West,LMA,1.00E+11,COMMERSHIP SERVICES LLP,DhruvSingh,MotherHub_ABD_Flex,BRSNR,VastralHub_ADI_PL,PH-B4-ABDFLEX-98879,expected,OPENED,03-10-2026 0:07,Ankur Sinha,02-10-2026 21:02,#VALUE!,#VALUE!,#VALUE!
03-10-2026,FMPC6554490274,SaroliHubSplit_STV_PL,JUGNOO MART +919054872958,982b357bccee4ec0,received_at_mh,West,LMA,1.00E+11,Vxpress,Jishan,MotherHub_STV_BTS,BRSNR,SaroliHubSplit_STV_PL,PH-B6-SURBTS-25695885,expected,OPENED,02-10-2026 20:21,Ashvani Bhatt,02-10-2026 17:59,04-10-2026 10:06,40.11667,>=24 hrs
03-10-2026,FMPC6554157769,VastralHub_ADI_PL,RAMDEV ENTERPRISE +919016644797,e261e083ca254dc2,received_at_mh,West,LMA,1.00E+11,Princy Enterprise,ValmikiBhaveshkumar,MotherHub_ABD_Flex,BRSNR,VastralHub_ADI_PL,PH-B3-ABDFLEX-123485,expected,OPENED,03-10-2026 6:06,Ankur Sinha,02-10-2026 21:02,04-10-2026 5:15,32.21667,>=24 hrs
03-10-2026,FMPP4313971781,SaroliHubSplit_STV_PL,FAB WINDOW +919904352156,270d2f711357414e,dispatched_to_mh,West,LMA,1.00E+11,Vxpress,Bhushan MohanSavale,MotherHub_STV_BTS,BRSNR,SaroliHubSplit_STV_PL,PH-B3-SURBTS-25652036,expected,OPENED,02-10-2026 20:23,Ashvani Bhatt,02-10-2026 17:59,#VALUE!,#VALUE!,#VALUE!
03-10-2026,FMPC6553072687,VastralHub_ADI_PL,ANAMIKA ENTERPRISE +918980024148,508ba5a061214bed,received_at_mh,West,LMA,1.00E+11,COMMERSHIP SERVICES LLP,DhruvSingh,MotherHub_ABD_Flex,BRSNR,VastralHub_ADI_PL,PH-B1-ABDFLEX-100018,expected,OPENED,03-10-2026 0:07,Ankur Sinha,02-10-2026 21:02,05-10-2026 2:48,53.76667,>=24 hrs
03-10-2026,FMPP4314421016,SaroliHubSplit_STV_PL,STYLEREGAIN +917016104408,12a1565cde624e96,received_at_mh,West,LMA,1.00E+11,Vxpress,Choket RajratanAmbadas,MotherHub_STV_BTS,BRSNR,SaroliHubSplit_STV_PL,PH-B1-SURBTS-25826562,expected,OPENED,02-10-2026 20:16,Ashvani Bhatt,02-10-2026 17:59,04-10-2026 4:44,34.75,>=24 hrs
03-10-2026,FMPC6553255250,VastralHub_ADI_PL,NOVA LIFESCIENCE +917878797577,32f7f44356eb4394,received_at_mh,West,LMA,1.00E+11,Princy Enterprise,Sodhaparmar YogendrasinhMansinh,MotherHub_ABD_Flex,BRSNR,VastralHub_ADI_PL,PH-B4-ABDFLEX-71444,expected,OPENED,03-10-2026 0:19,Ankur Sinha,02-10-2026 21:02,05-10-2026 22:43,73.68333,>=24 hrs
03-10-2026,FMPC6553773319,SaroliHubSplit_STV_PL,ELIGENT ENTERPRISE +919313840762,4dc367af06c24faf,dispatched_to_mh,West,LMA,1.00E+11,COMMERSHIP SERVICES LLP,PramodPatil,MotherHub_STV_BTS,BRSNR,SaroliHubSplit_STV_PL,PH-B6-SURBTS-25683196,expected,OPENED,03-10-2026 4:25,Ashvani Bhatt,02-10-2026 18:53,#VALUE!,#VALUE!,#VALUE!
03-10-2026,FMPP4313636458,VastralHub_ADI_PL,Shivam Group +916357515757,d25c4c8d17b846c1,dispatched_to_mh,West,LMA,1.00E+11,Princy Enterprise,VaghelaChirag,MotherHub_ABD_Flex,BRSNR,VastralHub_ADI_PL,PH-B4-ABDFLEX-93677,expected,OPENED,03-10-2026 0:20,Ankur Sinha,02-10-2026 21:02,#VALUE!,#VALUE!,#VALUE!
03-10-2026,FMPP4314245695,SaroliHubSplit_STV_PL,STYLEREGAIN +917016104408,12a1565cde624e96,received_at_mh,West,LMA,1.00E+11,Vxpress,Choket RajratanAmbadas,MotherHub_STV_BTS,BRSNR,SaroliHubSplit_STV_PL,PH-B2-SURBTS-25826624,expected,OPENED,02-10-2026 20:00,Ashvani Bhatt,02-10-2026 17:59,04-10-2026 4:28,34.48333,>=24 hrs
03-10-2026,FMPP4314245261,SaroliHubSplit_STV_PL,ELIGENT ENTERPRISE +919313840762,4dc367af06c24faf,dispatched_to_mh,West,LMA,1.00E+11,COMMERSHIP SERVICES LLP,PramodPatil,MotherHub_STV_BTS,BRSNR,SaroliHubSplit_STV_PL,PH-B1-SURBTS-25683192,expected,OPENED,03-10-2026 1:58,Ashvani Bhatt,02-10-2026 18:53,#VALUE!,#VALUE!,#VALUE!
03-10-2026,FMPC6554506140,VastralHub_ADI_PL,NOVA LIFESCIENCE +917878797577,32f7f44356eb4394,received_at_mh,West,LMA,1.00E+11,Princy Enterprise,Sodhaparmar YogendrasinhMansinh,MotherHub_ABD_Flex,BRSNR,VastralHub_ADI_PL,PH-B3-ABDFLEX-29900,expected,OPENED,03-10-2026 0:17,Ankur Sinha,02-10-2026 21:02,05-10-2026 22:40,73.63333,>=24 hrs
03-10-2026,FMPC6552891888,SaroliHubSplit_STV_PL,STYLEREGAIN +917016104408,12a1565cde624e96,received_at_mh,West,LMA,1.00E+11,Vxpress,ManishNowal,MotherHub_STV_BTS,BRSNR,SaroliHubSplit_STV_PL,PH-B2-SURBTS-25826624,expected,OPENED,02-10-2026 20:00,Ashvani Bhatt,02-10-2026 17:59,04-10-2026 4:25,34.43333,>=24 hrs
03-10-2026,FMPC6552944613,SaroliHubSplit_STV_PL,STYLEREGAIN +917016104408,12a1565cde624e96,received_at_mh,West,LMA,1.00E+11,Vxpress,ManishNowal,MotherHub_STV_BTS,BRSNR,SaroliHubSplit_STV_PL,PH-B6-SURBTS-25825907,expected,OPENED,02-10-2026 19:59,Ashvani Bhatt,02-10-2026 17:59,04-10-2026 9:46,39.78333,>=24 hrs
03-10-2026,FMPP4314541663,SaroliHubSplit_STV_PL,STYLEREGAIN +917016104408,12a1565cde624e96,received_at_mh,West,LMA,1.00E+11,Vxpress,Choket RajratanAmbadas,MotherHub_STV_BTS,BRSNR,SaroliHubSplit_STV_PL,PH-B6-SURBTS-25825907,expected,OPENED,02-10-2026 19:59,Ashvani Bhatt,02-10-2026 17:59,04-10-2026 9:44,39.75,>=24 hrs
03-10-2026,FMPC6554365664,SaroliHubSplit_STV_PL,UNIVERSAL +919099533066,da0861731afc4ae5,received_at_mh,West,LMA,1.00E+11,Vxpress,Choket RajratanAmbadas,MotherHub_STV_BTS,BRSNR,SaroliHubSplit_STV_PL,PH-B2-SURBTS-25826625,expected,OPENED,02-10-2026 21:21,Ashvani Bhatt,02-10-2026 17:59,04-10-2026 4:30,34.51667,>=24 hrs
03-10-2026,FMPC6553686863,SaroliHubSplit_STV_PL,C.K.CORPORATION +919979971455,e2869fe8c9444ee9,dispatched_to_mh,West,TRUEFLEX,7.11E+05,Trueflex,Vishnubhai Jivanbhai Dabhi,MotherHub_STV_BTS,BRSNR,SaroliHubSplit_STV_PL,PH-B1-SURBTS-25380939,expected,OPENED,02-10-2026 19:41,Ashvani Bhatt,02-10-2026 18:09,#VALUE!,#VALUE!,#VALUE!
03-10-2026,FMPC6553595853,VastralHub_ADI_PL,RADHE RADHE ENTERPRISE +917862977145,0aeb637bcb094426,received_at_mh,West,LMA,1.00E+11,COMMERSHIP SERVICES LLP,DhruvSingh,MotherHub_ABD_Flex,BRSNR,VastralHub_ADI_PL,PH-B4-ABDFLEX-99730,expected,OPENED,03-10-2026 5:45,Ankur Sinha,02-10-2026 21:02,04-10-2026 12:49,39.78333,>=24 hrs
03-10-2026,FMPP4314131738,VastralHub_ADI_PL,ANAMIKA ENTERPRISE +918980024148,508ba5a061214bed,received_at_mh,West,LMA,1.00E+11,COMMERSHIP SERVICES LLP,DhruvSingh,MotherHub_ABD_Flex,BRSNR,VastralHub_ADI_PL,PH-B1-ABDFLEX-100018,expected,OPENED,03-10-2026 0:07,Ankur Sinha,02-10-2026 21:02,05-10-2026 2:47,53.75,>=24 hrs
03-10-2026,FMPP4314373526,VastralHub_ADI_PL,ANAMIKA ENTERPRISE +918980024148,508ba5a061214bed,received_at_mh,West,LMA,1.00E+11,COMMERSHIP SERVICES LLP,DhruvSingh,MotherHub_ABD_Flex,BRSNR,VastralHub_ADI_PL,PH-B3-ABDFLEX-84070,expected,OPENED,03-10-2026 0:07,Ankur Sinha,02-10-2026 21:02,05-10-2026 5:01,55.98333,>=24 hrs
03-10-2026,FMPC6554195156,VastralHub_ADI_PL,ANAMIKA ENTERPRISE +918980024148,508ba5a061214bed,dispatched_to_mh,West,LMA,1.00E+11,COMMERSHIP SERVICES LLP,DhruvSingh,MotherHub_ABD_Flex,BRSNR,VastralHub_ADI_PL,PH-B4-ABDFLEX-98879,expected,OPENED,03-10-2026 0:07,Ankur Sinha,02-10-2026 21:02,#VALUE!,#VALUE!,#VALUE!
03-10-2026,FMPC6554039223,VastralHub_ADI_PL,MANISH ENTERPRISES +918000651624,0b5adff541ff4e00,dispatched_to_mh,West,LMA,1.00E+11,Princy Enterprise,Sodhaparmar YogendrasinhMansinh,Motherhub_ABD,BRSNR,VastralHub_ADI_PL,PH-ZO-AHDABD-16858278,expected,OPENED,03-10-2026 0:57,Ankur Sinha,02-10-2026 21:09,#VALUE!,#VALUE!,#VALUE!
03-10-2026,FMPP4314541701,SaroliHubSplit_STV_PL,STYLEREGAIN +917016104408,12a1565cde624e96,received_at_mh,West,LMA,1.00E+11,Vxpress,Choket RajratanAmbadas,MotherHub_STV_BTS,BRSNR,SaroliHubSplit_STV_PL,PH-B6-SURBTS-25825907,expected,OPENED,02-10-2026 19:59,Ashvani Bhatt,02-10-2026 17:59,04-10-2026 9:45,39.76667,>=24 hrs
03-10-2026,FMPC6554341837,SaroliHubSplit_STV_PL,NEVI SALES +918140695910,de55d198a4674b32,dispatched_to_mh,West,LMA,1.00E+11,Vxpress,Jishan,MotherHub_STV_BTS,BRSNR,SaroliHubSplit_STV_PL,PH-B6-SURBTS-25695885,expected,OPENED,02-10-2026 20:21,Ashvani Bhatt,02-10-2026 17:59,#VALUE!,#VALUE!,#VALUE!
03-10-2026,FMPP4313995154,SaroliHubSplit_STV_PL,K-VINS TRANDZ +919687368323,d983b2b4be0641e2,dispatched_to_mh,West,LMA,1.00E+11,WERCATALYST VENTURES PVT LTD,NishadDhananjay,MotherHub_STV_BTS,BRSNR,SaroliHubSplit_STV_PL,PH-B1-SURBTS-25897811,expected,OPENED,02-10-2026 19:53,Ashvani Bhatt,02-10-2026 17:59,#VALUE!,#VALUE!,#VALUE!
03-10-2026,FMPC6554259180,VastralHub_ADI_PL,MANISH ENTERPRISES +918000651624,0b5adff541ff4e00,received_at_mh,West,LMA,1.00E+11,Princy Enterprise,Sodhaparmar YogendrasinhMansinh,MotherHub_ABD_Flex,BRSNR,VastralHub_ADI_PL,PH-B1-ABDFLEX-119174,expected,OPENED,03-10-2026 0:36,Ankur Sinha,02-10-2026 21:02,#VALUE!,#VALUE!,#VALUE!
03-10-2026,FMPC6554413193,VastralHub_ADI_PL,SWAYAM IMPEX +919898227224,d383fa1d6e044f1c,dispatched_to_mh,West,LMA,1.00E+11,WERCATALYST VENTURES PVT LTD,Sakeel,MotherHub_ABD_Flex,BRSNR,VastralHub_ADI_PL,PH-B1-ABDFLEX-76846,expected,OPENED,03-10-2026 0:09,Ankur Sinha,02-10-2026 21:02,#VALUE!,#VALUE!,#VALUE!
03-10-2026,FMPP4314510050,SaroliHubSplit_STV_PL,STYLEREGAIN +917016104408,12a1565cde624e96,received_at_mh,West,LMA,1.00E+11,Vxpress,Choket RajratanAmbadas,MotherHub_STV_BTS,BRSNR,SaroliHubSplit_STV_PL,PH-B2-SURBTS-25826624,expected,OPENED,02-10-2026 20:00,Ashvani Bhatt,02-10-2026 17:59,04-10-2026 4:27,34.46667,>=24 hrs
03-10-2026,FMPC6552791064,VastralHub_ADI_PL,ANAMIKA ENTERPRISE +918980024148,508ba5a061214bed,dispatched_to_mh,West,LMA,1.00E+11,COMMERSHIP SERVICES LLP,DhruvSingh,MotherHub_ABD_Flex,BRSNR,VastralHub_ADI_PL,PH-B4-ABDFLEX-98879,expected,OPENED,03-10-2026 0:07,Ankur Sinha,02-10-2026 21:02,#VALUE!,#VALUE!,#VALUE!
03-10-2026,FMPP4314410723,SaroliHubSplit_STV_PL,ALL IN ONE SOFTWARE +919898950712,cca2eaae6b144b54,dispatched_to_mh,West,LMA,1.00E+11,Loadshare,More YogeshRavindra,MotherHub_STV_BTS,BRSNR,SaroliHubSplit_STV_PL,PH-B1-SURBTS-25869765,expected,OPENED,02-10-2026 20:22,Ashvani Bhatt,02-10-2026 18:35,#VALUE!,#VALUE!,#VALUE!
03-10-2026,FMPP4313673785,VastralHub_ADI_PL,Shivam Group +916357515757,d25c4c8d17b846c1,received_at_mh,West,LMA,1.00E+11,Princy Enterprise,VaghelaChirag,MotherHub_ABD_Flex,BRSNR,VastralHub_ADI_PL,PH-B1-ABDFLEX-49144,expected,OPENED,03-10-2026 0:30,Ankur Sinha,02-10-2026 21:02,#VALUE!,#VALUE!,#VALUE!
03-10-2026,FMPC6552984110,VastralHub_ADI_PL,GANESH DRUG HOUSE +919904430038,8ab2ae5281f04d1c,received_at_mh,West,LMA,1.00E+11,Princy Enterprise,VaghelaChirag,Motherhub_ABD,BRSNR,VastralHub_ADI_PL,PH-ZO-AHDABD-16800987,expected,OPENED,03-10-2026 0:57,Ankur Sinha,02-10-2026 21:09,06-10-2026 0:37,75.46667,>=24 hrs
03-10-2026,FMPC6553094786,VastralHub_ADI_PL,GANESH DRUG HOUSE +919904430038,8ab2ae5281f04d1c,dispatched_to_mh,West,LMA,1.00E+11,Princy Enterprise,VaghelaChirag,MotherHub_ABD_Flex,BRSNR,VastralHub_ADI_PL,PH-B4-ABDFLEX-93677,expected,OPENED,03-10-2026 0:20,Ankur Sinha,02-10-2026 21:02,#VALUE!,#VALUE!,#VALUE!
03-10-2026,FMPP4314477816,VastralHub_ADI_PL,NOVA LIFESCIENCE +917878797577,32f7f44356eb4394,dispatched_to_mh,West,LMA,1.00E+11,Princy Enterprise,Sodhaparmar YogendrasinhMansinh,MotherHub_ABD_Flex,BRSNR,VastralHub_ADI_PL,PH-B4-ABDFLEX-71445,expected,OPENED,03-10-2026 0:30,Ankur Sinha,02-10-2026 21:02,#VALUE!,#VALUE!,#VALUE!
03-10-2026,FMPC6554157148,VKIAHub_JAI_PL,SUMITRA ENTERPRISES +919680722947,39302718f74c4d6b,received_at_mh,North,LMA,1.00E+11,Vxpress,Sandeep KumarBidawat,Motherhub_JAI_BTS,BRSNR,VKIAHub_JAI_PL,PH-B3-JAIBTS-23958446,expected,OPENED,02-10-2026 21:00,Akash Sharma,02-10-2026 20:21,03-10-2026 23:02,26.68333,>=24 hrs
03-10-2026,FMPC6553601605,VastralHub_ADI_PL,KAJAL CORPORATION +918866855678,021de31302534f8f,dispatched_to_mh,West,LMA,1.00E+11,Princy Enterprise,Sodhaparmar YogendrasinhMansinh,MotherHub_ABD_Flex,BRSNR,VastralHub_ADI_PL,PH-B4-ABDFLEX-119164,expected,OPENED,03-10-2026 0:34,Ankur Sinha,02-10-2026 21:02,#VALUE!,#VALUE!,#VALUE!
03-10-2026,FMPP4314378749,VastralHub_ADI_PL,ARIHANT ENGINEERING +919809886999,82a3a1c55e874222,received_at_mh,West,LMA,1.00E+11,Princy Enterprise,Sodhaparmar YogendrasinhMansinh,MotherHub_ABD_Flex,BRSNR,VastralHub_ADI_PL,PH-B1-ABDFLEX-122923,expected,OPENED,03-10-2026 0:37,Ankur Sinha,02-10-2026 21:02,#VALUE!,#VALUE!,#VALUE!
03-10-2026,FMPP4313706494,VastralHub_ADI_PL,ANAMIKA ENTERPRISE +918980024148,508ba5a061214bed,received_at_mh,West,LMA,1.00E+11,COMMERSHIP SERVICES LLP,DhruvSingh,MotherHub_ABD_Flex,BRSNR,VastralHub_ADI_PL,PH-B1-ABDFLEX-100018,expected,OPENED,03-10-2026 0:07,Ankur Sinha,02-10-2026 21:02,05-10-2026 2:51,53.81667,>=24 hrs
03-10-2026,FMPC6552870270,SaroliHubSplit_STV_PL,STYLEREGAIN +917016104408,12a1565cde624e96,received_at_mh,West,LMA,1.00E+11,Vxpress,ManishNowal,MotherHub_STV_BTS,BRSNR,SaroliHubSplit_STV_PL,PH-B1-SURBTS-25826562,expected,OPENED,02-10-2026 20:16,Ashvani Bhatt,02-10-2026 17:59,04-10-2026 4:38,34.65,>=24 hrs
03-10-2026,FMPC6554176369,VastralHub_ADI_PL,ANAMIKA ENTERPRISE +918980024148,508ba5a061214bed,dispatched_to_mh,West,LMA,1.00E+11,COMMERSHIP SERVICES LLP,DhruvSingh,MotherHub_ABD_Flex,BRSNR,VastralHub_ADI_PL,PH-B4-ABDFLEX-98879,expected,OPENED,03-10-2026 0:07,Ankur Sinha,02-10-2026 21:02,#VALUE!,#VALUE!,#VALUE!
03-10-2026,FMPC6553965772,VastralHub_ADI_PL,ANAMIKA ENTERPRISE +918980024148,508ba5a061214bed,dispatched_to_mh,West,LMA,1.00E+11,COMMERSHIP SERVICES LLP,DhruvSingh,MotherHub_ABD_Flex,BRSNR,VastralHub_ADI_PL,PH-B4-ABDFLEX-98879,expected,OPENED,03-10-2026 0:07,Ankur Sinha,02-10-2026 21:02,#VALUE!,#VALUE!,#VALUE!
03-10-2026,FMPP4313735696,VastralHub_ADI_PL,ANAMIKA ENTERPRISE +918980024148,508ba5a061214bed,received_at_mh,West,LMA,1.00E+11,COMMERSHIP SERVICES LLP,DhruvSingh,MotherHub_ABD_Flex,BRSNR,VastralHub_ADI_PL,PH-B3-ABDFLEX-84070,expected,OPENED,03-10-2026 0:07,Ankur Sinha,02-10-2026 21:02,05-10-2026 5:01,55.98333,>=24 hrs
03-10-2026,FMPC6553854182,SaroliHubSplit_STV_PL,ELIGENT ENTERPRISE +919313840762,4dc367af06c24faf,dispatched_to_mh,West,LMA,1.00E+11,COMMERSHIP SERVICES LLP,PramodPatil,MotherHub_STV_BTS,BRSNR,SaroliHubSplit_STV_PL,PH-B6-SURBTS-25683196,expected,OPENED,03-10-2026 4:25,Ashvani Bhatt,02-10-2026 18:53,#VALUE!,#VALUE!,#VALUE!
03-10-2026,FMPC6553808162,VastralHub_ADI_PL,ANAMIKA ENTERPRISE +918980024148,508ba5a061214bed,dispatched_to_mh,West,LMA,1.00E+11,COMMERSHIP SERVICES LLP,DhruvSingh,MotherHub_ABD_Flex,BRSNR,VastralHub_ADI_PL,PH-B4-ABDFLEX-98879,expected,OPENED,03-10-2026 0:07,Ankur Sinha,02-10-2026 21:02,#VALUE!,#VALUE!,#VALUE!
03-10-2026,FMPC6553030960,SaroliHubSplit_STV_PL,FAB WINDOW +919904352156,270d2f711357414e,dispatched_to_mh,West,LMA,1.00E+11,Vxpress,Bhushan MohanSavale,MotherHub_STV_BTS,BRSNR,SaroliHubSplit_STV_PL,PH-B1-SURBTS-24033013,expected,OPENED,02-10-2026 20:20,Ashvani Bhatt,02-10-2026 17:59,#VALUE!,#VALUE!,#VALUE!
03-10-2026,FMPP4313654578,SaroliHubSplit_STV_PL,ELIGENT ENTERPRISE +919313840762,4dc367af06c24faf,dispatched_to_mh,West,LMA,1.00E+11,COMMERSHIP SERVICES LLP,PramodPatil,MotherHub_STV_BTS,BRSNR,SaroliHubSplit_STV_PL,PH-B6-SURBTS-25683196,expected,OPENED,03-10-2026 4:25,Ashvani Bhatt,02-10-2026 18:53,#VALUE!,#VALUE!,#VALUE!
03-10-2026,FMPC6554203851,VastralHub_ADI_PL,ANAMIKA ENTERPRISE +918980024148,508ba5a061214bed,received_at_mh,West,LMA,1.00E+11,COMMERSHIP SERVICES LLP,DhruvSingh,MotherHub_ABD_Flex,BRSNR,VastralHub_ADI_PL,PH-B1-ABDFLEX-100018,expected,OPENED,03-10-2026 0:07,Ankur Sinha,02-10-2026 21:02,05-10-2026 2:47,53.75,>=24 hrs
03-10-2026,FMPP4314433489,SaroliHubSplit_STV_PL,CRAZYFASHION +919825370033,9c2111ecac954834,received_at_mh,West,LMA,1.00E+11,Princy Enterprise,Ahirrav PavankumarRahulbhai,MotherHub_STV_BTS,BRSNR,SaroliHubSplit_STV_PL,PH-B6-SURBTS-25682137,expected,OPENED,02-10-2026 21:18,Ashvani Bhatt,02-10-2026 18:20,04-10-2026 11:30,41.16667,>=24 hrs
03-10-2026,FMPC6554227836,SaroliHubSplit_STV_PL,Janki Fashion +919016487284,b3590f978e214c82,received_at_mh,West,LMA,1.00E+11,COMMERSHIP SERVICES LLP,Chetan RamkrushnaPatil,MotherHub_STV_BTS,BRSNR,SaroliHubSplit_STV_PL,PH-B6-SURBTS-25476460,expected,OPENED,02-10-2026 20:22,Ashvani Bhatt,02-10-2026 18:35,04-10-2026 10:24,39.81667,>=24 hrs
03-10-2026,FMPP4314245163,SaroliHubSplit_STV_PL,ELIGENT ENTERPRISE +919313840762,4dc367af06c24faf,dispatched_to_mh,West,LMA,1.00E+11,COMMERSHIP SERVICES LLP,PramodPatil,MotherHub_STV_BTS,BRSNR,SaroliHubSplit_STV_PL,PH-B6-SURBTS-25683196,expected,OPENED,03-10-2026 4:25,Ashvani Bhatt,02-10-2026 18:53,#VALUE!,#VALUE!,#VALUE!
03-10-2026,FMPP4314088106,SaroliHubSplit_STV_PL,SHUKAN FASHION +919727624941,340490d477a94d8b,dispatched_to_mh,West,LMA,1.00E+11,COMMERSHIP SERVICES LLP,Rajendra BhikajiJagatap,MotherHub_STV_BTS,BRSNR,SaroliHubSplit_STV_PL,PH-B3-SURBTS-25825584,expected,OPENED,02-10-2026 21:49,Ashvani Bhatt,02-10-2026 20:02,#VALUE!,#VALUE!,#VALUE!
03-10-2026,FMPP4313650079,SaroliHubSplit_STV_PL,NEEL ART +919904179097,655d72a7eade4a28,dispatched_to_mh,West,LMA,1.00E+11,Vxpress,Bhushan MohanSavale,MotherHub_STV_BTS,BRSNR,SaroliHubSplit_STV_PL,PH-B3-SURBTS-25652036,expected,OPENED,02-10-2026 20:23,Ashvani Bhatt,02-10-2026 17:59,#VALUE!,#VALUE!,#VALUE!
03-10-2026,FMPP4313943432,VastralHub_ADI_PL,ANAMIKA ENTERPRISE +918980024148,508ba5a061214bed,dispatched_to_mh,West,LMA,1.00E+11,COMMERSHIP SERVICES LLP,DhruvSingh,MotherHub_ABD_Flex,BRSNR,VastralHub_ADI_PL,PH-B4-ABDFLEX-98879,expected,OPENED,03-10-2026 0:07,Ankur Sinha,02-10-2026 21:02,#VALUE!,#VALUE!,#VALUE!
03-10-2026,FMPP4313671642,VastralHub_ADI_PL,GANESH DRUG HOUSE +919904430038,8ab2ae5281f04d1c,received_at_mh,West,LMA,1.00E+11,Princy Enterprise,VaghelaChirag,MotherHub_ABD_Flex,BRSNR,VastralHub_ADI_PL,PH-B1-ABDFLEX-49144,expected,OPENED,03-10-2026 0:30,Ankur Sinha,02-10-2026 21:02,#VALUE!,#VALUE!,#VALUE!
03-10-2026,FMPP4314516388,SaroliHubSplit_STV_PL,UNIVERSAL +919099533066,da0861731afc4ae5,received_at_mh,West,LMA,1.00E+11,Vxpress,Choket RajratanAmbadas,MotherHub_STV_BTS,BRSNR,SaroliHubSplit_STV_PL,PH-B2-SURBTS-25826625,expected,OPENED,02-10-2026 21:21,Ashvani Bhatt,02-10-2026 17:59,04-10-2026 4:47,34.8,>=24 hrs
03-10-2026,FMPP4314526949,VastralHub_ADI_PL,GANESH DRUG HOUSE +919904430038,8ab2ae5281f04d1c,dispatched_to_mh,West,LMA,1.00E+11,Princy Enterprise,VaghelaChirag,MotherHub_ABD_Flex,BRSNR,VastralHub_ADI_PL,PH-B1-ABDFLEX-49144,expected,OPENED,03-10-2026 0:30,Ankur Sinha,02-10-2026 21:02,#VALUE!,#VALUE!,#VALUE!
03-10-2026,FMPC6553334948,VastralHub_ADI_PL,oddeven +919099531036,420ee7a61f254fde,received_at_mh,West,LMA,1.00E+11,Princy Enterprise,Sodha NileshRameshbhai,Motherhub_ABD,Mixbagging,VastralHub_ADI_PL,PH-ZO-ANDARD-18642140,expected,OPENED,03-10-2026 1:28,Ankur Sinha,02-10-2026 21:09,04-10-2026 0:49,27.66667,>=24 hrs
03-10-2026,FMPC6553670130,VastralHub_ADI_PL,MAA ENTERPRICE +919724824846,2632bb136f404ea6,dispatched_to_mh,West,LMA,1.00E+11,Princy Enterprise,VaghelaChirag,MotherHub_ABD_Flex,BRSNR,VastralHub_ADI_PL,PH-B3-ABDFLEX-49129,expected,OPENED,03-10-2026 0:36,Ankur Sinha,02-10-2026 21:02,#VALUE!,#VALUE!,#VALUE!
03-10-2026,FMPC6553430631,VastralHub_ADI_PL,OMKAR ENGINEERING +919662189999,d4efbcdaf3cb438f,received_at_mh,West,LMA,1.00E+11,Princy Enterprise,Sodhaparmar YogendrasinhMansinh,MotherHub_ABD_Flex,BRSNR,VastralHub_ADI_PL,PH-B3-ABDFLEX-122943,expected,OPENED,03-10-2026 0:23,Ankur Sinha,02-10-2026 21:02,#VALUE!,#VALUE!,#VALUE!
03-10-2026,FMPC6553477767,VastralHub_ADI_PL,ANAMIKA ENTERPRISE +918980024148,508ba5a061214bed,received_at_mh,West,LMA,1.00E+11,COMMERSHIP SERVICES LLP,DhruvSingh,Motherhub_ABD,BRSNR,VastralHub_ADI_PL,PH-ZO-AHDABD-16841682,expected,OPENED,03-10-2026 0:56,Ankur Sinha,02-10-2026 21:09,05-10-2026 0:40,51.51667,>=24 hrs
03-10-2026,FMPP4313970487,VastralHub_ADI_PL,ANAMIKA ENTERPRISE +918980024148,508ba5a061214bed,dispatched_to_mh,West,LMA,1.00E+11,COMMERSHIP SERVICES LLP,DhruvSingh,MotherHub_ABD_Flex,BRSNR,VastralHub_ADI_PL,PH-B4-ABDFLEX-98879,expected,OPENED,03-10-2026 0:07,Ankur Sinha,02-10-2026 21:02,#VALUE!,#VALUE!,#VALUE!
03-10-2026,FMPC6553675267,SaroliHubSplit_STV_PL,STYLEREGAIN +917016104408,12a1565cde624e96,received_at_mh,West,LMA,1.00E+11,Vxpress,Choket RajratanAmbadas,MotherHub_STV_BTS,BRSNR,SaroliHubSplit_STV_PL,PH-B6-SURBTS-25825907,expected,OPENED,02-10-2026 19:59,Ashvani Bhatt,02-10-2026 17:59,04-10-2026 9:45,39.76667,>=24 hrs
03-10-2026,FMPC6553916410,SaroliHubSplit_STV_PL,STYLEREGAIN +917016104408,12a1565cde624e96,received_at_mh,West,LMA,1.00E+11,Vxpress,Choket RajratanAmbadas,MotherHub_STV_BTS,BRSNR,SaroliHubSplit_STV_PL,PH-B6-SURBTS-25825907,expected,OPENED,02-10-2026 19:59,Ashvani Bhatt,02-10-2026 17:59,04-10-2026 9:46,39.78333,>=24 hrs
03-10-2026,FMPC6553687322,SaroliHubSplit_STV_PL,BLESTAA ESSENTIALS +918320722536,c886ca1b82a34341,dispatched_to_mh,West,TRUEFLEX,7.11E+05,Trueflex,Vishnubhai Jivanbhai Dabhi,MotherHub_STV_BTS,BRSNR,SaroliHubSplit_STV_PL,PH-B1-SURBTS-25380939,expected,OPENED,02-10-2026 19:41,Ashvani Bhatt,02-10-2026 18:09,#VALUE!,#VALUE!,#VALUE!
03-10-2026,FMPP4314393761,VastralHub_ADI_PL,ZYGOMA CREATIONS +918160679064,e2bed0349d5a4aa8,received_at_mh,West,LMA,1.00E+11,Princy Enterprise,Sodhaparmar YogendrasinhMansinh,MotherHub_ABD_Flex,BRSNR,VastralHub_ADI_PL,PH-B4-ABDFLEX-119163,expected,OPENED,03-10-2026 0:33,Ankur Sinha,02-10-2026 21:02,#VALUE!,#VALUE!,#VALUE!
03-10-2026,FMPP4313809640,VastralHub_ADI_PL,MAA ENTERPRICE +919724824846,2632bb136f404ea6,dispatched_to_mh,West,LMA,1.00E+11,Princy Enterprise,VaghelaChirag,MotherHub_ABD_Flex,BRSNR,VastralHub_ADI_PL,PH-B1-ABDFLEX-49144,expected,OPENED,03-10-2026 0:30,Ankur Sinha,02-10-2026 21:02,#VALUE!,#VALUE!,#VALUE!
03-10-2026,FMPC6554040314,VastralHub_ADI_PL,SAHAJ AUTO PARTS +917600105555,9c4ff93cc6a54552,dispatched_to_mh,West,LMA,1.00E+11,Princy Enterprise,CHITTE JAYKUMAR VINOD,MotherHub_ABD_Flex,BRSNR,VastralHub_ADI_PL,PH-B1-ABDFLEX-11608,expected,OPENED,03-10-2026 2:21,Ankur Sinha,02-10-2026 19:08,#VALUE!,#VALUE!,#VALUE!
03-10-2026,FMPP4313637110,SaroliHubSplit_STV_PL,ELIGENT ENTERPRISE +919313840762,4dc367af06c24faf,received_at_mh,West,LMA,1.00E+11,COMMERSHIP SERVICES LLP,PramodPatil,MotherHub_STV_BTS,BRSNR,SaroliHubSplit_STV_PL,PH-B2-SURBTS-25683439,expected,OPENED,03-10-2026 2:46,Ashvani Bhatt,02-10-2026 18:53,04-10-2026 19:44,48.85,>=24 hrs
03-10-2026,FMPP4314660152,VastralHub_ADI_PL,SEE INSIDE +916357346176,768302ac4a1142c3,dispatched_to_mh,West,LMA,1.00E+11,Princy Enterprise,Sodhaparmar YogendrasinhMansinh,Motherhub_ABD,BRSNR,VastralHub_ADI_PL,PH-ZO-AHDABD-16784363,expected,OPENED,03-10-2026 1:26,Ankur Sinha,02-10-2026 21:09,#VALUE!,#VALUE!,#VALUE!
03-10-2026,FMPC6554396613,SaroliHubSplit_STV_PL,STYLEREGAIN +917016104408,12a1565cde624e96,received_at_mh,West,LMA,1.00E+11,Vxpress,Choket RajratanAmbadas,MotherHub_STV_BTS,BRSNR,SaroliHubSplit_STV_PL,PH-B6-SURBTS-25825907,expected,OPENED,02-10-2026 19:59,Ashvani Bhatt,02-10-2026 17:59,04-10-2026 9:45,39.76667,>=24 hrs
03-10-2026,FMPC6553816526,SaroliHubSplit_STV_PL,STYLEREGAIN +917016104408,12a1565cde624e96,received_at_mh,West,LMA,1.00E+11,Vxpress,Choket RajratanAmbadas,MotherHub_STV_BTS,BRSNR,SaroliHubSplit_STV_PL,PH-B6-SURBTS-25825907,expected,OPENED,02-10-2026 19:59,Ashvani Bhatt,02-10-2026 17:59,04-10-2026 9:45,39.76667,>=24 hrs
03-10-2026,FMPC6553893271,VastralHub_ADI_PL,ANAMIKA ENTERPRISE +918980024148,508ba5a061214bed,received_at_mh,West,LMA,1.00E+11,COMMERSHIP SERVICES LLP,DhruvSingh,MotherHub_ABD_Flex,BRSNR,VastralHub_ADI_PL,PH-B1-ABDFLEX-100018,expected,OPENED,03-10-2026 0:07,Ankur Sinha,02-10-2026 21:02,05-10-2026 2:47,53.75,>=24 hrs
03-10-2026,FMPC6553246574,VastralHub_ADI_PL,Shivam Group +916357515757,d25c4c8d17b846c1,dispatched_to_mh,West,LMA,1.00E+11,Princy Enterprise,VaghelaChirag,MotherHub_ABD_Flex,BRSNR,VastralHub_ADI_PL,PH-B4-ABDFLEX-93677,expected,OPENED,03-10-2026 0:20,Ankur Sinha,02-10-2026 21:02,#VALUE!,#VALUE!,#VALUE!
03-10-2026,FMPC6553802635,VastralHub_ADI_PL,THE MAAHI SHOPPING +916351010609,016a6675f19f49bb,dispatched_to_mh,West,LMA,1.00E+11,Princy Enterprise,PatelChetanbhai,MotherHub_ABD_Flex,BRSNR,VastralHub_ADI_PL,PH-B1-ABDFLEX-100548,expected,OPENED,03-10-2026 2:21,Ankur Sinha,02-10-2026 19:08,#VALUE!,#VALUE!,#VALUE!
03-10-2026,FMPP4313688075,VastralHub_ADI_PL,ANAMIKA ENTERPRISE +918980024148,508ba5a061214bed,received_at_mh,West,LMA,1.00E+11,COMMERSHIP SERVICES LLP,DhruvSingh,MotherHub_ABD_Flex,BRSNR,VastralHub_ADI_PL,PH-B1-ABDFLEX-100018,expected,OPENED,03-10-2026 0:07,Ankur Sinha,02-10-2026 21:02,05-10-2026 2:51,53.81667,>=24 hrs
03-10-2026,FMPC6553268993,VastralHub_ADI_PL,ANAMIKA ENTERPRISE +918980024148,508ba5a061214bed,received_at_mh,West,LMA,1.00E+11,COMMERSHIP SERVICES LLP,DhruvSingh,MotherHub_ABD_Flex,BRSNR,VastralHub_ADI_PL,PH-B3-ABDFLEX-84070,expected,OPENED,03-10-2026 0:07,Ankur Sinha,02-10-2026 21:02,05-10-2026 5:01,55.98333,>=24 hrs
03-10-2026,FMPC6553137304,VastralHub_ADI_PL,ANAMIKA ENTERPRISE +918980024148,508ba5a061214bed,received_at_mh,West,LMA,1.00E+11,COMMERSHIP SERVICES LLP,DhruvSingh,MotherHub_ABD_Flex,BRSNR,VastralHub_ADI_PL,PH-B1-ABDFLEX-100018,expected,OPENED,03-10-2026 0:07,Ankur Sinha,02-10-2026 21:02,05-10-2026 2:47,53.75,>=24 hrs
03-10-2026,FMPC6552776504,SaroliHubSplit_STV_PL,GOPI FASHION +919099710736,e80dc266c1504dcc,dispatched_to_mh,West,LMA,1.00E+11,WERCATALYST VENTURES PVT LTD,NishadDhananjay,MotherHub_STV_BTS,BRSNR,SaroliHubSplit_STV_PL,PH-B6-SURBTS-25897902,expected,OPENED,02-10-2026 19:53,Ashvani Bhatt,02-10-2026 17:59,#VALUE!,#VALUE!,#VALUE!
03-10-2026,FMPP4314511880,SaroliHubSplit_STV_PL,R.B. ENTERPRISE +918980219966,7b843baa1dcc4821,dispatched_to_mh,West,LMA,1.00E+11,Loadshare,ShubhamYadav,MotherHub_STV_BTS,BRSNR,SaroliHubSplit_STV_PL,PH-B3-SURBTS-25494522,expected,OPENED,02-10-2026 20:28,Ashvani Bhatt,02-10-2026 18:35,#VALUE!,#VALUE!,#VALUE!
03-10-2026,FMPC6554062877,SaroliHubSplit_STV_PL,STYLEREGAIN +917016104408,12a1565cde624e96,received_at_mh,West,LMA,1.00E+11,Vxpress,Choket RajratanAmbadas,MotherHub_STV_BTS,BRSNR,SaroliHubSplit_STV_PL,PH-B2-SURBTS-25826624,expected,OPENED,02-10-2026 20:00,Ashvani Bhatt,02-10-2026 17:59,04-10-2026 4:28,34.48333,>=24 hrs
03-10-2026,FMPC6554040267,VastralHub_ADI_PL,NOVA LIFESCIENCE +917878797577,32f7f44356eb4394,received_at_mh,West,LMA,1.00E+11,Princy Enterprise,Sodhaparmar YogendrasinhMansinh,MotherHub_ABD_Flex,BRSNR,VastralHub_ADI_PL,PH-B3-ABDFLEX-100177,expected,OPENED,03-10-2026 0:08,Ankur Sinha,02-10-2026 21:02,05-10-2026 22:43,73.68333,>=24 hrs
03-10-2026,FMPC6554267668,VastralHub_ADI_PL,NOVA LIFESCIENCE +917878797577,32f7f44356eb4394,received_at_mh,West,LMA,1.00E+11,Princy Enterprise,Sodhaparmar YogendrasinhMansinh,MotherHub_ABD_Flex,BRSNR,VastralHub_ADI_PL,PH-B3-ABDFLEX-29900,expected,OPENED,03-10-2026 0:17,Ankur Sinha,02-10-2026 21:02,05-10-2026 22:40,73.63333,>=24 hrs
03-10-2026,FMPP4314375098,SaroliHubSplit_STV_PL,JUGNOO MART +919054872958,982b357bccee4ec0,received_at_mh,West,LMA,1.00E+11,Vxpress,Jishan,MotherHub_STV_BTS,BRSNR,SaroliHubSplit_STV_PL,PH-B1-SURBTS-25695806,expected,OPENED,02-10-2026 20:19,Ashvani Bhatt,02-10-2026 17:59,03-10-2026 23:54,29.91667,>=24 hrs
03-10-2026,FMPP4314444262,VastralHub_ADI_PL,HANISH ENTERPRISE +917383110717,0ca14111d2cf4b49,received_at_mh,West,LMA,1.00E+11,Princy Enterprise,ValmikiBhaveshkumar,MotherHub_ABD_Flex,BRSNR,VastralHub_ADI_PL,PH-B3-ABDFLEX-16628,expected,OPENED,02-10-2026 22:30,Ankur Sinha,02-10-2026 17:51,04-10-2026 0:47,30.93333,>=24 hrs
03-10-2026,FMPP4314578063,SaroliHubSplit_STV_PL,STYLEREGAIN +917016104408,12a1565cde624e96,received_at_mh,West,LMA,1.00E+11,Vxpress,Choket RajratanAmbadas,MotherHub_STV_BTS,BRSNR,SaroliHubSplit_STV_PL,PH-B1-SURBTS-25826562,expected,OPENED,02-10-2026 20:16,Ashvani Bhatt,02-10-2026 17:59,04-10-2026 4:57,34.96667,>=24 hrs
03-10-2026,FMPP4314495979,VastralHub_ADI_PL,MAJISA ENTERPRISE +919727122167,880350afbc8d47b0,received_at_mh,West,LMA,1.00E+11,Princy Enterprise,Sodhaparmar YogendrasinhMansinh,Motherhub_ABD,BRSNR,VastralHub_ADI_PL,PH-ZO-AHDABD-16854446,expected,OPENED,03-10-2026 1:00,Ankur Sinha,02-10-2026 21:09,05-10-2026 23:10,74.01667,>=24 hrs
03-10-2026,FMPC6554289112,VastralHub_ADI_PL,KUVER TEXTILE +917861800661,e418d9c338dc47a9,received_at_mh,West,LMA,1.00E+11,WERCATALYST VENTURES PVT LTD,Akash,MotherHub_ABD_Flex,BRSNR,VastralHub_ADI_PL,PH-B4-ABDFLEX-96441,expected,OPENED,03-10-2026 0:05,Ankur Sinha,02-10-2026 17:51,04-10-2026 8:51,39,>=24 hrs
03-10-2026,FMPC6553984807,VastralHub_ADI_PL,OMKAR ENGINEERING +919662189999,d4efbcdaf3cb438f,received_at_mh,West,LMA,1.00E+11,Princy Enterprise,Sodhaparmar YogendrasinhMansinh,Motherhub_ABD,BRSNR,VastralHub_ADI_PL,PH-ZO-AHDABD-16860874,expected,OPENED,03-10-2026 0:57,Ankur Sinha,02-10-2026 21:09,06-10-2026 0:54,75.75,>=24 hrs
03-10-2026,FMPP4313723367,SaroliHubSplit_STV_PL,FAB WINDOW +919904352156,270d2f711357414e,dispatched_to_mh,West,LMA,1.00E+11,Vxpress,Bhushan MohanSavale,MotherHub_STV_BTS,BRSNR,SaroliHubSplit_STV_PL,PH-B2-SURBTS-25651993,expected,OPENED,02-10-2026 20:25,Ashvani Bhatt,02-10-2026 17:59,#VALUE!,#VALUE!,#VALUE!
03-10-2026,FMPP4314194185,SaroliHubSplit_STV_PL,STYLEREGAIN +917016104408,12a1565cde624e96,received_at_mh,West,LMA,1.00E+11,Vxpress,Choket RajratanAmbadas,MotherHub_STV_BTS,BRSNR,SaroliHubSplit_STV_PL,PH-B2-SURBTS-25826624,expected,OPENED,02-10-2026 20:00,Ashvani Bhatt,02-10-2026 17:59,04-10-2026 4:23,34.4,>=24 hrs
03-10-2026,FMPC6552944487,SaroliHubSplit_STV_PL,STYLEREGAIN +917016104408,12a1565cde624e96,received_at_mh,West,LMA,1.00E+11,Vxpress,ManishNowal,MotherHub_STV_BTS,BRSNR,SaroliHubSplit_STV_PL,PH-B6-SURBTS-25825907,expected,OPENED,02-10-2026 19:59,Ashvani Bhatt,02-10-2026 17:59,04-10-2026 9:45,39.76667,>=24 hrs
03-10-2026,FMPC6553158943,VastralHub_ADI_PL,ANAMIKA ENTERPRISE +918980024148,508ba5a061214bed,dispatched_to_mh,West,LMA,1.00E+11,COMMERSHIP SERVICES LLP,DhruvSingh,MotherHub_ABD_Flex,BRSNR,VastralHub_ADI_PL,PH-B4-ABDFLEX-98879,expected,OPENED,03-10-2026 0:07,Ankur Sinha,02-10-2026 21:02,#VALUE!,#VALUE!,#VALUE!
03-10-2026,FMPC6553500506,VastralHub_ADI_PL,RADHE RADHE ENTERPRISE +917862977145,0aeb637bcb094426,received_at_mh,West,LMA,1.00E+11,COMMERSHIP SERVICES LLP,DhruvSingh,MotherHub_ABD_Flex,BRSNR,VastralHub_ADI_PL,PH-B1-ABDFLEX-51510,expected,OPENED,03-10-2026 1:07,Ankur Sinha,02-10-2026 21:02,04-10-2026 6:38,33.6,>=24 hrs
03-10-2026,FMPC6553390987,SaroliHubSplit_STV_PL,STYLEREGAIN +917016104408,12a1565cde624e96,received_at_mh,West,LMA,1.00E+11,Vxpress,Choket RajratanAmbadas,MotherHub_STV_BTS,BRSNR,SaroliHubSplit_STV_PL,PH-B2-SURBTS-25826624,expected,OPENED,02-10-2026 20:00,Ashvani Bhatt,02-10-2026 17:59,04-10-2026 4:24,34.41667,>=24 hrs
03-10-2026,FMPC6553771306,VKIAHub_JAI_PL,R S GROUPS +916375285276,6d9a4e0053ee45cb,received_at_mh,North,LMA,1.00E+11,Vxpress,Sandeep KumarBidawat,Motherhub_JAI_BTS,BRSNR,VKIAHub_JAI_PL,PH-B3-JAIBTS-23958446,expected,OPENED,02-10-2026 21:00,Akash Sharma,02-10-2026 20:21,03-10-2026 23:06,26.75,>=24 hrs
03-10-2026,FMPP4314390938,VastralHub_ADI_PL,CIELA GLOBAL +919313844724,1589eab2c95a4f5c,received_at_mh,West,LMA,1.00E+11,WERCATALYST VENTURES PVT LTD,Rishabh,MotherHub_ABD_Flex,BRSNR,VastralHub_ADI_PL,PH-B3-ABDFLEX-70476,expected,OPENED,03-10-2026 0:29,Ankur Sinha,02-10-2026 21:02,04-10-2026 4:53,31.85,>=24 hrs
03-10-2026,FMPC6554105532,VastralHub_ADI_PL,ANAMIKA ENTERPRISE +918980024148,508ba5a061214bed,dispatched_to_mh,West,LMA,1.00E+11,COMMERSHIP SERVICES LLP,DhruvSingh,MotherHub_ABD_Flex,BRSNR,VastralHub_ADI_PL,PH-B4-ABDFLEX-98879,expected,OPENED,03-10-2026 0:07,Ankur Sinha,02-10-2026 21:02,#VALUE!,#VALUE!,#VALUE!
03-10-2026,FMPC6552944479,SaroliHubSplit_STV_PL,STYLEREGAIN +917016104408,12a1565cde624e96,received_at_mh,West,LMA,1.00E+11,Vxpress,ManishNowal,MotherHub_STV_BTS,BRSNR,SaroliHubSplit_STV_PL,PH-B6-SURBTS-25825907,expected,OPENED,02-10-2026 19:59,Ashvani Bhatt,02-10-2026 17:59,04-10-2026 9:46,39.78333,>=24 hrs
03-10-2026,FMPP4313971604,VastralHub_ADI_PL,NEXUM E-COMMERCE +918780371870,7cfc6f2677e54507,received_at_mh,West,LMA,1.00E+11,Princy Enterprise,ValmikiBhaveshkumar,MotherHub_ABD_Flex,BRSNR,VastralHub_ADI_PL,PH-B4-ABDFLEX-95517,expected,OPENED,02-10-2026 22:31,Ankur Sinha,02-10-2026 17:51,04-10-2026 19:29,49.63333,>=24 hrs
03-10-2026,FMPC6553316751,SaroliHubSplit_STV_PL,SHREE RADHE NTERPRISE +919875079193,4cb56a97cf5540c3,dispatched_to_mh,West,LMA,1.00E+11,WERCATALYST VENTURES PVT LTD,NishadDhananjay,MotherHub_STV_BTS,BRSNR,SaroliHubSplit_STV_PL,PH-B3-SURBTS-25897882,expected,OPENED,02-10-2026 19:55,Ashvani Bhatt,02-10-2026 17:59,#VALUE!,#VALUE!,#VALUE!
03-10-2026,FMPC6552768854,VastralHub_ADI_PL,Shivam Group +916357515757,d25c4c8d17b846c1,received_at_mh,West,LMA,1.00E+11,Princy Enterprise,VaghelaChirag,Motherhub_ABD,BRSNR,VastralHub_ADI_PL,PH-ZO-AHDABD-16800987,expected,OPENED,03-10-2026 0:57,Ankur Sinha,02-10-2026 21:09,06-10-2026 0:42,75.55,>=24 hrs
03-10-2026,FMPP4314464395,SaroliHubSplit_STV_PL,BLESTAA ESSENTIALS +918320722536,c886ca1b82a34341,dispatched_to_mh,West,TRUEFLEX,7.11E+05,Trueflex,Vishnubhai Jivanbhai Dabhi,MotherHub_STV_BTS,BRSNR,SaroliHubSplit_STV_PL,PH-B1-SURBTS-25688281,expected,OPENED,02-10-2026 20:29,Ashvani Bhatt,02-10-2026 18:09,#VALUE!,#VALUE!,#VALUE!
03-10-2026,FMPC6553290232,VastralHub_ADI_PL,ANAMIKA ENTERPRISE +918980024148,508ba5a061214bed,received_at_mh,West,LMA,1.00E+11,COMMERSHIP SERVICES LLP,DhruvSingh,MotherHub_ABD_Flex,BRSNR,VastralHub_ADI_PL,PH-B1-ABDFLEX-100018,expected,OPENED,03-10-2026 0:07,Ankur Sinha,02-10-2026 21:02,05-10-2026 2:51,53.81667,>=24 hrs
03-10-2026,FMPC6554199088,SaroliHubSplit_STV_PL,NEEL ART +919904179097,655d72a7eade4a28,dispatched_to_mh,West,LMA,1.00E+11,Vxpress,Bhushan MohanSavale,MotherHub_STV_BTS,BRSNR,SaroliHubSplit_STV_PL,PH-B1-SURBTS-24033013,expected,OPENED,02-10-2026 20:20,Ashvani Bhatt,02-10-2026 17:59,#VALUE!,#VALUE!,#VALUE!
03-10-2026,FMPC6554628563,VastralHub_ADI_PL,THE MAAHI SHOPPING +916351010609,016a6675f19f49bb,dispatched_to_mh,West,LMA,1.00E+11,Princy Enterprise,PatelChetanbhai,MotherHub_ABD_Flex,BRSNR,VastralHub_ADI_PL,PH-B1-ABDFLEX-53089,expected,OPENED,03-10-2026 2:22,Ankur Sinha,02-10-2026 19:08,#VALUE!,#VALUE!,#VALUE!
03-10-2026,FMPC6552967700,SaroliHubSplit_STV_PL,STYLE REMEET +919316292689,8626e05e988247db,received_at_mh,West,LMA,1.00E+11,Vxpress,Choket RajratanAmbadas,MotherHub_STV_BTS,BRSNR,SaroliHubSplit_STV_PL,PH-B1-SURBTS-25826562,expected,OPENED,02-10-2026 20:16,Ashvani Bhatt,02-10-2026 17:59,04-10-2026 4:55,34.93333,>=24 hrs
03-10-2026,FMPC6553009716,VastralHub_ADI_PL,ANAMIKA ENTERPRISE +918980024148,508ba5a061214bed,received_at_mh,West,LMA,1.00E+11,COMMERSHIP SERVICES LLP,DhruvSingh,MotherHub_ABD_Flex,BRSNR,VastralHub_ADI_PL,PH-B3-ABDFLEX-84070,expected,OPENED,03-10-2026 0:07,Ankur Sinha,02-10-2026 21:02,05-10-2026 5:01,55.98333,>=24 hrs
03-10-2026,FMPC6553267052,VastralHub_ADI_PL,ARIHANT ENGINEERING +919809886999,82a3a1c55e874222,received_at_mh,West,LMA,1.00E+11,Princy Enterprise,Sodhaparmar YogendrasinhMansinh,MotherHub_ABD_Flex,BRSNR,VastralHub_ADI_PL,PH-B1-ABDFLEX-122923,expected,OPENED,03-10-2026 0:37,Ankur Sinha,02-10-2026 21:02,#VALUE!,#VALUE!,#VALUE!
03-10-2026,FMPC6552719710,YogiChowkTempHub_STV_PL,SARANG ENTERPRISE +918460036036,99689159a6a84fff,received_at_mh,West,LMA,1.00E+11,SHIVAM ENTERPRISE,Rakesh BhaskarWagh,MotherHub_STV_BTS,BRSNR,YogiChowkTempHub_STV_PL,PH-B3-SURBTS-25795279,expected,OPENED,02-10-2026 21:01,Ashvani Bhatt,02-10-2026 18:47,04-10-2026 2:40,31.88333,>=24 hrs
03-10-2026,FMPC6549156727,YogiChowkTempHub_STV_PL,SHREETIK INDIA PRIVATE LIMITED +919081525515,d6f6604f729e4701,dispatched_to_mh,West,TRUEFLEX,6.80E+05,Trueflex,Mishra Kishan Shailendra,MotherHub_STV_BTS,BRSNR,YogiChowkTempHub_STV_PL,PH-B6-SURBTS-25901230,expected,OPENED,02-10-2026 22:00,Ashvani Bhatt,02-10-2026 20:17,#VALUE!,#VALUE!,#VALUE!
03-10-2026,FMPC6554352972,YogiChowkTempHub_STV_PL,CARTFILLER +919727288412,20e1d6efd5ac4ae8,dispatched_to_mh,West,LMA,1.00E+11,PROBITY LOGISTICS PRIVATE LIMITED,Sing RobinSunilsing,MotherHub_STV_BTS,BRSNR,YogiChowkTempHub_STV_PL,PH-B3-SURBTS-25866288,expected,OPENED,02-10-2026 18:24,Ashvani Bhatt,02-10-2026 16:59,#VALUE!,#VALUE!,#VALUE!
03-10-2026,FMPC6553505061,YogiChowkTempHub_STV_PL,AARAV ENTERPRISE +919898606065,97b94da731b844ee,received_at_mh,West,LMA,1.00E+11,Shree Hari Logistics,PramodPal,MotherHub_STV_BTS,BRSNR,YogiChowkTempHub_STV_PL,PH-B3-SURBTS-25867550,expected,OPENED,02-10-2026 17:39,Ashvani Bhatt,02-10-2026 16:40,04-10-2026 2:51,34.18333,>=24 hrs
03-10-2026,FMPC6553334862,YogiChowkTempHub_STV_PL,Zonanza +918200479839,34909f1d5e424f4e,received_at_mh,West,TRUEFLEX,5.90E+05,Trueflex,Borse Sachin,MotherHub_STV_BTS,BRSNR,YogiChowkTempHub_STV_PL,PH-B2-SURBTS-25901170,expected,OPENED,02-10-2026 22:01,Ashvani Bhatt,02-10-2026 20:17,04-10-2026 4:42,32.41667,>=24 hrs
03-10-2026,FMPC6552851503,YogiChowkTempHub_STV_PL,AARAV ENTERPRISE +919898606065,97b94da731b844ee,received_at_mh,West,LMA,1.00E+11,Greenteck Logistics and Mobility Pvt Ltd,KhanSaif,MotherHub_STV_BTS,BRSNR,YogiChowkTempHub_STV_PL,PH-B1-SURBTS-25867518,expected,OPENED,02-10-2026 17:39,Ashvani Bhatt,02-10-2026 16:40,03-10-2026 23:32,30.86667,>=24 hrs
03-10-2026,FMPC6553817224,YogiChowkTempHub_STV_PL,Maan International +919664990049,4240a4567c23410e,received_at_mh,West,TRUEFLEX,6.99E+05,Trueflex,Ravi Kumar,MotherHub_STV_BTS,BRSNR,YogiChowkTempHub_STV_PL,PH-B6-SURBTS-25845025,expected,OPENED,02-10-2026 19:56,Ashvani Bhatt,02-10-2026 18:17,04-10-2026 11:03,40.76667,>=24 hrs
03-10-2026,FMPC6554363427,UdhnaHub_STV_PL,KAYRA FABRICS +919328175997,68998b1889644033,received_at_mh,West,TRUEFLEX,7.49E+05,Trueflex,Sujit Kumar Ramdabar Pradhan,MotherHub_STV_BTS,BRSNR,UdhnaHub_STV_PL,PH-B1-SURBTS-25281513,expected,OPENED,02-10-2026 22:44,Ashvani Bhatt,02-10-2026 19:03,04-10-2026 2:36,31.55,>=24 hrs
03-10-2026,FMPP4313916570,YogiChowkTempHub_STV_PL,SARANG ENTERPRISE +918460036036,99689159a6a84fff,received_at_mh,West,LMA,1.00E+11,SHIVAM ENTERPRISE,Rakesh BhaskarWagh,MotherHub_STV_BTS,BRSNR,YogiChowkTempHub_STV_PL,PH-B3-SURBTS-25795279,expected,OPENED,02-10-2026 21:01,Ashvani Bhatt,02-10-2026 18:47,04-10-2026 2:34,31.78333,>=24 hrs
03-10-2026,FMPP4314503740,YogiChowkTempHub_STV_PL,SARANG ENTERPRISE +918460036036,99689159a6a84fff,received_at_mh,West,LMA,1.00E+11,SHIVAM ENTERPRISE,Rakesh BhaskarWagh,MotherHub_STV_BTS,BRSNR,YogiChowkTempHub_STV_PL,PH-B6-SURBTS-25795350,expected,OPENED,02-10-2026 21:01,Ashvani Bhatt,02-10-2026 18:47,04-10-2026 7:53,37.1,>=24 hrs
03-10-2026,FMPC6553335618,YogiChowkTempHub_STV_PL,HARSH IMPEX +917984939628,541a80aecd7840b3,dispatched_to_mh,West,LMA,1.00E+11,Shree Hari Logistics,Pathan JabirKhan,MotherHub_STV_BTS,BRSNR,YogiChowkTempHub_STV_PL,PH-B6-SURBTS-25745086,expected,OPENED,03-10-2026 4:02,Ashvani Bhatt,02-10-2026 16:40,#VALUE!,#VALUE!,#VALUE!
03-10-2026,FMPC6552964807,YogiChowkTempHub_STV_PL,RUDRAY INTERNATIONAL +919586588074,9c5530c2db984dc8,received_at_mh,West,LMA,1.00E+11,WERCATALYST VENTURES PVT LTD,RohitBaviskar,MotherHub_STV_BTS,BRSNR,YogiChowkTempHub_STV_PL,PH-B6-SURBTS-25750708,expected,OPENED,02-10-2026 22:25,Ashvani Bhatt,02-10-2026 19:03,04-10-2026 4:50,33.78333,>=24 hrs
03-10-2026,FMPP4313650454,YogiChowkTempHub_STV_PL,SHRI GOPINATH TRADING +916353906448,bd574dd47cff498f,dispatched_to_mh,West,LMA,1.00E+11,Loadshare,Tanmay SantoshBhagat,MotherHub_STV_BTS,BRSNR,YogiChowkTempHub_STV_PL,PH-B2-SURBTS-25803885,expected,OPENED,02-10-2026 18:52,Ashvani Bhatt,02-10-2026 16:59,#VALUE!,#VALUE!,#VALUE!
03-10-2026,FMPC6553690755,YogiChowkTempHub_STV_PL,FLEMINGO ENTERPRISE +919687082690,34f76ad61ac7418a,dispatched_to_mh,West,LMA,1.00E+11,Greenteck Logistics and Mobility Pvt Ltd,Mohammad Rehan ShaikhAzeez,MotherHub_STV_BTS,BRSNR,YogiChowkTempHub_STV_PL,PH-B3-SURBTS-25420971,expected,OPENED,02-10-2026 17:38,Ashvani Bhatt,02-10-2026 16:40,#VALUE!,#VALUE!,#VALUE!
03-10-2026,FMPC6552850310,YogiChowkTempHub_STV_PL,Luxury Shopping +919484840604,8feb56d228464d67,received_at_mh,West,LMA,1.00E+11,SHIVAM ENTERPRISE,Salunke SumitGopal,MotherHub_STV_BTS,BRSNR,YogiChowkTempHub_STV_PL,PH-B6-SURBTS-25742313,expected,OPENED,02-10-2026 21:08,Ashvani Bhatt,02-10-2026 18:47,04-10-2026 8:48,38.01667,>=24 hrs
03-10-2026,FMPP4313652612,YogiChowkTempHub_STV_PL,KEYLEE +919274872699,a99f74bb6735464a,dispatched_to_mh,West,LMA,1.00E+11,GAUTAMI ENTERPRISE,PatilSanjay,MotherHub_STV_BTS,BRSNR,YogiChowkTempHub_STV_PL,PH-B6-SURBTS-25629767,expected,OPENED,02-10-2026 18:37,Ashvani Bhatt,02-10-2026 16:59,#VALUE!,#VALUE!,#VALUE!
03-10-2026,FMPC6554367249,YogiChowkTempHub_STV_PL,RAMANI INNOVATIVE +917567710850,111ea2ecd2db4ccd,received_at_mh,West,LMA,1.00E+11,WERCATALYST VENTURES PVT LTD,Pavan PravinPatil,MotherHub_STV_BTS,BRSNR,YogiChowkTempHub_STV_PL,PH-B2-SURBTS-25531419,expected,OPENED,02-10-2026 18:30,Ashvani Bhatt,02-10-2026 16:59,04-10-2026 5:32,36.55,>=24 hrs
03-10-2026,FMPC6553208893,YogiChowkTempHub_STV_PL,UGAM CREATION +917201815940,c22e720eb39f4531,received_at_mh,West,LMA,1.00E+11,PRIME LOGIC,ShahAadil,MotherHub_STV_BTS,BRSNR,YogiChowkTempHub_STV_PL,PH-B1-SURBTS-25754336,expected,OPENED,02-10-2026 19:49,Ashvani Bhatt,02-10-2026 16:59,03-10-2026 22:37,29.63333,>=24 hrs
03-10-2026,FMPC6554175063,YogiChowkTempHub_STV_PL,UGAM CREATION +917201815940,c22e720eb39f4531,dispatched_to_mh,West,LMA,1.00E+11,PRIME LOGIC,ShahAadil,MotherHub_STV_BTS,BRSNR,YogiChowkTempHub_STV_PL,PH-B6-SURBTS-25754400,expected,OPENED,02-10-2026 22:39,Ashvani Bhatt,02-10-2026 16:59,#VALUE!,#VALUE!,#VALUE!
03-10-2026,FMPP4314113800,UdhnaHub_STV_PL,KALI TRENDZ +919327946746,ac59f457c0974e2d,dispatched_to_mh,West,LMA,1.00E+11,Loadshare,Rohit YogeshbhaiSonawane,MotherHub_STV_BTS,BRSNR,UdhnaHub_STV_PL,PH-B6-SURBTS-25524302,expected,OPENED,02-10-2026 23:20,Ashvani Bhatt,02-10-2026 21:15,#VALUE!,#VALUE!,#VALUE!
03-10-2026,FMPC6553225089,YogiChowkTempHub_STV_PL,RUDRAY INTERNATIONAL +919586588074,9c5530c2db984dc8,received_at_mh,West,LMA,1.00E+11,WERCATALYST VENTURES PVT LTD,RohitBaviskar,MotherHub_STV_BTS,BRSNR,YogiChowkTempHub_STV_PL,PH-B3-SURBTS-25750924,expected,OPENED,02-10-2026 22:21,Ashvani Bhatt,02-10-2026 19:03,04-10-2026 1:02,29.98333,>=24 hrs
03-10-2026,FMPP4314408437,YogiChowkTempHub_STV_PL,FASHION_BAZAR +918758248578,33ef23dca6804e96,received_at_mh,West,TRUEFLEX,1.14E+06,Trueflex,Mistry Durgesh Vijaybhai,MotherHub_STV_BTS,BRSNR,YogiChowkTempHub_STV_PL,PH-B2-SURBTS-24740757,expected,OPENED,02-10-2026 22:24,Ashvani Bhatt,02-10-2026 16:59,04-10-2026 6:20,37.35,>=24 hrs
03-10-2026,FMPC6552921114,YogiChowkTempHub_STV_PL,VALIDA TEXTILES +919558198894,29a94a1e62874199,received_at_mh,West,LMA,1.00E+11,WERCATALYST VENTURES PVT LTD,Saurabh ChaturPatil,MotherHub_STV_BTS,BRSNR,YogiChowkTempHub_STV_PL,PH-B6-SURBTS-25753592,expected,OPENED,02-10-2026 22:24,Ashvani Bhatt,02-10-2026 19:03,04-10-2026 11:46,40.71667,>=24 hrs
03-10-2026,FMPC6554354855,YogiChowkTempHub_STV_PL,AARU ENTERPRISE +917990506489,cb0cae95603c4866,received_at_mh,West,LMA,1.00E+11,Shree Hari Logistics,Pathan JabirKhan,MotherHub_STV_BTS,BRSNR,YogiChowkTempHub_STV_PL,PH-B3-SURBTS-25744609,expected,OPENED,02-10-2026 22:28,Ashvani Bhatt,02-10-2026 16:40,04-10-2026 3:52,35.2,>=24 hrs
03-10-2026,FMPC6552955473,YogiChowkTempHub_STV_PL,CPIC MART +919274344037,fc50ad33e850494d,received_at_mh,West,LMA,1.00E+11,WERCATALYST VENTURES PVT LTD,Pavan PravinPatil,MotherHub_STV_BTS,BRSNR,YogiChowkTempHub_STV_PL,PH-B6-SURBTS-25531568,expected,OPENED,02-10-2026 18:29,Ashvani Bhatt,02-10-2026 16:59,04-10-2026 16:29,47.5,>=24 hrs
03-10-2026,FMPC6554332118,YogiChowkTempHub_STV_PL,AARU ENTERPRISE +917990506489,cb0cae95603c4866,received_at_mh,West,LMA,1.00E+11,Shree Hari Logistics,Pathan JabirKhan,MotherHub_STV_BTS,BRSNR,YogiChowkTempHub_STV_PL,PH-B3-SURBTS-25744609,expected,OPENED,02-10-2026 22:28,Ashvani Bhatt,02-10-2026 16:40,04-10-2026 3:13,34.55,>=24 hrs
03-10-2026,FMPP4314007134,YogiChowkTempHub_STV_PL,VARNIRAJ ENTERPRISE +919106989203,268972ad22414306,dispatched_to_mh,West,TRUEFLEX,5.90E+05,Trueflex,Borse Sachin,MotherHub_STV_BTS,BRSNR,YogiChowkTempHub_STV_PL,PH-B1-SURBTS-25901150,expected,OPENED,02-10-2026 21:59,Ashvani Bhatt,02-10-2026 20:17,#VALUE!,#VALUE!,#VALUE!
03-10-2026,FMPC6552767253,YogiChowkTempHub_STV_PL,CYBAXIN IMPEX +917777942901,8d7ec612ee9147ba,received_at_mh,West,LMA,1.00E+11,SHIVAM ENTERPRISE,Ahire PurushottamBhalchandra,MotherHub_STV_BTS,BRSNR,YogiChowkTempHub_STV_PL,PH-B1-SURBTS-25630814,expected,OPENED,03-10-2026 0:27,Ashvani Bhatt,02-10-2026 18:47,05-10-2026 23:57,77.16667,>=24 hrs
03-10-2026,FMPC6554096571,YogiChowkTempHub_STV_PL,SARANG ENTERPRISE +918460036036,99689159a6a84fff,received_at_mh,West,LMA,1.00E+11,SHIVAM ENTERPRISE,Rakesh BhaskarWagh,MotherHub_STV_BTS,BRSNR,YogiChowkTempHub_STV_PL,PH-B1-SURBTS-25795217,expected,OPENED,02-10-2026 21:00,Ashvani Bhatt,02-10-2026 18:47,04-10-2026 2:11,31.4,>=24 hrs
03-10-2026,FMPP4313980524,YogiChowkTempHub_STV_PL,NARIYA INTERNATIONAL 9925871915,b4ed2cd3643c420f,dispatched_to_mh,West,TRUEFLEX,589577,Trueflex,Shaikh Zuber Latif,MotherHub_STV_BTS,BRSNR,YogiChowkTempHub_STV_PL,PH-B1-SURBTS-25663858,expected,OPENED,02-10-2026 22:04,Ashvani Bhatt,02-10-2026 19:03,#VALUE!,#VALUE!,#VALUE!
03-10-2026,FMPC6553384312,YogiChowkTempHub_STV_PL,RUDRAY INTERNATIONAL +919586588074,9c5530c2db984dc8,received_at_mh,West,LMA,1.00E+11,WERCATALYST VENTURES PVT LTD,RohitBaviskar,MotherHub_STV_BTS,BRSNR,YogiChowkTempHub_STV_PL,PH-B3-SURBTS-25750924,expected,OPENED,02-10-2026 22:21,Ashvani Bhatt,02-10-2026 19:03,04-10-2026 1:02,29.98333,>=24 hrs
03-10-2026,FMPC6552826514,YogiChowkTempHub_STV_PL,Luxury Shopping +919484840604,8feb56d228464d67,received_at_mh,West,LMA,1.00E+11,SHIVAM ENTERPRISE,Salunke SumitGopal,MotherHub_STV_BTS,BRSNR,YogiChowkTempHub_STV_PL,PH-B1-SURBTS-25630209,expected,OPENED,02-10-2026 21:07,Ashvani Bhatt,02-10-2026 18:47,04-10-2026 4:08,33.35,>=24 hrs
03-10-2026,FMPC6553220937,YogiChowkTempHub_STV_PL,PARI CREATION +919328981243,ded748f9d9f8481e,received_at_mh,West,LMA,1.00E+11,Loadshare,Shekh SoyebChiragbhai,MotherHub_STV_BTS,BRSNR,YogiChowkTempHub_STV_PL,PH-B6-SURBTS-25842659,expected,OPENED,02-10-2026 18:48,Ashvani Bhatt,02-10-2026 16:59,04-10-2026 10:57,41.96667,>=24 hrs
03-10-2026,FMPC6554037274,YogiChowkTempHub_STV_PL,PEEHU ENTERPRISES +918401196627,e5d0d4c7f256422b,dispatched_to_mh,West,LMA,1.00E+11,Loadshare,Tanmay SantoshBhagat,MotherHub_STV_BTS,BRSNR,YogiChowkTempHub_STV_PL,PH-B1-SURBTS-25773630,expected,OPENED,02-10-2026 18:49,Ashvani Bhatt,02-10-2026 16:59,#VALUE!,#VALUE!,#VALUE!
03-10-2026,FMPP4313572670,YogiChowkTempHub_STV_PL,SARANG ENTERPRISE +918460036036,99689159a6a84fff,received_at_mh,West,LMA,1.00E+11,SHIVAM ENTERPRISE,Rakesh BhaskarWagh,MotherHub_STV_BTS,BRSNR,YogiChowkTempHub_STV_PL,PH-B6-SURBTS-25795350,expected,OPENED,02-10-2026 21:01,Ashvani Bhatt,02-10-2026 18:47,04-10-2026 7:51,37.06667,>=24 hrs
03-10-2026,FMPC6553154360,YogiChowkTempHub_STV_PL,KHODAL FASHION HUB +918980153074,a617b68aeaab490a,dispatched_to_mh,West,LMA,1.00E+11,COMMERSHIP SERVICES LLP,Jayesh JaganNizare,MotherHub_STV_BTS,BRSNR,YogiChowkTempHub_STV_PL,PH-B2-SURBTS-25841601,expected,OPENED,02-10-2026 21:58,Ashvani Bhatt,02-10-2026 19:03,#VALUE!,#VALUE!,#VALUE!
03-10-2026,FMPP4313729123,YogiChowkTempHub_STV_PL,VARNIRAJ ENTERPRISE +919106989203,268972ad22414306,dispatched_to_mh,West,TRUEFLEX,5.90E+05,Trueflex,Borse Sachin,MotherHub_STV_BTS,BRSNR,YogiChowkTempHub_STV_PL,PH-B6-SURBTS-25901230,expected,OPENED,02-10-2026 22:00,Ashvani Bhatt,02-10-2026 20:17,#VALUE!,#VALUE!,#VALUE!
03-10-2026,FMPC6554203264,YogiChowkTempHub_STV_PL,AARAV ENTERPRISE +919898606065,97b94da731b844ee,received_at_mh,West,LMA,1.00E+11,Shree Hari Logistics,PramodPal,MotherHub_STV_BTS,BRSNR,YogiChowkTempHub_STV_PL,PH-B6-SURBTS-25867678,expected,OPENED,02-10-2026 17:39,Ashvani Bhatt,02-10-2026 16:40,04-10-2026 11:46,43.1,>=24 hrs
03-10-2026,FMPP4313670001,YogiChowkTempHub_STV_PL,KIKANI MIT JAYSUKHBHAI +919664733613,07086a1c33c34d2c,received_at_mh,West,TRUEFLEX,6.99E+05,Trueflex,Ravi Kumar,MotherHub_STV_BTS,BRSNR,YogiChowkTempHub_STV_PL,PH-B1-SURBTS-25844891,expected,OPENED,02-10-2026 19:41,Ashvani Bhatt,02-10-2026 18:17,04-10-2026 2:27,32.16667,>=24 hrs
03-10-2026,FMPC6554039575,YogiChowkTempHub_STV_PL,JON ENTERPRISE +919712552383,de30cb22cb61480a,dispatched_to_mh,West,LMA,1.00E+11,WERCATALYST VENTURES PVT LTD,Pandey Shani TriveniPrasad,MotherHub_STV_BTS,BRSNR,YogiChowkTempHub_STV_PL,PH-B2-SURBTS-25642500,expected,OPENED,02-10-2026 22:21,Ashvani Bhatt,02-10-2026 19:03,#VALUE!,#VALUE!,#VALUE!
03-10-2026,FMPC6552820097,YogiChowkTempHub_STV_PL,GHM FASHION +919023462238,3f949b8baac7496a,received_at_mh,West,LMA,1.00E+11,WERCATALYST VENTURES PVT LTD,Pavan PravinPatil,MotherHub_STV_BTS,BRSNR,YogiChowkTempHub_STV_PL,PH-B2-SURBTS-25531942,expected,OPENED,02-10-2026 18:29,Ashvani Bhatt,02-10-2026 16:59,#VALUE!,#VALUE!,#VALUE!
03-10-2026,FMPC6552770361,YogiChowkTempHub_STV_PL,I Khodal Enterprises +917567513820,213bb393cf314c71,dispatched_to_mh,West,LMA,1.00E+11,Greenteck Logistics and Mobility Pvt Ltd,KhanSaif,MotherHub_STV_BTS,BRSNR,YogiChowkTempHub_STV_PL,PH-B2-SURBTS-25739823,expected,OPENED,02-10-2026 22:04,Ashvani Bhatt,02-10-2026 16:40,#VALUE!,#VALUE!,#VALUE!
03-10-2026,FMPC6552917415,YogiChowkTempHub_STV_PL,Luxury Shopping +919484840604,8feb56d228464d67,received_at_mh,West,LMA,1.00E+11,SHIVAM ENTERPRISE,Salunke SumitGopal,MotherHub_STV_BTS,BRSNR,YogiChowkTempHub_STV_PL,PH-B2-SURBTS-25742203,expected,OPENED,02-10-2026 21:08,Ashvani Bhatt,02-10-2026 18:47,04-10-2026 4:52,34.08333,>=24 hrs
03-10-2026,FMPC6554322960,YogiChowkTempHub_STV_PL,RUDRAY INTERNATIONAL +919586588074,9c5530c2db984dc8,received_at_mh,West,LMA,1.00E+11,WERCATALYST VENTURES PVT LTD,RohitBaviskar,MotherHub_STV_BTS,BRSNR,YogiChowkTempHub_STV_PL,PH-B3-SURBTS-25750924,expected,OPENED,02-10-2026 22:21,Ashvani Bhatt,02-10-2026 19:03,04-10-2026 1:00,29.95,>=24 hrs
03-10-2026,FMPP4313716842,YogiChowkTempHub_STV_PL,RUDRAY INTERNATIONAL +919586588074,9c5530c2db984dc8,received_at_mh,West,LMA,1.00E+11,WERCATALYST VENTURES PVT LTD,RohitBaviskar,MotherHub_STV_BTS,BRSNR,YogiChowkTempHub_STV_PL,PH-B2-SURBTS-25384963,expected,OPENED,02-10-2026 22:17,Ashvani Bhatt,02-10-2026 19:03,04-10-2026 4:48,33.75,>=24 hrs
03-10-2026,FMPP4313720182,YogiChowkTempHub_STV_PL,PATHU CREATION +917574918910,4a85c5f7d5884f18,dispatched_to_mh,West,LMA,1.00E+11,WERCATALYST VENTURES PVT LTD,RohitBaviskar,MotherHub_STV_BTS,BRSNR,YogiChowkTempHub_STV_PL,PH-B1-SURBTS-25272333,expected,OPENED,02-10-2026 22:22,Ashvani Bhatt,02-10-2026 19:03,#VALUE!,#VALUE!,#VALUE!
03-10-2026,FMPP4313876311,YogiChowkTempHub_STV_PL,AARAV ENTERPRISE +919898606065,97b94da731b844ee,received_at_mh,West,LMA,1.00E+11,Shree Hari Logistics,PramodPal,MotherHub_STV_BTS,BRSNR,YogiChowkTempHub_STV_PL,PH-B1-SURBTS-25867518,expected,OPENED,02-10-2026 17:39,Ashvani Bhatt,02-10-2026 16:40,04-10-2026 20:54,52.23333,>=24 hrs
03-10-2026,FMPP4314228124,YogiChowkTempHub_STV_PL,RUDRAY INTERNATIONAL +919586588074,9c5530c2db984dc8,received_at_mh,West,LMA,1.00E+11,WERCATALYST VENTURES PVT LTD,RohitBaviskar,MotherHub_STV_BTS,BRSNR,YogiChowkTempHub_STV_PL,PH-B3-SURBTS-25750924,expected,OPENED,02-10-2026 22:21,Ashvani Bhatt,02-10-2026 19:03,04-10-2026 1:00,29.95,>=24 hrs
03-10-2026,FMPC6552863655,YogiChowkTempHub_STV_PL,SPIRY MALL +919722991025,3cfcde3be2884b2d,received_at_mh,West,LMA,1.00E+11,Greenteck Logistics and Mobility Pvt Ltd,KhanSaif,MotherHub_STV_BTS,BRSNR,YogiChowkTempHub_STV_PL,PH-B6-SURBTS-25739861,expected,OPENED,02-10-2026 17:35,Ashvani Bhatt,02-10-2026 16:40,04-10-2026 9:12,40.53333,>=24 hrs
03-10-2026,FMPC6553370333,YogiChowkTempHub_STV_PL,RUDRAY INTERNATIONAL +919586588074,9c5530c2db984dc8,received_at_mh,West,LMA,1.00E+11,WERCATALYST VENTURES PVT LTD,RohitBaviskar,MotherHub_STV_BTS,BRSNR,YogiChowkTempHub_STV_PL,PH-B6-SURBTS-25750708,expected,OPENED,02-10-2026 22:25,Ashvani Bhatt,02-10-2026 19:03,04-10-2026 9:27,38.4,>=24 hrs
03-10-2026,FMPC6553755388,UdhnaHub_STV_PL,VASHTI EXCLUSIVE +917891168256,5630482b027941d7,dispatched_to_mh,West,TRUEFLEX,749478,Trueflex,Sujit Kumar Ramdabar Pradhan,MotherHub_STV_BTS,BRSNR,UdhnaHub_STV_PL,PH-B3-SURBTS-23519802,expected,OPENED,02-10-2026 22:50,Ashvani Bhatt,02-10-2026 19:03,#VALUE!,#VALUE!,#VALUE!
03-10-2026,FMPC6553943300,YogiChowkTempHub_STV_PL,SPIRY MALL +919722991025,3cfcde3be2884b2d,received_at_mh,West,LMA,1.00E+11,Greenteck Logistics and Mobility Pvt Ltd,KhanSaif,MotherHub_STV_BTS,BRSNR,YogiChowkTempHub_STV_PL,PH-B1-SURBTS-25739966,expected,OPENED,02-10-2026 17:35,Ashvani Bhatt,02-10-2026 16:40,03-10-2026 22:55,30.25,>=24 hrs
03-10-2026,FMPP4313567350,YogiChowkTempHub_STV_PL,VALIDA TEXTILES +919558198894,29a94a1e62874199,received_at_mh,West,LMA,1.00E+11,WERCATALYST VENTURES PVT LTD,Saurabh ChaturPatil,MotherHub_STV_BTS,BRSNR,YogiChowkTempHub_STV_PL,PH-B6-SURBTS-25753592,expected,OPENED,02-10-2026 22:24,Ashvani Bhatt,02-10-2026 19:03,04-10-2026 11:18,40.25,>=24 hrs
03-10-2026,FMPP4314624195,UdhnaHub_STV_PL,AJ RETAIL +917874085310,5bc3752ad7dd4e0c,dispatched_to_mh,West,LMA,1.00E+11,Shree Hari Logistics,HimanshuGupta,MotherHub_STV_BTS,BRSNR,UdhnaHub_STV_PL,PH-B3-SURBTS-25896572,expected,OPENED,03-10-2026 0:37,Ashvani Bhatt,02-10-2026 21:15,#VALUE!,#VALUE!,#VALUE!
03-10-2026,FMPC6553902898,YogiChowkTempHub_STV_PL,K S CREATION +919099107686,c20a5a6839f14b8e,dispatched_to_mh,West,TRUEFLEX,594540,Trueflex,Shaikh Mo. Saeed,MotherHub_STV_BTS,BRSNR,YogiChowkTempHub_STV_PL,PH-B2-SURBTS-25805887,expected,OPENED,02-10-2026 22:08,Ashvani Bhatt,02-10-2026 16:59,#VALUE!,#VALUE!,#VALUE!
03-10-2026,FMPP4311653819,YogiChowkTempHub_STV_PL,KRISHA ART +919624642555,18020dc9e0f74786,received_at_mh,West,LMA,1.00E+11,Greenteck Logistics and Mobility Pvt Ltd,Mohammad Rehan ShaikhAzeez,MotherHub_STV_BTS,BRSNR,YogiChowkTempHub_STV_PL,PH-B6-SURBTS-25421073,expected,OPENED,02-10-2026 17:39,Ashvani Bhatt,02-10-2026 16:40,04-10-2026 9:20,40.66667,>=24 hrs
03-10-2026,FMPP4314280515,YogiChowkTempHub_STV_PL,VARNIRAJ ENTERPRISE +919106989203,268972ad22414306,dispatched_to_mh,West,TRUEFLEX,5.90E+05,Trueflex,Borse Sachin,MotherHub_STV_BTS,BRSNR,YogiChowkTempHub_STV_PL,PH-B1-SURBTS-25901150,expected,OPENED,02-10-2026 21:59,Ashvani Bhatt,02-10-2026 20:17,#VALUE!,#VALUE!,#VALUE!
03-10-2026,FMPC6553764166,YogiChowkTempHub_STV_PL,VARNIRAJ ENTERPRISE +919106989203,268972ad22414306,dispatched_to_mh,West,TRUEFLEX,5.90E+05,Trueflex,Borse Sachin,MotherHub_STV_BTS,BRSNR,YogiChowkTempHub_STV_PL,PH-B3-SURBTS-25901190,expected,OPENED,02-10-2026 22:01,Ashvani Bhatt,02-10-2026 20:17,#VALUE!,#VALUE!,#VALUE!
03-10-2026,FMPC6553388683,YogiChowkTempHub_STV_PL,RUDRAY INTERNATIONAL +919586588074,9c5530c2db984dc8,received_at_mh,West,LMA,1.00E+11,WERCATALYST VENTURES PVT LTD,RohitBaviskar,MotherHub_STV_BTS,BRSNR,YogiChowkTempHub_STV_PL,PH-B1-SURBTS-25272339,expected,OPENED,02-10-2026 22:18,Ashvani Bhatt,02-10-2026 19:03,04-10-2026 1:42,30.65,>=24 hrs
03-10-2026,FMPC6553316358,YogiChowkTempHub_STV_PL,SARANG ENTERPRISE +918460036036,99689159a6a84fff,received_at_mh,West,LMA,1.00E+11,SHIVAM ENTERPRISE,Rakesh BhaskarWagh,MotherHub_STV_BTS,BRSNR,YogiChowkTempHub_STV_PL,PH-B2-SURBTS-25795254,expected,OPENED,02-10-2026 21:02,Ashvani Bhatt,02-10-2026 18:47,04-10-2026 2:20,31.55,>=24 hrs
03-10-2026,FMPC6553984680,YogiChowkTempHub_STV_PL,VARNIRAJ ENTERPRISE +919106989203,268972ad22414306,dispatched_to_mh,West,TRUEFLEX,5.90E+05,Trueflex,Borse Sachin,MotherHub_STV_BTS,BRSNR,YogiChowkTempHub_STV_PL,PH-B2-SURBTS-25901169,expected,OPENED,02-10-2026 22:01,Ashvani Bhatt,02-10-2026 20:17,#VALUE!,#VALUE!,#VALUE!
03-10-2026,FMPC6554088858,YogiChowkTempHub_STV_PL,VARNIRAJ ENTERPRISE +919106989203,268972ad22414306,dispatched_to_mh,West,TRUEFLEX,590233,Trueflex,Borse Sachin,MotherHub_STV_BTS,BRSNR,YogiChowkTempHub_STV_PL,PH-B2-SURBTS-25901169,expected,OPENED,02-10-2026 22:01,Ashvani Bhatt,02-10-2026 20:17,#VALUE!,#VALUE!,#VALUE!
03-10-2026,FMPC6553056747,YogiChowkTempHub_STV_PL,NIRALI EXPORTS +919106931081,4fda244217864cb4,dispatched_to_mh,West,LMA,1.00E+11,WERCATALYST VENTURES PVT LTD,RohitBaviskar,MotherHub_STV_BTS,BRSNR,YogiChowkTempHub_STV_PL,PH-B1-SURBTS-25272339,expected,OPENED,02-10-2026 22:18,Ashvani Bhatt,02-10-2026 19:03,#VALUE!,#VALUE!,#VALUE!
03-10-2026,FMPC6554157767,YogiChowkTempHub_STV_PL,SARANG ENTERPRISE +918460036036,99689159a6a84fff,received_at_mh,West,LMA,1.00E+11,SHIVAM ENTERPRISE,Rakesh BhaskarWagh,MotherHub_STV_BTS,BRSNR,YogiChowkTempHub_STV_PL,PH-B2-SURBTS-25795254,expected,OPENED,02-10-2026 21:02,Ashvani Bhatt,02-10-2026 18:47,04-10-2026 2:20,31.55,>=24 hrs
03-10-2026,FMPC6553058142,YogiChowkTempHub_STV_PL,JIYANSHI ENTERPRISE +919510614723,76493c5d6a664449,received_at_mh,West,LMA,1.00E+11,SHIVAM ENTERPRISE,Vivek BhatuWagh,MotherHub_STV_BTS,BRSNR,YogiChowkTempHub_STV_PL,PH-B2-SURBTS-25160042,expected,OPENED,02-10-2026 20:43,Ashvani Bhatt,02-10-2026 18:47,04-10-2026 2:58,32.18333,>=24 hrs
03-10-2026,FMPC6553474924,YogiChowkTempHub_STV_PL,ZOOFLINE +919265981792,960246858660489c,received_at_mh,West,LMA,1.00E+11,SHIVAM ENTERPRISE,Salunke SumitGopal,MotherHub_STV_BTS,BRSNR,YogiChowkTempHub_STV_PL,PH-B6-SURBTS-25742313,expected,OPENED,02-10-2026 21:08,Ashvani Bhatt,02-10-2026 18:47,04-10-2026 9:50,39.05,>=24 hrs
03-10-2026,FMPC6552724814,YogiChowkTempHub_STV_PL,CPIC MART +919274344037,fc50ad33e850494d,received_at_mh,West,LMA,1.00E+11,WERCATALYST VENTURES PVT LTD,Pavan PravinPatil,MotherHub_STV_BTS,BRSNR,YogiChowkTempHub_STV_PL,PH-B6-SURBTS-25531568,expected,OPENED,02-10-2026 18:29,Ashvani Bhatt,02-10-2026 16:59,05-10-2026 2:26,57.45,>=24 hrs
03-10-2026,FMPC6552955054,YogiChowkTempHub_STV_PL,HARSH IMPEX +917984939628,541a80aecd7840b3,dispatched_to_mh,West,LMA,1.00E+11,Shree Hari Logistics,Pathan JabirKhan,MotherHub_STV_BTS,BRSNR,YogiChowkTempHub_STV_PL,PH-B6-SURBTS-25745086,expected,OPENED,03-10-2026 4:02,Ashvani Bhatt,02-10-2026 16:40,#VALUE!,#VALUE!,#VALUE!
03-10-2026,FMPC6554148339,YogiChowkTempHub_STV_PL,FASHION_BAZAR +918758248578,33ef23dca6804e96,received_at_mh,West,TRUEFLEX,1.14E+06,Trueflex,Mistry Durgesh Vijaybhai,MotherHub_STV_BTS,BRSNR,YogiChowkTempHub_STV_PL,PH-B1-SURBTS-25431660,expected,OPENED,02-10-2026 19:00,Ashvani Bhatt,02-10-2026 16:59,03-10-2026 21:30,28.51667,>=24 hrs
03-10-2026,FMPC6553493976,YogiChowkTempHub_STV_PL,Luxury Shopping +919484840604,8feb56d228464d67,received_at_mh,West,LMA,1.00E+11,SHIVAM ENTERPRISE,Salunke SumitGopal,MotherHub_STV_BTS,BRSNR,YogiChowkTempHub_STV_PL,PH-B6-SURBTS-25742313,expected,OPENED,02-10-2026 21:08,Ashvani Bhatt,02-10-2026 18:47,04-10-2026 8:45,37.96667,>=24 hrs
03-10-2026,FMPC6553612300,YogiChowkTempHub_STV_PL,GUNATIT LIFESTYLE +919099294163,fec9f7dc3daf4a07,received_at_mh,West,TRUEFLEX,6.10E+05,Trueflex,Bhadane Sanjay Dadabhau,MotherHub_STV_BTS,BRSNR,YogiChowkTempHub_STV_PL,PH-B2-SURBTS-25740216,expected,OPENED,02-10-2026 18:45,Ashvani Bhatt,02-10-2026 16:59,04-10-2026 6:35,37.6,>=24 hrs
03-10-2026,FMPC6552995954,YogiChowkTempHub_STV_PL,Luxury Shopping +919484840604,8feb56d228464d67,received_at_mh,West,LMA,1.00E+11,SHIVAM ENTERPRISE,Salunke SumitGopal,MotherHub_STV_BTS,BRSNR,YogiChowkTempHub_STV_PL,PH-B2-SURBTS-25742203,expected,OPENED,02-10-2026 21:08,Ashvani Bhatt,02-10-2026 18:47,04-10-2026 4:53,34.1,>=24 hrs
03-10-2026,FMPP4313630261,YelahankaHub_BLR_PL,Baalve +919663260666,0c3feabbe87d4086,received_at_mh,South,EKART,4.01E+06,EKART,Danush S,MotherHub_BLR,BRSNR,YelahankaHub_BLR_PL,PH-ZO-BLRBLR-15689073,expected,OPENED,02-10-2026 20:29,Anwar Babu Maldar,02-10-2026 16:46,04-10-2026 23:10,54.4,>=24 hrs
03-10-2026,FMPC6552763753,YogiChowkTempHub_STV_PL,Luxury Shopping +919484840604,8feb56d228464d67,received_at_mh,West,LMA,1.00E+11,SHIVAM ENTERPRISE,Salunke SumitGopal,MotherHub_STV_BTS,BRSNR,YogiChowkTempHub_STV_PL,PH-B2-SURBTS-25742203,expected,OPENED,02-10-2026 21:08,Ashvani Bhatt,02-10-2026 18:47,04-10-2026 4:59,34.2,>=24 hrs
03-10-2026,FMPC6554044428,YogiChowkTempHub_STV_PL,ZOOFLINE +919265981792,960246858660489c,received_at_mh,West,LMA,1.00E+11,SHIVAM ENTERPRISE,Salunke SumitGopal,MotherHub_STV_BTS,BRSNR,YogiChowkTempHub_STV_PL,PH-B2-SURBTS-25742203,expected,OPENED,02-10-2026 21:08,Ashvani Bhatt,02-10-2026 18:47,04-10-2026 6:01,35.23333,>=24 hrs
03-10-2026,FMPC6554045296,YogiChowkTempHub_STV_PL,RUDRAY INTERNATIONAL +919586588074,9c5530c2db984dc8,received_at_mh,West,LMA,1.00E+11,WERCATALYST VENTURES PVT LTD,RohitBaviskar,MotherHub_STV_BTS,BRSNR,YogiChowkTempHub_STV_PL,PH-B2-SURBTS-25384963,expected,OPENED,02-10-2026 22:17,Ashvani Bhatt,02-10-2026 19:03,04-10-2026 4:43,33.66667,>=24 hrs
03-10-2026,FMPC6553357127,YogiChowkTempHub_STV_PL,NEEL 8780367143,ffb9ea5ec46643ad,received_at_mh,West,LMA,1.00E+11,WERCATALYST VENTURES PVT LTD,Mundle PremVinodbhai,MotherHub_STV_BTS,BRSNR,YogiChowkTempHub_STV_PL,PH-B2-SURBTS-25269613,expected,OPENED,02-10-2026 22:24,Ashvani Bhatt,02-10-2026 19:03,04-10-2026 6:20,35.28333,>=24 hrs
03-10-2026,FMPC6552862402,YogiChowkTempHub_STV_PL,SARANG ENTERPRISE +918460036036,99689159a6a84fff,received_at_mh,West,LMA,1.00E+11,SHIVAM ENTERPRISE,Rakesh BhaskarWagh,MotherHub_STV_BTS,BRSNR,YogiChowkTempHub_STV_PL,PH-B6-SURBTS-25795350,expected,OPENED,02-10-2026 21:01,Ashvani Bhatt,02-10-2026 18:47,04-10-2026 7:49,37.03333,>=24 hrs
03-10-2026,FMPC6553424405,BhankrotaHub_JAI_PL,A K TRADERS +917790940798,8958fed32be648c3,received_at_mh,North,TRUEFLEX,5.94E+05,Trueflex,Banwari Lal Kandera,Motherhub_JAI_BTS,BRSNR,BhankrotaHub_JAI_PL,PH-B1-JAIBTS-24028987,expected,OPENED,02-10-2026 23:37,Akash Sharma,02-10-2026 21:28,04-10-2026 11:36,38.13333,>=24 hrs
03-10-2026,FMPC6554291873,Alipur_DEL_PL,AARAV ENTERPRISES +919211110079,885cbea13da64e57,dispatched_to_mh,North,LMA,1.00E+11,WHEELEY,AmarKumar,Motherhub_DIC,BRSNR,Alipur_DEL_PL,PH-B1-DELDIC-42464400,expected,OPENED,03-10-2026 0:07,Arvind Bansal (DNCR),02-10-2026 19:22,#VALUE!,#VALUE!,#VALUE!
03-10-2026,FMPC6553344714,BhankrotaHub_JAI_PL,AAHANA ENTEPRISES +916377237116,b51f9ff328104672,received_at_mh,North,LMA,1.00E+11,Watsoo,HarshJangid,Motherhub_JAI_BTS,BRSNR,BhankrotaHub_JAI_PL,PH-B4-JAIBTS-24068304,expected,OPENED,02-10-2026 20:45,Akash Sharma,02-10-2026 19:27,#VALUE!,#VALUE!,#VALUE!
03-10-2026,FMPP4314503631,BhankrotaHub_JAI_PL,NAGINA ENTERPRISES +916377886395,658ec109d2a84e2d,received_at_mh,North,LMA,1.00E+11,Vxpress,NaveenBairwa,Motherhub_JAI_BTS,BRSNR,BhankrotaHub_JAI_PL,PH-B3-JAIBTS-24010518,expected,OPENED,03-10-2026 0:50,Akash Sharma,02-10-2026 19:27,03-10-2026 23:48,28.35,>=24 hrs
03-10-2026,FMPP4313822496,BhankrotaHub_JAI_PL,AAHANA ENTEPRISES +916377237116,b51f9ff328104672,received_at_mh,North,LMA,1.00E+11,Watsoo,HarshJangid,Motherhub_JAI_BTS,BRSNR,BhankrotaHub_JAI_PL,PH-B4-JAIBTS-24068304,expected,OPENED,02-10-2026 20:45,Akash Sharma,02-10-2026 19:27,#VALUE!,#VALUE!,#VALUE!
03-10-2026,FMPP4313601760,BallabhgarhHub_Del_PL,Reshu Enterprises +917303445033,124cf2f6380b4a9b,received_at_mh,North,EKART,2397920,EKART,Ram,Motherhub_DIC,BRSNR,BallabhgarhHub_Del_PL,PH-B1-DELDIC-42411284,expected,OPENED,02-10-2026 21:59,Arvind Bansal (DNCR),02-10-2026 19:14,05-10-2026 8:40,61.43333,>=24 hrs
03-10-2026,FMPP4314039900,BhankrotaHub_JAI_PL,V MAKE +918209645428,595fb68f989a48bd,dispatched_to_mh,North,LMA,1.00E+11,Vxpress,PradeepChoudhary,Motherhub_JAI_BTS,BRSNR,BhankrotaHub_JAI_PL,PH-B4-JAIBTS-24068171,expected,OPENED,02-10-2026 20:49,Akash Sharma,02-10-2026 19:27,#VALUE!,#VALUE!,#VALUE!
03-10-2026,FMPC6553588907,BhankrotaHub_JAI_PL,MOODVITA INTERNATIONAL +916377289875,2d35d767b4084e68,received_at_mh,North,LMA,1.00E+11,Watsoo,HarshJangid,Motherhub_JAI_BTS,BRSNR,BhankrotaHub_JAI_PL,PH-B4-JAIBTS-24068304,expected,OPENED,02-10-2026 20:45,Akash Sharma,02-10-2026 19:27,#VALUE!,#VALUE!,#VALUE!
03-10-2026,FMPC6553930894,BhankrotaHub_JAI_PL,RAGHU ENTERPRISES +917378288949,df5783dbab354db1,dispatched_to_mh,North,LMA,1.00E+11,Vxpress,NaveenBairwa,Motherhub_JAI_BTS,BRSNR,BhankrotaHub_JAI_PL,PH-B3-JAIBTS-24010518,expected,OPENED,03-10-2026 0:50,Akash Sharma,02-10-2026 19:27,#VALUE!,#VALUE!,#VALUE!
03-10-2026,FMPC6554574367,BhankrotaHub_JAI_PL,SANJU STANDS +919079858725,0f6bca6931bd4b5c,dispatched_to_mh,North,LMA,1.00E+11,Vxpress,PradeepChoudhary,Motherhub_JAI_BTS,BRSNR,BhankrotaHub_JAI_PL,PH-B4-JAIBTS-24068177,expected,OPENED,02-10-2026 20:34,Akash Sharma,02-10-2026 19:27,#VALUE!,#VALUE!,#VALUE!
03-10-2026,FMPC6554619912,BhankrotaHub_JAI_PL,Star Point +917742427171,3adfe2cc506c4667,dispatched_to_mh,North,LMA,1.00E+11,Vxpress,PradeepChoudhary,Motherhub_JAI_BTS,BRSNR,BhankrotaHub_JAI_PL,PH-B1-JAIBTS-24068139,expected,OPENED,02-10-2026 20:50,Akash Sharma,02-10-2026 19:27,#VALUE!,#VALUE!,#VALUE!
03-10-2026,FMPC6554090035,BhankrotaHub_JAI_PL,MONU ENTERPRISES +919929881868,4d7acd61be794089,dispatched_to_mh,North,LMA,1.00E+11,Transwide Express,RaviBairwa,Motherhub_JAI_BTS,BRSNR,BhankrotaHub_JAI_PL,PH-B4-JAIBTS-24047740,expected,OPENED,02-10-2026 20:46,Akash Sharma,02-10-2026 19:27,#VALUE!,#VALUE!,#VALUE!
03-10-2026,FMPP4313820657,BhiwandiHub_BHI_PL,REPRO BOOKS LIMITED +919821647068,4a6d7abdcec4489c,dispatched_to_mh,West,TRUEFLEX,5.90E+05,Trueflex,Karvande Bharat Kisan,Motherhub_SAI_5,BRSNR,BhiwandiHub_BHI_PL,PH-B6-MUMSAI5-1663457,expected,OPENED,02-10-2026 20:31,Ashwarya Singh,02-10-2026 17:52,#VALUE!,#VALUE!,#VALUE!
03-10-2026,FMPC6554583639,Alipur_DEL_PL,AARAV ENTERPRISES +919211110079,885cbea13da64e57,dispatched_to_mh,North,LMA,1.00E+11,WHEELEY,AmarKumar,Motherhub_DIC,BRSNR,Alipur_DEL_PL,PH-B6-DELDIC-42463404,expected,OPENED,03-10-2026 0:06,Arvind Bansal (DNCR),02-10-2026 19:22,#VALUE!,#VALUE!,#VALUE!
03-10-2026,FMPC6553675958,BallabhgarhHub_Del_PL,ANGLOVADIC PRODUCTS +919911722622,1f5ce1bf7c7c4467,dispatched_to_mh,North,EKART,4.19E+06,EKART,Dinesh,Motherhub_JKS,BRSNR,BallabhgarhHub_Del_PL,PH-B2-DELJKS-43734438,expected,OPENED,03-10-2026 0:35,Arvind Bansal (DNCR),02-10-2026 19:17,#VALUE!,#VALUE!,#VALUE!
03-10-2026,FMPC6553918566,BallabhgarhHub_Del_PL,SYNERGIA +917415306393,74e43b9e7cdd4ea7,dispatched_to_mh,North,EKART,4.19E+06,EKART,Dinesh,Motherhub_DIC,BRSNR,BallabhgarhHub_Del_PL,PH-B6-DELDIC-42433535,expected,OPENED,02-10-2026 22:00,Arvind Bansal (DNCR),02-10-2026 19:14,#VALUE!,#VALUE!,#VALUE!
03-10-2026,FMPP4314567059,BehalaHub_KOL_PL,SAFFRON GARMENTS +917003778997,a9eda2231a4d4bdd,dispatched_to_mh,East,LMA,1.00E+11,WHEELEY,AklekhQureshi,Motherhub_HRN,BRSNR,BehalaHub_KOL_PL,PH-B3-KOLHRN-6518319,expected,OPENED,03-10-2026 0:52,Somnath G,02-10-2026 20:12,#VALUE!,#VALUE!,#VALUE!
03-10-2026,FMPC6554921831,BelghariaHub_KOL_PL,Art of Bangla +919088281646,bdc6f8635748454b,dispatched_to_mh,East,LMA,1.00E+11,Vxpress,MamtajBibi,Motherhub_HRN,BRSNR,BelghariaHub_KOL_PL,PH-B3-KOLHRN-8060527,expected,OPENED,02-10-2026 22:05,Somnath G,02-10-2026 19:39,#VALUE!,#VALUE!,#VALUE!
03-10-2026,FMPC6553351841,BhankrotaHub_JAI_PL,MOODVITA INTERNATIONAL +916377289875,2d35d767b4084e68,received_at_mh,North,LMA,1.00E+11,Watsoo,HarshJangid,Motherhub_JAI_BTS,BRSNR,BhankrotaHub_JAI_PL,PH-B1-JAIBTS-24068249,expected,OPENED,02-10-2026 20:51,Akash Sharma,02-10-2026 19:27,#VALUE!,#VALUE!,#VALUE!
03-10-2026,FMPC6554171690,Alipur_DEL_PL,R S Enterprise +917042638024,23fbe387d90f4d8e,received_at_mh,North,LMA,1.00E+11,WHEELEY,AmarKumar,MotherHub_YKB,BRSNR,Alipur_DEL_PL,PH-ZO-DELYKB-66200483,expected,OPENED,02-10-2026 23:09,Arvind Bansal (DNCR),02-10-2026 19:30,04-10-2026 13:28,41.96667,>=24 hrs
03-10-2026,FMPC6552959867,BhankrotaHub_JAI_PL,MOODVITA INTERNATIONAL +916377289875,2d35d767b4084e68,dispatched_to_mh,North,LMA,1.00E+11,Watsoo,HarshJangid,Motherhub_JAI_BTS,BRSNR,BhankrotaHub_JAI_PL,PH-ZO-JAIBTS-24068335,expected,OPENED,02-10-2026 20:45,Akash Sharma,02-10-2026 19:27,#VALUE!,#VALUE!,#VALUE!
03-10-2026,FMPP4314505343,BhiwandiHub_BHI_PL,MOSAIC WELLNESS PRIVATE LIMITED 9930684004,aec0893531e842d0,received_at_mh,West,LMA,1.00E+11,WERCATALYST VENTURES PVT LTD,Naveed Akhtar Ghulam RasoolAnsari,Motherhub_SAI_4,BRSNR,BhiwandiHub_BHI_PL,PH-B2-MUMSAI-26538036,expected,OPENED,02-10-2026 17:42,Ashwarya Singh,02-10-2026 17:15,03-10-2026 21:02,27.78333,>=24 hrs
03-10-2026,FMPP4308949190,BhiwandiHub_BHI_PL,TEXUM BUILDTECH PRIVATE LIMITED 8605265111,92d750ecc8f74e3d,dispatched_to_mh,West,LMA,1.00E+11,WERCATALYST VENTURES PVT LTD,Sujal SantoshBhoir,Motherhub_SAI_5,BRSNR,BhiwandiHub_BHI_PL,PH-B1-MUMSAI5-1706195,expected,OPENED,02-10-2026 20:49,Ashwarya Singh,02-10-2026 17:39,#VALUE!,#VALUE!,#VALUE!
03-10-2026,FMPC6554174178,BijwasanHub_DEL_PL,Bhawna Enterprises +919667755335,ee51e71af833411c,received_at_mh,North,LMA,1.00E+11,Loadshare,Pawan,Motherhub_DIC,BRSNR,BijwasanHub_DEL_PL,PH-B6-DELDIC-42432850,expected,OPENED,02-10-2026 18:45,Arvind Bansal (DNCR),02-10-2026 18:33,04-10-2026 8:57,38.4,>=24 hrs
03-10-2026,FMPP4313679180,BurariHub_DEL_PL,Pradeep soft toys creation +918960623502,e1e85d38f5fb4405,dispatched_to_mh,North,LMA,1.00E+11,WHEELEY,VikashSharma,Motherhub_JKS,BRSNR,BurariHub_DEL_PL,PH-B2-DELJKS-43532953,expected,OPENED,02-10-2026 22:47,Arvind Bansal (DNCR),02-10-2026 18:55,#VALUE!,#VALUE!,#VALUE!
03-10-2026,FMPC6554114051,BurariHub_DEL_PL,Aanya Enterprises +917982487260,1ae9f4356fad4960,dispatched_to_mh,North,TRUEFLEX,748208,Trueflex,Aditya Kumar,Motherhub_DIC,BRSNR,BurariHub_DEL_PL,PH-B4-DELDIC-41413852,expected,OPENED,02-10-2026 21:32,Arvind Bansal (DNCR),02-10-2026 18:50,#VALUE!,#VALUE!,#VALUE!
03-10-2026,FMPP4313967939,BurariHub_DEL_PL,AVYA ENTERPRISES +919718606121,d15f97bf46194311,received_at_mh,North,TRUEFLEX,1239612,Trueflex,Avneesh Kashyap,Motherhub_DIC,BRSNR,BurariHub_DEL_PL,PH-B6-DELDIC-42187083,expected,OPENED,02-10-2026 21:28,Arvind Bansal (DNCR),02-10-2026 18:50,04-10-2026 7:58,37.13333,>=24 hrs
03-10-2026,FMPC6553529057,Bhiwandisplithub_BHI_PL,VRPRIME TRADERS 7284964117,e019451d6e794b90,received_at_mh,West,TRUEFLEX,1432386,Trueflex,Noor Mohammad Nuruddin Khan,Motherhub_SAI_4,Mixbagging,Bhiwandisplithub_BHI_PL,PH-B2-MUMSAI-26827093,expected,OPENED,02-10-2026 22:13,Ashwarya Singh,02-10-2026 19:53,04-10-2026 5:03,33.16667,>=24 hrs
03-10-2026,FMPC6553923537,BurariHub_DEL_PL,AVYA ENTERPRISES +919718606121,d15f97bf46194311,received_at_mh,North,TRUEFLEX,1239612,Trueflex,Avneesh Kashyap,Motherhub_DIC,BRSNR,BurariHub_DEL_PL,PH-B6-DELDIC-42187083,expected,OPENED,02-10-2026 21:28,Arvind Bansal (DNCR),02-10-2026 18:50,04-10-2026 1:52,31.03333,>=24 hrs
03-10-2026,FMPC6553415369,BurariHub_DEL_PL,KRISHNA DIGITAL WORLD +918804049307,cf8341ca09d440b4,received_at_mh,North,TRUEFLEX,1.10E+06,Trueflex,#N/A,MotherHub_YKB,BRSNR,BurariHub_DEL_PL,PH-ZO-DELYKB-66195385,expected,OPENED,03-10-2026 1:28,Arvind Bansal (DNCR),02-10-2026 17:15,04-10-2026 14:52,45.61667,>=24 hrs
03-10-2026,FMPC6553973354,BurariHub_DEL_PL,AS NETMART +919873385995,df999e0f5dd44a03,received_at_mh,North,TRUEFLEX,863480,Trueflex,Prince Kumar,Motherhub_DIC,BRSNR,BurariHub_DEL_PL,PH-B6-DELDIC-42417149,expected,OPENED,02-10-2026 21:30,Arvind Bansal (DNCR),02-10-2026 18:50,04-10-2026 5:26,34.6,>=24 hrs
03-10-2026,FMPP4313918262,BurariHub_DEL_PL,ONLINE STORE +919315079198,7ce444a848424186,received_at_mh,North,TRUEFLEX,1239612,Trueflex,Avneesh Kashyap,Motherhub_DIC,BRSNR,BurariHub_DEL_PL,PH-B6-DELDIC-42187083,expected,OPENED,02-10-2026 21:28,Arvind Bansal (DNCR),02-10-2026 18:50,04-10-2026 1:55,31.08333,>=24 hrs
03-10-2026,FMPP4314693797,BijwasanHub_DEL_PL,Verma Traders +919810545334,dea7dc4d272944c0,dispatched_to_mh,North,TRUEFLEX,5.93E+05,Trueflex,Deepyash Solanki,MotherHub_YKB,BRSNR,BijwasanHub_DEL_PL,PH-ZO-DELYKB-66200816,expected,OPENED,03-10-2026 3:51,Arvind Bansal (DNCR),02-10-2026 20:08,#VALUE!,#VALUE!,#VALUE!
03-10-2026,FMPC6552731448,BudhViharHub_DEL_PL,Shri Shyam Trader +917082864423,19440eb7c0fb4911,received_at_mh,North,TRUEFLEX,596483,Trueflex,Pankaj Kumar,MotherHub_YKB,BRSNR,BudhViharHub_DEL_PL,PH-ZO-DELYKB-66195655,expected,OPENED,03-10-2026 1:00,Arvind Bansal (DNCR),02-10-2026 19:14,05-10-2026 13:00,65.76667,>=24 hrs
03-10-2026,FMPC6552937102,Chhatarpur_DEL_PL,AFLAH +919818137904,b57f2debf4bb446b,received_at_mh,North,EKART,3561536,EKART,Anand Kumar Dixit,Motherhub_DIC,BRSNR,Chhatarpur_DEL_PL,PH-B6-DELDIC-42464821,expected,OPENED,02-10-2026 22:17,Arvind Bansal (DNCR),02-10-2026 17:51,04-10-2026 2:18,32.45,>=24 hrs
03-10-2026,FMPC6554579336,BudhViharHub_DEL_PL,RAJ ENTERPRISES +919971901108,9498a4488cab4d3a,received_at_mh,North,TRUEFLEX,1043661,Trueflex,Mohan Gitouriya,Motherhub_JKS,BRSNR,BudhViharHub_DEL_PL,PH-B2-DELJKS-43743439,expected,OPENED,03-10-2026 1:19,Arvind Bansal (DNCR),02-10-2026 21:37,05-10-2026 3:25,53.8,>=24 hrs
03-10-2026,FMPP4314635063,BurariHub_DEL_PL,Aanya Enterprises +917982487260,1ae9f4356fad4960,dispatched_to_mh,North,TRUEFLEX,748208,Trueflex,Aditya Kumar,Motherhub_DIC,BRSNR,BurariHub_DEL_PL,PH-B4-DELDIC-41413852,expected,OPENED,02-10-2026 21:32,Arvind Bansal (DNCR),02-10-2026 18:50,#VALUE!,#VALUE!,#VALUE!
03-10-2026,FMPP4313783216,Bhiwandisplithub_BHI_PL,Sea Turtle Private Limited 8652270159,c5a5659de5b949e5,received_at_mh,West,LMA,1.00E+11,WERCATALYST VENTURES PVT LTD,Milan AshokMukadam,Motherhub_SAI_5,BRSNR,Bhiwandisplithub_BHI_PL,PH-B6-MUMSAI5-1693023,expected,OPENED,02-10-2026 20:37,Ashwarya Singh,02-10-2026 17:40,04-10-2026 18:07,48.45,>=24 hrs
03-10-2026,FMPC6553818218,Bhiwandisplithub_BHI_PL,MANASH E-COMMERCE PRIVATE LIMITED +919340459355,2d9c5e5bc4ba4748,dispatched_to_mh,West,TRUEFLEX,592291,Trueflex,Raj Vinod Chaudhari,Motherhub_SAI_4,BRSNR,Bhiwandisplithub_BHI_PL,PH-B2-MUMSAI-26835750,expected,OPENED,02-10-2026 19:34,Ashwarya Singh,02-10-2026 18:00,#VALUE!,#VALUE!,#VALUE!
03-10-2026,FMPC6552783080,BurariHub_DEL_PL,S.G Traders +918563804312,e3f3d19781d146c3,received_at_mh,North,TRUEFLEX,1241637,Trueflex,Prince Kumar,Motherhub_DIC,BRSNR,BurariHub_DEL_PL,PH-B1-DELDIC-41743554,expected,OPENED,03-10-2026 0:18,Arvind Bansal (DNCR),02-10-2026 18:50,03-10-2026 22:17,27.45,>=24 hrs
03-10-2026,FMPP4314639488,Bhiwandisplithub_BHI_PL,NAMOH +919960055243,0bf00360f6344334,dispatched_to_mh,West,LMA,1.00E+11,WERCATALYST VENTURES PVT LTD,Sameer BahadurshaAnsari,Motherhub_SAI_4,BRSNR,Bhiwandisplithub_BHI_PL,PH-B4-MUMSAI-26961434,expected,OPENED,02-10-2026 22:22,Ashwarya Singh,02-10-2026 19:53,#VALUE!,#VALUE!,#VALUE!
03-10-2026,FMPP4313300910,BurariHub_DEL_PL,ONLINE STORE +919315079198,7ce444a848424186,received_at_mh,North,TRUEFLEX,1239612,Trueflex,Avneesh Kashyap,Motherhub_DIC,BRSNR,BurariHub_DEL_PL,PH-B1-DELDIC-41633463,expected,OPENED,02-10-2026 21:28,Arvind Bansal (DNCR),02-10-2026 18:50,04-10-2026 2:30,31.66667,>=24 hrs
03-10-2026,FMPP4313759702,Bhiwandisplithub_BHI_PL,VRPRIME TRADERS 7284964117,e019451d6e794b90,received_at_mh,West,TRUEFLEX,1432386,Trueflex,Noor Mohammad Nuruddin Khan,Motherhub_SAI_4,BRSNR,Bhiwandisplithub_BHI_PL,PH-B2-MUMSAI-26856512,expected,OPENED,02-10-2026 22:13,Ashwarya Singh,02-10-2026 19:53,04-10-2026 5:28,33.58333,>=24 hrs
03-10-2026,FMPC6554183240,Bhiwandisplithub_BHI_PL,VASANT MARKETING +919821941392,d68a8ab4488845e8,dispatched_to_mh,West,TRUEFLEX,1.43E+06,Trueflex,Noor Mohammad Nuruddin Khan,Motherhub_SAI_5,BRSNR,Bhiwandisplithub_BHI_PL,PH-B3-MUMBAI-28827140,expected,OPENED,02-10-2026 23:38,Ashwarya Singh,02-10-2026 19:55,#VALUE!,#VALUE!,#VALUE!
03-10-2026,FMPP4313957165,BijwasanHub_DEL_PL,Verma Traders +919810545334,dea7dc4d272944c0,dispatched_to_mh,North,TRUEFLEX,5.93E+05,Trueflex,Deepyash Solanki,Motherhub_JKS,BRSNR,BijwasanHub_DEL_PL,PH-B2-DELJKS-43742790,expected,OPENED,03-10-2026 0:42,Arvind Bansal (DNCR),02-10-2026 20:03,#VALUE!,#VALUE!,#VALUE!
03-10-2026,FMPC6553858910,BurariHub_DEL_PL,Aanya Enterprises +917982487260,1ae9f4356fad4960,dispatched_to_mh,North,TRUEFLEX,748208,Trueflex,Aditya Kumar,Motherhub_DIC,BRSNR,BurariHub_DEL_PL,PH-B4-DELDIC-41413852,expected,OPENED,02-10-2026 21:32,Arvind Bansal (DNCR),02-10-2026 18:50,#VALUE!,#VALUE!,#VALUE!
03-10-2026,FMPC6554210983,BudhViharHub_DEL_PL,VERMA ENTERPRISES 9212329489,6a8bae9b6f734e2d,dispatched_to_mh,North,TRUEFLEX,596483,Trueflex,Pankaj Kumar,Motherhub_DIC,BRSNR,BudhViharHub_DEL_PL,PH-B4-DELDIC-42424334,expected,OPENED,02-10-2026 21:03,Arvind Bansal (DNCR),02-10-2026 19:33,#VALUE!,#VALUE!,#VALUE!
03-10-2026,FMPP4313935698,BurariHub_DEL_PL,AS NETMART +919873385995,df999e0f5dd44a03,received_at_mh,North,TRUEFLEX,863480,Trueflex,Prince Kumar,MotherHub_YKB,BRSNR,BurariHub_DEL_PL,PH-ZO-DELYKB-66162319,expected,OPENED,02-10-2026 23:27,Arvind Bansal (DNCR),02-10-2026 19:03,04-10-2026 13:30,42.45,>=24 hrs
03-10-2026,FMPC6554259592,BurariHub_DEL_PL,Vinayaka Traders +917011840051,3bb255f2e3714948,dispatched_to_mh,North,TRUEFLEX,1417512,Trueflex,Lalit Kumar Bhagat,MotherHub_YKB,BRSNR,BurariHub_DEL_PL,PH-ZO-DELYKB-66171361,expected,OPENED,03-10-2026 1:28,Arvind Bansal (DNCR),02-10-2026 17:15,#VALUE!,#VALUE!,#VALUE!
03-10-2026,FMPC6553329571,Bhiwandisplithub_BHI_PL,MANASH E-COMMERCE PRIVATE LIMITED +919340459355,2d9c5e5bc4ba4748,dispatched_to_mh,West,TRUEFLEX,592291,Trueflex,Raj Vinod Chaudhari,Motherhub_SAI_5,BRSNR,Bhiwandisplithub_BHI_PL,PH-B6-MUMSAI5-1548008,expected,OPENED,02-10-2026 23:56,Ashwarya Singh,02-10-2026 19:55,#VALUE!,#VALUE!,#VALUE!
03-10-2026,FMPC6554255807,BudhViharHub_DEL_PL,RAJ ENTERPRISES +919971901108,9498a4488cab4d3a,dispatched_to_mh,North,TRUEFLEX,1.04E+06,Trueflex,Mohan Gitouriya,Motherhub_JKS,BRSNR,BudhViharHub_DEL_PL,PH-B2-DELJKS-43743439,expected,OPENED,03-10-2026 1:19,Arvind Bansal (DNCR),02-10-2026 21:37,#VALUE!,#VALUE!,#VALUE!
03-10-2026,FMPC6552767523,FortHub_MUM_PL,Thirty First +919699112288,1399e27d796a44cf,received_at_mh,West,LMA,1.00E+11,Vxpress,TarjanKumar,Motherhub_SAI_5,BRSNR,FortHub_MUM_PL,PH-B1-MUMSAI5-1706014,expected,OPENED,02-10-2026 20:47,Ashwarya Singh,02-10-2026 17:15,04-10-2026 2:31,33.26667,>=24 hrs
03-10-2026,FMPP4313578656,GandhinagarHub_DEL_PL,M.S. ENTERPRISES +918586087304,f05345f43a4e4da7,dispatched_to_mh,North,LMA,1.00E+11,AADIYOGI LOGISTIC PRIVATE LIMITED,SunnyKumar,Motherhub_DIC,BRSNR,GandhinagarHub_DEL_PL,PH-B1-DELDIC-40314558,expected,OPENED,02-10-2026 23:48,Arvind Bansal (DNCR),02-10-2026 20:29,#VALUE!,#VALUE!,#VALUE!
03-10-2026,FMPC6553772658,GoregaonMPHub_MUM_PL,LIMRA ENTERPRISES +918169033844,616e1c1f54234278,dispatched_to_mh,West,TRUEFLEX,3449824,Trueflex,#N/A,Motherhub_SAI_5,BRSNR,GoregaonMPHub_MUM_PL,PH-B1-MUMSAI5-1708082,expected,OPENED,03-10-2026 0:06,Ashwarya Singh,02-10-2026 18:40,#VALUE!,#VALUE!,#VALUE!
03-10-2026,FMPP4313764108,GoregaonMPHub_MUM_PL,LIMRA ENTERPRISES +918169033844,616e1c1f54234278,dispatched_to_mh,West,TRUEFLEX,3.45E+06,Trueflex,#N/A,Motherhub_SAI_5,BRSNR,GoregaonMPHub_MUM_PL,PH-B6-MUMSAI5-1665909,expected,OPENED,02-10-2026 23:35,Ashwarya Singh,02-10-2026 18:40,#VALUE!,#VALUE!,#VALUE!
03-10-2026,FMPC6554013777,FortHub_MUM_PL,LUXURYTIME +918779979573,f99e535eafe743d7,received_at_mh,West,EKART,3391271,EKART,Omkar Sudhakar Shinde,Motherhub_SAI_5,BRSNR,FortHub_MUM_PL,PH-B1-MUMSAI5-1706336,expected,OPENED,02-10-2026 20:46,Ashwarya Singh,02-10-2026 17:15,03-10-2026 22:22,29.11667,>=24 hrs
03-10-2026,FMPC6552880190,FaridabadHub_DEL_PL,KOTTY LIFESTYLE PVT LTD 8510022244,qsm29nukm5dhxgl9,received_at_mh,North,TRUEFLEX,589694,Trueflex,NA,Motherhub_DIC,BRSNR,FaridabadHub_DEL_PL,PH-B1-DELDIC-42428303,expected,OPENED,02-10-2026 22:05,Arvind Bansal (DNCR),02-10-2026 18:46,03-10-2026 23:25,28.65,>=24 hrs
03-10-2026,FMPC6552871724,GoregaonMPHub_MUM_PL,Fashion Bazaar +918169146643,81a5c74ba84c4f3f,dispatched_to_mh,West,TRUEFLEX,1434952,Trueflex,Atahur Rehman,Motherhub_SAI_5,BRSNR,GoregaonMPHub_MUM_PL,PH-B6-MUMSAI5-1687129,expected,OPENED,02-10-2026 22:04,Ashwarya Singh,02-10-2026 18:53,#VALUE!,#VALUE!,#VALUE!
03-10-2026,FMPC6553085267,FortHub_MUM_PL,THE METAL WORLD +918591166246,f73e24559e524f2b,received_at_mh,West,LMA,1.00E+11,Vxpress,TarjanKumar,Motherhub_SAI_5,BRSNR,FortHub_MUM_PL,PH-B1-MUMSAI5-1706018,expected,OPENED,02-10-2026 21:08,Ashwarya Singh,02-10-2026 17:15,04-10-2026 2:23,33.13333,>=24 hrs
03-10-2026,FMPC6553018735,FortHub_MUM_PL,Thirty First +919699112288,1399e27d796a44cf,received_at_mh,West,LMA,1.00E+11,Vxpress,TarjanKumar,Motherhub_SAI_5,BRSNR,FortHub_MUM_PL,PH-B1-MUMSAI5-1706014,expected,OPENED,02-10-2026 20:47,Ashwarya Singh,02-10-2026 17:15,04-10-2026 2:30,33.25,>=24 hrs
03-10-2026,FMPC6554331595,GoregaonMPHub_MUM_PL,Fashion Bazaar +918169146643,81a5c74ba84c4f3f,dispatched_to_mh,West,TRUEFLEX,1434952,Trueflex,Atahur Rehman,Motherhub_SAI_5,BRSNR,GoregaonMPHub_MUM_PL,PH-B6-MUMSAI5-1687129,expected,OPENED,02-10-2026 22:04,Ashwarya Singh,02-10-2026 18:53,#VALUE!,#VALUE!,#VALUE!
03-10-2026,FMPP4313919371,GoregaonMPHub_MUM_PL,LIMRA ENTERPRISES +918169033844,616e1c1f54234278,dispatched_to_mh,West,TRUEFLEX,3449824,Trueflex,#N/A,Motherhub_SAI_5,BRSNR,GoregaonMPHub_MUM_PL,PH-B1-MUMSAI5-1708082,expected,OPENED,03-10-2026 0:06,Ashwarya Singh,02-10-2026 18:40,#VALUE!,#VALUE!,#VALUE!
03-10-2026,FMPC6553340303,GandhinagarHub_DEL_PL,PRIYANSHU ENTERPRISES +919811365993,52e404c7239b4f83,received_at_mh,North,LMA,1.00E+11,Sitics,SanjuSoni,Motherhub_JKS,BRSNR,GandhinagarHub_DEL_PL,PH-B2-DELJKS-43743965,expected,OPENED,03-10-2026 2:11,Arvind Bansal (DNCR),02-10-2026 19:55,04-10-2026 10:21,38.43333,>=24 hrs
03-10-2026,FMPP4314599448,GoregaonMPHub_MUM_PL,LIMRA ENTERPRISES +918169033844,616e1c1f54234278,dispatched_to_mh,West,TRUEFLEX,3449824,Trueflex,#N/A,Motherhub_SAI_5,BRSNR,GoregaonMPHub_MUM_PL,PH-B1-MUMSAI5-1708082,expected,OPENED,03-10-2026 0:06,Ashwarya Singh,02-10-2026 18:40,#VALUE!,#VALUE!,#VALUE!
03-10-2026,FMPP4313769331,FortHub_MUM_PL,S S TRADERS +917666786690,62e559e01eeb4874,received_at_mh,West,EKART,3.43E+06,EKART,Mahendra Deepak Bagve,Motherhub_SAI_5,BRSNR,FortHub_MUM_PL,PH-B1-MUMSAI5-1672453,expected,OPENED,02-10-2026 20:27,Ashwarya Singh,02-10-2026 17:15,04-10-2026 12:42,43.45,>=24 hrs
03-10-2026,FMPP4313925649,GoregaonMPHub_MUM_PL,LIMRA ENTERPRISES +918169033844,616e1c1f54234278,dispatched_to_mh,West,TRUEFLEX,3449824,Trueflex,#N/A,Motherhub_SAI_5,BRSNR,GoregaonMPHub_MUM_PL,PH-B1-MUMSAI5-1708082,expected,OPENED,03-10-2026 0:06,Ashwarya Singh,02-10-2026 18:40,#VALUE!,#VALUE!,#VALUE!
03-10-2026,FMPC6553372176,FortHub_MUM_PL,Shreeji traders +919820716619,982f3caff5f2414d,received_at_mh,West,LMA,1.00E+11,ZS LOGISTICS,Arman Anwar HussainMalik,Motherhub_SAI_5,BRSNR,FortHub_MUM_PL,PH-B1-MUMSAI5-1700042,expected,OPENED,02-10-2026 20:41,Ashwarya Singh,02-10-2026 17:15,04-10-2026 12:02,42.78333,>=24 hrs
03-10-2026,FMPC6553982782,GoregaonMPHub_MUM_PL,LIMRA ENTERPRISES +918169033844,616e1c1f54234278,dispatched_to_mh,West,TRUEFLEX,3449824,Trueflex,#N/A,Motherhub_SAI_5,BRSNR,GoregaonMPHub_MUM_PL,PH-B1-MUMSAI5-1708082,expected,OPENED,03-10-2026 0:06,Ashwarya Singh,02-10-2026 18:40,#VALUE!,#VALUE!,#VALUE!
03-10-2026,FMPP4313733077,FortHub_MUM_PL,QUINTESSENTIAL TRADING COMPANY +919321280598,84553fbefec2472f,received_at_mh,West,EKART,3780294,EKART,MUKHERJI SURESH RAJENDRA,Motherhub_SAI_5,BRSNR,FortHub_MUM_PL,PH-B1-MUMSAI5-1705814,expected,OPENED,02-10-2026 21:04,Ashwarya Singh,02-10-2026 17:15,04-10-2026 2:27,33.2,>=24 hrs
03-10-2026,FMPP4313936899,GoregaonMPHub_MUM_PL,LIMRA ENTERPRISES +918169033844,616e1c1f54234278,dispatched_to_mh,West,TRUEFLEX,3449824,Trueflex,#N/A,Motherhub_SAI_5,BRSNR,GoregaonMPHub_MUM_PL,PH-B1-MUMSAI5-1708082,expected,OPENED,03-10-2026 0:06,Ashwarya Singh,02-10-2026 18:40,#VALUE!,#VALUE!,#VALUE!
03-10-2026,FMPC6554163981,FortHub_MUM_PL,Thirty First +919699112288,1399e27d796a44cf,received_at_mh,West,LMA,1.00E+11,Vxpress,TarjanKumar,Motherhub_SAI_5,BRSNR,FortHub_MUM_PL,PH-B3-MUMSAI5-1706042,expected,OPENED,02-10-2026 20:49,Ashwarya Singh,02-10-2026 17:15,04-10-2026 4:24,35.15,>=24 hrs
03-10-2026,FMPP4313775417,FortHub_MUM_PL,TOTAL MOBILE AND GAMING +919819601943,9bf132e80dba472d,dispatched_to_mh,West,EKART,3430496,EKART,Mahendra Deepak Bagve,Motherhub_SAI_4,BRSNR,FortHub_MUM_PL,PH-B2-MUMSAI-26948136,expected,OPENED,02-10-2026 23:28,Ashwarya Singh,02-10-2026 19:26,#VALUE!,#VALUE!,#VALUE!
03-10-2026,FMPC6553359290,GandhinagarHub_DEL_PL,PRIYANSHU ENTERPRISES +919811365993,52e404c7239b4f83,received_at_mh,North,LMA,1.00E+11,Sitics,SanjuSoni,Motherhub_DIC,BRSNR,GandhinagarHub_DEL_PL,PH-B6-DELDIC-42467446,expected,OPENED,02-10-2026 23:53,Arvind Bansal (DNCR),02-10-2026 20:29,04-10-2026 4:22,31.88333,>=24 hrs
03-10-2026,FMPC6554515560,FortHub_MUM_PL,ORIZE ENTERPRISE +919892847075,e542015a5b4d44ec,received_at_mh,West,TRUEFLEX,633824,Trueflex,Kiran Namdev Malap,Motherhub_SAI_5,BRSNR,FortHub_MUM_PL,PH-B1-MUMSAI5-1663041,expected,OPENED,02-10-2026 20:31,Ashwarya Singh,02-10-2026 17:15,04-10-2026 1:55,32.66667,>=24 hrs
03-10-2026,FMPP4314399484,GandhinagarHub_DEL_PL,MR GOLD KART +919540932066,ff556d3e950c457d,dispatched_to_mh,North,LMA,1.00E+11,AADIYOGI LOGISTIC PRIVATE LIMITED,KunalShakya,Motherhub_DIC,BRSNR,GandhinagarHub_DEL_PL,PH-B6-DELDIC-42464514,expected,OPENED,02-10-2026 23:49,Arvind Bansal (DNCR),02-10-2026 20:29,#VALUE!,#VALUE!,#VALUE!
03-10-2026,FMPC6554298456,GoregaonMPHub_MUM_PL,LIMRA ENTERPRISES +918169033844,616e1c1f54234278,dispatched_to_mh,West,TRUEFLEX,3.45E+06,Trueflex,#N/A,Motherhub_SAI_5,BRSNR,GoregaonMPHub_MUM_PL,PH-B3-MUMSAI5-1665880,expected,OPENED,02-10-2026 23:53,Ashwarya Singh,02-10-2026 18:40,#VALUE!,#VALUE!,#VALUE!
03-10-2026,FMPC6554376015,FortHub_MUM_PL,QUINTESSENTIAL TRADING COMPANY +919321280598,84553fbefec2472f,received_at_mh,West,EKART,3780294,EKART,MUKHERJI SURESH RAJENDRA,Motherhub_SAI_5,BRSNR,FortHub_MUM_PL,PH-B1-MUMSAI5-1705814,expected,OPENED,02-10-2026 21:04,Ashwarya Singh,02-10-2026 17:15,04-10-2026 2:20,33.08333,>=24 hrs
03-10-2026,FMPP4313953449,GoregaonMPHub_MUM_PL,LIMRA ENTERPRISES +918169033844,616e1c1f54234278,dispatched_to_mh,West,TRUEFLEX,3.45E+06,Trueflex,#N/A,Motherhub_SAI_5,BRSNR,GoregaonMPHub_MUM_PL,PH-B3-MUMSAI5-1665884,expected,OPENED,02-10-2026 23:58,Ashwarya Singh,02-10-2026 18:40,#VALUE!,#VALUE!,#VALUE!
03-10-2026,FMPC6554396794,GandhinagarHub_DEL_PL,S A D Traders +919654023591,7949fe45f3f340ae,dispatched_to_mh,North,LMA,1.00E+11,AADIYOGI LOGISTIC PRIVATE LIMITED,KunalShakya,Motherhub_JKS,BRSNR,GandhinagarHub_DEL_PL,PH-B2-DELJKS-43743125,expected,OPENED,03-10-2026 2:10,Arvind Bansal (DNCR),02-10-2026 19:55,#VALUE!,#VALUE!,#VALUE!
03-10-2026,FMPP4313723434,FortHub_MUM_PL,QUINTESSENTIAL TRADING COMPANY +919321280598,84553fbefec2472f,received_at_mh,West,EKART,3.78E+06,EKART,MUKHERJI SURESH RAJENDRA,Motherhub_SAI_5,BRSNR,FortHub_MUM_PL,PH-B6-MUMSAI5-1705824,expected,OPENED,02-10-2026 20:56,Ashwarya Singh,02-10-2026 17:15,04-10-2026 16:51,47.6,>=24 hrs
03-10-2026,FMPP4314604342,GandhinagarHub_DEL_PL,S A D Traders +919654023591,7949fe45f3f340ae,dispatched_to_mh,North,LMA,1.00E+11,AADIYOGI LOGISTIC PRIVATE LIMITED,KunalShakya,Motherhub_DIC,BRSNR,GandhinagarHub_DEL_PL,PH-B6-DELDIC-42464514,expected,OPENED,02-10-2026 23:49,Arvind Bansal (DNCR),02-10-2026 20:29,#VALUE!,#VALUE!,#VALUE!
03-10-2026,FMPP4314652438,FortHub_MUM_PL,SAVOY IMPEX +919892981351,3c2645da1e4b4f01,received_at_mh,West,TRUEFLEX,866288,Trueflex,Himanshu Jaiswal,Motherhub_SAI_5,BRSNR,FortHub_MUM_PL,PH-B1-MUMSAI5-1705863,expected,OPENED,02-10-2026 21:07,Ashwarya Singh,02-10-2026 17:15,03-10-2026 22:28,29.21667,>=24 hrs
03-10-2026,FMPP4314594890,GoregaonMPHub_MUM_PL,LIMRA ENTERPRISES +918169033844,616e1c1f54234278,dispatched_to_mh,West,TRUEFLEX,3449824,Trueflex,#N/A,Motherhub_SAI_5,BRSNR,GoregaonMPHub_MUM_PL,PH-B1-MUMSAI5-1708082,expected,OPENED,03-10-2026 0:06,Ashwarya Singh,02-10-2026 18:40,#VALUE!,#VALUE!,#VALUE!
03-10-2026,FMPC6552687402,GandhinagarHub_DEL_PL,WAZI ALUMINIUM WORKS +917836923325,ccc6565c20f342ba,dispatched_to_mh,North,LMA,1.00E+11,AADIYOGI LOGISTIC PRIVATE LIMITED,KunalShakya,Motherhub_JKS,BRSNR,GandhinagarHub_DEL_PL,PH-B2-DELJKS-43743124,expected,OPENED,03-10-2026 2:10,Arvind Bansal (DNCR),02-10-2026 19:55,#VALUE!,#VALUE!,#VALUE!
03-10-2026,FMPC6552972348,GoregaonMPHub_MUM_PL,LIMRA ENTERPRISES +918169033844,616e1c1f54234278,dispatched_to_mh,West,TRUEFLEX,3449824,Trueflex,#N/A,Motherhub_SAI_5,BRSNR,GoregaonMPHub_MUM_PL,PH-B1-MUMSAI5-1708082,expected,OPENED,03-10-2026 0:06,Ashwarya Singh,02-10-2026 18:40,#VALUE!,#VALUE!,#VALUE!
03-10-2026,FMPC6554006640,GurgaonHub_DEL_PL,SANGRILA LIFESTYLE PRIVATE LIMITED 8588036579,b7dc23d6e24c436c,dispatched_to_mh,North,LMA,1.00E+11,Watsoo,VikramSingh,MotherHub_YKB,BRSNR,GurgaonHub_DEL_PL,PH-ZO-DELYKB-66124103,expected,OPENED,03-10-2026 0:38,Arvind Bansal (DNCR),02-10-2026 19:46,#VALUE!,#VALUE!,#VALUE!
03-10-2026,FMPP4314472870,FortHub_MUM_PL,Bimal Vision +919821148487,1fbff3b2b77941d7,received_at_mh,West,EKART,4031974,EKART,Chandrakant Keshav Kanagal,Motherhub_SAI_5,BRSNR,FortHub_MUM_PL,PH-B1-MUMSAI5-1705633,expected,OPENED,02-10-2026 20:56,Ashwarya Singh,02-10-2026 17:15,05-10-2026 10:23,65.13333,>=24 hrs
03-10-2026,FMPP4313634963,GandhinagarHub_DEL_PL,M.S. ENTERPRISES +918586087304,f05345f43a4e4da7,dispatched_to_mh,North,LMA,1.00E+11,AADIYOGI LOGISTIC PRIVATE LIMITED,SunnyKumar,Motherhub_JKS,BRSNR,GandhinagarHub_DEL_PL,PH-B2-DELJKS-43745087,expected,OPENED,03-10-2026 2:10,Arvind Bansal (DNCR),02-10-2026 19:55,#VALUE!,#VALUE!,#VALUE!
03-10-2026,FMPC6552775449,GurgaonHub_DEL_PL,SANGRILA LIFESTYLE PRIVATE LIMITED 8588036579,b7dc23d6e24c436c,dispatched_to_mh,North,LMA,1.00E+11,Watsoo,VikramSingh,MotherHub_YKB,BRSNR,GurgaonHub_DEL_PL,PH-ZO-DELYKB-66124103,expected,OPENED,03-10-2026 0:38,Arvind Bansal (DNCR),02-10-2026 19:46,#VALUE!,#VALUE!,#VALUE!
03-10-2026,FMPC6554006714,GoregaonMPHub_MUM_PL,LIMRA ENTERPRISES +918169033844,616e1c1f54234278,dispatched_to_mh,West,TRUEFLEX,3.45E+06,Trueflex,#N/A,Motherhub_SAI_5,BRSNR,GoregaonMPHub_MUM_PL,PH-B1-MUMSAI5-1708082,expected,OPENED,03-10-2026 0:06,Ashwarya Singh,02-10-2026 18:40,#VALUE!,#VALUE!,#VALUE!
03-10-2026,FMPC6554133377,GurgaonHub_DEL_PL,LAKSHYA COLLECTIONS +917291965067,bb0ab66770244abf,received_at_mh,North,EKART,4315898,EKART,Akash Kumar Puri,Motherhub_DIC,Mixbagging,GurgaonHub_DEL_PL,PH-B6-DELDIC-42413940,expected,OPENED,02-10-2026 21:22,Arvind Bansal (DNCR),02-10-2026 19:57,03-10-2026 22:16,26.31667,>=24 hrs
03-10-2026,FMPC6553130769,FortHub_MUM_PL,KARDIFF +918454940436,fd5c6f83d98d447b,received_at_mh,West,TRUEFLEX,1280892,Trueflex,Mohd Shueb Yusuf Khan,Motherhub_SAI_4,BRSNR,FortHub_MUM_PL,PH-B2-MUMSAI-24053653,expected,OPENED,02-10-2026 23:20,Ashwarya Singh,02-10-2026 19:26,#VALUE!,#VALUE!,#VALUE!
03-10-2026,FMPP4313988308,FaridabadHub_DEL_PL,SHOPLEX RETAIL PRIVATE LIMITED 6202291960,b8516b7a330b4674,received_at_mh,North,EKART,4.40E+06,EKART,Suraj,MotherHub_YKB,BRSNR,FaridabadHub_DEL_PL,PH-ZO-DELYKB-66172040,expected,OPENED,03-10-2026 1:35,Arvind Bansal (DNCR),02-10-2026 18:53,04-10-2026 14:15,43.36667,>=24 hrs
03-10-2026,FMPC6552851526,FortHub_MUM_PL,QUINTESSENTIAL TRADING COMPANY +919321280598,84553fbefec2472f,received_at_mh,West,EKART,3.78E+06,EKART,MUKHERJI SURESH RAJENDRA,Motherhub_SAI_5,BRSNR,FortHub_MUM_PL,PH-B1-MUMSAI5-1705814,expected,OPENED,02-10-2026 21:04,Ashwarya Singh,02-10-2026 17:15,04-10-2026 2:33,33.3,>=24 hrs
03-10-2026,FMPC6553250311,GoregaonMPHub_MUM_PL,LIMRA ENTERPRISES +918169033844,616e1c1f54234278,dispatched_to_mh,West,TRUEFLEX,3.45E+06,Trueflex,#N/A,Motherhub_SAI_5,BRSNR,GoregaonMPHub_MUM_PL,PH-B1-MUMSAI5-1708082,expected,OPENED,03-10-2026 0:06,Ashwarya Singh,02-10-2026 18:40,#VALUE!,#VALUE!,#VALUE!
03-10-2026,FMPC6553133248,GoregaonMPHub_MUM_PL,A.U. GARMENTS +918446523417,dcfe466f91694f3f,dispatched_to_mh,West,TRUEFLEX,3449824,Trueflex,#N/A,Motherhub_SAI_4,BRSNR,GoregaonMPHub_MUM_PL,PH-B2-MUMSAI-26806808,expected,OPENED,02-10-2026 21:51,Ashwarya Singh,02-10-2026 18:55,#VALUE!,#VALUE!,#VALUE!
03-10-2026,FMPC6554053600,GoregaonMPHub_MUM_PL,LIMRA ENTERPRISES +918169033844,616e1c1f54234278,dispatched_to_mh,West,TRUEFLEX,3.45E+06,Trueflex,#N/A,Motherhub_SAI_5,BRSNR,GoregaonMPHub_MUM_PL,PH-B1-MUMSAI5-1708082,expected,OPENED,03-10-2026 0:06,Ashwarya Singh,02-10-2026 18:40,#VALUE!,#VALUE!,#VALUE!
03-10-2026,FMPP4314067547,FortHub_MUM_PL,LUXUARYLOOK +919795397075,6b5cd9b46b9647f2,received_at_mh,West,TRUEFLEX,633824,Trueflex,Kiran Namdev Malap,Motherhub_SAI_5,BRSNR,FortHub_MUM_PL,PH-B6-MUMSAI5-1663147,expected,OPENED,02-10-2026 20:30,Ashwarya Singh,02-10-2026 17:15,04-10-2026 15:56,46.68333,>=24 hrs
03-10-2026,FMPC6554033418,GandhinagarHub_DEL_PL,Walkers Technologies LLP 7703888460,8f84fa7ae6ad4e88,dispatched_to_mh,North,LMA,1.00E+11,Greenteck Logistics and Mobility Pvt Ltd,AvinashKumar,MotherHub_YKB,BRSNR,GandhinagarHub_DEL_PL,PH-ZO-DELYKB-66201801,expected,OPENED,03-10-2026 3:10,Arvind Bansal (DNCR),02-10-2026 20:28,#VALUE!,#VALUE!,#VALUE!
03-10-2026,FMPC6554356969,FortHub_MUM_PL,SAVITA ENTERPRISES +918976030986,7783d168ae7e46ff,received_at_mh,West,TRUEFLEX,1400866,Trueflex,Sumit Kumar,Motherhub_SAI_5,BRSNR,FortHub_MUM_PL,PH-B1-MUMSAI5-1702272,expected,OPENED,03-10-2026 0:08,Ashwarya Singh,02-10-2026 19:22,#VALUE!,#VALUE!,#VALUE!
03-10-2026,FMPC6553523365,GoregaonMPHub_MUM_PL,LIMRA ENTERPRISES +918169033844,616e1c1f54234278,dispatched_to_mh,West,TRUEFLEX,3.45E+06,Trueflex,#N/A,Motherhub_SAI_5,BRSNR,GoregaonMPHub_MUM_PL,PH-B6-MUMSAI5-1665909,expected,OPENED,02-10-2026 23:35,Ashwarya Singh,02-10-2026 18:40,#VALUE!,#VALUE!,#VALUE!
03-10-2026,FMPC6553892860,GurgaonHub_DEL_PL,SANGRILA LIFESTYLE PRIVATE LIMITED 8588036579,c2fe2fd403bd4eb4,dispatched_to_mh,North,LMA,1.00E+11,Watsoo,VikramSingh,MotherHub_YKB,BRSNR,GurgaonHub_DEL_PL,PH-ZO-DELYKB-66204659,expected,OPENED,03-10-2026 0:38,Arvind Bansal (DNCR),02-10-2026 19:46,#VALUE!,#VALUE!,#VALUE!
03-10-2026,FMPC6552872548,GandhinagarHub_DEL_PL,HANG OUT FASHION +918383802388,b22352bccc0f419e,dispatched_to_mh,North,LMA,1.00E+11,Sitics,SanjuSoni,MotherHub_YKB,BRSNR,GandhinagarHub_DEL_PL,PH-ZO-DELYKB-66204207,expected,OPENED,03-10-2026 3:15,Arvind Bansal (DNCR),02-10-2026 20:28,#VALUE!,#VALUE!,#VALUE!
03-10-2026,FMPC6552871253,FaridabadHub_DEL_PL,Budget E Mart +919911754500,7cc8034dace64484,dispatched_to_mh,North,LMA,1.00E+11,Vxpress,VinodMaurya,Motherhub_DIC,BRSNR,FaridabadHub_DEL_PL,PH-B4-DELDIC-42131037,expected,OPENED,02-10-2026 22:20,Arvind Bansal (DNCR),02-10-2026 18:46,#VALUE!,#VALUE!,#VALUE!
03-10-2026,FMPC6553684680,FortHub_MUM_PL,S S TRADERS +917666786690,62e559e01eeb4874,dispatched_to_mh,West,EKART,3430496,EKART,Mahendra Deepak Bagve,Motherhub_SAI_5,BRSNR,FortHub_MUM_PL,PH-B3-MUMSAI5-1672458,expected,OPENED,02-10-2026 21:29,Ashwarya Singh,02-10-2026 19:22,#VALUE!,#VALUE!,#VALUE!
03-10-2026,FMPP4314150593,GurgaonHub_DEL_PL,P.K.M.ENTERPRISES +917827109621,2dbc3fd3d774463f,received_at_mh,North,LMA,1.00E+11,Vxpress,MohdArshad,MotherHub_YKB,BRSNR,GurgaonHub_DEL_PL,PH-ZO-DELYKB-66034125,expected,OPENED,02-10-2026 23:32,Arvind Bansal (DNCR),02-10-2026 18:00,04-10-2026 21:47,51.78333,>=24 hrs
03-10-2026,FMPP4313948227,GoregaonMPHub_MUM_PL,LIMRA ENTERPRISES +918169033844,616e1c1f54234278,dispatched_to_mh,West,TRUEFLEX,3.45E+06,Trueflex,#N/A,Motherhub_SAI_5,BRSNR,GoregaonMPHub_MUM_PL,PH-B1-MUMSAI5-1708082,expected,OPENED,03-10-2026 0:06,Ashwarya Singh,02-10-2026 18:40,#VALUE!,#VALUE!,#VALUE!
03-10-2026,FMPC6553371108,FortHub_MUM_PL,Shreeji traders +919820716619,982f3caff5f2414d,received_at_mh,West,LMA,1.00E+11,ZS LOGISTICS,Arman Anwar HussainMalik,Motherhub_SAI_5,BRSNR,FortHub_MUM_PL,PH-B3-MUMSAI5-1700097,expected,OPENED,02-10-2026 20:40,Ashwarya Singh,02-10-2026 17:15,04-10-2026 12:00,42.75,>=24 hrs
03-10-2026,FMPC6553569710,GoregaonMPHub_MUM_PL,LIMRA ENTERPRISES +918169033844,616e1c1f54234278,dispatched_to_mh,West,TRUEFLEX,3449824,Trueflex,#N/A,Motherhub_SAI_5,BRSNR,GoregaonMPHub_MUM_PL,PH-B1-MUMSAI5-1708082,expected,OPENED,03-10-2026 0:06,Ashwarya Singh,02-10-2026 18:40,#VALUE!,#VALUE!,#VALUE!
03-10-2026,FMPC6553507229,FaridabadHub_DEL_PL,VIPRA GLOBAL +919990515396,96fba31cb53e418e,dispatched_to_mh,North,LMA,1.00E+11,Vxpress,Ashish AlwynEkka,Motherhub_DIC,BRSNR,FaridabadHub_DEL_PL,PH-B1-DELDIC-42469185,expected,OPENED,02-10-2026 22:04,Arvind Bansal (DNCR),02-10-2026 18:46,#VALUE!,#VALUE!,#VALUE!
03-10-2026,FMPC6552980085,FortHub_MUM_PL,QUINTESSENTIAL TRADING COMPANY +919321280598,84553fbefec2472f,received_at_mh,West,EKART,3.78E+06,EKART,MUKHERJI SURESH RAJENDRA,Motherhub_SAI_4,BRSNR,FortHub_MUM_PL,PH-B2-MUMSAI-26981968,expected,OPENED,02-10-2026 23:32,Ashwarya Singh,02-10-2026 19:26,04-10-2026 9:44,38.3,>=24 hrs
03-10-2026,FMPC6553589701,FaridabadHub_DEL_PL,PK SMART ENTERPRISES +919625838926,0bf76a890e5c40e9,dispatched_to_mh,North,EKART,1281930,EKART,Pravindra,Motherhub_JKS,BRSNR,FaridabadHub_DEL_PL,PH-B2-DELJKS-43361342,expected,OPENED,02-10-2026 23:59,Arvind Bansal (DNCR),02-10-2026 18:52,#VALUE!,#VALUE!,#VALUE!
03-10-2026,FMPP4314617879,GoregaonMPHub_MUM_PL,LIMRA ENTERPRISES +918169033844,616e1c1f54234278,dispatched_to_mh,West,TRUEFLEX,3449824,Trueflex,#N/A,Motherhub_SAI_5,BRSNR,GoregaonMPHub_MUM_PL,PH-B3-MUMSAI5-1665885,expected,OPENED,02-10-2026 23:53,Ashwarya Singh,02-10-2026 18:40,#VALUE!,#VALUE!,#VALUE!
03-10-2026,FMPP4314459085,FortHub_MUM_PL,S S TRADERS +917666786690,62e559e01eeb4874,dispatched_to_mh,West,EKART,3430496,EKART,Mahendra Deepak Bagve,Motherhub_SAI_5,BRSNR,FortHub_MUM_PL,PH-B3-MUMSAI5-1672458,expected,OPENED,02-10-2026 21:29,Ashwarya Singh,02-10-2026 19:22,#VALUE!,#VALUE!,#VALUE!
03-10-2026,FMPC6554358976,GandhinagarHub_DEL_PL,Shifa Traders +919310493600,018e138b395246d0,dispatched_to_mh,North,LMA,1.00E+11,AADIYOGI LOGISTIC PRIVATE LIMITED,KunalShakya,MotherHub_YKB,BRSNR,GandhinagarHub_DEL_PL,PH-ZO-DELYKB-66201624,expected,OPENED,03-10-2026 3:16,Arvind Bansal (DNCR),02-10-2026 20:28,#VALUE!,#VALUE!,#VALUE!
03-10-2026,FMPP4314229639,GandhinagarHub_DEL_PL,PRIYANSHU ENTERPRISES +919811365993,52e404c7239b4f83,received_at_mh,North,LMA,1.00E+11,Sitics,SanjuSoni,Motherhub_DIC,BRSNR,GandhinagarHub_DEL_PL,PH-B6-DELDIC-42467446,expected,OPENED,02-10-2026 23:53,Arvind Bansal (DNCR),02-10-2026 20:29,04-10-2026 4:21,31.86667,>=24 hrs
03-10-2026,FMPC6553134443,GandhinagarHub_DEL_PL,S A D Traders +919654023591,7949fe45f3f340ae,dispatched_to_mh,North,LMA,1.00E+11,AADIYOGI LOGISTIC PRIVATE LIMITED,KunalShakya,Motherhub_JKS,BRSNR,GandhinagarHub_DEL_PL,PH-B2-DELJKS-43743125,expected,OPENED,03-10-2026 2:10,Arvind Bansal (DNCR),02-10-2026 19:55,#VALUE!,#VALUE!,#VALUE!
03-10-2026,FMPC6553006771,GoregaonMPHub_MUM_PL,LIMRA ENTERPRISES +918169033844,616e1c1f54234278,dispatched_to_mh,West,TRUEFLEX,3449824,Trueflex,#N/A,Motherhub_SAI_5,BRSNR,GoregaonMPHub_MUM_PL,PH-B1-MUMSAI5-1708082,expected,OPENED,03-10-2026 0:06,Ashwarya Singh,02-10-2026 18:40,#VALUE!,#VALUE!,#VALUE!
03-10-2026,FMPC6554188371,FortHub_MUM_PL,BESTDEAL +919769761314,c1ce49397bc74c2e,dispatched_to_mh,West,TRUEFLEX,1280892,Trueflex,Mohd Shueb Yusuf Khan,Motherhub_SAI_5,BRSNR,FortHub_MUM_PL,PH-B1-MUMSAI5-1699696,expected,OPENED,02-10-2026 20:26,Ashwarya Singh,02-10-2026 17:15,#VALUE!,#VALUE!,#VALUE!
03-10-2026,FMPP4313891808,FortHub_MUM_PL,Thirty First +919699112288,1399e27d796a44cf,received_at_mh,West,LMA,1.00E+11,Vxpress,TarjanKumar,Motherhub_SAI_4,BRSNR,FortHub_MUM_PL,PH-B2-MUMSAI-26982561,expected,OPENED,02-10-2026 23:30,Ashwarya Singh,02-10-2026 19:26,04-10-2026 6:41,35.25,>=24 hrs
03-10-2026,FMPP4314104614,GoregaonMPHub_MUM_PL,LIMRA ENTERPRISES +918169033844,616e1c1f54234278,dispatched_to_mh,West,TRUEFLEX,3449824,Trueflex,#N/A,Motherhub_SAI_5,BRSNR,GoregaonMPHub_MUM_PL,PH-B1-MUMSAI5-1708082,expected,OPENED,03-10-2026 0:06,Ashwarya Singh,02-10-2026 18:40,#VALUE!,#VALUE!,#VALUE!
03-10-2026,FMPC6553121172,GoregaonMPHub_MUM_PL,LIMRA ENTERPRISES +918169033844,616e1c1f54234278,dispatched_to_mh,West,TRUEFLEX,3.45E+06,Trueflex,#N/A,Motherhub_SAI_5,BRSNR,GoregaonMPHub_MUM_PL,PH-B6-MUMSAI5-1665909,expected,OPENED,02-10-2026 23:35,Ashwarya Singh,02-10-2026 18:40,#VALUE!,#VALUE!,#VALUE!
03-10-2026,FMPP4313921518,GoregaonMPHub_MUM_PL,LIMRA ENTERPRISES +918169033844,616e1c1f54234278,dispatched_to_mh,West,TRUEFLEX,3449824,Trueflex,#N/A,Motherhub_SAI_5,BRSNR,GoregaonMPHub_MUM_PL,PH-B1-MUMSAI5-1708082,expected,OPENED,03-10-2026 0:06,Ashwarya Singh,02-10-2026 18:40,#VALUE!,#VALUE!,#VALUE!
03-10-2026,FMPC6554546211,FortHub_MUM_PL,ORIZE ENTERPRISE +919892847075,e542015a5b4d44ec,received_at_mh,West,TRUEFLEX,633824,Trueflex,Kiran Namdev Malap,Motherhub_SAI_4,BRSNR,FortHub_MUM_PL,PH-B2-MUMSAI-26898709,expected,OPENED,02-10-2026 23:22,Ashwarya Singh,02-10-2026 19:26,04-10-2026 10:00,38.56667,>=24 hrs
03-10-2026,FMPP4313879461,FortHub_MUM_PL,Sifat Fashion +918977757685,d0f542b27bb64cf9,dispatched_to_mh,West,LMA,1.00E+11,Vxpress,TarjanKumar,Motherhub_SAI_5,BRSNR,FortHub_MUM_PL,PH-B1-MUMSAI5-1706031,expected,OPENED,02-10-2026 21:09,Ashwarya Singh,02-10-2026 17:15,#VALUE!,#VALUE!,#VALUE!
03-10-2026,FMPP4314363304,GoregaonMPHub_MUM_PL,Fashion Bazaar +918169146643,81a5c74ba84c4f3f,dispatched_to_mh,West,TRUEFLEX,1434952,Trueflex,Atahur Rehman,Motherhub_SAI_5,BRSNR,GoregaonMPHub_MUM_PL,PH-B6-MUMSAI5-1687129,expected,OPENED,02-10-2026 22:04,Ashwarya Singh,02-10-2026 18:53,#VALUE!,#VALUE!,#VALUE!
03-10-2026,FMPC6553827928,GoregaonMPHub_MUM_PL,LIMRA ENTERPRISES +918169033844,616e1c1f54234278,dispatched_to_mh,West,TRUEFLEX,3449824,Trueflex,#N/A,Motherhub_SAI_5,BRSNR,GoregaonMPHub_MUM_PL,PH-B1-MUMSAI5-1708082,expected,OPENED,03-10-2026 0:06,Ashwarya Singh,02-10-2026 18:40,#VALUE!,#VALUE!,#VALUE!
03-10-2026,FMPC6553163074,GoregaonMPHub_MUM_PL,LIMRA ENTERPRISES +918169033844,616e1c1f54234278,dispatched_to_mh,West,TRUEFLEX,3449824,Trueflex,#N/A,Motherhub_SAI_5,BRSNR,GoregaonMPHub_MUM_PL,PH-B1-MUMSAI5-1708082,expected,OPENED,03-10-2026 0:06,Ashwarya Singh,02-10-2026 18:40,#VALUE!,#VALUE!,#VALUE!
03-10-2026,FMPC6554111966,GandhinagarHub_DEL_PL,PRIYANSHU ENTERPRISES +919811365993,52e404c7239b4f83,received_at_mh,North,LMA,1.00E+11,Sitics,SanjuSoni,MotherHub_YKB,BRSNR,GandhinagarHub_DEL_PL,PH-ZO-DELYKB-66204207,expected,OPENED,03-10-2026 3:15,Arvind Bansal (DNCR),02-10-2026 20:28,04-10-2026 11:23,38.91667,>=24 hrs
03-10-2026,FMPC6553315975,FortHub_MUM_PL,QUINTESSENTIAL TRADING COMPANY +919321280598,84553fbefec2472f,received_at_mh,West,EKART,3780294,EKART,MUKHERJI SURESH RAJENDRA,Motherhub_SAI_4,BRSNR,FortHub_MUM_PL,PH-B2-MUMSAI-26981968,expected,OPENED,02-10-2026 23:32,Ashwarya Singh,02-10-2026 19:26,04-10-2026 9:46,38.33333,>=24 hrs
03-10-2026,FMPP4313856145,GurgaonHub_DEL_PL,NB Ventures +919999179556,21f1e349a6944feb,received_at_mh,North,LMA,1.00E+11,Vxpress,Pradeep,Motherhub_JKS,BRSNR,GurgaonHub_DEL_PL,PH-B2-DELJKS-43721138,expected,OPENED,03-10-2026 0:47,Arvind Bansal (DNCR),02-10-2026 19:48,04-10-2026 23:31,51.71667,>=24 hrs
03-10-2026,FMPP4314521144,FortHub_MUM_PL,QUINTESSENTIAL TRADING COMPANY +919321280598,84553fbefec2472f,received_at_mh,West,EKART,3780294,EKART,MUKHERJI SURESH RAJENDRA,Motherhub_SAI_5,BRSNR,FortHub_MUM_PL,PH-B6-MUMSAI5-1705824,expected,OPENED,02-10-2026 20:56,Ashwarya Singh,02-10-2026 17:15,04-10-2026 16:52,47.61667,>=24 hrs
03-10-2026,FMPC6554456063,FortHub_MUM_PL,ORIZE ENTERPRISE +919892847075,e542015a5b4d44ec,received_at_mh,West,TRUEFLEX,633824,Trueflex,Kiran Namdev Malap,Motherhub_SAI_5,BRSNR,FortHub_MUM_PL,PH-B1-MUMSAI5-1663041,expected,OPENED,02-10-2026 20:31,Ashwarya Singh,02-10-2026 17:15,04-10-2026 1:56,32.68333,>=24 hrs
03-10-2026,FMPC6554501669,GurgaonHub_DEL_PL,Shri Shiv Enterprise +919953458580,a2064650b35c49a9,dispatched_to_mh,North,EKART,4253218,EKART,Vipin Tiwari,MotherHub_YKB,BRSNR,GurgaonHub_DEL_PL,PH-ZO-DELYKB-66200251,expected,OPENED,02-10-2026 23:33,Arvind Bansal (DNCR),02-10-2026 18:00,#VALUE!,#VALUE!,#VALUE!
03-10-2026,FMPC6553850259,GoregaonMPHub_MUM_PL,LIMRA ENTERPRISES +918169033844,616e1c1f54234278,dispatched_to_mh,West,TRUEFLEX,3449824,Trueflex,#N/A,Motherhub_SAI_5,BRSNR,GoregaonMPHub_MUM_PL,PH-B1-MUMSAI5-1708082,expected,OPENED,03-10-2026 0:06,Ashwarya Singh,02-10-2026 18:40,#VALUE!,#VALUE!,#VALUE!
03-10-2026,FMPC6553534847,GoregaonMPHub_MUM_PL,LIMRA ENTERPRISES +918169033844,616e1c1f54234278,dispatched_to_mh,West,TRUEFLEX,3449824,Trueflex,#N/A,Motherhub_SAI_5,BRSNR,GoregaonMPHub_MUM_PL,PH-B1-MUMSAI5-1708082,expected,OPENED,03-10-2026 0:06,Ashwarya Singh,02-10-2026 18:40,#VALUE!,#VALUE!,#VALUE!
03-10-2026,FMPC6554195718,FortHub_MUM_PL,LUXUARYLOOK +919795397075,6b5cd9b46b9647f2,received_at_mh,West,TRUEFLEX,633824,Trueflex,Kiran Namdev Malap,Motherhub_SAI_5,BRSNR,FortHub_MUM_PL,PH-B6-MUMSAI5-1663147,expected,OPENED,02-10-2026 20:30,Ashwarya Singh,02-10-2026 17:15,04-10-2026 15:57,46.7,>=24 hrs
03-10-2026,FMPC6554330287,FortHub_MUM_PL,ANZ ENTERPRISE +919920132585,ddaf7b650ee34ded,received_at_mh,West,EKART,3481512,EKART,Siddhesh Sanjay Parab,Motherhub_SAI_5,BRSNR,FortHub_MUM_PL,PH-B6-MUMSAI5-1670291,expected,OPENED,02-10-2026 21:04,Ashwarya Singh,02-10-2026 17:15,05-10-2026 11:16,66.01667,>=24 hrs
03-10-2026,FMPP4313785742,GurgaonHub_DEL_PL,LAKSHYA COLLECTIONS +917291965067,bb0ab66770244abf,received_at_mh,North,EKART,4315898,EKART,Akash Kumar Puri,Motherhub_DIC,Mixbagging,GurgaonHub_DEL_PL,PH-B6-DELDIC-42413940,expected,OPENED,02-10-2026 21:22,Arvind Bansal (DNCR),02-10-2026 19:57,03-10-2026 22:18,26.35,>=24 hrs
03-10-2026,FMPP4314398309,FortHub_MUM_PL,KARDIFF +918454940436,fd5c6f83d98d447b,received_at_mh,West,TRUEFLEX,1.28E+06,Trueflex,Mohd Shueb Yusuf Khan,Motherhub_SAI_4,BRSNR,FortHub_MUM_PL,PH-B2-MUMSAI-24053653,expected,OPENED,02-10-2026 23:20,Ashwarya Singh,02-10-2026 19:26,#VALUE!,#VALUE!,#VALUE!
03-10-2026,FMPC6554178528,GoregaonMPHub_MUM_PL,LIMRA ENTERPRISES +918169033844,616e1c1f54234278,dispatched_to_mh,West,TRUEFLEX,3449824,Trueflex,#N/A,Motherhub_SAI_5,BRSNR,GoregaonMPHub_MUM_PL,PH-B1-MUMSAI5-1708082,expected,OPENED,03-10-2026 0:06,Ashwarya Singh,02-10-2026 18:40,#VALUE!,#VALUE!,#VALUE!
03-10-2026,FMPP4313816596,GoregaonMPHub_MUM_PL,LIMRA ENTERPRISES +918169033844,616e1c1f54234278,dispatched_to_mh,West,TRUEFLEX,3449824,Trueflex,#N/A,Motherhub_SAI_5,BRSNR,GoregaonMPHub_MUM_PL,PH-B1-MUMSAI5-1708082,expected,OPENED,03-10-2026 0:06,Ashwarya Singh,02-10-2026 18:40,#VALUE!,#VALUE!,#VALUE!
03-10-2026,FMPC6554297618,FortHub_MUM_PL,QUINTESSENTIAL TRADING COMPANY +919321280598,84553fbefec2472f,received_at_mh,West,EKART,3780294,EKART,MUKHERJI SURESH RAJENDRA,Motherhub_SAI_5,BRSNR,FortHub_MUM_PL,PH-B1-MUMSAI5-1705814,expected,OPENED,02-10-2026 21:04,Ashwarya Singh,02-10-2026 17:15,04-10-2026 2:27,33.2,>=24 hrs
03-10-2026,FMPC6553079017,GoregaonMPHub_MUM_PL,LIMRA ENTERPRISES +918169033844,616e1c1f54234278,dispatched_to_mh,West,TRUEFLEX,3449824,Trueflex,#N/A,Motherhub_SAI_5,BRSNR,GoregaonMPHub_MUM_PL,PH-B1-MUMSAI5-1708082,expected,OPENED,03-10-2026 0:06,Ashwarya Singh,02-10-2026 18:40,#VALUE!,#VALUE!,#VALUE!
03-10-2026,FMPC6553092098,FortHub_MUM_PL,S S TRADERS +917666786690,62e559e01eeb4874,dispatched_to_mh,West,EKART,3.43E+06,EKART,Mahendra Deepak Bagve,Motherhub_SAI_5,BRSNR,FortHub_MUM_PL,PH-B3-MUMSAI5-1672458,expected,OPENED,02-10-2026 21:29,Ashwarya Singh,02-10-2026 19:22,#VALUE!,#VALUE!,#VALUE!
03-10-2026,FMPP4314576463,FortHub_MUM_PL,QUINTESSENTIAL TRADING COMPANY +919321280598,84553fbefec2472f,received_at_mh,West,EKART,3780294,EKART,MUKHERJI SURESH RAJENDRA,Motherhub_SAI_5,BRSNR,FortHub_MUM_PL,PH-B1-MUMSAI5-1705814,expected,OPENED,02-10-2026 21:04,Ashwarya Singh,02-10-2026 17:15,04-10-2026 2:29,33.23333,>=24 hrs
03-10-2026,FMPC6553140891,GoregaonMPHub_MUM_PL,LIMRA ENTERPRISES +918169033844,616e1c1f54234278,dispatched_to_mh,West,TRUEFLEX,3449824,Trueflex,#N/A,Motherhub_SAI_5,BRSNR,GoregaonMPHub_MUM_PL,PH-B1-MUMSAI5-1708082,expected,OPENED,03-10-2026 0:06,Ashwarya Singh,02-10-2026 18:40,#VALUE!,#VALUE!,#VALUE!
03-10-2026,FMPP4314140412,GoregaonMPHub_MUM_PL,LIMRA ENTERPRISES +918169033844,616e1c1f54234278,dispatched_to_mh,West,TRUEFLEX,3.45E+06,Trueflex,#N/A,Motherhub_SAI_5,BRSNR,GoregaonMPHub_MUM_PL,PH-B1-MUMSAI5-1531780,expected,OPENED,02-10-2026 23:33,Ashwarya Singh,02-10-2026 18:40,#VALUE!,#VALUE!,#VALUE!
03-10-2026,FMPC6553064381,GoregaonMPHub_MUM_PL,Fashion Bazaar +918169146643,81a5c74ba84c4f3f,dispatched_to_mh,West,TRUEFLEX,1434952,Trueflex,Atahur Rehman,Motherhub_SAI_5,BRSNR,GoregaonMPHub_MUM_PL,PH-B6-MUMSAI5-1687129,expected,OPENED,02-10-2026 22:04,Ashwarya Singh,02-10-2026 18:53,#VALUE!,#VALUE!,#VALUE!
03-10-2026,FMPC6554366116,GandhinagarHub_DEL_PL,Shifa Traders +919310493600,018e138b395246d0,dispatched_to_mh,North,LMA,1.00E+11,AADIYOGI LOGISTIC PRIVATE LIMITED,KunalShakya,Motherhub_DIC,BRSNR,GandhinagarHub_DEL_PL,PH-B1-DELDIC-42464491,expected,OPENED,02-10-2026 23:44,Arvind Bansal (DNCR),02-10-2026 20:29,#VALUE!,#VALUE!,#VALUE!
03-10-2026,FMPC6553856762,FortHub_MUM_PL,QUINTESSENTIAL TRADING COMPANY +919321280598,84553fbefec2472f,received_at_mh,West,EKART,3780294,EKART,MUKHERJI SURESH RAJENDRA,Motherhub_SAI_5,BRSNR,FortHub_MUM_PL,PH-B3-MUMSAI5-1705819,expected,OPENED,02-10-2026 21:02,Ashwarya Singh,02-10-2026 17:15,04-10-2026 4:24,35.15,>=24 hrs
03-10-2026,FMPC6554344203,FortHub_MUM_PL,TOTAL MOBILE AND GAMING +919819601943,9bf132e80dba472d,dispatched_to_mh,West,EKART,3.43E+06,EKART,Mahendra Deepak Bagve,Motherhub_SAI_5,BRSNR,FortHub_MUM_PL,PH-B3-MUMSAI5-1672458,expected,OPENED,02-10-2026 21:29,Ashwarya Singh,02-10-2026 19:22,#VALUE!,#VALUE!,#VALUE!
03-10-2026,FMPC6554276775,GoregaonMPHub_MUM_PL,LIMRA ENTERPRISES +918169033844,616e1c1f54234278,dispatched_to_mh,West,TRUEFLEX,3449824,Trueflex,#N/A,Motherhub_SAI_5,BRSNR,GoregaonMPHub_MUM_PL,PH-B1-MUMSAI5-1708082,expected,OPENED,03-10-2026 0:06,Ashwarya Singh,02-10-2026 18:40,#VALUE!,#VALUE!,#VALUE!
03-10-2026,FMPP4314657244,FortHub_MUM_PL,ORIZE ENTERPRISE +919892847075,e542015a5b4d44ec,received_at_mh,West,TRUEFLEX,6.34E+05,Trueflex,Kiran Namdev Malap,Motherhub_SAI_4,BRSNR,FortHub_MUM_PL,PH-B4-MUMSAI-26939408,expected,OPENED,02-10-2026 23:21,Ashwarya Singh,02-10-2026 19:26,04-10-2026 6:27,35.01667,>=24 hrs
03-10-2026,FMPP4314376463,FortHub_MUM_PL,RIYA ENTERPRISES +919372771509,b6fe19f6361845d5,received_at_mh,West,LMA,1.00E+11,ZS LOGISTICS,Arman Anwar HussainMalik,Motherhub_SAI_5,BRSNR,FortHub_MUM_PL,PH-B6-MUMSAI5-1700156,expected,OPENED,02-10-2026 20:41,Ashwarya Singh,02-10-2026 17:15,04-10-2026 16:12,46.95,>=24 hrs
03-10-2026,FMPC6553542361,FortHub_MUM_PL,QUINTESSENTIAL TRADING COMPANY +919321280598,84553fbefec2472f,received_at_mh,West,EKART,3780294,EKART,MUKHERJI SURESH RAJENDRA,Motherhub_SAI_5,BRSNR,FortHub_MUM_PL,PH-B3-MUMSAI5-1705819,expected,OPENED,02-10-2026 21:02,Ashwarya Singh,02-10-2026 17:15,04-10-2026 4:24,35.15,>=24 hrs
03-10-2026,FMPC6553296266,GoregaonMPHub_MUM_PL,LIMRA ENTERPRISES +918169033844,616e1c1f54234278,dispatched_to_mh,West,TRUEFLEX,3449824,Trueflex,#N/A,Motherhub_SAI_5,BRSNR,GoregaonMPHub_MUM_PL,PH-B1-MUMSAI5-1708082,expected,OPENED,03-10-2026 0:06,Ashwarya Singh,02-10-2026 18:40,#VALUE!,#VALUE!,#VALUE!
03-10-2026,FMPC6552816115,GurgaonHub_DEL_PL,SANGRILA LIFESTYLE PRIVATE LIMITED 8588036579,b7dc23d6e24c436c,dispatched_to_mh,North,LMA,1.00E+11,Watsoo,VikramSingh,Motherhub_DIC,BRSNR,GurgaonHub_DEL_PL,PH-B1-DELDIC-42178033,expected,OPENED,02-10-2026 21:18,Arvind Bansal (DNCR),02-10-2026 19:57,#VALUE!,#VALUE!,#VALUE!
03-10-2026,FMPP4314597680,FortHub_MUM_PL,LUXUARYLOOK +919795397075,6b5cd9b46b9647f2,received_at_mh,West,TRUEFLEX,633824,Trueflex,Kiran Namdev Malap,Motherhub_SAI_5,BRSNR,FortHub_MUM_PL,PH-B3-MUMSAI5-1663052,expected,OPENED,02-10-2026 20:35,Ashwarya Singh,02-10-2026 17:15,04-10-2026 2:47,33.53333,>=24 hrs
03-10-2026,FMPC6553824031,FortHub_MUM_PL,QUINTESSENTIAL TRADING COMPANY +919321280598,84553fbefec2472f,received_at_mh,West,EKART,3780294,EKART,MUKHERJI SURESH RAJENDRA,Motherhub_SAI_5,BRSNR,FortHub_MUM_PL,PH-B6-MUMSAI5-1705824,expected,OPENED,02-10-2026 20:56,Ashwarya Singh,02-10-2026 17:15,04-10-2026 16:52,47.61667,>=24 hrs
03-10-2026,FMPC6554063804,GoregaonMPHub_MUM_PL,LIMRA ENTERPRISES +918169033844,616e1c1f54234278,dispatched_to_mh,West,TRUEFLEX,3449824,Trueflex,#N/A,Motherhub_SAI_5,BRSNR,GoregaonMPHub_MUM_PL,PH-B1-MUMSAI5-1708082,expected,OPENED,03-10-2026 0:06,Ashwarya Singh,02-10-2026 18:40,#VALUE!,#VALUE!,#VALUE!
03-10-2026,FMPP4314256303,FortHub_MUM_PL,RIYA ENTERPRISES +919372771509,b6fe19f6361845d5,received_at_mh,West,LMA,1.00E+11,ZS LOGISTICS,Arman Anwar HussainMalik,Motherhub_SAI_5,BRSNR,FortHub_MUM_PL,PH-B6-MUMSAI5-1700156,expected,OPENED,02-10-2026 20:41,Ashwarya Singh,02-10-2026 17:15,04-10-2026 16:12,46.95,>=24 hrs
03-10-2026,FMPC6553518010,GoregaonMPHub_MUM_PL,LIMRA ENTERPRISES +918169033844,616e1c1f54234278,dispatched_to_mh,West,TRUEFLEX,3.45E+06,Trueflex,#N/A,Motherhub_SAI_5,BRSNR,GoregaonMPHub_MUM_PL,PH-B1-MUMSAI5-1708082,expected,OPENED,03-10-2026 0:06,Ashwarya Singh,02-10-2026 18:40,#VALUE!,#VALUE!,#VALUE!
03-10-2026,FMPP4314109713,GandhinagarHub_DEL_PL,S A D Traders +919654023591,7949fe45f3f340ae,dispatched_to_mh,North,LMA,1.00E+11,AADIYOGI LOGISTIC PRIVATE LIMITED,KunalShakya,Motherhub_DIC,BRSNR,GandhinagarHub_DEL_PL,PH-B6-DELDIC-42464514,expected,OPENED,02-10-2026 23:49,Arvind Bansal (DNCR),02-10-2026 20:29,#VALUE!,#VALUE!,#VALUE!
03-10-2026,FMPC6554586993,FortHub_MUM_PL,AQUA PRODUCTS +919867454258,59529f4ae26a4e92,received_at_mh,West,EKART,4239313,EKART,Kamran Phool Mohd Shaikh,Motherhub_SAI_5,BRSNR,FortHub_MUM_PL,PH-B3-MUMSAI5-1672017,expected,OPENED,02-10-2026 20:34,Ashwarya Singh,02-10-2026 17:15,#VALUE!,#VALUE!,#VALUE!
03-10-2026,FMPC6554059824,FortHub_MUM_PL,S S TRADERS +917666786690,62e559e01eeb4874,dispatched_to_mh,West,EKART,3.43E+06,EKART,Mahendra Deepak Bagve,Motherhub_SAI_5,BRSNR,FortHub_MUM_PL,PH-B3-MUMSAI5-1672458,expected,OPENED,02-10-2026 21:29,Ashwarya Singh,02-10-2026 19:22,#VALUE!,#VALUE!,#VALUE!
03-10-2026,FMPC6553673844,GurgaonHub_DEL_PL,TLH Services Private Limited +919310034836,6ffb8d4888d846de,received_at_mh,North,EKART,4253218,EKART,Vipin Tiwari,Motherhub_DIC,BRSNR,GurgaonHub_DEL_PL,PH-B6-DELDIC-42462604,expected,OPENED,02-10-2026 20:37,Arvind Bansal (DNCR),02-10-2026 18:14,04-10-2026 0:15,30.01667,>=24 hrs
03-10-2026,FMPP4313977436,FortHub_MUM_PL,KARDIFF +918454940436,fd5c6f83d98d447b,received_at_mh,West,TRUEFLEX,1280892,Trueflex,Mohd Shueb Yusuf Khan,Motherhub_SAI_4,BRSNR,FortHub_MUM_PL,PH-B2-MUMSAI-24053653,expected,OPENED,02-10-2026 23:20,Ashwarya Singh,02-10-2026 19:26,#VALUE!,#VALUE!,#VALUE!
03-10-2026,FMPC6552931391,FortHub_MUM_PL,S S TRADERS +917666786690,62e559e01eeb4874,dispatched_to_mh,West,EKART,3.43E+06,EKART,Mahendra Deepak Bagve,Motherhub_SAI_5,BRSNR,FortHub_MUM_PL,PH-B3-MUMSAI5-1672458,expected,OPENED,02-10-2026 21:29,Ashwarya Singh,02-10-2026 19:22,#VALUE!,#VALUE!,#VALUE!
03-10-2026,FMPC6552969151,GoregaonMPHub_MUM_PL,Kira Ventures +919819335523,933eb3567df845c8,dispatched_to_mh,West,TRUEFLEX,3.61E+06,Trueflex,#N/A,Motherhub_SAI_4,BRSNR,GoregaonMPHub_MUM_PL,PH-B4-MUMSAI-26977261,expected,OPENED,02-10-2026 21:56,Ashwarya Singh,02-10-2026 18:55,#VALUE!,#VALUE!,#VALUE!
03-10-2026,FMPC6553374426,FortHub_MUM_PL,AQUA PRODUCTS +919867454258,59529f4ae26a4e92,dispatched_to_mh,West,EKART,4239313,EKART,Kamran Phool Mohd Shaikh,Motherhub_SAI_5,BRSNR,FortHub_MUM_PL,PH-B6-MUMSAI5-1671972,expected,OPENED,02-10-2026 20:38,Ashwarya Singh,02-10-2026 17:15,#VALUE!,#VALUE!,#VALUE!
03-10-2026,FMPP4314607526,FortHub_MUM_PL,S S TRADERS +917666786690,62e559e01eeb4874,received_at_mh,West,EKART,3430496,EKART,Mahendra Deepak Bagve,Motherhub_SAI_5,BRSNR,FortHub_MUM_PL,PH-B6-MUMSAI5-1672464,expected,OPENED,02-10-2026 20:31,Ashwarya Singh,02-10-2026 17:15,04-10-2026 16:46,47.51667,>=24 hrs
03-10-2026,FMPP4313762194,FortHub_MUM_PL,RIYA ENTERPRISES +919372771509,b6fe19f6361845d5,received_at_mh,West,LMA,1.00E+11,ZS LOGISTICS,Arman Anwar HussainMalik,Motherhub_SAI_5,BRSNR,FortHub_MUM_PL,PH-B1-MUMSAI5-1700042,expected,OPENED,02-10-2026 20:41,Ashwarya Singh,02-10-2026 17:15,04-10-2026 12:01,42.76667,>=24 hrs
03-10-2026,FMPC6553727897,GoregaonMPHub_MUM_PL,LIMRA ENTERPRISES +918169033844,616e1c1f54234278,dispatched_to_mh,West,TRUEFLEX,3449824,Trueflex,#N/A,Motherhub_SAI_5,BRSNR,GoregaonMPHub_MUM_PL,PH-B1-MUMSAI5-1708082,expected,OPENED,03-10-2026 0:06,Ashwarya Singh,02-10-2026 18:40,#VALUE!,#VALUE!,#VALUE!
03-10-2026,FMPC6553349012,GoregaonMPHub_MUM_PL,LIMRA ENTERPRISES +918169033844,616e1c1f54234278,dispatched_to_mh,West,TRUEFLEX,3.45E+06,Trueflex,#N/A,Motherhub_SAI_5,BRSNR,GoregaonMPHub_MUM_PL,PH-B1-MUMSAI5-1708082,expected,OPENED,03-10-2026 0:06,Ashwarya Singh,02-10-2026 18:40,#VALUE!,#VALUE!,#VALUE!
03-10-2026,FMPP4313643462,FortHub_MUM_PL,Thirty First +919699112288,1399e27d796a44cf,received_at_mh,West,LMA,1.00E+11,Vxpress,TarjanKumar,Motherhub_SAI_4,BRSNR,FortHub_MUM_PL,PH-B2-MUMSAI-26982561,expected,OPENED,02-10-2026 23:30,Ashwarya Singh,02-10-2026 19:26,04-10-2026 6:40,35.23333,>=24 hrs
03-10-2026,FMPC6553692170,GoregaonMPHub_MUM_PL,LIMRA ENTERPRISES +918169033844,616e1c1f54234278,dispatched_to_mh,West,TRUEFLEX,3449824,Trueflex,#N/A,Motherhub_SAI_5,BRSNR,GoregaonMPHub_MUM_PL,PH-B1-MUMSAI5-1708082,expected,OPENED,03-10-2026 0:06,Ashwarya Singh,02-10-2026 18:40,#VALUE!,#VALUE!,#VALUE!
03-10-2026,FMPC6553203177,GoregaonMPHub_MUM_PL,LIMRA ENTERPRISES +918169033844,616e1c1f54234278,dispatched_to_mh,West,TRUEFLEX,3449824,Trueflex,#N/A,Motherhub_SAI_5,BRSNR,GoregaonMPHub_MUM_PL,PH-B1-MUMSAI5-1708082,expected,OPENED,03-10-2026 0:06,Ashwarya Singh,02-10-2026 18:40,#VALUE!,#VALUE!,#VALUE!
03-10-2026,FMPC6553319377,GandhinagarHub_DEL_PL,Shifa Traders +919310493600,018e138b395246d0,dispatched_to_mh,North,LMA,1.00E+11,AADIYOGI LOGISTIC PRIVATE LIMITED,KunalShakya,Motherhub_DIC,BRSNR,GandhinagarHub_DEL_PL,PH-B6-DELDIC-42464514,expected,OPENED,02-10-2026 23:49,Arvind Bansal (DNCR),02-10-2026 20:29,#VALUE!,#VALUE!,#VALUE!
03-10-2026,FMPC6553532439,FaridabadHub_DEL_PL,KAY ENTERPRISES +919667184500,5f2c6241f40f44cb,dispatched_to_mh,North,LMA,1.00E+11,Vxpress,ManojKumar,Motherhub_DIC,BRSNR,FaridabadHub_DEL_PL,PH-B1-DELDIC-38551326,expected,OPENED,02-10-2026 22:23,Arvind Bansal (DNCR),02-10-2026 18:46,#VALUE!,#VALUE!,#VALUE!
03-10-2026,FMPP4314103229,GoregaonMPHub_MUM_PL,LIMRA ENTERPRISES +918169033844,616e1c1f54234278,dispatched_to_mh,West,TRUEFLEX,3449824,Trueflex,#N/A,Motherhub_SAI_5,BRSNR,GoregaonMPHub_MUM_PL,PH-B1-MUMSAI5-1708082,expected,OPENED,03-10-2026 0:06,Ashwarya Singh,02-10-2026 18:40,#VALUE!,#VALUE!,#VALUE!
03-10-2026,FMPC6554424992,GoregaonMPHub_MUM_PL,LIMRA ENTERPRISES +918169033844,616e1c1f54234278,dispatched_to_mh,West,TRUEFLEX,3449824,Trueflex,#N/A,Motherhub_SAI_5,BRSNR,GoregaonMPHub_MUM_PL,PH-B3-MUMSAI5-1665882,expected,OPENED,03-10-2026 0:00,Ashwarya Singh,02-10-2026 18:40,#VALUE!,#VALUE!,#VALUE!
03-10-2026,FMPC6553544574,GoregaonMPHub_MUM_PL,LIMRA ENTERPRISES +918169033844,616e1c1f54234278,dispatched_to_mh,West,TRUEFLEX,3449824,Trueflex,#N/A,Motherhub_SAI_5,BRSNR,GoregaonMPHub_MUM_PL,PH-B1-MUMSAI5-1708082,expected,OPENED,03-10-2026 0:06,Ashwarya Singh,02-10-2026 18:40,#VALUE!,#VALUE!,#VALUE!
03-10-2026,FMPP4313942219,GoregaonMPHub_MUM_PL,LIMRA ENTERPRISES +918169033844,616e1c1f54234278,dispatched_to_mh,West,TRUEFLEX,3.45E+06,Trueflex,#N/A,Motherhub_SAI_5,BRSNR,GoregaonMPHub_MUM_PL,PH-B1-MUMSAI5-1708082,expected,OPENED,03-10-2026 0:06,Ashwarya Singh,02-10-2026 18:40,#VALUE!,#VALUE!,#VALUE!
03-10-2026,FMPP4314030241,FortHub_MUM_PL,Shreeji traders +919820716619,982f3caff5f2414d,dispatched_to_mh,West,LMA,1.00E+11,ZS LOGISTICS,Arman Anwar HussainMalik,Motherhub_SAI_4,BRSNR,FortHub_MUM_PL,PH-B2-MUMSAI-26975860,expected,OPENED,02-10-2026 23:25,Ashwarya Singh,02-10-2026 19:26,#VALUE!,#VALUE!,#VALUE!
03-10-2026,FMPC6553826225,FortHub_MUM_PL,S S TRADERS +917666786690,62e559e01eeb4874,dispatched_to_mh,West,EKART,3.43E+06,EKART,Mahendra Deepak Bagve,Motherhub_SAI_5,BRSNR,FortHub_MUM_PL,PH-B3-MUMSAI5-1672458,expected,OPENED,02-10-2026 21:29,Ashwarya Singh,02-10-2026 19:22,#VALUE!,#VALUE!,#VALUE!
03-10-2026,FMPC6554058026,GoregaonMPHub_MUM_PL,LIMRA ENTERPRISES +918169033844,616e1c1f54234278,dispatched_to_mh,West,TRUEFLEX,3.45E+06,Trueflex,#N/A,Motherhub_SAI_5,BRSNR,GoregaonMPHub_MUM_PL,PH-B1-MUMSAI5-1708082,expected,OPENED,03-10-2026 0:06,Ashwarya Singh,02-10-2026 18:40,#VALUE!,#VALUE!,#VALUE!
03-10-2026,FMPP4313931623,GoregaonMPHub_MUM_PL,LIMRA ENTERPRISES +918169033844,616e1c1f54234278,dispatched_to_mh,West,TRUEFLEX,3.45E+06,Trueflex,#N/A,Motherhub_SAI_5,BRSNR,GoregaonMPHub_MUM_PL,PH-B1-MUMSAI5-1708082,expected,OPENED,03-10-2026 0:06,Ashwarya Singh,02-10-2026 18:40,#VALUE!,#VALUE!,#VALUE!
03-10-2026,FMPC6553414104,FaridabadHub_DEL_PL,KRISHNA FASHION +917065340220,00b5d56734884580,received_at_mh,North,TRUEFLEX,7.31E+05,Trueflex,Roshan Kumar,MotherHub_YKB,BRSNR,FaridabadHub_DEL_PL,PH-ZO-DELYKB-66178863,expected,OPENED,02-10-2026 23:55,Arvind Bansal (DNCR),02-10-2026 18:53,05-10-2026 5:56,59.05,>=24 hrs
03-10-2026,FMPP4314080292,GurgaonHub_DEL_PL,NATUROHABIT PRIVATE LIMITED 9818224905,832e4d0dc8f94c7f,dispatched_to_mh,North,LMA,1.00E+11,Watsoo,Sumit,Motherhub_JKS,BRSNR,GurgaonHub_DEL_PL,PH-B2-DELJKS-43736879,expected,OPENED,03-10-2026 0:48,Arvind Bansal (DNCR),02-10-2026 19:48,#VALUE!,#VALUE!,#VALUE!
03-10-2026,FMPC6553771666,GoregaonMPHub_MUM_PL,LIMRA ENTERPRISES +918169033844,616e1c1f54234278,dispatched_to_mh,West,TRUEFLEX,3.45E+06,Trueflex,#N/A,Motherhub_SAI_5,BRSNR,GoregaonMPHub_MUM_PL,PH-B6-MUMSAI5-1665909,expected,OPENED,02-10-2026 23:35,Ashwarya Singh,02-10-2026 18:40,#VALUE!,#VALUE!,#VALUE!
03-10-2026,FMPP4313926168,GoregaonMPHub_MUM_PL,LIMRA ENTERPRISES +918169033844,616e1c1f54234278,dispatched_to_mh,West,TRUEFLEX,3.45E+06,Trueflex,#N/A,Motherhub_SAI_5,BRSNR,GoregaonMPHub_MUM_PL,PH-B1-MUMSAI5-1708082,expected,OPENED,03-10-2026 0:06,Ashwarya Singh,02-10-2026 18:40,#VALUE!,#VALUE!,#VALUE!
03-10-2026,FMPC6553165896,FortHub_MUM_PL,QUINTESSENTIAL TRADING COMPANY +919321280598,84553fbefec2472f,received_at_mh,West,EKART,3.78E+06,EKART,MUKHERJI SURESH RAJENDRA,Motherhub_SAI_5,BRSNR,FortHub_MUM_PL,PH-B6-MUMSAI5-1705824,expected,OPENED,02-10-2026 20:56,Ashwarya Singh,02-10-2026 17:15,04-10-2026 16:51,47.6,>=24 hrs
03-10-2026,FMPP4314428065,JaipurHub_JAI_PL,HS COLLECTION +919602029222,5c4064cda4594d41,received_at_mh,North,LMA,1.00E+11,We Innovate Business Solutions Pvt Ltd,Pushpendra SinghSikarwar,Motherhub_JAI_BTS,BRSNR,JaipurHub_JAI_PL,PH-B3-JAIBTS-24083997,expected,OPENED,03-10-2026 0:27,Akash Sharma,02-10-2026 22:04,04-10-2026 1:21,27.28333,>=24 hrs
03-10-2026,FMPC6554236863,JaipurHub_JAI_PL,NEETU FAB TEX +917976513624,247f45ec08b64f27,dispatched_to_mh,North,LMA,1.00E+11,Greenteck Logistics and Mobility Pvt Ltd,RANJEET SINGHKUSHWAHA,Motherhub_JAI_BTS,BRSNR,JaipurHub_JAI_PL,PH-ZO-JAIBTS-23693889,expected,OPENED,02-10-2026 19:56,Akash Sharma,02-10-2026 18:17,#VALUE!,#VALUE!,#VALUE!
03-10-2026,FMPP4314824283,JaipurHub_JAI_PL,S G FASHION +918094000672,7cc808e602e048f9,dispatched_to_mh,North,LMA,1.00E+11,Greenteck Logistics and Mobility Pvt Ltd,ChiranjiviBunkar,Motherhub_JAI_BTS,BRSNR,JaipurHub_JAI_PL,PH-B3-JAIBTS-23931378,expected,OPENED,02-10-2026 19:41,Akash Sharma,02-10-2026 18:17,#VALUE!,#VALUE!,#VALUE!
03-10-2026,FMPP4313802280,JaipurHub_JAI_PL,PADMA FAB 9828590022,57abfe3268ea40f3,dispatched_to_mh,North,LMA,1.00E+11,WHEELEY,AlveerAhmad,Motherhub_JAI_BTS,BRSNR,JaipurHub_JAI_PL,PH-B4-JAIBTS-24104566,expected,OPENED,02-10-2026 20:31,Akash Sharma,02-10-2026 19:05,#VALUE!,#VALUE!,#VALUE!
03-10-2026,FMPP4313651317,JaipurHub_JAI_PL,ZURASTYLE +919166143533,a9c1b3fd79274202,dispatched_to_mh,North,LMA,1.00E+11,Transwide Express,DashrathIndoriya,Motherhub_JAI_BTS,BRSNR,JaipurHub_JAI_PL,PH-B3-JAIBTS-23884409,expected,OPENED,02-10-2026 20:07,Akash Sharma,02-10-2026 18:17,#VALUE!,#VALUE!,#VALUE!
03-10-2026,FMPP4314161021,KalyanHub_MUM_PL,EKGHARA TRADERS +918454948831,60f4733fa2ab45fb,received_at_mh,West,LMA,1.00E+11,SUSAH SUPPLY CHAIN AND NETWORK PRIVATE LIMITED,Akshay KrishnaLokhande,Motherhub_SAI_4,BRSNR,KalyanHub_MUM_PL,PH-B6-MUMSAI-26965013,expected,OPENED,02-10-2026 18:32,Ashwarya Singh,02-10-2026 15:33,04-10-2026 10:01,42.46667,>=24 hrs
03-10-2026,FMPP4313963933,JaipurHub_JAI_PL,PADMA FAB 9828590022,57abfe3268ea40f3,dispatched_to_mh,North,LMA,1.00E+11,WHEELEY,AlveerAhmad,Motherhub_JAI_BTS,BRSNR,JaipurHub_JAI_PL,PH-B3-JAIBTS-24104499,expected,OPENED,02-10-2026 20:29,Akash Sharma,02-10-2026 19:05,#VALUE!,#VALUE!,#VALUE!
03-10-2026,FMPC6553080904,HowrahHub_KOL_PL,MASKAR CHOICES +919433733458,50d50417ad14432a,dispatched_to_mh,East,LMA,1.00E+11,SAS,SahilLaskar,Motherhub_HRN,BRSNR,HowrahHub_KOL_PL,PH-B3-KOLHRN-7306324,expected,OPENED,03-10-2026 2:14,Somnath G,02-10-2026 20:12,#VALUE!,#VALUE!,#VALUE!
03-10-2026,FMPC6554447940,JaipurHub_JAI_PL,DRIZZLE +918094089228,80081893e55349fb,received_at_mh,North,LMA,1.00E+11,Transwide Express,DashrathIndoriya,Motherhub_JAI_BTS,BRSNR,JaipurHub_JAI_PL,PH-B3-JAIBTS-23884401,expected,OPENED,02-10-2026 19:59,Akash Sharma,02-10-2026 18:17,04-10-2026 9:48,39.51667,>=24 hrs
03-10-2026,FMPC6553611126,KanjhawalaHub_DEL_PL,KSY ENTERPRISES +918979482416,b08331bbea3f4f04,dispatched_to_mh,North,LMA,1.00E+11,We Innovate Business Solutions Pvt Ltd,AsifAnsari,Motherhub_DIC,BRSNR,KanjhawalaHub_DEL_PL,PH-B4-DELDIC-42471415,expected,OPENED,02-10-2026 23:40,Arvind Bansal (DNCR),02-10-2026 21:20,#VALUE!,#VALUE!,#VALUE!
03-10-2026,FMPC6553840522,JaipurHub_JAI_PL,ROYAL ESHOP 15 +918441818170,c88091577c5a4dfe,dispatched_to_mh,North,LMA,1.00E+11,Vxpress,Manish KumarBairwa,Motherhub_JAI_BTS,BRSNR,JaipurHub_JAI_PL,PH-B4-JAIBTS-24037432,expected,OPENED,02-10-2026 20:51,Akash Sharma,02-10-2026 19:05,#VALUE!,#VALUE!,#VALUE!
03-10-2026,FMPP4314490920,JaipurHub_JAI_PL,POOJA DYECHEM +919352222282,78eb6ed3a59644f8,dispatched_to_mh,North,LMA,1.00E+11,Vxpress,Sodan SinghKothyari,Motherhub_JAI_BTS,BRSNR,JaipurHub_JAI_PL,PH-B1-JAIBTS-24062505,expected,OPENED,03-10-2026 0:07,Akash Sharma,02-10-2026 22:04,#VALUE!,#VALUE!,#VALUE!
03-10-2026,FMPC6554148801,JaipurHub_JAI_PL,RKS DISTRIBUTOR +919549546417,1e31ddd0679449df,dispatched_to_mh,North,LMA,1.00E+11,Greenteck Logistics and Mobility Pvt Ltd,Manish KumarMeena,Motherhub_JAI_BTS,BRSNR,JaipurHub_JAI_PL,PH-B3-JAIBTS-23942510,expected,OPENED,03-10-2026 0:12,Akash Sharma,02-10-2026 22:04,#VALUE!,#VALUE!,#VALUE!
03-10-2026,FMPC6553328198,JaipurHub_JAI_PL,KANSARA CLOTHING +918440011169,895e63031c2549a4,dispatched_to_mh,North,LMA,1.00E+11,WHEELEY,Ravi KumarMorya,Motherhub_JAI_BTS,BRSNR,JaipurHub_JAI_PL,PH-B1-JAIBTS-23889447,expected,OPENED,02-10-2026 19:51,Akash Sharma,02-10-2026 18:17,#VALUE!,#VALUE!,#VALUE!
03-10-2026,FMPC6553220336,KanjhawalaHub_DEL_PL,Badlega India +919319711109,514b0d06ebb546b5,received_at_mh,North,LMA,1.00E+11,Watsoo,AwanKhan,Motherhub_DIC,BRSNR,KanjhawalaHub_DEL_PL,PH-B1-DELDIC-42464996,expected,OPENED,02-10-2026 23:34,Arvind Bansal (DNCR),02-10-2026 21:20,04-10-2026 3:11,29.85,>=24 hrs
03-10-2026,FMPC6554241182,JaipurHub_JAI_PL,POOJA DYECHEM +919352222282,78eb6ed3a59644f8,dispatched_to_mh,North,LMA,1.00E+11,Vxpress,Sodan SinghKothyari,Motherhub_JAI_BTS,BRSNR,JaipurHub_JAI_PL,PH-B2-JAIBTS-24062531,expected,OPENED,03-10-2026 0:15,Akash Sharma,02-10-2026 22:04,#VALUE!,#VALUE!,#VALUE!
03-10-2026,FMPC6553691602,JaipurHub_JAI_PL,AARU TARU CRAFT +918003560002,89548ed4cce1483f,dispatched_to_mh,North,LMA,1.00E+11,Skylark Logistics,RahulKushwah,Motherhub_JAI_BTS,BRSNR,JaipurHub_JAI_PL,PH-B1-JAIBTS-24037136,expected,OPENED,02-10-2026 20:36,Akash Sharma,02-10-2026 19:05,#VALUE!,#VALUE!,#VALUE!
03-10-2026,FMPC6554394783,KanjhawalaHub_DEL_PL,MANSARAM ENTERPRISES +919354177266,a7b64e0dbe7c4c70,dispatched_to_mh,North,LMA,1.00E+11,We Innovate Business Solutions Pvt Ltd,AsifAnsari,MotherHub_YKB,BRSNR,KanjhawalaHub_DEL_PL,PH-ZO-DELYKB-66207157,expected,OPENED,03-10-2026 2:13,Arvind Bansal (DNCR),02-10-2026 21:27,#VALUE!,#VALUE!,#VALUE!
03-10-2026,FMPP4314084640,JaipurHub_JAI_PL,SAWARIYA TEXTILES +918824968123,90df6b2bb50f4491,received_at_mh,North,LMA,1.00E+11,Greenteck Logistics and Mobility Pvt Ltd,DharmendraKushwaha,Motherhub_JAI_BTS,BRSNR,JaipurHub_JAI_PL,PH-B3-JAIBTS-23413204,expected,OPENED,02-10-2026 20:49,Akash Sharma,02-10-2026 19:05,03-10-2026 20:53,25.8,>=24 hrs
03-10-2026,FMPP4313695456,KalyanHub_MUM_PL,KRISHNA ENTERPRISES +919665021975,db5839d88d0c45dd,dispatched_to_mh,West,EKART,4.08E+06,EKART,Rakesh Saroj,Motherhub_SAI_4,BRSNR,KalyanHub_MUM_PL,PH-B1-MUMSAI-26927667,expected,OPENED,02-10-2026 18:27,Ashwarya Singh,02-10-2026 15:33,#VALUE!,#VALUE!,#VALUE!
03-10-2026,FMPC6553215965,KalyanHub_MUM_PL,EKGHARA TRADERS +918454948831,60f4733fa2ab45fb,received_at_mh,West,LMA,1.00E+11,SUSAH SUPPLY CHAIN AND NETWORK PRIVATE LIMITED,Akshay KrishnaLokhande,Motherhub_SAI_4,BRSNR,KalyanHub_MUM_PL,PH-B1-MUMSAI-26964818,expected,OPENED,02-10-2026 18:31,Ashwarya Singh,02-10-2026 15:33,04-10-2026 8:32,40.98333,>=24 hrs
03-10-2026,FMPC6554241242,JaipurHub_JAI_PL,POOJA DYECHEM +919352222282,78eb6ed3a59644f8,dispatched_to_mh,North,LMA,1.00E+11,Vxpress,Sodan SinghKothyari,Motherhub_JAI_BTS,BRSNR,JaipurHub_JAI_PL,PH-B2-JAIBTS-24062531,expected,OPENED,03-10-2026 0:15,Akash Sharma,02-10-2026 22:04,#VALUE!,#VALUE!,#VALUE!
03-10-2026,FMPC6554241309,JaipurHub_JAI_PL,POOJA DYECHEM +919352222282,78eb6ed3a59644f8,dispatched_to_mh,North,LMA,1.00E+11,Vxpress,Sodan SinghKothyari,Motherhub_JAI_BTS,BRSNR,JaipurHub_JAI_PL,PH-B2-JAIBTS-24062531,expected,OPENED,03-10-2026 0:15,Akash Sharma,02-10-2026 22:04,#VALUE!,#VALUE!,#VALUE!
03-10-2026,FMPC6552891985,JaipurHub_JAI_PL,Cravation +918005797439,ec377660ba914eda,dispatched_to_mh,North,TRUEFLEX,6.06E+05,Trueflex,Aakash Mahajan,Motherhub_JAI_BTS,BRSNR,JaipurHub_JAI_PL,PH-B4-JAIBTS-23810839,expected,OPENED,02-10-2026 19:50,Akash Sharma,02-10-2026 18:17,#VALUE!,#VALUE!,#VALUE!
03-10-2026,FMPC6553070177,JaipurHub_JAI_PL,MD GROUP & SONS +919024961100,041d9602a1a94526,dispatched_to_mh,North,LMA,1.00E+11,E2E LOGISTIC SOLUTION,Vikash KumarMeena,Motherhub_JAI_BTS,BRSNR,JaipurHub_JAI_PL,PH-B2-JAIBTS-23941926,expected,OPENED,02-10-2026 20:26,Akash Sharma,02-10-2026 19:05,#VALUE!,#VALUE!,#VALUE!
03-10-2026,FMPP4313790803,KanjhawalaHub_DEL_PL,ANSHIKA ENTERPRISES +918920082249,081d9d1728a446f6,dispatched_to_mh,North,LMA,1.00E+11,Fastbeetle service,ChanderPal,MotherHub_YKB,BRSNR,KanjhawalaHub_DEL_PL,PH-ZO-DELYKB-66209399,expected,OPENED,03-10-2026 1:28,Arvind Bansal (DNCR),02-10-2026 21:27,#VALUE!,#VALUE!,#VALUE!
03-10-2026,FMPP4314020820,KalyanHub_MUM_PL,EKGHARA TRADERS +918454948831,60f4733fa2ab45fb,received_at_mh,West,LMA,1.00E+11,SUSAH SUPPLY CHAIN AND NETWORK PRIVATE LIMITED,Akshay KrishnaLokhande,Motherhub_SAI_4,BRSNR,KalyanHub_MUM_PL,PH-B1-MUMSAI-26964818,expected,OPENED,02-10-2026 18:31,Ashwarya Singh,02-10-2026 15:33,04-10-2026 6:35,39.03333,>=24 hrs
03-10-2026,FMPC6553348731,KanjhawalaHub_DEL_PL,SHIVA ENTERPRISES +917836089614,2d7260c9290b414d,received_at_mh,North,LMA,1.00E+11,AADIYOGI LOGISTIC PRIVATE LIMITED,Manu,Motherhub_DIC,BRSNR,KanjhawalaHub_DEL_PL,PH-B6-DELDIC-42365058,expected,OPENED,02-10-2026 23:39,Arvind Bansal (DNCR),02-10-2026 21:20,03-10-2026 22:15,24.91667,>=24 hrs
03-10-2026,FMPC6553855558,JaipurHub_JAI_PL,POOJA DYECHEM +919352222282,78eb6ed3a59644f8,dispatched_to_mh,North,LMA,1.00E+11,Vxpress,Sodan SinghKothyari,Motherhub_JAI_BTS,BRSNR,JaipurHub_JAI_PL,PH-B2-JAIBTS-24062531,expected,OPENED,03-10-2026 0:15,Akash Sharma,02-10-2026 22:04,#VALUE!,#VALUE!,#VALUE!
03-10-2026,FMPC6553379150,JaipurHub_JAI_PL,qKing +919314114740,ed8c40a8fcf143b5,received_at_mh,North,LMA,1.00E+11,WHEELEY,VikasMeena,Motherhub_JAI_BTS,BRSNR,JaipurHub_JAI_PL,PH-ZO-JAIBTS-24073747,expected,OPENED,02-10-2026 19:53,Akash Sharma,02-10-2026 18:17,04-10-2026 21:01,50.73333,>=24 hrs
03-10-2026,FMPP4313707913,KalyanHub_MUM_PL,ADITYA WORLD 25 +919867379052,69a642b888104f83,received_at_mh,West,LMA,1.00E+11,SUSAH SUPPLY CHAIN AND NETWORK PRIVATE LIMITED,Devidas ShrikrishnaSira,Motherhub_SAI_4,BRSNR,KalyanHub_MUM_PL,PH-B2-MUMSAI-26900249,expected,OPENED,02-10-2026 23:40,Ashwarya Singh,02-10-2026 15:33,05-10-2026 15:15,71.7,>=24 hrs
03-10-2026,FMPP4314530348,IPextension_DEL_PL,CASER ENTERPRISES +918383936805,77641f1fa80f44f9,dispatched_to_mh,North,LMA,1.00E+11,AADIYOGI LOGISTIC PRIVATE LIMITED,PremKumar,Motherhub_JKS,BRSNR,IPextension_DEL_PL,PH-B2-DELJKS-43743582,expected,OPENED,02-10-2026 23:46,Arvind Bansal (DNCR),02-10-2026 21:15,#VALUE!,#VALUE!,#VALUE!
03-10-2026,FMPP4314915260,JaipurHub_JAI_PL,POOJA DYECHEM +919352222282,78eb6ed3a59644f8,dispatched_to_mh,North,LMA,1.00E+11,Vxpress,Sodan SinghKothyari,Motherhub_JAI_BTS,BRSNR,JaipurHub_JAI_PL,PH-B2-JAIBTS-24062531,expected,OPENED,03-10-2026 0:15,Akash Sharma,02-10-2026 22:04,#VALUE!,#VALUE!,#VALUE!
03-10-2026,FMPP4313925856,JaipurHub_JAI_PL,qKing +919314114740,ed8c40a8fcf143b5,received_at_mh,North,LMA,1.00E+11,WHEELEY,VikasMeena,Motherhub_JAI_BTS,BRSNR,JaipurHub_JAI_PL,PH-B3-JAIBTS-24073717,expected,OPENED,02-10-2026 19:53,Akash Sharma,02-10-2026 18:17,04-10-2026 23:08,52.85,>=24 hrs
03-10-2026,FMPP4313723275,JaipurHub_JAI_PL,Kiyaara Creation +919982677926,1.75E+14,dispatched_to_mh,North,LMA,1.00E+11,Greenteck Logistics and Mobility Pvt Ltd,KhushiramGurjar,Motherhub_JAI_BTS,BRSNR,JaipurHub_JAI_PL,PH-B4-JAIBTS-23847606,expected,OPENED,03-10-2026 0:45,Akash Sharma,02-10-2026 22:04,#VALUE!,#VALUE!,#VALUE!
03-10-2026,FMPC6554235750,JaipurHub_JAI_PL,SONISHQ ELEGANCE +918529373179,5b31c16ea4d149ea,dispatched_to_mh,North,LMA,1.00E+11,We Innovate Business Solutions Pvt Ltd,Girraj PrasadMeena,Motherhub_JAI_BTS,BRSNR,JaipurHub_JAI_PL,PH-B4-JAIBTS-23845095,expected,OPENED,03-10-2026 0:43,Akash Sharma,02-10-2026 22:04,#VALUE!,#VALUE!,#VALUE!
03-10-2026,FMPP4314296421,KanjhawalaHub_DEL_PL,KSY ENTERPRISES +918979482416,b08331bbea3f4f04,dispatched_to_mh,North,LMA,1.00E+11,We Innovate Business Solutions Pvt Ltd,AsifAnsari,MotherHub_YKB,BRSNR,KanjhawalaHub_DEL_PL,PH-ZO-DELYKB-66207156,expected,OPENED,03-10-2026 2:14,Arvind Bansal (DNCR),02-10-2026 21:27,#VALUE!,#VALUE!,#VALUE!
03-10-2026,FMPC6554241194,JaipurHub_JAI_PL,POOJA DYECHEM +919352222282,78eb6ed3a59644f8,dispatched_to_mh,North,LMA,1.00E+11,Vxpress,Sodan SinghKothyari,Motherhub_JAI_BTS,BRSNR,JaipurHub_JAI_PL,PH-B2-JAIBTS-24062531,expected,OPENED,03-10-2026 0:15,Akash Sharma,02-10-2026 22:04,#VALUE!,#VALUE!,#VALUE!
03-10-2026,FMPC6554736848,JasolaHub_DEL_PL,UNIVEER +918010434276,53ed1d46e3e24d48,dispatched_to_mh,North,LMA,1.00E+11,WERCATALYST VENTURES PVT LTD,RohitKumar,Motherhub_JKS,BRSNR,JasolaHub_DEL_PL,PH-B2-DELJKS-43745283,expected,OPENED,03-10-2026 0:52,Arvind Bansal (DNCR),02-10-2026 20:13,#VALUE!,#VALUE!,#VALUE!
03-10-2026,FMPC6553100610,HowrahHub_KOL_PL,ARADHA +919062184619,e7bd107122ad44fa,received_at_mh,East,LMA,1.00E+11,WERCATALYST VENTURES PVT LTD,DebdasMondal,Motherhub_HRN,BRSNR,HowrahHub_KOL_PL,PH-B3-KOLHRN-7949647,expected,OPENED,02-10-2026 22:30,Somnath G,02-10-2026 18:40,05-10-2026 4:52,58.2,>=24 hrs
03-10-2026,FMPC6554133557,JaipurHub_JAI_PL,WEB BLUSH +917014026581,2f82140073674259,dispatched_to_mh,North,TRUEFLEX,6.06E+05,Trueflex,Aakash Mahajan,Motherhub_JAI_BTS,BRSNR,JaipurHub_JAI_PL,PH-B4-JAIBTS-23738341,expected,OPENED,02-10-2026 20:33,Akash Sharma,02-10-2026 19:05,#VALUE!,#VALUE!,#VALUE!
03-10-2026,FMPC6551603715,JaipurHub_JAI_PL,PADMA FAB 9828590022,57abfe3268ea40f3,dispatched_to_mh,North,LMA,1.00E+11,WHEELEY,AlveerAhmad,Motherhub_JAI_BTS,BRSNR,JaipurHub_JAI_PL,PH-B3-JAIBTS-24104499,expected,OPENED,02-10-2026 20:29,Akash Sharma,02-10-2026 19:05,#VALUE!,#VALUE!,#VALUE!
03-10-2026,FMPC6552974658,IPextension_DEL_PL,Aakash Impex +919953800748,2c96afebec834cb2,dispatched_to_mh,North,LMA,1.00E+11,We Innovate Business Solutions Pvt Ltd,Vijay KumarSharma,Motherhub_JKS,BRSNR,IPextension_DEL_PL,PH-B2-DELJKS-43519385,expected,OPENED,02-10-2026 23:46,Arvind Bansal (DNCR),02-10-2026 21:15,#VALUE!,#VALUE!,#VALUE!
03-10-2026,FMPC6552855531,KalyanHub_MUM_PL,EKGHARA TRADERS +918454948831,60f4733fa2ab45fb,received_at_mh,West,LMA,1.00E+11,SUSAH SUPPLY CHAIN AND NETWORK PRIVATE LIMITED,Akshay KrishnaLokhande,Motherhub_SAI_4,BRSNR,KalyanHub_MUM_PL,PH-B1-MUMSAI-26964818,expected,OPENED,02-10-2026 18:31,Ashwarya Singh,02-10-2026 15:33,04-10-2026 6:36,39.05,>=24 hrs
03-10-2026,FMPC6554353372,KalyanHub_MUM_PL,CARGOINN +919833151515,a62bd052e40447c0,received_at_mh,West,LMA,1.00E+11,SUSAH SUPPLY CHAIN AND NETWORK PRIVATE LIMITED,Akshay KrishnaLokhande,Motherhub_SAI_4,BRSNR,KalyanHub_MUM_PL,PH-B3-MUMSAI-26964919,expected,OPENED,02-10-2026 18:31,Ashwarya Singh,02-10-2026 15:33,04-10-2026 6:34,39.01667,>=24 hrs
03-10-2026,FMPC6553166505,JasolaHub_DEL_PL,Galore Apparels +919651239786,0c6594e030d84c4a,dispatched_to_mh,North,EKART,3.87E+06,EKART,Sunil Kumar,MotherHub_YKB,BRSNR,JasolaHub_DEL_PL,PH-ZO-DELYKB-66201251,expected,OPENED,02-10-2026 23:04,Arvind Bansal (DNCR),02-10-2026 19:07,#VALUE!,#VALUE!,#VALUE!
03-10-2026,FMPP4313993556,KalyanHub_MUM_PL,PARIDHAN SHOP +919767016176,67ea0bc04d4f4a77,received_at_mh,West,LMA,1.00E+11,SUSAH SUPPLY CHAIN AND NETWORK PRIVATE LIMITED,Ganesh RajuRathod,Motherhub_SAI_4,BRSNR,KalyanHub_MUM_PL,PH-B1-MUMSAI-26966004,expected,OPENED,02-10-2026 18:15,Ashwarya Singh,02-10-2026 15:33,#VALUE!,#VALUE!,#VALUE!
03-10-2026,FMPC6553077542,JaipurHub_JAI_PL,HS COLLECTION +919602029222,5c4064cda4594d41,received_at_mh,North,LMA,1.00E+11,We Innovate Business Solutions Pvt Ltd,Pushpendra SinghSikarwar,Motherhub_JAI_BTS,BRSNR,JaipurHub_JAI_PL,PH-B2-JAIBTS-24083944,expected,OPENED,03-10-2026 0:35,Akash Sharma,02-10-2026 22:04,04-10-2026 10:21,36.28333,>=24 hrs
03-10-2026,FMPP4314607106,KanjhawalaHub_DEL_PL,KSY ENTERPRISES +918979482416,b08331bbea3f4f04,dispatched_to_mh,North,LMA,1.00E+11,We Innovate Business Solutions Pvt Ltd,AsifAnsari,MotherHub_YKB,BRSNR,KanjhawalaHub_DEL_PL,PH-ZO-DELYKB-66207156,expected,OPENED,03-10-2026 2:14,Arvind Bansal (DNCR),02-10-2026 21:27,#VALUE!,#VALUE!,#VALUE!
03-10-2026,FMPC6553021282,JaipurHub_JAI_PL,Parampara Textiles 7728891619,560cf55370414ab3,dispatched_to_mh,North,LMA,1.00E+11,E2E LOGISTIC SOLUTION,Vikash KumarMeena,Motherhub_JAI_BTS,BRSNR,JaipurHub_JAI_PL,PH-B4-JAIBTS-24077510,expected,OPENED,02-10-2026 20:23,Akash Sharma,02-10-2026 19:05,#VALUE!,#VALUE!,#VALUE!
03-10-2026,FMPC6554496444,HowrahHub_KOL_PL,AFRIN DRESSES +917604086242,ba02b89296364fe7,received_at_mh,East,LMA,1.00E+11,SAS,RABIKARMAKAR,Motherhub_HRN,BRSNR,HowrahHub_KOL_PL,PH-B3-KOLHRN-7975528,expected,OPENED,03-10-2026 2:31,Somnath G,02-10-2026 20:12,04-10-2026 12:19,40.11667,>=24 hrs
03-10-2026,FMPP4313627305,KalyanHub_MUM_PL,EKGHARA TRADERS +918454948831,60f4733fa2ab45fb,received_at_mh,West,LMA,1.00E+11,SUSAH SUPPLY CHAIN AND NETWORK PRIVATE LIMITED,Akshay KrishnaLokhande,Motherhub_SAI_4,BRSNR,KalyanHub_MUM_PL,PH-B1-MUMSAI-26964818,expected,OPENED,02-10-2026 18:31,Ashwarya Singh,02-10-2026 15:33,04-10-2026 6:38,39.08333,>=24 hrs
03-10-2026,FMPC6553601199,KalyanHub_MUM_PL,CARGOINN +919833151515,a62bd052e40447c0,received_at_mh,West,LMA,1.00E+11,SUSAH SUPPLY CHAIN AND NETWORK PRIVATE LIMITED,Akshay KrishnaLokhande,Motherhub_SAI_4,BRSNR,KalyanHub_MUM_PL,PH-B1-MUMSAI-26964818,expected,OPENED,02-10-2026 18:31,Ashwarya Singh,02-10-2026 15:33,04-10-2026 0:55,33.36667,>=24 hrs
03-10-2026,FMPC6553339365,MalviyaNagarhub_JAI_PL,M/s SHAKTI ENTERPRISES +918441947448,8c2f5d4c4a6c47ab,received_at_mh,North,LMA,1.00E+11,Greenteck Logistics and Mobility Pvt Ltd,Rohit KumarSharma,Motherhub_JAI_BTS,BRSNR,MalviyaNagarhub_JAI_PL,PH-B2-JAIBTS-23855897,expected,OPENED,03-10-2026 1:19,Akash Sharma,02-10-2026 19:45,04-10-2026 12:37,40.86667,>=24 hrs
03-10-2026,FMPC6552632724,MiraRoadHub_MUM_PL,SAJANI PLASTIC +919870831760,3e070ded8ce74dad,received_at_mh,West,TRUEFLEX,1312339,Trueflex,Suraj Dnyaneshwer Shinde,Motherhub_SAI_5,BRSNR,MiraRoadHub_MUM_PL,PH-B3-MUMSAI5-1644652,expected,OPENED,02-10-2026 23:32,Ashwarya Singh,02-10-2026 18:45,04-10-2026 2:17,31.53333,>=24 hrs
03-10-2026,FMPC6554438495,MalviyaNagarhub_JAI_PL,M/s SHAKTI ENTERPRISES +918441947448,8c2f5d4c4a6c47ab,received_at_mh,North,LMA,1.00E+11,Greenteck Logistics and Mobility Pvt Ltd,Rohit KumarSharma,Motherhub_JAI_BTS,BRSNR,MalviyaNagarhub_JAI_PL,PH-B1-JAIBTS-23855908,expected,OPENED,03-10-2026 1:21,Akash Sharma,02-10-2026 19:45,04-10-2026 12:36,40.85,>=24 hrs
03-10-2026,FMPP4314085390,MalviyaNagarhub_JAI_PL,ARAMAE +917231913139,e64273e56dcf471d,dispatched_to_mh,North,LMA,1.00E+11,K AND K LOGISTICS,GoluBairwa,Motherhub_JAI_BTS,BRSNR,MalviyaNagarhub_JAI_PL,PH-B1-JAIBTS-23902282,expected,OPENED,03-10-2026 1:37,Akash Sharma,02-10-2026 18:45,#VALUE!,#VALUE!,#VALUE!
03-10-2026,FMPP4314680693,MiraRoadHub_MUM_PL,GYAAN TRADERS +918097719139,c013b60ca8e4490b,received_at_mh,West,TRUEFLEX,1.31E+06,Trueflex,Suraj Dnyaneshwer Shinde,Motherhub_SAI_5,BRSNR,MiraRoadHub_MUM_PL,PH-B3-MUMSAI5-1690004,expected,OPENED,02-10-2026 23:35,Ashwarya Singh,02-10-2026 18:45,04-10-2026 2:43,31.96667,>=24 hrs
03-10-2026,FMPP4313917548,MalviyaNagarhub_JAI_PL,FASHION HUB +917976570596,255a2e63af6b4392,dispatched_to_mh,North,LMA,1.00E+11,K AND K LOGISTICS,GoluBairwa,Motherhub_JAI_BTS,BRSNR,MalviyaNagarhub_JAI_PL,PH-B1-JAIBTS-23902282,expected,OPENED,03-10-2026 1:37,Akash Sharma,02-10-2026 18:45,#VALUE!,#VALUE!,#VALUE!
03-10-2026,FMPC6552990744,MalviyaNagarhub_JAI_PL,SIYA ENTERPRISES +919166453944,e89b0663f7994d22,dispatched_to_mh,North,LMA,1.00E+11,K AND K LOGISTICS,GoluBairwa,Motherhub_JAI_BTS,BRSNR,MalviyaNagarhub_JAI_PL,PH-B1-JAIBTS-23902282,expected,OPENED,03-10-2026 1:37,Akash Sharma,02-10-2026 18:45,#VALUE!,#VALUE!,#VALUE!
03-10-2026,FMPC6553624742,MiraRoadHub_MUM_PL,GYAAN TRADERS +918097719139,c013b60ca8e4490b,dispatched_to_mh,West,TRUEFLEX,1.31E+06,Trueflex,Suraj Dnyaneshwer Shinde,Motherhub_SAI_5,BRSNR,MiraRoadHub_MUM_PL,PH-B1-MUMSAI5-1689299,expected,OPENED,02-10-2026 23:33,Ashwarya Singh,02-10-2026 18:45,#VALUE!,#VALUE!,#VALUE!
03-10-2026,FMPP4314063075,MangolpuriHub_DEL_PL,ASIAN FOOTWEARS PVT.LTD. +917217777673,57f1076aa72b4ef4,dispatched_to_mh,North,TRUEFLEX,6.68E+05,Trueflex,Gurumukh Singh,MotherHub_YKB,BRSNR,MangolpuriHub_DEL_PL,PH-ZO-DELYKB-66206077,expected,OPENED,03-10-2026 0:55,Arvind Bansal (DNCR),02-10-2026 18:39,#VALUE!,#VALUE!,#VALUE!
03-10-2026,FMPC6554251463,MalviyaNagarhub_JAI_PL,TRIPTI SALES +917073680961,262909ff9fc14f50,dispatched_to_mh,North,LMA,1.00E+11,K AND K LOGISTICS,GoluBairwa,Motherhub_JAI_BTS,BRSNR,MalviyaNagarhub_JAI_PL,PH-B1-JAIBTS-23902282,expected,OPENED,03-10-2026 1:37,Akash Sharma,02-10-2026 18:45,#VALUE!,#VALUE!,#VALUE!
03-10-2026,FMPC6553163478,MalviyaNagarhub_JAI_PL,KAMLA ENTERPRISE +916350683687,bec53fd63a914c83,dispatched_to_mh,North,LMA,1.00E+11,K AND K LOGISTICS,GoluBairwa,Motherhub_JAI_BTS,BRSNR,MalviyaNagarhub_JAI_PL,PH-B1-JAIBTS-23902282,expected,OPENED,03-10-2026 1:37,Akash Sharma,02-10-2026 18:45,#VALUE!,#VALUE!,#VALUE!
03-10-2026,FMPP4313587003,MiraRoadHub_MUM_PL,ZULFIKAR +917208398974,2bb38401cbbb4fcf,received_at_mh,West,TRUEFLEX,1312339,Trueflex,Suraj Dnyaneshwer Shinde,Motherhub_SAI_4,BRSNR,MiraRoadHub_MUM_PL,PH-B2-MUMSAI-26922909,expected,OPENED,02-10-2026 23:27,Ashwarya Singh,02-10-2026 18:43,04-10-2026 3:32,32.81667,>=24 hrs
03-10-2026,FMPC6553417366,MangolpuriHub_DEL_PL,ASIAN FOOTWEARS PVT.LTD. +917217777673,57f1076aa72b4ef4,dispatched_to_mh,North,TRUEFLEX,6.68E+05,Trueflex,Gurumukh Singh,MotherHub_YKB,BRSNR,MangolpuriHub_DEL_PL,PH-ZO-DELYKB-66208227,expected,OPENED,03-10-2026 4:01,Arvind Bansal (DNCR),02-10-2026 18:39,#VALUE!,#VALUE!,#VALUE!
03-10-2026,FMPP4313732241,MalviyaNagarhub_JAI_PL,DYNAMIC DECOR +919828028172,e61fc12898b84238,received_at_mh,North,LMA,1.00E+11,K AND K LOGISTICS,GoluBairwa,Motherhub_JAI_BTS,BRSNR,MalviyaNagarhub_JAI_PL,PH-B1-JAIBTS-23902282,expected,OPENED,03-10-2026 1:37,Akash Sharma,02-10-2026 18:45,#VALUE!,#VALUE!,#VALUE!
03-10-2026,FMPC6553120776,MalviyaNagarhub_JAI_PL,M/s SHAKTI ENTERPRISES +918441947448,8c2f5d4c4a6c47ab,received_at_mh,North,LMA,1.00E+11,Greenteck Logistics and Mobility Pvt Ltd,Rohit KumarSharma,Motherhub_JAI_BTS,BRSNR,MalviyaNagarhub_JAI_PL,PH-B1-JAIBTS-23855908,expected,OPENED,03-10-2026 1:21,Akash Sharma,02-10-2026 19:45,04-10-2026 12:37,40.86667,>=24 hrs
03-10-2026,FMPC6553714329,MalviyaNagarhub_JAI_PL,M/s SHAKTI ENTERPRISES +918441947448,8c2f5d4c4a6c47ab,received_at_mh,North,LMA,1.00E+11,Greenteck Logistics and Mobility Pvt Ltd,Rohit KumarSharma,Motherhub_JAI_BTS,BRSNR,MalviyaNagarhub_JAI_PL,PH-B2-JAIBTS-23855897,expected,OPENED,03-10-2026 1:19,Akash Sharma,02-10-2026 19:45,04-10-2026 12:38,40.88333,>=24 hrs
03-10-2026,FMPC6553007646,MalviyaNagarhub_JAI_PL,DYNAMIC DECOR +919828028172,e61fc12898b84238,received_at_mh,North,LMA,1.00E+11,K AND K LOGISTICS,GoluBairwa,Motherhub_JAI_BTS,BRSNR,MalviyaNagarhub_JAI_PL,PH-B1-JAIBTS-23902282,expected,OPENED,03-10-2026 1:37,Akash Sharma,02-10-2026 18:45,#VALUE!,#VALUE!,#VALUE!
03-10-2026,FMPP4314054038,MalviyaNagarhub_JAI_PL,M/s SHAKTI ENTERPRISES +918441947448,8c2f5d4c4a6c47ab,received_at_mh,North,LMA,1.00E+11,Greenteck Logistics and Mobility Pvt Ltd,Rohit KumarSharma,Motherhub_JAI_BTS,BRSNR,MalviyaNagarhub_JAI_PL,PH-B1-JAIBTS-23855908,expected,OPENED,03-10-2026 1:21,Akash Sharma,02-10-2026 19:45,04-10-2026 12:34,40.81667,>=24 hrs
03-10-2026,FMPP4314070422,MalviyaNagarhub_JAI_PL,DYNAMIC DECOR +919828028172,e61fc12898b84238,received_at_mh,North,LMA,1.00E+11,K AND K LOGISTICS,GoluBairwa,Motherhub_JAI_BTS,BRSNR,MalviyaNagarhub_JAI_PL,PH-B1-JAIBTS-23902282,expected,OPENED,03-10-2026 1:37,Akash Sharma,02-10-2026 18:45,#VALUE!,#VALUE!,#VALUE!
03-10-2026,FMPC6553694686,MalviyaNagarhub_JAI_PL,veena enterprises +919001227571,93903e391d4b49ba,received_at_mh,North,LMA,1.00E+11,K AND K LOGISTICS,GoluBairwa,Motherhub_JAI_BTS,BRSNR,MalviyaNagarhub_JAI_PL,PH-B1-JAIBTS-23902282,expected,OPENED,03-10-2026 1:37,Akash Sharma,02-10-2026 18:45,#VALUE!,#VALUE!,#VALUE!
03-10-2026,FMPC6553725047,MiraRoadHub_MUM_PL,ZULFIKAR +917208398974,2bb38401cbbb4fcf,received_at_mh,West,TRUEFLEX,1.31E+06,Trueflex,Suraj Dnyaneshwer Shinde,Motherhub_SAI_5,BRSNR,MiraRoadHub_MUM_PL,PH-B1-MUMSAI5-1644594,expected,OPENED,02-10-2026 23:34,Ashwarya Singh,02-10-2026 18:45,04-10-2026 0:54,30.15,>=24 hrs
03-10-2026,FMPC6553970358,MangolpuriHub_DEL_PL,RAHUL ENTERPRISES +919540272571,e8ea5e98afd24889,received_at_mh,North,TRUEFLEX,5.94E+05,Trueflex,Manish Kumar,Motherhub_DIC,BRSNR,MangolpuriHub_DEL_PL,PH-B6-DELDIC-42304050,expected,OPENED,02-10-2026 22:10,Arvind Bansal (DNCR),02-10-2026 19:46,05-10-2026 8:20,60.56667,>=24 hrs
03-10-2026,FMPP4313720488,MalviyaNagarhub_JAI_PL,M/s SHAKTI ENTERPRISES +918441947448,8c2f5d4c4a6c47ab,received_at_mh,North,LMA,1.00E+11,Greenteck Logistics and Mobility Pvt Ltd,Rohit KumarSharma,Motherhub_JAI_BTS,BRSNR,MalviyaNagarhub_JAI_PL,PH-B4-JAIBTS-23855756,expected,OPENED,03-10-2026 1:20,Akash Sharma,02-10-2026 19:45,04-10-2026 12:37,40.86667,>=24 hrs
03-10-2026,FMPC6553120420,MiraRoadHub_MUM_PL,SAJANI PLASTIC +919870831760,3e070ded8ce74dad,received_at_mh,West,TRUEFLEX,1.31E+06,Trueflex,Suraj Dnyaneshwer Shinde,Motherhub_SAI_5,BRSNR,MiraRoadHub_MUM_PL,PH-B1-MUMSAI5-1644609,expected,OPENED,02-10-2026 23:32,Ashwarya Singh,02-10-2026 18:45,04-10-2026 0:46,30.01667,>=24 hrs
03-10-2026,FMPC6553591283,MiraRoadHub_MUM_PL,KERAV +918655295232,b4840dfdfd224cef,received_at_mh,West,TRUEFLEX,1312339,Trueflex,Suraj Dnyaneshwer Shinde,Motherhub_SAI_5,BRSNR,MiraRoadHub_MUM_PL,PH-B1-MUMSAI5-1689299,expected,OPENED,02-10-2026 23:33,Ashwarya Singh,02-10-2026 18:45,04-10-2026 0:46,30.01667,>=24 hrs
03-10-2026,FMPP4313968526,MalviyaNagarhub_JAI_PL,M/s SHAKTI ENTERPRISES +918441947448,8c2f5d4c4a6c47ab,received_at_mh,North,LMA,1.00E+11,Greenteck Logistics and Mobility Pvt Ltd,Rohit KumarSharma,Motherhub_JAI_BTS,BRSNR,MalviyaNagarhub_JAI_PL,PH-B4-JAIBTS-23855756,expected,OPENED,03-10-2026 1:20,Akash Sharma,02-10-2026 19:45,04-10-2026 12:39,40.9,>=24 hrs
03-10-2026,FMPP4314347855,MiraRoadHub_MUM_PL,KERAV +918655295232,b4840dfdfd224cef,received_at_mh,West,TRUEFLEX,1.31E+06,Trueflex,Suraj Dnyaneshwer Shinde,Motherhub_SAI_5,BRSNR,MiraRoadHub_MUM_PL,PH-B3-MUMSAI5-1690004,expected,OPENED,02-10-2026 23:35,Ashwarya Singh,02-10-2026 18:45,04-10-2026 2:43,31.96667,>=24 hrs
03-10-2026,FMPC6554093587,MalviyaNagarhub_JAI_PL,international cotfab +919829196474,0dff7e1556eb46d4,dispatched_to_mh,North,LMA,1.00E+11,Greenteck Logistics and Mobility Pvt Ltd,JitendraSharma,Motherhub_JAI_BTS,BRSNR,MalviyaNagarhub_JAI_PL,PH-B2-JAIBTS-23108792,expected,OPENED,03-10-2026 1:22,Akash Sharma,02-10-2026 19:45,#VALUE!,#VALUE!,#VALUE!
03-10-2026,FMPC6553351549,MalviyaNagarhub_JAI_PL,M/s SHAKTI ENTERPRISES +918441947448,8c2f5d4c4a6c47ab,received_at_mh,North,LMA,1.00E+11,Greenteck Logistics and Mobility Pvt Ltd,Rohit KumarSharma,Motherhub_JAI_BTS,BRSNR,MalviyaNagarhub_JAI_PL,PH-B4-JAIBTS-23855756,expected,OPENED,03-10-2026 1:20,Akash Sharma,02-10-2026 19:45,04-10-2026 12:38,40.88333,>=24 hrs
03-10-2026,FMPC6553543277,MiraRoadHub_MUM_PL,ZULFIKAR +917208398974,2bb38401cbbb4fcf,received_at_mh,West,TRUEFLEX,1312339,Trueflex,Suraj Dnyaneshwer Shinde,Motherhub_SAI_5,BRSNR,MiraRoadHub_MUM_PL,PH-B1-MUMSAI5-1644594,expected,OPENED,02-10-2026 23:34,Ashwarya Singh,02-10-2026 18:45,04-10-2026 0:53,30.13333,>=24 hrs
03-10-2026,FMPP4313735032,MalviyaNagarhub_JAI_PL,DYNAMIC DECOR +919828028172,e61fc12898b84238,received_at_mh,North,LMA,1.00E+11,K AND K LOGISTICS,GoluBairwa,Motherhub_JAI_BTS,BRSNR,MalviyaNagarhub_JAI_PL,PH-B1-JAIBTS-23902282,expected,OPENED,03-10-2026 1:37,Akash Sharma,02-10-2026 18:45,#VALUE!,#VALUE!,#VALUE!
03-10-2026,FMPP4314487325,MalviyaNagarhub_JAI_PL,M/s SHAKTI ENTERPRISES +918441947448,8c2f5d4c4a6c47ab,received_at_mh,North,LMA,1.00E+11,Greenteck Logistics and Mobility Pvt Ltd,Rohit KumarSharma,Motherhub_JAI_BTS,BRSNR,MalviyaNagarhub_JAI_PL,PH-B4-JAIBTS-23855756,expected,OPENED,03-10-2026 1:20,Akash Sharma,02-10-2026 19:45,04-10-2026 12:36,40.85,>=24 hrs
03-10-2026,FMPC6553145833,MalviyaNagarhub_JAI_PL,DURGA ENTERPRISES +917240274701,fd2b5efc183f4924,received_at_mh,North,LMA,1.00E+11,Greenteck Logistics and Mobility Pvt Ltd,Rohit KumarSharma,Motherhub_JAI_BTS,BRSNR,MalviyaNagarhub_JAI_PL,PH-B1-JAIBTS-23855908,expected,OPENED,03-10-2026 1:21,Akash Sharma,02-10-2026 19:45,04-10-2026 12:39,40.9,>=24 hrs
03-10-2026,FMPP4313885943,MalviyaNagarhub_JAI_PL,DYNAMIC DECOR +919828028172,e61fc12898b84238,received_at_mh,North,LMA,1.00E+11,K AND K LOGISTICS,GoluBairwa,Motherhub_JAI_BTS,BRSNR,MalviyaNagarhub_JAI_PL,PH-B1-JAIBTS-23902282,expected,OPENED,03-10-2026 1:37,Akash Sharma,02-10-2026 18:45,#VALUE!,#VALUE!,#VALUE!
03-10-2026,FMPC6554576349,MiraRoadHub_MUM_PL,KERAV +918655295232,b4840dfdfd224cef,received_at_mh,West,TRUEFLEX,1.31E+06,Trueflex,Suraj Dnyaneshwer Shinde,Motherhub_SAI_5,BRSNR,MiraRoadHub_MUM_PL,PH-B3-MUMSAI5-1690004,expected,OPENED,02-10-2026 23:35,Ashwarya Singh,02-10-2026 18:45,04-10-2026 2:43,31.96667,>=24 hrs
03-10-2026,FMPP4313734334,MalviyaNagarhub_JAI_PL,FASHION HUB +917976570596,255a2e63af6b4392,dispatched_to_mh,North,LMA,1.00E+11,K AND K LOGISTICS,GoluBairwa,Motherhub_JAI_BTS,BRSNR,MalviyaNagarhub_JAI_PL,PH-B1-JAIBTS-23902282,expected,OPENED,03-10-2026 1:37,Akash Sharma,02-10-2026 18:45,#VALUE!,#VALUE!,#VALUE!
03-10-2026,FMPP4314257980,MalviyaNagarhub_JAI_PL,SIYA ENTERPRISES +919166453944,e89b0663f7994d22,dispatched_to_mh,North,LMA,1.00E+11,K AND K LOGISTICS,GoluBairwa,Motherhub_JAI_BTS,BRSNR,MalviyaNagarhub_JAI_PL,PH-B1-JAIBTS-23902282,expected,OPENED,03-10-2026 1:37,Akash Sharma,02-10-2026 18:45,#VALUE!,#VALUE!,#VALUE!
03-10-2026,FMPC6554379211,MalviyaNagarhub_JAI_PL,DYNAMIC DECOR +919828028172,e61fc12898b84238,received_at_mh,North,LMA,1.00E+11,K AND K LOGISTICS,GoluBairwa,Motherhub_JAI_BTS,BRSNR,MalviyaNagarhub_JAI_PL,PH-B1-JAIBTS-23902282,expected,OPENED,03-10-2026 1:37,Akash Sharma,02-10-2026 18:45,#VALUE!,#VALUE!,#VALUE!
03-10-2026,FMPP4314493940,MalviyaNagarhub_JAI_PL,veena enterprises +919001227571,93903e391d4b49ba,dispatched_to_mh,North,LMA,1.00E+11,K AND K LOGISTICS,GoluBairwa,Motherhub_JAI_BTS,BRSNR,MalviyaNagarhub_JAI_PL,PH-B1-JAIBTS-23902282,expected,OPENED,03-10-2026 1:37,Akash Sharma,02-10-2026 18:45,#VALUE!,#VALUE!,#VALUE!
03-10-2026,FMPC6554288805,MiraRoadHub_MUM_PL,KERAV +918655295232,b4840dfdfd224cef,received_at_mh,West,TRUEFLEX,1312339,Trueflex,Suraj Dnyaneshwer Shinde,Motherhub_SAI_5,BRSNR,MiraRoadHub_MUM_PL,PH-B6-MUMSAI5-1689701,expected,OPENED,02-10-2026 23:33,Ashwarya Singh,02-10-2026 18:45,04-10-2026 15:02,44.28333,>=24 hrs
03-10-2026,FMPC6554366702,MiraRoadHub_MUM_PL,GYAAN TRADERS +918097719139,c013b60ca8e4490b,received_at_mh,West,TRUEFLEX,1312339,Trueflex,Suraj Dnyaneshwer Shinde,Motherhub_SAI_5,BRSNR,MiraRoadHub_MUM_PL,PH-B3-MUMSAI5-1690004,expected,OPENED,02-10-2026 23:35,Ashwarya Singh,02-10-2026 18:45,04-10-2026 2:42,31.95,>=24 hrs
03-10-2026,FMPC6553588929,Motibaghhub_DEL_PL,Vishnu Versa Enterprises +919971401438,7e82d0282c1b4156,received_at_mh,North,LMA,1.00E+11,Fastbeetle service,Nihal,Motherhub_DIC,BRSNR,Motibaghhub_DEL_PL,PH-B6-DELDIC-42462804,expected,OPENED,02-10-2026 20:38,Arvind Bansal (DNCR),02-10-2026 19:01,03-10-2026 20:33,25.53333,>=24 hrs
03-10-2026,FMPP4313335874,Motibaghhub_DEL_PL,Melbon Enterprises +919355112078,dee6c7af9b124311,received_at_mh,North,TRUEFLEX,7.26E+05,Trueflex,ROHIT GUPTA,Motherhub_JKS,BRSNR,Motibaghhub_DEL_PL,PH-B2-DELJKS-43742158,expected,OPENED,02-10-2026 23:13,Arvind Bansal (DNCR),02-10-2026 21:01,05-10-2026 0:57,51.93333,>=24 hrs
03-10-2026,FMPC6554298996,MundkaHub_DEL_PL,Panvi Enterprises +918750613760,0676f54436ea4ac7,received_at_mh,North,TRUEFLEX,9.30E+05,Trueflex,Anukalp Modanwal,MotherHub_YKB,BRSNR,MundkaHub_DEL_PL,PH-ZO-DELYKB-66071933,expected,OPENED,02-10-2026 23:00,Arvind Bansal (DNCR),02-10-2026 19:38,04-10-2026 16:57,45.31667,>=24 hrs
03-10-2026,FMPC6547757353,NajafgarhHub_DEL_PL,RV ENTERPRISES +917011126119,efb408786c644411,dispatched_to_mh,North,LMA,1.00E+11,Fastbeetle service,SharadYadav,MotherHub_YKB,BRSNR,NajafgarhHub_DEL_PL,PH-ZO-DELYKB-65963870,expected,OPENED,03-10-2026 0:22,Arvind Bansal (DNCR),02-10-2026 20:29,#VALUE!,#VALUE!,#VALUE!
03-10-2026,FMPP4314402493,PaharganjHub_DEL_PL,GREEN INDIA FABRICS +919990164606,e215c3008a664c45,received_at_mh,North,TRUEFLEX,840114,Trueflex,Mohammad Sameer,Motherhub_DIC,BRSNR,PaharganjHub_DEL_PL,PH-B1-DELDIC-42473072,expected,OPENED,02-10-2026 20:41,Arvind Bansal (DNCR),02-10-2026 18:55,04-10-2026 3:30,32.58333,>=24 hrs
03-10-2026,FMPC6554134679,PaharganjHub_DEL_PL,KESARI TRADERS +918377906546,b808211d02c444a8,dispatched_to_mh,North,TRUEFLEX,947547,Trueflex,Mahesh Kumar,Motherhub_JKS,BRSNR,PaharganjHub_DEL_PL,PH-B2-DELJKS-43742087,expected,OPENED,02-10-2026 23:09,Arvind Bansal (DNCR),02-10-2026 18:58,#VALUE!,#VALUE!,#VALUE!
03-10-2026,FMPC6553276099,NajafgarhHub_DEL_PL,pikkme +919717531363,ac5abb1c93cd48aa,dispatched_to_mh,North,LMA,1.00E+11,Greenteck Logistics and Mobility Pvt Ltd,Satyam SinghChauhan,Motherhub_JKS,BRSNR,NajafgarhHub_DEL_PL,PH-B2-DELJK8-43744231,expected,OPENED,03-10-2026 0:22,Arvind Bansal (DNCR),02-10-2026 21:05,#VALUE!,#VALUE!,#VALUE!
03-10-2026,FMPC6552872042,PaharganjHub_DEL_PL,RAMGARH MOTOR AGENCY +919999205222,90414e5959204a8c,received_at_mh,North,LMA,1.00E+11,RAMEZO ENTERPRISES,Annu,Motherhub_DIC,BRSNR,PaharganjHub_DEL_PL,PH-B6-DELDIC-42430947,expected,OPENED,02-10-2026 20:40,Arvind Bansal (DNCR),02-10-2026 18:55,04-10-2026 12:04,41.15,>=24 hrs
03-10-2026,FMPC6554014880,NehruPlaceHub_DEL_PL,NIRMAN INDUSTRIES & CO. +919318309715,274823ea05a046c1,dispatched_to_mh,North,TRUEFLEX,592273,Trueflex,Jetendra Kumar Sah,Motherhub_DIC,BRSNR,NehruPlaceHub_DEL_PL,PH-B6-DELDIC-42463053,expected,OPENED,02-10-2026 22:41,Arvind Bansal (DNCR),02-10-2026 20:10,#VALUE!,#VALUE!,#VALUE!
03-10-2026,FMPC6553433697,NehruPlaceHub_DEL_PL,M/S GEETA ELECTRONICS +918076129635,80fd33619ab84029,dispatched_to_mh,North,TRUEFLEX,798046,Trueflex,Vikesh Kaneriya,MotherHub_YKB,BRSNR,NehruPlaceHub_DEL_PL,PH-ZO-DELYKB-66200867,expected,OPENED,03-10-2026 2:08,Arvind Bansal (DNCR),02-10-2026 20:12,#VALUE!,#VALUE!,#VALUE!
03-10-2026,FMPP4314339728,NajafgarhHub_DEL_PL,pikkme +919717531363,ac5abb1c93cd48aa,received_at_mh,North,LMA,1.00E+11,Greenteck Logistics and Mobility Pvt Ltd,Satyam SinghChauhan,MotherHub_YKB,BRSNR,NajafgarhHub_DEL_PL,PH-ZO-DELYKB-66204732,expected,OPENED,03-10-2026 0:18,Arvind Bansal (DNCR),02-10-2026 20:29,04-10-2026 15:02,42.55,>=24 hrs
03-10-2026,FMPC6554263765,MundkaHub_DEL_PL,KRISHNA TRADERS +919971807854,a63b1afba8d744d1,received_at_mh,North,LMA,1.00E+11,Watsoo,Guddu,Motherhub_DIC,BRSNR,MundkaHub_DEL_PL,PH-B6-DELDIC-42449488,expected,OPENED,02-10-2026 20:51,Arvind Bansal (DNCR),02-10-2026 19:37,03-10-2026 22:23,26.76667,>=24 hrs
03-10-2026,FMPC6552912580,Motibaghhub_DEL_PL,MAHAKAL ENTERPRISES +919311853906,403cd1f248e94d0a,dispatched_to_mh,North,LMA,1.00E+11,Fastbeetle service,MdShamim,MotherHub_YKB,BRSNR,Motibaghhub_DEL_PL,PH-ZO-DELYKB-66200312,expected,OPENED,02-10-2026 23:29,Arvind Bansal (DNCR),02-10-2026 18:41,#VALUE!,#VALUE!,#VALUE!
03-10-2026,FMPP4314160059,NajafgarhHub_DEL_PL,Shakya Enterprise +919773951349,68c2bc71b7b7412e,received_at_mh,North,LMA,1.00E+11,Sitics,Md.Ahsaan,Motherhub_DIC,BRSNR,NajafgarhHub_DEL_PL,PH-B6-DELDIC-42177630,expected,OPENED,02-10-2026 21:23,Arvind Bansal (DNCR),02-10-2026 20:06,04-10-2026 1:13,29.11667,>=24 hrs
03-10-2026,FMPP4314495767,PaharganjHub_DEL_PL,KESARI TRADERS +918377906546,b808211d02c444a8,dispatched_to_mh,North,TRUEFLEX,9.48E+05,Trueflex,Mahesh Kumar,Motherhub_JKS,BRSNR,PaharganjHub_DEL_PL,PH-B2-DELJKS-43742087,expected,OPENED,02-10-2026 23:09,Arvind Bansal (DNCR),02-10-2026 18:58,#VALUE!,#VALUE!,#VALUE!
03-10-2026,FMPP4313723997,NehruPlaceHub_DEL_PL,PARAFLIK +917011601374,2983033b160b4331,received_at_mh,North,LMA,2195651,#N/A,#N/A,MotherHub_YKB,BRSNR,NehruPlaceHub_DEL_PL,PH-ZO-DELYKB-66204982,expected,OPENED,03-10-2026 2:03,Arvind Bansal (DNCR),02-10-2026 20:12,05-10-2026 19:21,71.15,>=24 hrs
03-10-2026,FMPC6552944203,Motibaghhub_DEL_PL,MAHAKAL ENTERPRISES +919311853906,403cd1f248e94d0a,dispatched_to_mh,North,LMA,1.00E+11,Fastbeetle service,MdShamim,Motherhub_DIC,BRSNR,Motibaghhub_DEL_PL,PH-B4-DELDIC-42462809,expected,OPENED,02-10-2026 20:35,Arvind Bansal (DNCR),02-10-2026 19:01,#VALUE!,#VALUE!,#VALUE!
03-10-2026,FMPC6552880820,Motibaghhub_DEL_PL,Vishnu Versa Enterprises +919971401438,7e82d0282c1b4156,received_at_ph,North,LMA,1.00E+11,Fastbeetle service,MdShamim,Motherhub_DIC,BRSNR,Motibaghhub_DEL_PL,PH-B1-DELDIC-42462815,expected,OPENED,02-10-2026 20:40,Arvind Bansal (DNCR),#VALUE!,#VALUE!,#VALUE!,#VALUE!
03-10-2026,FMPP4313833581,PaharganjHub_DEL_PL,KESARI TRADERS +918377906546,b808211d02c444a8,dispatched_to_mh,North,TRUEFLEX,9.48E+05,Trueflex,Mahesh Kumar,Motherhub_JKS,BRSNR,PaharganjHub_DEL_PL,PH-B2-DELJKS-43742087,expected,OPENED,02-10-2026 23:09,Arvind Bansal (DNCR),02-10-2026 18:58,#VALUE!,#VALUE!,#VALUE!
03-10-2026,FMPC6393506948,Motibaghhub_DEL_PL,KGN ENTERPRISES +919968225051,fb9b07610d444c21,dispatched_to_mh,North,EKART,4.13E+06,EKART,Raghav Jha,Motherhub_JKS,BRSNR,Motibaghhub_DEL_PL,PH-B2-DELJKS-43742158,expected,OPENED,02-10-2026 23:13,Arvind Bansal (DNCR),02-10-2026 21:01,#VALUE!,#VALUE!,#VALUE!
03-10-2026,FMPC6553677110,MundkaHub_DEL_PL,Electronics Crafts +918448270672,657f865ecfb14c2a,received_at_mh,North,LMA,1.00E+11,Watsoo,Guddu,MotherHub_YKB,BRSNR,MundkaHub_DEL_PL,PH-ZO-DELYKB-65405294,expected,OPENED,02-10-2026 22:59,Arvind Bansal (DNCR),02-10-2026 19:38,04-10-2026 17:15,45.61667,>=24 hrs
03-10-2026,FMPC6554286925,NehruPlaceHub_DEL_PL,HINDVEDIC WELLNESS PRIVATE LIMITED +919891021921,c813d486cba14e2e,dispatched_to_mh,North,TRUEFLEX,798046,Trueflex,Vikesh Kaneriya,Motherhub_JKS,BRSNR,NehruPlaceHub_DEL_PL,PH-B2-DELJKS-43742835,expected,OPENED,03-10-2026 0:52,Arvind Bansal (DNCR),02-10-2026 20:13,#VALUE!,#VALUE!,#VALUE!
03-10-2026,FMPC6553303150,PaharganjHub_DEL_PL,KESARI TRADERS +918377906546,b808211d02c444a8,dispatched_to_mh,North,TRUEFLEX,947547,Trueflex,Mahesh Kumar,Motherhub_JKS,BRSNR,PaharganjHub_DEL_PL,PH-B2-DELJKS-43742087,expected,OPENED,02-10-2026 23:09,Arvind Bansal (DNCR),02-10-2026 18:58,#VALUE!,#VALUE!,#VALUE!
03-10-2026,FMPP4309675109,Motibaghhub_DEL_PL,CASUAL COVERS +918743875146,1c49fc23439e4358,dispatched_to_mh,North,LMA,1.00E+11,Greenteck Logistics and Mobility Pvt Ltd,Vikas,Motherhub_JKS,BRSNR,Motibaghhub_DEL_PL,PH-B2-DELJKS-43742158,expected,OPENED,02-10-2026 23:13,Arvind Bansal (DNCR),02-10-2026 21:01,#VALUE!,#VALUE!,#VALUE!
03-10-2026,FMPC6418416885,Motibaghhub_DEL_PL,KUDOS LABORATORIES INDIA LIMITED +918588882237,ba3c35bd9f684e77,dispatched_to_mh,North,LMA,1.00E+11,We Innovate Business Solutions Pvt Ltd,Rahul,Motherhub_JKS,BRSNR,Motibaghhub_DEL_PL,PH-B2-DELJKS-43742158,expected,OPENED,02-10-2026 23:13,Arvind Bansal (DNCR),02-10-2026 21:01,#VALUE!,#VALUE!,#VALUE!
03-10-2026,FMPP4313834093,NajafgarhHub_DEL_PL,JMD ABHAVYA +918766279124,dd16f27fe25f4f73,received_at_mh,North,TRUEFLEX,589994,Trueflex,NA,Motherhub_JKS,BRSNR,NajafgarhHub_DEL_PL,PH-B2-DELJKS-43744107,expected,OPENED,03-10-2026 0:22,Arvind Bansal (DNCR),02-10-2026 21:05,#VALUE!,#VALUE!,#VALUE!
03-10-2026,FMPC6553594140,NajafgarhHub_DEL_PL,DEV ENTERPRISES 8826149305,188542ee97174e8c,dispatched_to_mh,North,LMA,1.00E+11,Sitics,MdChand,MotherHub_YKB,BRSNR,NajafgarhHub_DEL_PL,PH-ZO-DELYKB-66165933,expected,OPENED,03-10-2026 0:22,Arvind Bansal (DNCR),02-10-2026 20:29,#VALUE!,#VALUE!,#VALUE!
03-10-2026,FMPP4313882154,PrahladPur_DEL_PL,MR. GAGAN DEV SAH +916203404114,dee456bc6a524231,dispatched_to_mh,North,LMA,1.00E+11,Greenteck Logistics and Mobility Pvt Ltd,Mohit KumarGoswami,Motherhub_DIC,BRSNR,PrahladPur_DEL_PL,PH-B4-DELDIC-42401180,expected,OPENED,03-10-2026 0:23,Arvind Bansal (DNCR),02-10-2026 20:39,#VALUE!,#VALUE!,#VALUE!
03-10-2026,FMPC6552726379,PrahladPur_DEL_PL,INFINITY ENTERPRISES +918368520636,7991ee75cb90442c,dispatched_to_mh,North,LMA,1.00E+11,Greenteck Logistics and Mobility Pvt Ltd,Mohit KumarGoswami,MotherHub_YKB,BRSNR,PrahladPur_DEL_PL,PH-ZO-DELYKB-66148097,expected,OPENED,03-10-2026 7:50,Arvind Bansal (DNCR),02-10-2026 18:26,#VALUE!,#VALUE!,#VALUE!
03-10-2026,FMPP4314084188,PrahladPur_DEL_PL,INFINITY ENTERPRISES +918368520636,7991ee75cb90442c,dispatched_to_mh,North,LMA,1.00E+11,Greenteck Logistics and Mobility Pvt Ltd,Mohit KumarGoswami,MotherHub_YKB,BRSNR,PrahladPur_DEL_PL,PH-ZO-DELYKB-66148097,expected,OPENED,03-10-2026 7:50,Arvind Bansal (DNCR),02-10-2026 18:26,#VALUE!,#VALUE!,#VALUE!
03-10-2026,FMPC6553272107,PrahladPur_DEL_PL,AADVIK MERCHANDISE +917906776216,d11d42a0c9624d9d,received_at_mh,North,LMA,1.00E+11,WHEELEY,SameerPatra,MotherHub_YKB,BRSNR,PrahladPur_DEL_PL,PH-ZO-DELYKB-66130142,expected,OPENED,02-10-2026 22:45,Arvind Bansal (DNCR),02-10-2026 18:26,04-10-2026 15:06,44.66667,>=24 hrs
03-10-2026,FMPC6554283958,SectorVHub_KOL_PL,PLANTIFY +917001944572,342a9bfc77ff44e5,dispatched_to_mh,East,LMA,4.38E+06,#N/A,#N/A,Motherhub_HRN,BRSNR,SectorVHub_KOL_PL,PH-B3-KOLHRN-8038378,expected,OPENED,03-10-2026 0:34,Somnath G,02-10-2026 21:40,#VALUE!,#VALUE!,#VALUE!
03-10-2026,FMPC6553759729,SakinakaHub_MUM_PL,SAMEEP ENTERPRISE +917039817831,885f41d307ab4e4b,dispatched_to_mh,West,TRUEFLEX,3.39E+06,Trueflex,#N/A,Motherhub_SAI_4,BRSNR,SakinakaHub_MUM_PL,PH-B2-MUMSAI-26932954,expected,OPENED,02-10-2026 22:21,Ashwarya Singh,02-10-2026 18:47,#VALUE!,#VALUE!,#VALUE!
03-10-2026,FMPC6554032708,Rohinihub_DEL_PL,MM Enterprises +917827424443,6af62ddd5e864861,dispatched_to_mh,North,LMA,1.00E+11,We Innovate Business Solutions Pvt Ltd,SONUKUMAR,MotherHub_YKB,BRSNR,Rohinihub_DEL_PL,PH-ZO-DELYKB-65206558,expected,OPENED,03-10-2026 0:40,Arvind Bansal (DNCR),02-10-2026 20:15,#VALUE!,#VALUE!,#VALUE!
03-10-2026,FMPP4314072002,SakinakaHub_MUM_PL,Shivom Files +918850027269,bc968fd749f0427b,received_at_mh,West,TRUEFLEX,1.40E+06,Trueflex,Rijbi Ansari,Motherhub_SAI_4,BRSNR,SakinakaHub_MUM_PL,PH-B2-MUMSAI-26981201,expected,OPENED,02-10-2026 22:21,Ashwarya Singh,02-10-2026 18:47,04-10-2026 3:49,33.03333,>=24 hrs
03-10-2026,FMPC6554072833,SahibabadHub_DEL_PL,ISK ENTERPRISES +919717555629,d9795051b98d40ec,dispatched_to_mh,North,EKART,3284676,EKART,Ram Singh Yadav,MotherHub_YKB,BRSNR,SahibabadHub_DEL_PL,PH-ZO-DELYKB-65892038,expected,OPENED,03-10-2026 1:42,Arvind Bansal (DNCR),02-10-2026 19:25,#VALUE!,#VALUE!,#VALUE!
03-10-2026,FMPC6552798185,PrahladPur_DEL_PL,KOTTY LIFESTYLE PVT LTD +918510022244,qsm29nukm5dhxgl9,dispatched_to_mh,North,TRUEFLEX,5.94E+05,Trueflex,NA,MotherHub_YKB,BRSNR,PrahladPur_DEL_PL,PH-ZO-DELYKB-66204141,expected,OPENED,02-10-2026 22:53,Arvind Bansal (DNCR),02-10-2026 18:26,#VALUE!,#VALUE!,#VALUE!
03-10-2026,FMPC6554424659,SakinakaHub_MUM_PL,Shivom Files +918850027269,bc968fd749f0427b,received_at_mh,West,TRUEFLEX,1.40E+06,Trueflex,Rijbi Ansari,Motherhub_SAI_4,BRSNR,SakinakaHub_MUM_PL,PH-B2-MUMSAI-26981201,expected,OPENED,02-10-2026 22:21,Ashwarya Singh,02-10-2026 18:47,04-10-2026 3:49,33.03333,>=24 hrs
03-10-2026,FMPC6553385357,PrahladPur_DEL_PL,ANDREY ENTERPRISES +919625486459,e737d666956d41a3,dispatched_to_mh,North,LMA,1.00E+11,WHEELEY,SameerPatra,Motherhub_DIC,BRSNR,PrahladPur_DEL_PL,PH-B6-DELDIC-42379435,expected,OPENED,03-10-2026 0:31,Arvind Bansal (DNCR),02-10-2026 20:39,#VALUE!,#VALUE!,#VALUE!
03-10-2026,FMPC6553364844,Rohinihub_DEL_PL,Heritage Shoes +919582491753,a0a4096a03534f4a,dispatched_to_mh,North,LMA,1.00E+11,RAMEZO ENTERPRISES,Suraj,Motherhub_JKS,BRSNR,Rohinihub_DEL_PL,PH-B2-DELJKS-43690499,expected,OPENED,03-10-2026 1:07,Arvind Bansal (DNCR),02-10-2026 20:17,#VALUE!,#VALUE!,#VALUE!
03-10-2026,FMPC6553285804,SakinakaHub_MUM_PL,SAMEEP ENTERPRISE +917039817831,885f41d307ab4e4b,dispatched_to_mh,West,TRUEFLEX,3391465,Trueflex,#N/A,Motherhub_SAI_5,BRSNR,SakinakaHub_MUM_PL,PH-B6-MUMSAI5-1657004,expected,OPENED,02-10-2026 22:48,Ashwarya Singh,02-10-2026 18:32,#VALUE!,#VALUE!,#VALUE!
03-10-2026,FMPP4313634581,Pitampurahub_DEL_PL,Glam India +918569915405,21058188c13a4420,dispatched_to_mh,North,LMA,1.00E+11,Greenteck Logistics and Mobility Pvt Ltd,RoopChand,Motherhub_DIC,BRSNR,Pitampurahub_DEL_PL,PH-B1-DELDIC-41801461,expected,OPENED,02-10-2026 21:45,Arvind Bansal (DNCR),02-10-2026 19:41,#VALUE!,#VALUE!,#VALUE!
03-10-2026,FMPC6554445837,PrahladPur_DEL_PL,INFINITY ENTERPRISES +918368520636,7991ee75cb90442c,dispatched_to_mh,North,LMA,1.00E+11,Greenteck Logistics and Mobility Pvt Ltd,Mohit KumarGoswami,Motherhub_JKS,BRSNR,PrahladPur_DEL_PL,PH-B2-DELJKS-43679224,expected,OPENED,03-10-2026 1:34,Arvind Bansal (DNCR),02-10-2026 20:46,#VALUE!,#VALUE!,#VALUE!
03-10-2026,FMPC6554377578,Pitampurahub_DEL_PL,NANHI ENTERPRISES +918800847205,af0fa9caa9604f2c,dispatched_to_mh,North,LMA,1.00E+11,E2E LOGISTIC SOLUTION,AmandeepSingh,Motherhub_DIC,BRSNR,Pitampurahub_DEL_PL,PH-B4-DELDIC-42453485,expected,OPENED,02-10-2026 21:43,Arvind Bansal (DNCR),02-10-2026 19:41,#VALUE!,#VALUE!,#VALUE!
03-10-2026,FMPP4314234673,Rohinihub_DEL_PL,GLAM21 COSMETICS +917838553201,85c1ac0c774144a6,received_at_mh,North,LMA,1.00E+11,WHEELEY,Nizam,Motherhub_DIC,BRSNR,Rohinihub_DEL_PL,PH-B6-DELDIC-42469314,expected,OPENED,02-10-2026 22:28,Arvind Bansal (DNCR),02-10-2026 20:18,03-10-2026 21:59,25.68333,>=24 hrs
03-10-2026,FMPC6553118440,PrahladPur_DEL_PL,KOTTY LIFESTYLE PVT LTD +918510022244,qsm29nukm5dhxgl9,dispatched_to_mh,North,TRUEFLEX,593501,Trueflex,NA,Motherhub_JKS,BRSNR,PrahladPur_DEL_PL,PH-B2-DELJKS-43745873,expected,OPENED,03-10-2026 1:29,Arvind Bansal (DNCR),02-10-2026 20:46,#VALUE!,#VALUE!,#VALUE!
03-10-2026,FMPC6554403177,Rohinihub_DEL_PL,COMPUTER AND GADGETS PERIPHERALS +919582547163,6c1b84bd3311493e,received_at_mh,North,LMA,1.00E+11,Watsoo,SatishKumar,Motherhub_DIC,BRSNR,Rohinihub_DEL_PL,PH-B6-DELDIC-42451170,expected,OPENED,02-10-2026 22:25,Arvind Bansal (DNCR),02-10-2026 20:18,04-10-2026 0:11,27.88333,>=24 hrs
03-10-2026,FMPP4313970952,SectorVHub_KOL_PL,ANUPAMA BIONATURALS PVT LTD +916292135929,1adaaacb5dae43be,dispatched_to_mh,East,LMA,1.00E+11,WERCATALYST VENTURES PVT LTD,SUBHAJITDAS,Motherhub_HRN,BRSNR,SectorVHub_KOL_PL,PH-B3-KOLHRN-8062798,expected,OPENED,03-10-2026 0:30,Somnath G,02-10-2026 21:40,#VALUE!,#VALUE!,#VALUE!
03-10-2026,FMPC6552810832,Ramaroadhub_DEL_PL,JAYANT ENTERPRISES +919643600575,8475056953b54791,dispatched_to_mh,North,LMA,1.00E+11,WHEELEY,SandeepKumar,MotherHub_YKB,BRSNR,Ramaroadhub_DEL_PL,PH-ZO-DELYKB-66173185,expected,OPENED,02-10-2026 23:01,Arvind Bansal (DNCR),02-10-2026 17:13,#VALUE!,#VALUE!,#VALUE!
03-10-2026,FMPC6552806155,PrahladPur_DEL_PL,MR. GAGAN DEV SAH +916203404114,dee456bc6a524231,dispatched_to_mh,North,LMA,1.00E+11,Greenteck Logistics and Mobility Pvt Ltd,Mohit KumarGoswami,Motherhub_DIC,BRSNR,PrahladPur_DEL_PL,PH-B6-DELDIC-42244642,expected,OPENED,03-10-2026 0:26,Arvind Bansal (DNCR),02-10-2026 20:39,#VALUE!,#VALUE!,#VALUE!
03-10-2026,FMPC6553165055,SakinakaHub_MUM_PL,ALRA Enterprises +917484917718,e2d9e1f95f3f4b0d,dispatched_to_mh,West,EKART,3.60E+06,EKART,VIKAS DINESH GUPTA,Motherhub_SAI_4,BRSNR,SakinakaHub_MUM_PL,PH-B4-MUMSAI-26598000,expected,OPENED,02-10-2026 22:23,Ashwarya Singh,02-10-2026 18:47,#VALUE!,#VALUE!,#VALUE!
03-10-2026,FMPC6552823196,PrahladPur_DEL_PL,KOTTY LIFESTYLE PVT LTD +918510022244,qsm29nukm5dhxgl9,dispatched_to_mh,North,TRUEFLEX,593501,Trueflex,NA,MotherHub_YKB,BRSNR,PrahladPur_DEL_PL,PH-ZO-DELYKB-66204133,expected,OPENED,02-10-2026 22:47,Arvind Bansal (DNCR),02-10-2026 18:26,#VALUE!,#VALUE!,#VALUE!
03-10-2026,FMPC6553407094,Pitampurahub_DEL_PL,SHARMA'S BUSINESS +917827139966,8c8d3d3829c4427a,dispatched_to_mh,North,LMA,1.00E+11,Greenteck Logistics and Mobility Pvt Ltd,RoopChand,MotherHub_YKB,BRSNR,Pitampurahub_DEL_PL,PH-ZO-DELYKB-66188482,expected,OPENED,02-10-2026 23:36,Arvind Bansal (DNCR),02-10-2026 19:54,#VALUE!,#VALUE!,#VALUE!
03-10-2026,FMPC6552842562,Pitampurahub_DEL_PL,UDAY STEEL +919625173180,4241977652964137,dispatched_to_mh,North,TRUEFLEX,5.90E+05,Trueflex,Dinesh Kumar,Motherhub_DIC,BRSNR,Pitampurahub_DEL_PL,PH-B1-DELDIC-42452750,expected,OPENED,02-10-2026 21:45,Arvind Bansal (DNCR),02-10-2026 19:41,#VALUE!,#VALUE!,#VALUE!
03-10-2026,FMPC6554248971,SakinakaHub_MUM_PL,SAMEEP ENTERPRISE +917039817831,885f41d307ab4e4b,dispatched_to_mh,West,TRUEFLEX,3.39E+06,Trueflex,#N/A,Motherhub_SAI_5,BRSNR,SakinakaHub_MUM_PL,PH-B6-MUMSAI5-1657004,expected,OPENED,02-10-2026 22:48,Ashwarya Singh,02-10-2026 18:32,#VALUE!,#VALUE!,#VALUE!
03-10-2026,FMPC6553227458,SahibabadHub_DEL_PL,ISK ENTERPRISES +919717555629,d9795051b98d40ec,dispatched_to_mh,North,EKART,2.04E+06,EKART,Kuldeep Singh,MotherHub_YKB,BRSNR,SahibabadHub_DEL_PL,PH-ZO-DELYKB-65892038,expected,OPENED,03-10-2026 1:42,Arvind Bansal (DNCR),02-10-2026 19:25,#VALUE!,#VALUE!,#VALUE!
03-10-2026,FMPC6553806917,PrahladPur_DEL_PL,KOTTY LIFESTYLE PVT LTD +918510022244,qsm29nukm5dhxgl9,dispatched_to_mh,North,TRUEFLEX,593501,Trueflex,NA,MotherHub_YKB,BRSNR,PrahladPur_DEL_PL,PH-ZO-DELYKB-66204133,expected,OPENED,02-10-2026 22:47,Arvind Bansal (DNCR),02-10-2026 18:26,#VALUE!,#VALUE!,#VALUE!
03-10-2026,FMPP4314071479,SakinakaHub_MUM_PL,ALRA Enterprises +917484917718,e2d9e1f95f3f4b0d,dispatched_to_mh,West,EKART,3.60E+06,EKART,VIKAS DINESH GUPTA,Motherhub_SAI_5,BRSNR,SakinakaHub_MUM_PL,PH-B1-MUMSAI-26597810,expected,OPENED,02-10-2026 21:12,Ashwarya Singh,02-10-2026 18:32,#VALUE!,#VALUE!,#VALUE!
03-10-2026,FMPC6553008479,SahibabadHub_DEL_PL,kosher traders +919958158914,5juw7hab2hf2d3zj,received_at_mh,North,LMA,1.00E+11,Greenteck Logistics and Mobility Pvt Ltd,SawanKumar,Motherhub_DIC,BRSNR,SahibabadHub_DEL_PL,PH-B6-DELDIC-42437480,expected,OPENED,02-10-2026 22:39,Arvind Bansal (DNCR),02-10-2026 19:21,03-10-2026 22:22,27.01667,>=24 hrs
03-10-2026,FMPC6553360385,Sewrihub_Mum_PL,GOOD STAR +919136689262,3c1ecf43c5644c55,dispatched_to_mh,West,LMA,1.00E+11,Loadshare,Samadhan AnandaShedge,Motherhub_SAI_5,BRSNR,Sewrihub_Mum_PL,PH-B3-MUMSAI5-1683015,expected,OPENED,02-10-2026 22:15,Ashwarya Singh,02-10-2026 18:09,#VALUE!,#VALUE!,#VALUE!
03-10-2026,FMPP4314180996,Sewrihub_Mum_PL,JHOLAWALA +919102347896,382e2701cfcc4103,dispatched_to_mh,West,LMA,1.00E+11,ZS LOGISTICS,MdSalman,Motherhub_SAI_5,BRSNR,Sewrihub_Mum_PL,PH-B3-MUMSAI5-1697523,expected,OPENED,02-10-2026 23:54,Ashwarya Singh,02-10-2026 20:42,#VALUE!,#VALUE!,#VALUE!
03-10-2026,FMPC6553307712,Sewrihub_Mum_PL,Wonder Trade 8299806670,64afe8305d414870,dispatched_to_mh,West,TRUEFLEX,591550,Trueflex,Vivek Bapu Khatal,Motherhub_SAI_5,BRSNR,Sewrihub_Mum_PL,PH-B1-MUMSAI5-1681900,expected,OPENED,02-10-2026 23:34,Ashwarya Singh,02-10-2026 20:42,#VALUE!,#VALUE!,#VALUE!
03-10-2026,FMPC6553155795,Sewrihub_Mum_PL,N S ENTERPRISES +918102375850,e715deaf90b54520,received_at_mh,West,LMA,1.00E+11,Loadshare,MohammadAmir,Motherhub_SAI_5,BRSNR,Sewrihub_Mum_PL,PH-B6-MUMSAI5-1696271,expected,OPENED,02-10-2026 21:41,Ashwarya Singh,02-10-2026 17:38,04-10-2026 16:00,46.36667,>=24 hrs
03-10-2026,FMPC6554433343,Sewrihub_Mum_PL,CRAVE ONLINE +919594556901,7ab69a16abab484f,received_at_mh,West,LMA,1.00E+11,Loadshare,Shahzeb Alam,Motherhub_SAI_5,BRSNR,Sewrihub_Mum_PL,PH-B3-MUMSAI5-1697805,expected,OPENED,03-10-2026 1:24,Ashwarya Singh,02-10-2026 19:27,04-10-2026 10:59,39.53333,>=24 hrs
03-10-2026,FMPC6554521900,Sewrihub_Mum_PL,RAJA READYMADE +919892629892,b21e2b5e9244472d,received_at_mh,West,LMA,1.00E+11,ZS LOGISTICS,UshamanNadaf,Motherhub_SAI_5,BRSNR,Sewrihub_Mum_PL,PH-B1-MUMSAI5-1694539,expected,OPENED,03-10-2026 0:52,Ashwarya Singh,02-10-2026 19:27,#VALUE!,#VALUE!,#VALUE!
03-10-2026,FMPP4314230179,Sewrihub_Mum_PL,JHOLAWALA +919102347896,382e2701cfcc4103,dispatched_to_mh,West,LMA,1.00E+11,ZS LOGISTICS,MdSalman,Motherhub_SAI_5,BRSNR,Sewrihub_Mum_PL,PH-B3-MUMSAI5-1697522,expected,OPENED,02-10-2026 23:54,Ashwarya Singh,02-10-2026 20:42,#VALUE!,#VALUE!,#VALUE!
03-10-2026,FMPC6554552351,Sewrihub_Mum_PL,RED DIAMOND +919266365705,4b1cfe23ee39458f,received_at_mh,West,TRUEFLEX,5.92E+05,Trueflex,Vivek Bapu Khatal,Motherhub_SAI_5,BRSNR,Sewrihub_Mum_PL,PH-B1-MUMSAI5-1682590,expected,OPENED,02-10-2026 23:54,Ashwarya Singh,02-10-2026 20:42,04-10-2026 7:49,35.11667,>=24 hrs
03-10-2026,FMPP4314391742,Sewrihub_Mum_PL,JUSTIFY ENTERPRISE +919892658792,bdd5a6587c89497e,received_at_mh,West,LMA,1.00E+11,Loadshare,Mo JishanKhan,Motherhub_SAI_5,BRSNR,Sewrihub_Mum_PL,PH-B1-MUMSAI5-1694352,expected,OPENED,03-10-2026 0:50,Ashwarya Singh,02-10-2026 19:27,05-10-2026 3:45,56.3,>=24 hrs
03-10-2026,FMPC6553844269,Sewrihub_Mum_PL,Mosajc Luxe +919594135449,1b1276df8c364a05,received_at_mh,West,LMA,1.00E+11,ZS LOGISTICS,UshamanNadaf,Motherhub_SAI_5,BRSNR,Sewrihub_Mum_PL,PH-B3-MUMSAI5-1697831,expected,OPENED,03-10-2026 1:13,Ashwarya Singh,02-10-2026 19:27,05-10-2026 4:46,57.31667,>=24 hrs
03-10-2026,FMPC6554552383,Sewrihub_Mum_PL,RED DIAMOND +919266365705,4b1cfe23ee39458f,received_at_mh,West,TRUEFLEX,5.92E+05,Trueflex,Vivek Bapu Khatal,Motherhub_SAI_4,BRSNR,Sewrihub_Mum_PL,PH-B2-MUMSAI-26960256,expected,OPENED,02-10-2026 23:13,Ashwarya Singh,02-10-2026 20:46,04-10-2026 4:07,31.35,>=24 hrs
03-10-2026,FMPC6553484674,Sewrihub_Mum_PL,RAJA READYMADE +919892629892,b21e2b5e9244472d,received_at_mh,West,LMA,1.00E+11,ZS LOGISTICS,UshamanNadaf,Motherhub_SAI_5,BRSNR,Sewrihub_Mum_PL,PH-B1-MUMSAI5-1694539,expected,OPENED,03-10-2026 0:52,Ashwarya Singh,02-10-2026 19:27,04-10-2026 9:52,38.41667,>=24 hrs
03-10-2026,FMPC6554461985,Sewrihub_Mum_PL,RED DIAMOND +918840199255,0c4b47f85b5846a1,received_at_mh,West,TRUEFLEX,591550,Trueflex,Vivek Bapu Khatal,Motherhub_SAI_5,BRSNR,Sewrihub_Mum_PL,PH-B6-MUMSAI5-1683396,expected,OPENED,02-10-2026 23:32,Ashwarya Singh,02-10-2026 20:42,05-10-2026 17:05,68.38333,>=24 hrs
03-10-2026,FMPP4314610316,Sewrihub_Mum_PL,RAJA READYMADE +919892629892,b21e2b5e9244472d,received_at_mh,West,LMA,1.00E+11,ZS LOGISTICS,UshamanNadaf,Motherhub_SAI_5,BRSNR,Sewrihub_Mum_PL,PH-B1-MUMSAI5-1694539,expected,OPENED,03-10-2026 0:52,Ashwarya Singh,02-10-2026 19:27,04-10-2026 9:52,38.41667,>=24 hrs
03-10-2026,FMPC6552894016,Sewrihub_Mum_PL,SUPER S +919892321232,f2a772ff8a514a6b,dispatched_to_mh,West,LMA,1.00E+11,Loadshare,Samadhan AnandaShedge,Motherhub_SAI_4,BRSNR,Sewrihub_Mum_PL,PH-B4-MUMSAI-26974060,expected,OPENED,02-10-2026 23:41,Ashwarya Singh,02-10-2026 19:35,#VALUE!,#VALUE!,#VALUE!
03-10-2026,FMPC6553974384,Sewrihub_Mum_PL,RED DIAMOND +918840199255,0c4b47f85b5846a1,dispatched_to_mh,West,TRUEFLEX,591550,Trueflex,Vivek Bapu Khatal,Motherhub_SAI_5,BRSNR,Sewrihub_Mum_PL,PH-B1-MUMSAI5-1681897,expected,OPENED,02-10-2026 23:32,Ashwarya Singh,02-10-2026 20:42,#VALUE!,#VALUE!,#VALUE!
03-10-2026,FMPC6554596381,Sewrihub_Mum_PL,RAJA READYMADE +919892629892,b21e2b5e9244472d,received_at_mh,West,LMA,1.00E+11,ZS LOGISTICS,UshamanNadaf,Motherhub_SAI_5,BRSNR,Sewrihub_Mum_PL,PH-B1-MUMSAI5-1694539,expected,OPENED,03-10-2026 0:52,Ashwarya Singh,02-10-2026 19:27,04-10-2026 9:52,38.41667,>=24 hrs
03-10-2026,FMPP4314040198,Sewrihub_Mum_PL,SELF DESIRE +918603144617,47034b83812b440a,dispatched_to_mh,West,LMA,1.00E+11,ZS LOGISTICS,MdSalman,Motherhub_SAI_5,BRSNR,Sewrihub_Mum_PL,PH-B1-MUMSAI5-1694429,expected,OPENED,02-10-2026 23:41,Ashwarya Singh,02-10-2026 20:42,#VALUE!,#VALUE!,#VALUE!
03-10-2026,FMPC6553545178,Sewrihub_Mum_PL,RED DIAMOND +918840199255,0c4b47f85b5846a1,dispatched_to_mh,West,TRUEFLEX,5.92E+05,Trueflex,Vivek Bapu Khatal,Motherhub_SAI_5,BRSNR,Sewrihub_Mum_PL,PH-B6-MUMSAI5-1683394,expected,OPENED,02-10-2026 23:33,Ashwarya Singh,02-10-2026 20:42,#VALUE!,#VALUE!,#VALUE!
03-10-2026,FMPC6554373620,Sewrihub_Mum_PL,MH Creation 9967508586,759b4e7587ea425f,dispatched_to_mh,West,LMA,1.00E+11,Loadshare,Maruti AnandaJadhav,Motherhub_SAI_5,BRSNR,Sewrihub_Mum_PL,PH-B6-MUMSAI5-1696257,expected,OPENED,03-10-2026 1:12,Ashwarya Singh,02-10-2026 19:27,#VALUE!,#VALUE!,#VALUE!
03-10-2026,FMPC6553989380,Sewrihub_Mum_PL,Mosajc Luxe +919594135449,1b1276df8c364a05,received_at_mh,West,LMA,1.00E+11,ZS LOGISTICS,UshamanNadaf,Motherhub_SAI_4,BRSNR,Sewrihub_Mum_PL,PH-B2-MUMSAI-26960262,expected,OPENED,02-10-2026 23:30,Ashwarya Singh,02-10-2026 19:35,05-10-2026 2:14,54.65,>=24 hrs
03-10-2026,FMPC6554552365,Sewrihub_Mum_PL,RED DIAMOND +919266365705,4b1cfe23ee39458f,received_at_mh,West,TRUEFLEX,5.92E+05,Trueflex,Vivek Bapu Khatal,Motherhub_SAI_5,BRSNR,Sewrihub_Mum_PL,PH-B6-MUMSAI5-1683398,expected,OPENED,02-10-2026 23:54,Ashwarya Singh,02-10-2026 20:42,04-10-2026 13:56,41.23333,>=24 hrs
03-10-2026,FMPC6553822458,Sewrihub_Mum_PL,RED DIAMOND +918840199255,0c4b47f85b5846a1,dispatched_to_mh,West,TRUEFLEX,591550,Trueflex,Vivek Bapu Khatal,Motherhub_SAI_5,BRSNR,Sewrihub_Mum_PL,PH-B1-MUMSAI5-1681897,expected,OPENED,02-10-2026 23:32,Ashwarya Singh,02-10-2026 20:42,#VALUE!,#VALUE!,#VALUE!
03-10-2026,FMPC6553510458,Sewrihub_Mum_PL,ZEN STAR +919967416096,5318e98286c94a3c,dispatched_to_mh,West,LMA,1.00E+11,ZS LOGISTICS,Mohammad Shoeib BashirKhan,Motherhub_SAI_5,BRSNR,Sewrihub_Mum_PL,PH-B6-MUMSAI5-1633973,expected,OPENED,02-10-2026 21:46,Ashwarya Singh,02-10-2026 17:38,#VALUE!,#VALUE!,#VALUE!
03-10-2026,FMPP4314008506,Sewrihub_Mum_PL,SAIF DESIRE +919076102681,671d7f9abc244db0,dispatched_to_mh,West,LMA,1.00E+11,ZS LOGISTICS,MdSalman,Motherhub_SAI_5,BRSNR,Sewrihub_Mum_PL,PH-B1-MUMSAI5-1694429,expected,OPENED,02-10-2026 23:41,Ashwarya Singh,02-10-2026 20:42,#VALUE!,#VALUE!,#VALUE!
03-10-2026,FMPP4314709928,Sewrihub_Mum_PL,RED DIAMOND +919266365705,4b1cfe23ee39458f,received_at_mh,West,TRUEFLEX,5.92E+05,Trueflex,Vivek Bapu Khatal,Motherhub_SAI_5,BRSNR,Sewrihub_Mum_PL,PH-B6-MUMSAI5-1683398,expected,OPENED,02-10-2026 23:54,Ashwarya Singh,02-10-2026 20:42,04-10-2026 13:57,41.25,>=24 hrs
03-10-2026,FMPC6554203352,Sewrihub_Mum_PL,SELF DESIRE +918603144617,47034b83812b440a,dispatched_to_mh,West,LMA,1.00E+11,ZS LOGISTICS,MdSalman,Motherhub_SAI_5,BRSNR,Sewrihub_Mum_PL,PH-B3-MUMSAI5-1697520,expected,OPENED,02-10-2026 23:41,Ashwarya Singh,02-10-2026 20:42,#VALUE!,#VALUE!,#VALUE!
03-10-2026,FMPC6554425926,SitapuraHub_JAI_PL,LAWA MART +918005752521,8692dd07bb034745,received_at_mh,North,LMA,1.00E+11,WHEELEY,JagdishKushwah,Motherhub_JAI_BTS,BRSNR,SitapuraHub_JAI_PL,PH-B2-JAIBTS-24078502,expected,OPENED,03-10-2026 0:03,Akash Sharma,02-10-2026 20:14,04-10-2026 12:17,40.05,>=24 hrs
03-10-2026,FMPC6552748313,SitapuraHub_JAI_PL,INDIDRESS +919694706929,26739a10a61a4a9b,received_at_mh,North,LMA,1.00E+11,Transwide Express,LakhanPrajapat,Motherhub_JAI_BTS,BRSNR,SitapuraHub_JAI_PL,PH-B3-JAIBTS-24050663,expected,OPENED,02-10-2026 23:57,Akash Sharma,02-10-2026 20:14,04-10-2026 11:02,38.8,>=24 hrs
03-10-2026,FMPC6552993125,SitapuraHub_JAI_PL,INDIDRESS +919694706929,26739a10a61a4a9b,dispatched_to_mh,North,LMA,1.00E+11,Transwide Express,LakhanPrajapat,Motherhub_JAI_BTS,BRSNR,SitapuraHub_JAI_PL,PH-B3-JAIBTS-24050663,expected,OPENED,02-10-2026 23:57,Akash Sharma,02-10-2026 20:14,#VALUE!,#VALUE!,#VALUE!
03-10-2026,FMPP4314362250,SitapuraHub_JAI_PL,INDIDRESS +919694706929,26739a10a61a4a9b,dispatched_to_mh,North,LMA,1.00E+11,Transwide Express,LakhanPrajapat,Motherhub_JAI_BTS,BRSNR,SitapuraHub_JAI_PL,PH-B3-JAIBTS-24050663,expected,OPENED,02-10-2026 23:57,Akash Sharma,02-10-2026 20:14,#VALUE!,#VALUE!,#VALUE!
03-10-2026,FMPP4314028424,SitapuraHub_JAI_PL,Ramveer Singh Garments +918562803120,71660430315b4e7f,received_at_mh,North,LMA,1.00E+11,WHEELEY,Rakesh KumarMeghwanshi,Motherhub_JAI_BTS,BRSNR,SitapuraHub_JAI_PL,PH-B3-JAIBTS-24050449,expected,OPENED,03-10-2026 0:08,Akash Sharma,02-10-2026 20:14,04-10-2026 2:28,30.23333,>=24 hrs
03-10-2026,FMPP4313996807,SitapuraHub_JAI_PL,BHAGWATI TEXTILES +917877802434,1fb0a23e59a043e1,received_at_mh,North,TRUEFLEX,5.94E+05,Trueflex,Kamlesh Kumar Meena,Motherhub_JAI_BTS,BRSNR,SitapuraHub_JAI_PL,PH-B2-JAIBTS-23945578,expected,OPENED,03-10-2026 0:09,Akash Sharma,02-10-2026 20:14,04-10-2026 12:45,40.51667,>=24 hrs
03-10-2026,FMPP4314328482,SitapuraHub_JAI_PL,BHADRIYAA TEXTILES +919785655530,2767c93903de49e8,dispatched_to_mh,North,LMA,1.00E+11,Transwide Express,AbhishekSaini,Motherhub_JAI_BTS,BRSNR,SitapuraHub_JAI_PL,PH-B2-JAIBTS-24050572,expected,OPENED,02-10-2026 23:55,Akash Sharma,02-10-2026 20:14,#VALUE!,#VALUE!,#VALUE!
03-10-2026,FMPP4314727121,SitapuraHub_JAI_PL,ECOHAD.COM +919672309993,3a0c3537651b4279,dispatched_to_mh,North,LMA,1.00E+11,We Innovate Business Solutions Pvt Ltd,RAHUL,Motherhub_JAI_BTS,BRSNR,SitapuraHub_JAI_PL,PH-B4-JAIBTS-23264133,expected,OPENED,03-10-2026 1:36,Akash Sharma,02-10-2026 21:35,#VALUE!,#VALUE!,#VALUE!
03-10-2026,FMPC6554323775,SitapuraHub_JAI_PL,BHADRIYAA TEXTILES +919785655530,2767c93903de49e8,dispatched_to_mh,North,LMA,1.00E+11,Transwide Express,AbhishekSaini,Motherhub_JAI_BTS,BRSNR,SitapuraHub_JAI_PL,PH-B3-JAIBTS-24050655,expected,OPENED,02-10-2026 23:56,Akash Sharma,02-10-2026 20:14,#VALUE!,#VALUE!,#VALUE!
03-10-2026,FMPC6553230128,SitapuraHub_JAI_PL,BHADRIYAA TEXTILES +919785655530,2767c93903de49e8,dispatched_to_mh,North,LMA,1.00E+11,Transwide Express,AbhishekSaini,Motherhub_JAI_BTS,BRSNR,SitapuraHub_JAI_PL,PH-B3-JAIBTS-24050655,expected,OPENED,02-10-2026 23:56,Akash Sharma,02-10-2026 20:14,#VALUE!,#VALUE!,#VALUE!
03-10-2026,FMPC6552756169,SitapuraHub_JAI_PL,INDIDRESS +919694706929,26739a10a61a4a9b,received_at_mh,North,LMA,1.00E+11,Transwide Express,LakhanPrajapat,Motherhub_JAI_BTS,BRSNR,SitapuraHub_JAI_PL,PH-ZO-JAIBTS-23274689,expected,OPENED,02-10-2026 23:57,Akash Sharma,02-10-2026 20:14,04-10-2026 11:02,38.8,>=24 hrs
03-10-2026,FMPP4314109860,SitapuraHub_JAI_PL,Neel Fashion +918279231490,697b32d92ee44759,received_at_mh,North,TRUEFLEX,593873,Trueflex,Kamlesh Kumar Meena,Motherhub_JAI_BTS,BRSNR,SitapuraHub_JAI_PL,PH-B3-JAIBTS-23548692,expected,OPENED,03-10-2026 0:09,Akash Sharma,02-10-2026 20:14,04-10-2026 12:47,40.55,>=24 hrs
03-10-2026,FMPC6554148529,SitapuraHub_JAI_PL,TMC collection +919694944991,edc0f97f876444fc,dispatched_to_mh,North,LMA,1.00E+11,Transwide Express,LakhanPrajapat,Motherhub_JAI_BTS,BRSNR,SitapuraHub_JAI_PL,PH-B3-JAIBTS-24050663,expected,OPENED,02-10-2026 23:57,Akash Sharma,02-10-2026 20:14,#VALUE!,#VALUE!,#VALUE!
03-10-2026,FMPC6552805985,SitapuraHub_JAI_PL,INDIDRESS +919694706929,26739a10a61a4a9b,received_at_mh,North,LMA,1.00E+11,Transwide Express,LakhanPrajapat,Motherhub_JAI_BTS,BRSNR,SitapuraHub_JAI_PL,PH-B2-JAIBTS-23644125,expected,OPENED,02-10-2026 23:55,Akash Sharma,02-10-2026 20:14,04-10-2026 11:02,38.8,>=24 hrs
03-10-2026,FMPC6553103577,SitapuraHub_JAI_PL,BHADRIYAA TEXTILES +919785655530,2767c93903de49e8,dispatched_to_mh,North,LMA,1.00E+11,Transwide Express,AbhishekSaini,Motherhub_JAI_BTS,BRSNR,SitapuraHub_JAI_PL,PH-B3-JAIBTS-24050655,expected,OPENED,02-10-2026 23:56,Akash Sharma,02-10-2026 20:14,#VALUE!,#VALUE!,#VALUE!
03-10-2026,FMPC6553594529,SitapuraHub_JAI_PL,INDIDRESS +919694706929,26739a10a61a4a9b,dispatched_to_mh,North,LMA,1.00E+11,Transwide Express,LakhanPrajapat,Motherhub_JAI_BTS,BRSNR,SitapuraHub_JAI_PL,PH-B3-JAIBTS-24050663,expected,OPENED,02-10-2026 23:57,Akash Sharma,02-10-2026 20:14,#VALUE!,#VALUE!,#VALUE!
03-10-2026,FMPC6554307157,SitapuraHub_JAI_PL,Akshara Fashion +917412856068,1711e3544aa04efe,received_at_mh,North,TRUEFLEX,5.94E+05,Trueflex,Kamlesh Kumar Meena,Motherhub_JAI_BTS,BRSNR,SitapuraHub_JAI_PL,PH-B2-JAIBTS-23945578,expected,OPENED,03-10-2026 0:09,Akash Sharma,02-10-2026 20:14,04-10-2026 12:49,40.58333,>=24 hrs
03-10-2026,FMPC6553243662,SitapuraHub_JAI_PL,BHADRIYAA TEXTILES +919785655530,2767c93903de49e8,dispatched_to_mh,North,LMA,1.00E+11,Transwide Express,AbhishekSaini,Motherhub_JAI_BTS,BRSNR,SitapuraHub_JAI_PL,PH-B3-JAIBTS-24050655,expected,OPENED,02-10-2026 23:56,Akash Sharma,02-10-2026 20:14,#VALUE!,#VALUE!,#VALUE!
03-10-2026,FMPP4314367996,SitapuraHub_JAI_PL,PRADHAN GROUP +918302220258,c132d2529c1e4c80,received_at_mh,North,LMA,1.00E+11,Transwide Express,AbhishekSaini,Motherhub_JAI_BTS,BRSNR,SitapuraHub_JAI_PL,PH-B3-JAIBTS-24050667,expected,OPENED,02-10-2026 23:54,Akash Sharma,02-10-2026 20:14,04-10-2026 1:48,29.56667,>=24 hrs
03-10-2026,FMPC6554410317,SitapuraHub_JAI_PL,BHADRIYAA TEXTILES +919785655530,2767c93903de49e8,dispatched_to_mh,North,LMA,1.00E+11,Transwide Express,AbhishekSaini,Motherhub_JAI_BTS,BRSNR,SitapuraHub_JAI_PL,PH-B3-JAIBTS-24050655,expected,OPENED,02-10-2026 23:56,Akash Sharma,02-10-2026 20:14,#VALUE!,#VALUE!,#VALUE!
03-10-2026,FMPC6553380020,ThaneHub_MUM_PL,THE GIFTING TREE +919820690360,284280248c5347a5,received_at_mh,West,EKART,3.61E+06,EKART,Dilip Rambahadur Tiwari,Motherhub_SAI_4,BRSNR,ThaneHub_MUM_PL,PH-B2-MUMSAI-26982633,expected,OPENED,02-10-2026 19:11,Ashwarya Singh,02-10-2026 17:07,04-10-2026 1:57,32.83333,>=24 hrs
03-10-2026,FMPC6553361709,ThaneHub_MUM_PL,THE GIFTING TREE +919820690360,284280248c5347a5,received_at_mh,West,EKART,3608756,EKART,Dilip Rambahadur Tiwari,Motherhub_SAI_4,BRSNR,ThaneHub_MUM_PL,PH-B6-MUMSAI-26982651,expected,OPENED,02-10-2026 19:11,Ashwarya Singh,02-10-2026 17:07,04-10-2026 1:03,31.93333,>=24 hrs
03-10-2026,FMPP4314703874,ThaneHub_MUM_PL,Sapna dresses +919699196979,ih7i41qb8bkdsczd,dispatched_to_mh,West,EKART,4.35E+06,EKART,Ganesh Ramadas Chaudhari,Motherhub_SAI_4,BRSNR,ThaneHub_MUM_PL,PH-B1-MUMSAI-26972072,expected,OPENED,02-10-2026 19:06,Ashwarya Singh,02-10-2026 17:07,#VALUE!,#VALUE!,#VALUE!
03-10-2026,FMPP4313933136,ThaneHub_MUM_PL,THE GIFTING TREE +919820690360,284280248c5347a5,received_at_mh,West,EKART,3.61E+06,EKART,Dilip Rambahadur Tiwari,Motherhub_SAI_4,BRSNR,ThaneHub_MUM_PL,PH-B1-MUMSAI-26982606,expected,OPENED,02-10-2026 19:10,Ashwarya Singh,02-10-2026 17:07,04-10-2026 0:55,31.8,>=24 hrs
03-10-2026,FMPC6553162185,UttamNagarHub_DEL_PL,MAM INDIA +918285941415,1dd22352b08d4c0f,dispatched_to_mh,North,LMA,1.00E+11,Fastbeetle service,Rohan,MotherHub_YKB,BRSNR,UttamNagarHub_DEL_PL,PH-ZO-DELYKB-66203481,expected,OPENED,02-10-2026 23:51,Arvind Bansal (DNCR),02-10-2026 20:55,#VALUE!,#VALUE!,#VALUE!
03-10-2026,FMPC6554320191,ThaneHub_MUM_PL,KNM ENTERPRISE +919930766463,cdd24de93d79423a,received_at_mh,West,EKART,4.03E+06,EKART,EJAS ANSAR KHAN,Motherhub_SAI_4,BRSNR,ThaneHub_MUM_PL,PH-B1-MUMSAI-26981962,expected,OPENED,02-10-2026 19:09,Ashwarya Singh,02-10-2026 17:07,04-10-2026 1:40,32.55,>=24 hrs
03-10-2026,FMPC6554237027,UttamNagarHub_DEL_PL,Alright Retail +919716922590,94b206bd0b364d57,received_at_mh,North,LMA,1.00E+11,WERCATALYST VENTURES PVT LTD,MithunMetho,MotherHub_YKB,BRSNR,UttamNagarHub_DEL_PL,PH-ZO-DELYKB-65715830,expected,OPENED,03-10-2026 0:03,Arvind Bansal (DNCR),02-10-2026 20:55,05-10-2026 3:52,54.95,>=24 hrs
03-10-2026,FMPC6553330855,ThaneHub_MUM_PL,THE GIFTING TREE +919820690360,284280248c5347a5,received_at_mh,West,EKART,3.61E+06,EKART,Dilip Rambahadur Tiwari,Motherhub_SAI_4,BRSNR,ThaneHub_MUM_PL,PH-B1-MUMSAI-26982606,expected,OPENED,02-10-2026 19:10,Ashwarya Singh,02-10-2026 17:07,04-10-2026 1:03,31.93333,>=24 hrs
03-10-2026,FMPC6553525702,UttamNagarHub_DEL_PL,DHINGRA ENTERPRISES +919131072068,3bf07bcc733e4645,received_at_mh,North,LMA,1.00E+11,Fastbeetle service,Rohan,MotherHub_YKB,BRSNR,UttamNagarHub_DEL_PL,PH-ZO-DELYKB-66203484,expected,OPENED,03-10-2026 0:02,Arvind Bansal (DNCR),02-10-2026 20:55,04-10-2026 15:05,42.16667,>=24 hrs
03-10-2026,FMPP4313920789,ThaneHub_MUM_PL,THE GIFTING TREE +919820690360,284280248c5347a5,received_at_mh,West,EKART,3.61E+06,EKART,Dilip Rambahadur Tiwari,Motherhub_SAI_4,BRSNR,ThaneHub_MUM_PL,PH-B6-MUMSAI-26982651,expected,OPENED,02-10-2026 19:11,Ashwarya Singh,02-10-2026 17:07,04-10-2026 2:05,32.96667,>=24 hrs
03-10-2026,FMPC6554333491,UttamNagarHub_DEL_PL,Spike Retail +917011527399,675d5f5141a14fd4,received_at_mh,North,LMA,1.00E+11,WERCATALYST VENTURES PVT LTD,MithunMetho,MotherHub_YKB,BRSNR,UttamNagarHub_DEL_PL,PH-ZO-DELYKB-65715830,expected,OPENED,03-10-2026 0:03,Arvind Bansal (DNCR),02-10-2026 20:55,05-10-2026 3:29,54.56667,>=24 hrs
03-10-2026,FMPC6552681328,UttamNagarHub_DEL_PL,GR Businesses +919650687258,d5d8c84e3e6a4a5c,dispatched_to_mh,North,TRUEFLEX,7.87E+05,Trueflex,Ankit Mathur,Motherhub_DIC,BRSNR,UttamNagarHub_DEL_PL,PH-B6-DELDIC-40621268,expected,OPENED,02-10-2026 22:20,Arvind Bansal (DNCR),02-10-2026 20:37,#VALUE!,#VALUE!,#VALUE!
03-10-2026,FMPC6553206197,VKIAHub_JAI_PL,HONEY ENTERPRISES +919530158812,a34bfd632f534992,dispatched_to_mh,North,LMA,1.00E+11,We Innovate Business Solutions Pvt Ltd,Vishnu KumarSwarnkar,Motherhub_JAI_BTS,BRSNR,VKIAHub_JAI_PL,PH-B3-JAIBTS-24054020,expected,OPENED,02-10-2026 22:06,Akash Sharma,02-10-2026 20:02,#VALUE!,#VALUE!,#VALUE!
03-10-2026,FMPC6554272624,VKIAHub_JAI_PL,R S GROUPS +916375285276,6d9a4e0053ee45cb,received_at_mh,North,LMA,1.00E+11,Vxpress,Sandeep KumarBidawat,Motherhub_JAI_BTS,BRSNR,VKIAHub_JAI_PL,PH-B1-JAIBTS-23958406,expected,OPENED,02-10-2026 21:00,Akash Sharma,02-10-2026 20:21,04-10-2026 22:27,50.1,>=24 hrs
03-10-2026,FMPP4314738645,VKIAHub_JAI_PL,PRS JEWELLERS +917014977348,ff11f938657848a7,received_at_mh,North,LMA,1.00E+11,Vxpress,MohammadFarook,Motherhub_JAI_BTS,BRSNR,VKIAHub_JAI_PL,PH-B4-JAIBTS-23487097,expected,OPENED,03-10-2026 1:34,Akash Sharma,02-10-2026 21:19,04-10-2026 11:50,38.51667,>=24 hrs
03-10-2026,FMPC6554135900,VKIAHub_JAI_PL,R S GROUPS +916375285276,6d9a4e0053ee45cb,received_at_mh,North,LMA,1.00E+11,Vxpress,Sandeep KumarBidawat,Motherhub_JAI_BTS,BRSNR,VKIAHub_JAI_PL,PH-B4-JAIBTS-23958469,expected,OPENED,02-10-2026 21:00,Akash Sharma,02-10-2026 20:21,04-10-2026 22:29,50.13333,>=24 hrs
03-10-2026,FMPP4314396116,VKIAHub_JAI_PL,ISHANK Fashion Hub +919251258564,425f9d1380614042,dispatched_to_mh,North,LMA,1.00E+11,We Innovate Business Solutions Pvt Ltd,Pushpendra SinghGurjar,Motherhub_JAI_BTS,BRSNR,VKIAHub_JAI_PL,PH-B2-JAIBTS-23725095,expected,OPENED,02-10-2026 22:11,Akash Sharma,02-10-2026 20:02,#VALUE!,#VALUE!,#VALUE!
03-10-2026,FMPC6552767497,VKIAHub_JAI_PL,R S GROUPS +916375285276,6d9a4e0053ee45cb,received_at_mh,North,LMA,1.00E+11,Vxpress,Sandeep KumarBidawat,Motherhub_JAI_BTS,BRSNR,VKIAHub_JAI_PL,PH-ZO-JAIBTS-23958721,expected,OPENED,02-10-2026 21:00,Akash Sharma,02-10-2026 20:21,05-10-2026 0:32,52.18333,>=24 hrs
03-10-2026,FMPC6553350295,VasundharaHub_DEL_PL,Ossify +919310629315,ccc39bb1092a4296,dispatched_to_mh,North,LMA,1.00E+11,Loadshare,PrashantGiri,MotherHub_YKB,BRSNR,VasundharaHub_DEL_PL,PH-ZO-DELYKB-66188935,expected,OPENED,03-10-2026 0:16,Arvind Bansal (DNCR),02-10-2026 21:16,#VALUE!,#VALUE!,#VALUE!
03-10-2026,FMPC6554307021,VKIAHub_JAI_PL,OM PACKERS +919257281931,621192f197d246e3,received_at_mh,North,LMA,1.00E+11,We Innovate Business Solutions Pvt Ltd,Pushpendra SinghGurjar,Motherhub_JAI_BTS,BRSNR,VKIAHub_JAI_PL,PH-B1-JAIBTS-23994467,expected,OPENED,02-10-2026 22:45,Akash Sharma,02-10-2026 18:08,04-10-2026 11:15,41.11667,>=24 hrs
03-10-2026,FMPP4313883170,VKIAHub_JAI_PL,ISHANK Fashion Hub +919251258564,425f9d1380614042,dispatched_to_mh,North,LMA,1.00E+11,We Innovate Business Solutions Pvt Ltd,Pushpendra SinghGurjar,Motherhub_JAI_BTS,BRSNR,VKIAHub_JAI_PL,PH-B1-JAIBTS-23759829,expected,OPENED,02-10-2026 22:16,Akash Sharma,02-10-2026 20:02,#VALUE!,#VALUE!,#VALUE!
03-10-2026,FMPC6553079079,VKIAHub_JAI_PL,ISHANK Fashion Hub +919251258564,425f9d1380614042,dispatched_to_mh,North,LMA,1.00E+11,We Innovate Business Solutions Pvt Ltd,Pushpendra SinghGurjar,Motherhub_JAI_BTS,BRSNR,VKIAHub_JAI_PL,PH-B2-JAIBTS-23725095,expected,OPENED,02-10-2026 22:11,Akash Sharma,02-10-2026 20:02,#VALUE!,#VALUE!,#VALUE!
03-10-2026,FMPC6554628033,VKIAHub_JAI_PL,CAPIO ART 9929152222,deedbf7c9fcf44a7,received_at_mh,North,TRUEFLEX,1.28E+06,Trueflex,Rakesh Kumar Saini,Motherhub_JAI_BTS,BRSNR,VKIAHub_JAI_PL,PH-B3-JAIBTS-24089537,expected,OPENED,03-10-2026 1:23,Akash Sharma,02-10-2026 21:19,04-10-2026 2:16,28.95,>=24 hrs
03-10-2026,FMPP4314523881,VKIAHub_JAI_PL,OM PACKERS +919257281931,621192f197d246e3,received_at_mh,North,LMA,1.00E+11,We Innovate Business Solutions Pvt Ltd,Pushpendra SinghGurjar,Motherhub_JAI_BTS,BRSNR,VKIAHub_JAI_PL,PH-B2-JAIBTS-23279736,expected,OPENED,02-10-2026 22:45,Akash Sharma,02-10-2026 18:08,04-10-2026 12:03,41.91667,>=24 hrs
03-10-2026,FMPC6554403629,VKIAHub_JAI_PL,DKG SALES +917737010156,c5850e8e0f9c4838,dispatched_to_mh,North,LMA,1.00E+11,We Innovate Business Solutions Pvt Ltd,NarendraSingh,Motherhub_JAI_BTS,BRSNR,VKIAHub_JAI_PL,PH-B4-JAIBTS-23639376,expected,OPENED,02-10-2026 22:41,Akash Sharma,02-10-2026 18:08,#VALUE!,#VALUE!,#VALUE!
03-10-2026,FMPC6552875014,VKIAHub_JAI_PL,KS COLLECTIONS +917073400207,fa6afeacd111428b,received_at_mh,North,LMA,1.00E+11,We Innovate Business Solutions Pvt Ltd,Aashish ChandrapalYadav,Motherhub_JAI_BTS,BRSNR,VKIAHub_JAI_PL,PH-B3-JAIBTS-24045919,expected,OPENED,02-10-2026 23:13,Akash Sharma,02-10-2026 18:08,03-10-2026 23:49,29.68333,>=24 hrs
03-10-2026,FMPC6554256317,VKIAHub_JAI_PL,M/S BORIS HERBAL & PERSONAL CARE +916378457180,6ca2a6c23bc340f1,dispatched_to_mh,North,TRUEFLEX,1.26E+06,Trueflex,Naresh Kumar,Motherhub_JAI_BTS,BRSNR,VKIAHub_JAI_PL,PH-B3-JAIBTS-23919627,expected,OPENED,03-10-2026 1:31,Akash Sharma,02-10-2026 21:19,#VALUE!,#VALUE!,#VALUE!
03-10-2026,FMPC6554057701,VKIAHub_JAI_PL,AGRAWAL TRADERS +917732971964,5414dd46af0945f6,received_at_mh,North,LMA,1.00E+11,Greenteck Logistics and Mobility Pvt Ltd,ParvejKhan,Motherhub_JAI_BTS,BRSNR,VKIAHub_JAI_PL,PH-B3-JAIBTS-24091096,expected,OPENED,03-10-2026 1:29,Akash Sharma,02-10-2026 21:19,05-10-2026 0:43,51.4,>=24 hrs
03-10-2026,FMPP4314523866,VKIAHub_JAI_PL,OM PACKERS +919257281931,621192f197d246e3,received_at_mh,North,LMA,1.00E+11,We Innovate Business Solutions Pvt Ltd,Pushpendra SinghGurjar,Motherhub_JAI_BTS,BRSNR,VKIAHub_JAI_PL,PH-B1-JAIBTS-23994467,expected,OPENED,02-10-2026 22:45,Akash Sharma,02-10-2026 18:08,04-10-2026 12:37,42.48333,>=24 hrs
03-10-2026,FMPP4314437882,VKIAHub_JAI_PL,ISHANK Fashion Hub +919251258564,425f9d1380614042,dispatched_to_mh,North,LMA,1.00E+11,We Innovate Business Solutions Pvt Ltd,Pushpendra SinghGurjar,Motherhub_JAI_BTS,BRSNR,VKIAHub_JAI_PL,PH-B2-JAIBTS-23725095,expected,OPENED,02-10-2026 22:11,Akash Sharma,02-10-2026 20:02,#VALUE!,#VALUE!,#VALUE!
03-10-2026,FMPP4314493939,VKIAHub_JAI_PL,DHEERAAY +917852018495,0025a0f216d5476a,received_at_mh,North,LMA,1.00E+11,We Innovate Business Solutions Pvt Ltd,Pushpendra SinghGurjar,Motherhub_JAI_BTS,BRSNR,VKIAHub_JAI_PL,PH-B1-JAIBTS-23994467,expected,OPENED,02-10-2026 22:45,Akash Sharma,02-10-2026 18:08,04-10-2026 12:39,42.51667,>=24 hrs
03-10-2026,FMPC6554299138,VKIAHub_JAI_PL,MAHAGAURI ENTERPRISES +919518638064,d23c605be7e54877,dispatched_to_mh,North,LMA,1.00E+11,SHRI SAI PARCEL,AmarchandGurjar,Motherhub_JAI_BTS,BRSNR,VKIAHub_JAI_PL,PH-B1-JAIBTS-23784943,expected,OPENED,03-10-2026 1:16,Akash Sharma,02-10-2026 21:19,#VALUE!,#VALUE!,#VALUE!
03-10-2026,FMPC6552766837,VKIAHub_JAI_PL,SRAV ADVISORS +917737546058,204ea225e4fd4293,received_at_mh,North,LMA,1.00E+11,Greenteck Logistics and Mobility Pvt Ltd,Prakash ChandNayak,Motherhub_JAI_BTS,BRSNR,VKIAHub_JAI_PL,PH-B1-JAIBTS-24023137,expected,OPENED,02-10-2026 22:13,Akash Sharma,02-10-2026 18:08,04-10-2026 12:24,42.26667,>=24 hrs
03-10-2026,FMPC6553058721,VKIAHub_JAI_PL,ISHANK Fashion Hub +919251258564,425f9d1380614042,dispatched_to_mh,North,LMA,1.00E+11,We Innovate Business Solutions Pvt Ltd,Pushpendra SinghGurjar,Motherhub_JAI_BTS,BRSNR,VKIAHub_JAI_PL,PH-B2-JAIBTS-23725095,expected,OPENED,02-10-2026 22:11,Akash Sharma,02-10-2026 20:02,#VALUE!,#VALUE!,#VALUE!
03-10-2026,FMPC6554273307,VKIAHub_JAI_PL,DHEERAAY +917852018495,0025a0f216d5476a,received_at_mh,North,LMA,1.00E+11,We Innovate Business Solutions Pvt Ltd,Pushpendra SinghGurjar,Motherhub_JAI_BTS,BRSNR,VKIAHub_JAI_PL,PH-B2-JAIBTS-23279736,expected,OPENED,02-10-2026 22:45,Akash Sharma,02-10-2026 18:08,04-10-2026 12:00,41.86667,>=24 hrs
03-10-2026,FMPC6553319969,VKIAHub_JAI_PL,SACHIN MAHALA +919549708367,fe2dd5f1ab764bc4,dispatched_to_mh,North,LMA,1.00E+11,Vxpress,Sandeep KumarBidawat,Motherhub_JAI_BTS,BRSNR,VKIAHub_JAI_PL,PH-B3-JAIBTS-23958446,expected,OPENED,02-10-2026 21:00,Akash Sharma,02-10-2026 20:21,#VALUE!,#VALUE!,#VALUE!
03-10-2026,FMPC6554067753,VKIAHub_JAI_PL,ISHANK Fashion Hub +919251258564,425f9d1380614042,dispatched_to_mh,North,LMA,1.00E+11,We Innovate Business Solutions Pvt Ltd,Pushpendra SinghGurjar,Motherhub_JAI_BTS,BRSNR,VKIAHub_JAI_PL,PH-B2-JAIBTS-23725095,expected,OPENED,02-10-2026 22:11,Akash Sharma,02-10-2026 20:02,#VALUE!,#VALUE!,#VALUE!
03-10-2026,FMPC6552842984,VKIAHub_JAI_PL,KS COLLECTIONS +917073400207,fa6afeacd111428b,dispatched_to_mh,North,LMA,1.00E+11,We Innovate Business Solutions Pvt Ltd,Aashish ChandrapalYadav,Motherhub_JAI_BTS,BRSNR,VKIAHub_JAI_PL,PH-B1-JAIBTS-23711124,expected,OPENED,02-10-2026 23:20,Akash Sharma,02-10-2026 18:08,#VALUE!,#VALUE!,#VALUE!
03-10-2026,FMPC6552866952,VKIAHub_JAI_PL,KS COLLECTIONS +917073400207,fa6afeacd111428b,received_at_mh,North,LMA,1.00E+11,We Innovate Business Solutions Pvt Ltd,Aashish ChandrapalYadav,Motherhub_JAI_BTS,BRSNR,VKIAHub_JAI_PL,PH-B2-JAIBTS-24045854,expected,OPENED,02-10-2026 23:14,Akash Sharma,02-10-2026 18:08,04-10-2026 12:45,42.61667,>=24 hrs
03-10-2026,FMPC6553342937,VasundharaHub_DEL_PL,Ossify +919310629315,ccc39bb1092a4296,dispatched_to_mh,North,LMA,1.00E+11,Loadshare,PrashantGiri,Motherhub_DIC,BRSNR,VasundharaHub_DEL_PL,PH-B6-DELDIC-42469678,expected,OPENED,03-10-2026 1:42,Arvind Bansal (DNCR),02-10-2026 21:12,#VALUE!,#VALUE!,#VALUE!
03-10-2026,FMPP4314631513,VKIAHub_JAI_PL,CAPIO ART 9929152222,deedbf7c9fcf44a7,received_at_mh,North,TRUEFLEX,1.28E+06,Trueflex,Rakesh Kumar Saini,Motherhub_JAI_BTS,BRSNR,VKIAHub_JAI_PL,PH-B2-JAIBTS-23966097,expected,OPENED,03-10-2026 1:33,Akash Sharma,02-10-2026 21:19,04-10-2026 10:22,37.05,>=24 hrs
03-10-2026,FMPC6552131142,VashiHub_MUM_PL,ARYAN ENTERPRISES +917039652824,3e63ebafb7ea4861,dispatched_to_mh,West,TRUEFLEX,4.33E+06,Trueflex,#N/A,Motherhub_SAI_4,BRSNR,VashiHub_MUM_PL,PH-B4-MUMSAI-26868059,expected,OPENED,02-10-2026 23:41,Ashwarya Singh,02-10-2026 18:47,#VALUE!,#VALUE!,#VALUE!
03-10-2026,FMPC6552857758,VKIAHub_JAI_PL,KS COLLECTIONS +917073400207,fa6afeacd111428b,received_at_mh,North,LMA,1.00E+11,We Innovate Business Solutions Pvt Ltd,Aashish ChandrapalYadav,Motherhub_JAI_BTS,BRSNR,VKIAHub_JAI_PL,PH-B3-JAIBTS-24045919,expected,OPENED,02-10-2026 23:13,Akash Sharma,02-10-2026 18:08,03-10-2026 23:50,29.7,>=24 hrs
03-10-2026,FMPC6553703840,VasundharaHub_DEL_PL,AY GLOBAL ENTERPRISES +918178676315,cb77aee9b2214433,dispatched_to_mh,North,LMA,1.00E+11,Loadshare,PrashantGiri,MotherHub_YKB,BRSNR,VasundharaHub_DEL_PL,PH-ZO-DELYKB-66205687,expected,OPENED,03-10-2026 0:16,Arvind Bansal (DNCR),02-10-2026 21:16,#VALUE!,#VALUE!,#VALUE!
03-10-2026,FMPP4313929439,VasundharaHub_DEL_PL,Laxmi Enterprises +919818283978,d49741339f254d41,dispatched_to_mh,North,LMA,1.00E+11,Loadshare,PrashantGiri,MotherHub_YKB,BRSNR,VasundharaHub_DEL_PL,PH-ZO-DELYKB-66188935,expected,OPENED,03-10-2026 0:16,Arvind Bansal (DNCR),02-10-2026 21:16,#VALUE!,#VALUE!,#VALUE!
03-10-2026,FMPP4314636450,VKIAHub_JAI_PL,SUMITRA ENTERPRISES +919680722947,39302718f74c4d6b,received_at_mh,North,LMA,1.00E+11,Vxpress,Sandeep KumarBidawat,Motherhub_JAI_BTS,BRSNR,VKIAHub_JAI_PL,PH-B2-JAIBTS-23958426,expected,OPENED,02-10-2026 21:00,Akash Sharma,02-10-2026 20:21,04-10-2026 11:13,38.86667,>=24 hrs
03-10-2026,FMPC6554404800,VKIAHub_JAI_PL,Kitchena +916377725634,4e0d17c477fe4b6e,dispatched_to_mh,North,LMA,1.00E+11,SHRI SAI PARCEL,AmarchandGurjar,Motherhub_JAI_BTS,BRSNR,VKIAHub_JAI_PL,PH-B2-JAIBTS-23178156,expected,OPENED,03-10-2026 1:15,Akash Sharma,02-10-2026 21:19,#VALUE!,#VALUE!,#VALUE!
03-10-2026,FMPC6554544382,VKIAHub_JAI_PL,SANWARIA BROTHERS 8829909449,9bd10c19796843d8,received_at_mh,North,TRUEFLEX,1.20E+06,Trueflex,Dipendr Kumar Nitharwal,Motherhub_JAI_BTS,BRSNR,VKIAHub_JAI_PL,PH-B1-JAIBTS-24048133,expected,OPENED,03-10-2026 1:20,Akash Sharma,02-10-2026 21:19,04-10-2026 10:54,37.58333,>=24 hrs
03-10-2026,FMPC6554529397,VKIAHub_JAI_PL,ISHANK Fashion Hub +919251258564,425f9d1380614042,dispatched_to_mh,North,LMA,1.00E+11,We Innovate Business Solutions Pvt Ltd,Pushpendra SinghGurjar,Motherhub_JAI_BTS,BRSNR,VKIAHub_JAI_PL,PH-B2-JAIBTS-23725095,expected,OPENED,02-10-2026 22:11,Akash Sharma,02-10-2026 20:02,#VALUE!,#VALUE!,#VALUE!
03-10-2026,FMPC6553734173,VKIAHub_JAI_PL,R S GROUPS +916375285276,6d9a4e0053ee45cb,received_at_mh,North,LMA,1.00E+11,Vxpress,Sandeep KumarBidawat,Motherhub_JAI_BTS,BRSNR,VKIAHub_JAI_PL,PH-ZO-JAIBTS-23958721,expected,OPENED,02-10-2026 21:00,Akash Sharma,02-10-2026 20:21,05-10-2026 0:29,52.13333,>=24 hrs
03-10-2026,FMPC6553267671,VKIAHub_JAI_PL,R S GROUPS +916375285276,6d9a4e0053ee45cb,received_at_mh,North,LMA,1.00E+11,Vxpress,Sandeep KumarBidawat,Motherhub_JAI_BTS,BRSNR,VKIAHub_JAI_PL,PH-B4-JAIBTS-23958469,expected,OPENED,02-10-2026 21:00,Akash Sharma,02-10-2026 20:21,04-10-2026 22:24,50.05,>=24 hrs
03-10-2026,FMPC6552851585,VKIAHub_JAI_PL,PRAJAPATI ENTERPRISES +918502013903,0e3329d1a798461c,dispatched_to_mh,North,LMA,1.00E+11,SHRI SAI PARCEL,AmarchandGurjar,Motherhub_JAI_BTS,BRSNR,VKIAHub_JAI_PL,PH-B1-JAIBTS-23288390,expected,OPENED,03-10-2026 1:08,Akash Sharma,02-10-2026 21:19,#VALUE!,#VALUE!,#VALUE!
03-10-2026,FMPC6553339553,VasundharaHub_DEL_PL,Ossify +919310629315,ccc39bb1092a4296,dispatched_to_mh,North,LMA,1.00E+11,Loadshare,PrashantGiri,Motherhub_DIC,BRSNR,VasundharaHub_DEL_PL,PH-B1-DELDIC-42469657,expected,OPENED,03-10-2026 1:42,Arvind Bansal (DNCR),02-10-2026 21:12,#VALUE!,#VALUE!,#VALUE!
03-10-2026,FMPC6552722102,VKIAHub_JAI_PL,R S GROUPS +916375285276,6d9a4e0053ee45cb,received_at_mh,North,LMA,1.00E+11,Vxpress,Sandeep KumarBidawat,Motherhub_JAI_BTS,BRSNR,VKIAHub_JAI_PL,PH-B3-JAIBTS-23958446,expected,OPENED,02-10-2026 21:00,Akash Sharma,02-10-2026 20:21,05-10-2026 2:18,53.95,>=24 hrs
03-10-2026,FMPC6553621137,VashiHub_MUM_PL,BURAQ PETS +919082741792,e0c13896f95e4771,dispatched_to_mh,West,LMA,1.00E+11,Vxpress,Sainath GungaPatil,Motherhub_SAI_4,BRSNR,VashiHub_MUM_PL,PH-B2-MUMSAI-26856744,expected,OPENED,02-10-2026 23:38,Ashwarya Singh,02-10-2026 18:47,#VALUE!,#VALUE!,#VALUE!
03-10-2026,FMPP4314367336,VKIAHub_JAI_PL,AGRAWAL TRADERS +917732971964,5414dd46af0945f6,received_at_mh,North,LMA,1.00E+11,Greenteck Logistics and Mobility Pvt Ltd,ParvejKhan,Motherhub_JAI_BTS,BRSNR,VKIAHub_JAI_PL,PH-ZO-JAIBTS-24091171,expected,OPENED,03-10-2026 1:27,Akash Sharma,02-10-2026 21:19,04-10-2026 22:25,49.1,>=24 hrs
03-10-2026,FMPP4314456761,VasundharaHub_DEL_PL,Sehajbooks +919999352082,876b8a53b63042fd,dispatched_to_mh,North,LMA,1.00E+11,Transwide Express,RanveerSingh,MotherHub_YKB,BRSNR,VasundharaHub_DEL_PL,PH-ZO-DELYKB-66164724,expected,OPENED,02-10-2026 23:52,Arvind Bansal (DNCR),02-10-2026 19:51,#VALUE!,#VALUE!,#VALUE!
03-10-2026,FMPC6553271975,VKIAHub_JAI_PL,G P ENTERPRISES 9309367178,cde73e6a1e814531,dispatched_to_mh,North,LMA,1.00E+11,Vxpress,Jai ram Soni,Motherhub_JAI_BTS,BRSNR,VKIAHub_JAI_PL,PH-B2-JAIBTS-22690506,expected,OPENED,02-10-2026 22:14,Akash Sharma,02-10-2026 20:02,#VALUE!,#VALUE!,#VALUE!
03-10-2026,FMPP4314728962,VKIAHub_JAI_PL,TitanX +916376664196,b8557e8669a54c03,dispatched_to_mh,North,LMA,1.00E+11,Vxpress,Jaswant Singh Chouhan,Motherhub_JAI_BTS,BRSNR,VKIAHub_JAI_PL,PH-B4-JAIBTS-23937556,expected,OPENED,02-10-2026 23:11,Akash Sharma,02-10-2026 20:02,#VALUE!,#VALUE!,#VALUE!
03-10-2026,FMPC6553807460,VasundharaHub_DEL_PL,AY GLOBAL ENTERPRISES +918178676315,cb77aee9b2214433,dispatched_to_mh,North,LMA,1.00E+11,Loadshare,PrashantGiri,Motherhub_DIC,BRSNR,VasundharaHub_DEL_PL,PH-B1-DELDIC-42469663,expected,OPENED,03-10-2026 1:40,Arvind Bansal (DNCR),02-10-2026 21:12,#VALUE!,#VALUE!,#VALUE!
03-10-2026,FMPP4313905262,VKIAHub_JAI_PL,Shiv Shakti Emporium +917597036266,66599ad0539f4d1a,received_at_mh,North,LMA,1.00E+11,Greenteck Logistics and Mobility Pvt Ltd,ChandraMohan,Motherhub_JAI_BTS,BRSNR,VKIAHub_JAI_PL,PH-B3-JAIBTS-24077852,expected,OPENED,03-10-2026 1:23,Akash Sharma,02-10-2026 21:19,04-10-2026 2:33,29.23333,>=24 hrs
03-10-2026,FMPP4313906107,VasundharaHub_DEL_PL,HDC GROUP INDIA +919310381771,de566b6b03a747ff,received_at_mh,North,LMA,1.00E+11,Loadshare,MDNAUSHAD,MotherHub_YKB,BRSNR,VasundharaHub_DEL_PL,PH-ZO-DELYKB-66207168,expected,OPENED,03-10-2026 0:14,Arvind Bansal (DNCR),02-10-2026 21:16,05-10-2026 8:49,59.55,>=24 hrs
03-10-2026,FMPC6554093568,VasundharaHub_DEL_PL,KANHA ENTERPRISES +919871741474,752302a5efc14450,received_at_mh,North,LMA,1.00E+11,Transwide Express,ARUN,MotherHub_YKB,BRSNR,VasundharaHub_DEL_PL,PH-ZO-DELYKB-66173946,expected,OPENED,02-10-2026 23:36,Arvind Bansal (DNCR),02-10-2026 19:51,04-10-2026 15:04,43.21667,>=24 hrs
03-10-2026,FMPC6554332585,VKIAHub_JAI_PL,OM PACKERS +919257281931,621192f197d246e3,received_at_mh,North,LMA,1.00E+11,We Innovate Business Solutions Pvt Ltd,Pushpendra SinghGurjar,Motherhub_JAI_BTS,BRSNR,VKIAHub_JAI_PL,PH-B1-JAIBTS-23994467,expected,OPENED,02-10-2026 22:45,Akash Sharma,02-10-2026 18:08,04-10-2026 11:09,41.01667,>=24 hrs
03-10-2026,FMPC6554242553,VKIAHub_JAI_PL,Radha Sales +919145880638,0c49882fdf614e6e,dispatched_to_mh,North,LMA,1.00E+11,We Innovate Business Solutions Pvt Ltd,Pushpendra SinghGurjar,Motherhub_JAI_BTS,BRSNR,VKIAHub_JAI_PL,PH-ZO-JAIBTS-23836213,expected,OPENED,02-10-2026 22:46,Akash Sharma,02-10-2026 18:08,#VALUE!,#VALUE!,#VALUE!
03-10-2026,FMPC6554048952,VKIAHub_JAI_PL,R S GROUPS +916375285276,6d9a4e0053ee45cb,received_at_mh,North,LMA,1.00E+11,Vxpress,Sandeep KumarBidawat,Motherhub_JAI_BTS,BRSNR,VKIAHub_JAI_PL,PH-B2-JAIBTS-23958426,expected,OPENED,02-10-2026 21:00,Akash Sharma,02-10-2026 20:21,04-10-2026 10:10,37.81667,>=24 hrs
03-10-2026,FMPC6552894751,VKIAHub_JAI_PL,AARAV FASHION +919351956083,4747fb92822346e7,received_at_mh,North,TRUEFLEX,1.34E+06,Trueflex,Narendra Saini,Motherhub_JAI_BTS,BRSNR,VKIAHub_JAI_PL,PH-B3-JAIBTS-23823704,expected,OPENED,02-10-2026 23:10,Akash Sharma,02-10-2026 20:02,03-10-2026 23:43,27.68333,>=24 hrs
03-10-2026,FMPC6554307039,VKIAHub_JAI_PL,OM PACKERS +919257281931,621192f197d246e3,received_at_mh,North,LMA,1.00E+11,We Innovate Business Solutions Pvt Ltd,Pushpendra SinghGurjar,Motherhub_JAI_BTS,BRSNR,VKIAHub_JAI_PL,PH-B1-JAIBTS-23994467,expected,OPENED,02-10-2026 22:45,Akash Sharma,02-10-2026 18:08,04-10-2026 12:37,42.48333,>=24 hrs
03-10-2026,FMPC6554389066,VKIAHub_JAI_PL,GENCYSTAG +917240279295,2c4e52a6644a4f89,received_at_mh,North,LMA,1.00E+11,We Innovate Business Solutions Pvt Ltd,Aashish ChandrapalYadav,Motherhub_JAI_BTS,BRSNR,VKIAHub_JAI_PL,PH-B3-JAIBTS-24045919,expected,OPENED,02-10-2026 23:13,Akash Sharma,02-10-2026 18:08,04-10-2026 1:18,31.16667,>=24 hrs
03-10-2026,FMPC6552765528,VKIAHub_JAI_PL,KS COLLECTIONS +917073400207,fa6afeacd111428b,dispatched_to_mh,North,LMA,1.00E+11,We Innovate Business Solutions Pvt Ltd,Aashish ChandrapalYadav,Motherhub_JAI_BTS,BRSNR,VKIAHub_JAI_PL,PH-B2-JAIBTS-24045854,expected,OPENED,02-10-2026 23:14,Akash Sharma,02-10-2026 18:08,#VALUE!,#VALUE!,#VALUE!
03-10-2026,FMPC6553087962,VasundharaHub_DEL_PL,HDC GROUP INDIA +919310381771,de566b6b03a747ff,received_at_mh,North,LMA,1.00E+11,Loadshare,MDNAUSHAD,MotherHub_YKB,BRSNR,VasundharaHub_DEL_PL,PH-ZO-DELYKB-66207168,expected,OPENED,03-10-2026 0:14,Arvind Bansal (DNCR),02-10-2026 21:16,05-10-2026 8:46,59.5,>=24 hrs
03-10-2026,FMPP4314366926,VKIAHub_JAI_PL,AGRAWAL TRADERS +917732971964,5414dd46af0945f6,received_at_mh,North,LMA,1.00E+11,Greenteck Logistics and Mobility Pvt Ltd,ParvejKhan,Motherhub_JAI_BTS,BRSNR,VKIAHub_JAI_PL,PH-B3-JAIBTS-24091096,expected,OPENED,03-10-2026 1:29,Akash Sharma,02-10-2026 21:19,05-10-2026 0:41,51.36667,>=24 hrs
03-10-2026,FMPC6552795575,VKIAHub_JAI_PL,R S GROUPS +916375285276,6d9a4e0053ee45cb,received_at_mh,North,LMA,1.00E+11,Vxpress,Sandeep KumarBidawat,Motherhub_JAI_BTS,BRSNR,VKIAHub_JAI_PL,PH-ZO-JAIBTS-23958721,expected,OPENED,02-10-2026 21:00,Akash Sharma,02-10-2026 20:21,04-10-2026 23:51,51.5,>=24 hrs
03-10-2026,FMPC6554321647,VKIAHub_JAI_PL,KHANDAL ENTERPRISES +917240517107,ea9f42e1e9944b0d,received_at_mh,North,LMA,1.00E+11,We Innovate Business Solutions Pvt Ltd,ASHU BALOTIYA,Motherhub_JAI_BTS,BRSNR,VKIAHub_JAI_PL,PH-B1-JAIBTS-23024628,expected,OPENED,02-10-2026 22:46,Akash Sharma,02-10-2026 18:08,04-10-2026 12:35,42.45,>=24 hrs
03-10-2026,FMPC6552836121,VKIAHub_JAI_PL,R S GROUPS +916375285276,6d9a4e0053ee45cb,received_at_mh,North,LMA,1.00E+11,Vxpress,Sandeep KumarBidawat,Motherhub_JAI_BTS,BRSNR,VKIAHub_JAI_PL,PH-ZO-JAIBTS-23958721,expected,OPENED,02-10-2026 21:00,Akash Sharma,02-10-2026 20:21,05-10-2026 0:26,52.08333,>=24 hrs
03-10-2026,FMPC6553325988,VKIAHub_JAI_PL,SHOORAAY ENTERPRISES +918854966723,39b7f8dac18a4133,received_at_mh,North,LMA,1.00E+11,We Innovate Business Solutions Pvt Ltd,Pushpendra SinghGurjar,Motherhub_JAI_BTS,BRSNR,VKIAHub_JAI_PL,PH-B1-JAIBTS-23994467,expected,OPENED,02-10-2026 22:45,Akash Sharma,02-10-2026 18:08,04-10-2026 10:13,40.08333,>=24 hrs
03-10-2026,FMPC6552851886,VKIAHub_JAI_PL,KS COLLECTIONS +917073400207,fa6afeacd111428b,received_at_mh,North,LMA,1.00E+11,We Innovate Business Solutions Pvt Ltd,Aashish ChandrapalYadav,Motherhub_JAI_BTS,BRSNR,VKIAHub_JAI_PL,PH-B3-JAIBTS-24045919,expected,OPENED,02-10-2026 23:13,Akash Sharma,02-10-2026 18:08,03-10-2026 23:50,29.7,>=24 hrs
03-10-2026,FMPC6554176980,VKIAHub_JAI_PL,Radha Sales +919145880638,0c49882fdf614e6e,dispatched_to_mh,North,LMA,1.00E+11,We Innovate Business Solutions Pvt Ltd,Pushpendra SinghGurjar,Motherhub_JAI_BTS,BRSNR,VKIAHub_JAI_PL,PH-B4-JAIBTS-23638190,expected,OPENED,02-10-2026 22:44,Akash Sharma,02-10-2026 18:08,#VALUE!,#VALUE!,#VALUE!
03-10-2026,FMPC6553978914,VKIAHub_JAI_PL,M/S ENGELA TRADERS +919462561702,46d51e63d79f470c,dispatched_to_mh,North,LMA,1.00E+11,Vxpress,Jai ram Soni,Motherhub_JAI_BTS,BRSNR,VKIAHub_JAI_PL,PH-B3-JAIBTS-23324137,expected,OPENED,03-10-2026 0:50,Akash Sharma,02-10-2026 18:08,#VALUE!,#VALUE!,#VALUE!
03-10-2026,FMPP4314071642,VKIAHub_JAI_PL,Radha Sales +919145880638,0c49882fdf614e6e,dispatched_to_mh,North,LMA,1.00E+11,We Innovate Business Solutions Pvt Ltd,Pushpendra SinghGurjar,Motherhub_JAI_BTS,BRSNR,VKIAHub_JAI_PL,PH-B1-JAIBTS-23994468,expected,OPENED,02-10-2026 22:46,Akash Sharma,02-10-2026 18:08,#VALUE!,#VALUE!,#VALUE!
03-10-2026,FMPC6553573791,VKIAHub_JAI_PL,Laxmi traders +919530406983,4b410fddc4ad42ee,received_at_mh,North,TRUEFLEX,1.26E+06,Trueflex,Naresh Kumar,Motherhub_JAI_BTS,BRSNR,VKIAHub_JAI_PL,PH-B3-JAIBTS-23919627,expected,OPENED,03-10-2026 1:31,Akash Sharma,02-10-2026 21:19,05-10-2026 11:16,61.95,>=24 hrs
03-10-2026,FMPC6553978971,VKIAHub_JAI_PL,R S GROUPS +916375285276,6d9a4e0053ee45cb,received_at_mh,North,LMA,1.00E+11,Vxpress,Sandeep KumarBidawat,Motherhub_JAI_BTS,BRSNR,VKIAHub_JAI_PL,PH-B2-JAIBTS-23958426,expected,OPENED,02-10-2026 21:00,Akash Sharma,02-10-2026 20:21,04-10-2026 11:01,38.66667,>=24 hrs
03-10-2026,FMPP4314119190,VKIAHub_JAI_PL,KS COLLECTIONS +917073400207,fa6afeacd111428b,dispatched_to_mh,North,LMA,1.00E+11,We Innovate Business Solutions Pvt Ltd,Aashish ChandrapalYadav,Motherhub_JAI_BTS,BRSNR,VKIAHub_JAI_PL,PH-B1-JAIBTS-23711124,expected,OPENED,02-10-2026 23:20,Akash Sharma,02-10-2026 18:08,#VALUE!,#VALUE!,#VALUE!
03-10-2026,FMPC6554162018,VKIAHub_JAI_PL,R S GROUPS +916375285276,6d9a4e0053ee45cb,received_at_mh,North,LMA,1.00E+11,Vxpress,Sandeep KumarBidawat,Motherhub_JAI_BTS,BRSNR,VKIAHub_JAI_PL,PH-B1-JAIBTS-23958406,expected,OPENED,02-10-2026 21:00,Akash Sharma,02-10-2026 20:21,04-10-2026 10:27,38.1,>=24 hrs
03-10-2026,FMPC6554297302,VKIAHub_JAI_PL,KHANDAL ENTERPRISES +917240517107,ea9f42e1e9944b0d,received_at_mh,North,LMA,1.00E+11,We Innovate Business Solutions Pvt Ltd,ASHU BALOTIYA,Motherhub_JAI_BTS,BRSNR,VKIAHub_JAI_PL,PH-B3-JAIBTS-23804489,expected,OPENED,02-10-2026 22:45,Akash Sharma,02-10-2026 18:08,04-10-2026 3:40,33.53333,>=24 hrs
03-10-2026,FMPP4313822953,VKIAHub_JAI_PL,R S GROUPS +916375285276,6d9a4e0053ee45cb,received_at_mh,North,LMA,1.00E+11,Vxpress,Sandeep KumarBidawat,Motherhub_JAI_BTS,BRSNR,VKIAHub_JAI_PL,PH-B4-JAIBTS-23958469,expected,OPENED,02-10-2026 21:00,Akash Sharma,02-10-2026 20:21,04-10-2026 22:26,50.08333,>=24 hrs
03-10-2026,FMPC6554056818,VKIAHub_JAI_PL,AGRAWAL TRADERS +917732971964,5414dd46af0945f6,received_at_mh,North,LMA,1.00E+11,Greenteck Logistics and Mobility Pvt Ltd,ParvejKhan,Motherhub_JAI_BTS,BRSNR,VKIAHub_JAI_PL,PH-B3-JAIBTS-24091096,expected,OPENED,03-10-2026 1:29,Akash Sharma,02-10-2026 21:19,05-10-2026 0:43,51.4,>=24 hrs
03-10-2026,FMPC6553361532,VasundharaHub_DEL_PL,HDC GROUP INDIA +919310381771,de566b6b03a747ff,received_at_mh,North,LMA,1.00E+11,Loadshare,MDNAUSHAD,Motherhub_DIC,BRSNR,VasundharaHub_DEL_PL,PH-B1-DELDIC-42471448,expected,OPENED,03-10-2026 1:40,Arvind Bansal (DNCR),02-10-2026 21:12,05-10-2026 1:18,52.1,>=24 hrs
03-10-2026,FMPP4313775227,VKIAHub_JAI_PL,KS COLLECTIONS +917073400207,fa6afeacd111428b,dispatched_to_mh,North,LMA,1.00E+11,We Innovate Business Solutions Pvt Ltd,Aashish ChandrapalYadav,Motherhub_JAI_BTS,BRSNR,VKIAHub_JAI_PL,PH-ZO-JAIBTS-23711114,expected,OPENED,02-10-2026 22:50,Akash Sharma,02-10-2026 22:39,#VALUE!,#VALUE!,#VALUE!
03-10-2026,FMPP4314021266,VKIAHub_JAI_PL,MAYANK ENTERPRISES +919461702020,e343ac0a89964095,dispatched_to_mh,North,LMA,1.00E+11,Greenteck Logistics and Mobility Pvt Ltd,VinodDevda,Motherhub_JAI_BTS,BRSNR,VKIAHub_JAI_PL,PH-B1-JAIBTS-23754190,expected,OPENED,02-10-2026 22:41,Akash Sharma,02-10-2026 18:08,#VALUE!,#VALUE!,#VALUE!
03-10-2026,FMPC6552806830,VasundharaHub_DEL_PL,AISHA COLLECTION +919818439958,f81e5976e7c3463d,dispatched_to_mh,North,LMA,1.00E+11,SUSAH SUPPLY CHAIN AND NETWORK PRIVATE LIMITED,Vikas,Motherhub_DIC,BRSNR,VasundharaHub_DEL_PL,PH-B6-DELDIC-42467265,expected,OPENED,02-10-2026 21:12,Arvind Bansal (DNCR),02-10-2026 19:31,#VALUE!,#VALUE!,#VALUE!
03-10-2026,FMPC6553539745,VKIAHub_JAI_PL,R S GROUPS +916375285276,6d9a4e0053ee45cb,received_at_mh,North,LMA,1.00E+11,Vxpress,Sandeep KumarBidawat,Motherhub_JAI_BTS,BRSNR,VKIAHub_JAI_PL,PH-B3-JAIBTS-23958446,expected,OPENED,02-10-2026 21:00,Akash Sharma,02-10-2026 20:21,03-10-2026 23:26,27.08333,>=24 hrs
03-10-2026,FMPP4314523883,VKIAHub_JAI_PL,OM PACKERS +919257281931,621192f197d246e3,received_at_mh,North,LMA,1.00E+11,We Innovate Business Solutions Pvt Ltd,Pushpendra SinghGurjar,Motherhub_JAI_BTS,BRSNR,VKIAHub_JAI_PL,PH-B1-JAIBTS-23994467,expected,OPENED,02-10-2026 22:45,Akash Sharma,02-10-2026 18:08,04-10-2026 12:39,42.51667,>=24 hrs
03-10-2026,FMPC6554382989,VKIAHub_JAI_PL,CAPIO ART 9929152222,deedbf7c9fcf44a7,dispatched_to_mh,North,TRUEFLEX,1.28E+06,Trueflex,Rakesh Kumar Saini,Motherhub_JAI_BTS,BRSNR,VKIAHub_JAI_PL,PH-B3-JAIBTS-24089537,expected,OPENED,03-10-2026 1:23,Akash Sharma,02-10-2026 21:19,#VALUE!,#VALUE!,#VALUE!
03-10-2026,FMPC6554487197,VKIAHub_JAI_PL,TRANDORA +919783589858,fa11e11f7bf24f4e,dispatched_to_mh,North,LMA,1.00E+11,We Innovate Business Solutions Pvt Ltd,Sanwar MalYadav,Motherhub_JAI_BTS,BRSNR,VKIAHub_JAI_PL,PH-B4-JAIBTS-24098025,expected,OPENED,02-10-2026 23:12,Akash Sharma,02-10-2026 18:08,#VALUE!,#VALUE!,#VALUE!
03-10-2026,FMPC6552785917,VKIAHub_JAI_PL,EONIAN INNOVATIONS +917382020069,99d8fb556c644549,dispatched_to_mh,North,LMA,1.00E+11,SHRI SAI PARCEL,AmarchandGurjar,Motherhub_JAI_BTS,BRSNR,VKIAHub_JAI_PL,PH-B1-JAIBTS-23784941,expected,OPENED,03-10-2026 8:00,Akash Sharma,02-10-2026 22:39,#VALUE!,#VALUE!,#VALUE!
03-10-2026,FMPC6553432523,VasundharaHub_DEL_PL,Asha traders +917053446235,f407f242ad5142be,dispatched_to_mh,North,TRUEFLEX,8.98E+05,Trueflex,Kapil Kapil,Motherhub_DIC,BRSNR,VasundharaHub_DEL_PL,PH-B4-DELDIC-42434602,expected,OPENED,02-10-2026 21:06,Arvind Bansal (DNCR),02-10-2026 19:31,#VALUE!,#VALUE!,#VALUE!
03-10-2026,FMPP4314103742,VKIAHub_JAI_PL,M/s Riddhi Siddhi Sales +916367213548,586ad404abaf482f,dispatched_to_mh,North,LMA,1.00E+11,We Innovate Business Solutions Pvt Ltd,Pushpendra SinghGurjar,Motherhub_JAI_BTS,BRSNR,VKIAHub_JAI_PL,PH-B3-JAIBTS-23638186,expected,OPENED,02-10-2026 22:46,Akash Sharma,02-10-2026 18:08,#VALUE!,#VALUE!,#VALUE!
03-10-2026,FMPC6553665885,VasundharaHub_DEL_PL,Ossify +919310629315,ccc39bb1092a4296,received_at_mh,North,LMA,1.00E+11,Loadshare,PrashantGiri,Motherhub_DIC,BRSNR,VasundharaHub_DEL_PL,PH-B1-DELDIC-42469657,expected,OPENED,03-10-2026 1:42,Arvind Bansal (DNCR),02-10-2026 21:12,04-10-2026 3:30,30.3,>=24 hrs
03-10-2026,FMPC6554354188,VKIAHub_JAI_PL,SACHIN MAHALA +919549708367,fe2dd5f1ab764bc4,dispatched_to_mh,North,LMA,1.00E+11,Vxpress,Sandeep KumarBidawat,Motherhub_JAI_BTS,BRSNR,VKIAHub_JAI_PL,PH-B4-JAIBTS-23958469,expected,OPENED,02-10-2026 21:00,Akash Sharma,02-10-2026 20:21,#VALUE!,#VALUE!,#VALUE!
03-10-2026,FMPP4314635367,VKIAHub_JAI_PL,OM PACKERS +919257281931,621192f197d246e3,received_at_mh,North,LMA,1.00E+11,We Innovate Business Solutions Pvt Ltd,Pushpendra SinghGurjar,Motherhub_JAI_BTS,BRSNR,VKIAHub_JAI_PL,PH-B1-JAIBTS-23994467,expected,OPENED,02-10-2026 22:45,Akash Sharma,02-10-2026 18:08,04-10-2026 11:11,41.05,>=24 hrs
03-10-2026,FMPC6553360850,VKIAHub_JAI_PL,DKG SALES +917737010156,c5850e8e0f9c4838,received_at_mh,North,LMA,1.00E+11,We Innovate Business Solutions Pvt Ltd,NarendraSingh,Motherhub_JAI_BTS,BRSNR,VKIAHub_JAI_PL,PH-B1-JAIBTS-24004106,expected,OPENED,02-10-2026 23:13,Akash Sharma,02-10-2026 18:08,04-10-2026 10:03,39.91667,>=24 hrs
03-10-2026,FMPP4313694045,VKIAHub_JAI_PL,EONIAN INNOVATIONS +917382020069,99d8fb556c644549,dispatched_to_mh,North,LMA,1.00E+11,SHRI SAI PARCEL,AmarchandGurjar,Motherhub_JAI_BTS,BRSNR,VKIAHub_JAI_PL,PH-B1-JAIBTS-23784941,expected,OPENED,03-10-2026 8:00,Akash Sharma,02-10-2026 22:39,#VALUE!,#VALUE!,#VALUE!
03-10-2026,FMPC6553294075,VKIAHub_JAI_PL,R S GROUPS +916375285276,6d9a4e0053ee45cb,received_at_mh,North,LMA,1.00E+11,Vxpress,Sandeep KumarBidawat,Motherhub_JAI_BTS,BRSNR,VKIAHub_JAI_PL,PH-B3-JAIBTS-23958446,expected,OPENED,02-10-2026 21:00,Akash Sharma,02-10-2026 20:21,05-10-2026 1:09,52.8,>=24 hrs
03-10-2026,FMPC6552859441,VKIAHub_JAI_PL,R S GROUPS +916375285276,6d9a4e0053ee45cb,received_at_mh,North,LMA,1.00E+11,Vxpress,Sandeep KumarBidawat,Motherhub_JAI_BTS,BRSNR,VKIAHub_JAI_PL,PH-ZO-JAIBTS-23958721,expected,OPENED,02-10-2026 21:00,Akash Sharma,02-10-2026 20:21,05-10-2026 0:33,52.2,>=24 hrs
03-10-2026,FMPP4313911541,VKIAHub_JAI_PL,ISHANK Fashion Hub +919251258564,425f9d1380614042,dispatched_to_mh,North,LMA,1.00E+11,We Innovate Business Solutions Pvt Ltd,Pushpendra SinghGurjar,Motherhub_JAI_BTS,BRSNR,VKIAHub_JAI_PL,PH-B2-JAIBTS-23725095,expected,OPENED,02-10-2026 22:11,Akash Sharma,02-10-2026 20:02,#VALUE!,#VALUE!,#VALUE!
03-10-2026,FMPC6554297820,VKIAHub_JAI_PL,R S GROUPS +916375285276,6d9a4e0053ee45cb,received_at_mh,North,LMA,1.00E+11,Vxpress,Sandeep KumarBidawat,Motherhub_JAI_BTS,BRSNR,VKIAHub_JAI_PL,PH-B1-JAIBTS-23958406,expected,OPENED,02-10-2026 21:00,Akash Sharma,02-10-2026 20:21,05-10-2026 8:41,60.33333,>=24 hrs
03-10-2026,FMPC6553114095,VKIAHub_JAI_PL,GENCYSTAG +917240279295,2c4e52a6644a4f89,dispatched_to_mh,North,LMA,1.00E+11,We Innovate Business Solutions Pvt Ltd,Aashish ChandrapalYadav,Motherhub_JAI_BTS,BRSNR,VKIAHub_JAI_PL,PH-B1-JAIBTS-23711124,expected,OPENED,02-10-2026 23:20,Akash Sharma,02-10-2026 18:08,#VALUE!,#VALUE!,#VALUE!
03-10-2026,FMPP4314071194,VKIAHub_JAI_PL,Radha Sales +919145880638,0c49882fdf614e6e,dispatched_to_mh,North,LMA,1.00E+11,We Innovate Business Solutions Pvt Ltd,Pushpendra SinghGurjar,Motherhub_JAI_BTS,BRSNR,VKIAHub_JAI_PL,PH-B1-JAIBTS-23994468,expected,OPENED,02-10-2026 22:46,Akash Sharma,02-10-2026 18:08,#VALUE!,#VALUE!,#VALUE!
03-10-2026,FMPP4313933906,VKIAHub_JAI_PL,SUMITRA ENTERPRISES +919680722947,39302718f74c4d6b,received_at_mh,North,LMA,1.00E+11,Vxpress,Sandeep KumarBidawat,Motherhub_JAI_BTS,BRSNR,VKIAHub_JAI_PL,PH-B1-JAIBTS-23958406,expected,OPENED,02-10-2026 21:00,Akash Sharma,02-10-2026 20:21,04-10-2026 10:16,37.91667,>=24 hrs
03-10-2026,FMPC6553496632,VKIAHub_JAI_PL,MATESHWARI WIRE NETING +916378757545,41e596ce563d49e9,dispatched_to_mh,North,LMA,1.00E+11,Greenteck Logistics and Mobility Pvt Ltd,SonuSharma,Motherhub_JAI_BTS,BRSNR,VKIAHub_JAI_PL,PH-ZO-JAIBTS-24078188,expected,OPENED,02-10-2026 23:36,Akash Sharma,02-10-2026 20:02,#VALUE!,#VALUE!,#VALUE!
03-10-2026,FMPC6552843364,VKIAHub_JAI_PL,KS COLLECTIONS +917073400207,fa6afeacd111428b,received_at_mh,North,LMA,1.00E+11,We Innovate Business Solutions Pvt Ltd,Aashish ChandrapalYadav,Motherhub_JAI_BTS,BRSNR,VKIAHub_JAI_PL,PH-ZO-JAIBTS-23711114,expected,OPENED,02-10-2026 22:50,Akash Sharma,02-10-2026 22:39,04-10-2026 11:29,36.83333,>=24 hrs
03-10-2026,FMPC6552976981,VasundharaHub_DEL_PL,AISHA COLLECTION +919818439958,f81e5976e7c3463d,dispatched_to_mh,North,LMA,1.00E+11,SUSAH SUPPLY CHAIN AND NETWORK PRIVATE LIMITED,Vikas,MotherHub_YKB,BRSNR,VasundharaHub_DEL_PL,PH-ZO-DELYKB-66204024,expected,OPENED,03-10-2026 3:52,Arvind Bansal (DNCR),02-10-2026 19:51,#VALUE!,#VALUE!,#VALUE!
03-10-2026,FMPP4314428443,VKIAHub_JAI_PL,SHOORAAY ENTERPRISES +918854966723,39b7f8dac18a4133,received_at_mh,North,LMA,1.00E+11,We Innovate Business Solutions Pvt Ltd,Pushpendra SinghGurjar,Motherhub_JAI_BTS,BRSNR,VKIAHub_JAI_PL,PH-B1-JAIBTS-23994467,expected,OPENED,02-10-2026 22:45,Akash Sharma,02-10-2026 18:08,04-10-2026 11:41,41.55,>=24 hrs
03-10-2026,FMPC6554230541,VKIAHub_JAI_PL,SHOORAAY ENTERPRISES +918854966723,39b7f8dac18a4133,received_at_mh,North,LMA,1.00E+11,We Innovate Business Solutions Pvt Ltd,Pushpendra SinghGurjar,Motherhub_JAI_BTS,BRSNR,VKIAHub_JAI_PL,PH-B2-JAIBTS-23279736,expected,OPENED,02-10-2026 22:45,Akash Sharma,02-10-2026 18:08,04-10-2026 11:18,41.16667,>=24 hrs
03-10-2026,FMPC6552953747,VKIAHub_JAI_PL,Kitchena +916377725634,4e0d17c477fe4b6e,dispatched_to_mh,North,LMA,1.00E+11,SHRI SAI PARCEL,AmarchandGurjar,Motherhub_JAI_BTS,BRSNR,VKIAHub_JAI_PL,PH-B3-JAIBTS-23784980,expected,OPENED,03-10-2026 0:25,Akash Sharma,02-10-2026 21:19,#VALUE!,#VALUE!,#VALUE!
03-10-2026,FMPP4314231386,VKIAHub_JAI_PL,Jakhar Enterprises +919602730071,82caad33ea984c1a,dispatched_to_mh,North,LMA,1.00E+11,Vxpress,Sandeep KumarBidawat,Motherhub_JAI_BTS,BRSNR,VKIAHub_JAI_PL,PH-B1-JAIBTS-23958407,expected,OPENED,02-10-2026 21:00,Akash Sharma,02-10-2026 20:21,#VALUE!,#VALUE!,#VALUE!
03-10-2026,FMPP4313926431,VKIAHub_JAI_PL,SHOORAAY ENTERPRISES +918854966723,39b7f8dac18a4133,received_at_mh,North,LMA,1.00E+11,We Innovate Business Solutions Pvt Ltd,Pushpendra SinghGurjar,Motherhub_JAI_BTS,BRSNR,VKIAHub_JAI_PL,PH-B2-JAIBTS-23279736,expected,OPENED,02-10-2026 22:45,Akash Sharma,02-10-2026 18:08,04-10-2026 14:06,43.96667,>=24 hrs
03-10-2026,FMPC6552918821,VKIAHub_JAI_PL,R S GROUPS +916375285276,6d9a4e0053ee45cb,received_at_mh,North,LMA,1.00E+11,Vxpress,Sandeep KumarBidawat,Motherhub_JAI_BTS,BRSNR,VKIAHub_JAI_PL,PH-B1-JAIBTS-23958406,expected,OPENED,02-10-2026 21:00,Akash Sharma,02-10-2026 20:21,05-10-2026 7:46,59.41667,>=24 hrs
03-10-2026,FMPC6554287822,VKIAHub_JAI_PL,HARSHITA ENTERPRISES +917014807557,9bf8959e010240fb,dispatched_to_mh,North,LMA,1.00E+11,We Innovate Business Solutions Pvt Ltd,ASHU BALOTIYA,Motherhub_JAI_BTS,BRSNR,VKIAHub_JAI_PL,PH-ZO-JAIBTS-24100795,expected,OPENED,02-10-2026 23:14,Akash Sharma,02-10-2026 22:39,#VALUE!,#VALUE!,#VALUE!
03-10-2026,FMPC6554045225,VKIAHub_JAI_PL,Mehta Trading +918005518006,6ca4ce2e08594613,dispatched_to_mh,North,LMA,1.00E+11,Vxpress,Sandeep KumarBidawat,Motherhub_JAI_BTS,BRSNR,VKIAHub_JAI_PL,PH-B3-JAIBTS-23453030,expected,OPENED,02-10-2026 17:40,Akash Sharma,02-10-2026 16:16,#VALUE!,#VALUE!,#VALUE!
03-10-2026,FMPP4314672738,VKIAHub_JAI_PL,AVI LIFESTYLES LIMITED +917426071812,03fe238a18cc4828,dispatched_to_mh,North,LMA,1.00E+11,Vxpress,Sandeep KumarBidawat,Motherhub_JAI_BTS,BRSNR,VKIAHub_JAI_PL,PH-B1-JAIBTS-23600425,expected,OPENED,03-10-2026 0:22,Akash Sharma,02-10-2026 21:19,#VALUE!,#VALUE!,#VALUE!
03-10-2026,FMPC6553475850,VKIAHub_JAI_PL,ISHANK Fashion Hub +919251258564,425f9d1380614042,dispatched_to_mh,North,LMA,1.00E+11,We Innovate Business Solutions Pvt Ltd,Pushpendra SinghGurjar,Motherhub_JAI_BTS,BRSNR,VKIAHub_JAI_PL,PH-B2-JAIBTS-23725095,expected,OPENED,02-10-2026 22:11,Akash Sharma,02-10-2026 20:02,#VALUE!,#VALUE!,#VALUE!
03-10-2026,FMPC6554410384,VasundharaHub_DEL_PL,MANSA ENTERPRISES +919953412142,b2d5a00a382e4b6e,dispatched_to_mh,North,LMA,1.00E+11,Loadshare,PrashantGiri,MotherHub_YKB,BRSNR,VasundharaHub_DEL_PL,PH-ZO-DELYKB-66188935,expected,OPENED,03-10-2026 0:16,Arvind Bansal (DNCR),02-10-2026 21:16,#VALUE!,#VALUE!,#VALUE!
03-10-2026,FMPC6552748871,VKIAHub_JAI_PL,KS COLLECTIONS +917073400207,fa6afeacd111428b,dispatched_to_mh,North,LMA,1.00E+11,We Innovate Business Solutions Pvt Ltd,Aashish ChandrapalYadav,Motherhub_JAI_BTS,BRSNR,VKIAHub_JAI_PL,PH-B3-JAIBTS-24045919,expected,OPENED,02-10-2026 23:13,Akash Sharma,02-10-2026 18:08,#VALUE!,#VALUE!,#VALUE!
03-10-2026,FMPC6554502436,VKIAHub_JAI_PL,GLOBAL PAPER MART +919509495830,ede2e2ad57274322,dispatched_to_mh,North,TRUEFLEX,1284657,Trueflex,Rakesh Kumar Saini,Motherhub_JAI_BTS,BRSNR,VKIAHub_JAI_PL,PH-B3-JAIBTS-23985445,expected,OPENED,02-10-2026 23:15,Akash Sharma,02-10-2026 19:46,#VALUE!,#VALUE!,#VALUE!
03-10-2026,FMPC6554053830,WelcomeHub_DEL_PL,Neha Enterprises +919811110561,0daedfd4be88445e,dispatched_to_mh,North,EKART,3785953,EKART,Kishan Chauhan,Motherhub_JKS,BRSNR,WelcomeHub_DEL_PL,PH-B2-DELJKS-43732796,expected,OPENED,03-10-2026 0:13,Arvind Bansal (DNCR),02-10-2026 19:25,#VALUE!,#VALUE!,#VALUE!
03-10-2026,FMPC6553857669,WelcomeHub_DEL_PL,NEERAJYOTI ENTERPRISES +919899588984,14bcf1ad405f4498,received_at_mh,North,TRUEFLEX,867969,Trueflex,Bhoop Singh,Motherhub_DIC,BRSNR,WelcomeHub_DEL_PL,PH-B6-DELDIC-41178911,expected,OPENED,02-10-2026 22:21,Arvind Bansal (DNCR),02-10-2026 19:17,03-10-2026 22:18,27.01667,>=24 hrs
03-10-2026,FMPP4314536200,WelcomeHub_DEL_PL,CHIC CHARMS +919266125581,560a2491c48e477c,received_at_mh,North,LMA,1.00E+11,Greenteck Logistics and Mobility Pvt Ltd,Ashish,Motherhub_DIC,BRSNR,WelcomeHub_DEL_PL,PH-B1-DELDIC-42197780,expected,OPENED,02-10-2026 22:27,Arvind Bansal (DNCR),02-10-2026 19:17,04-10-2026 3:07,31.83333,>=24 hrs
03-10-2026,FMPC6554367401,WelcomeHub_DEL_PL,MS Brothers +918178128753,7c1a0892d5f2455e,dispatched_to_mh,North,LMA,1.00E+11,Transwide Express,VIKRAM KASYAP,Motherhub_DIC,BRSNR,WelcomeHub_DEL_PL,PH-B6-DELDIC-41714430,expected,OPENED,02-10-2026 22:25,Arvind Bansal (DNCR),02-10-2026 19:17,#VALUE!,#VALUE!,#VALUE!
03-10-2026,FMPC6553522514,WelcomeHub_DEL_PL,HB FASHION COLLECTION +919354819599,afc9059692da41a2,dispatched_to_mh,North,LMA,1.00E+11,Transwide Express,NiteshKumar,MotherHub_YKB,BRSNR,WelcomeHub_DEL_PL,PH-ZO-DELYKB-66179722,expected,OPENED,02-10-2026 23:16,Arvind Bansal (DNCR),02-10-2026 19:37,#VALUE!,#VALUE!,#VALUE!
03-10-2026,FMPC6552900466,WelcomeHub_DEL_PL,A.H. ENTERPRISE +917351994691,feafaefe7683430b,received_at_mh,North,EKART,4108190,EKART,Nitin Kumar,Motherhub_DIC,BRSNR,WelcomeHub_DEL_PL,PH-B6-DELDIC-42470813,expected,OPENED,02-10-2026 22:21,Arvind Bansal (DNCR),02-10-2026 19:17,04-10-2026 6:18,35.01667,>=24 hrs
03-10-2026,FMPC6553351583,WelcomeHub_DEL_PL,LALITNSONS +919711539065,0dcbe20b75884988,received_at_mh,North,LMA,1.00E+11,We Innovate Business Solutions Pvt Ltd,NeerajKumar,MotherHub_YKB,BRSNR,WelcomeHub_DEL_PL,PH-ZO-DELYKB-66104282,expected,OPENED,02-10-2026 23:36,Arvind Bansal (DNCR),02-10-2026 19:37,04-10-2026 12:58,41.35,>=24 hrs
03-10-2026,FMPC6554338878,WelcomeHub_DEL_PL,UNIVERSAL RADIOS +918588939181,e7d8dab51ce4456d,received_at_mh,North,LMA,1.00E+11,We Innovate Business Solutions Pvt Ltd,NeerajKumar,MotherHub_YKB,BRSNR,WelcomeHub_DEL_PL,PH-ZO-DELYKB-66206090,expected,OPENED,02-10-2026 23:09,Arvind Bansal (DNCR),02-10-2026 19:37,04-10-2026 16:53,45.26667,>=24 hrs
03-10-2026,FMPP4313807557,WelcomeHub_DEL_PL,Braj Sundari +919873556661,6715a63fa8f14e14,dispatched_to_mh,North,LMA,1.00E+11,Transwide Express,VIKRAM KASYAP,MotherHub_YKB,BRSNR,WelcomeHub_DEL_PL,PH-ZO-DELYKB-65933847,expected,OPENED,02-10-2026 23:14,Arvind Bansal (DNCR),02-10-2026 19:37,#VALUE!,#VALUE!,#VALUE!
03-10-2026,FMPC6553005127,WelcomeHub_DEL_PL,COZIA FOOTWEAR +918700501516,2d8377ded4b041f4,dispatched_to_mh,North,TRUEFLEX,4240164,Trueflex,#N/A,MotherHub_YKB,BRSNR,WelcomeHub_DEL_PL,PH-ZO-DELYKB-66135546,expected,OPENED,02-10-2026 23:37,Arvind Bansal (DNCR),02-10-2026 19:37,#VALUE!,#VALUE!,#VALUE!
