Date,ShipmentId,Hub Name,Seller name,seller id,Status,Zone,LIB,Casper id,Partner Name,WM name,MH,RCA,PH Name,BagId,Shipment Status,Bag status,Bag Receive time,GM
27-09-2026,FMPC6533035100,PaharganjHub_DEL_PL,H.R.Enterprises +919220903547,570c84ab67da4384,dispatched_to_mh,North,LMA,1.00E+11,We Innovate Business Solutions Pvt Ltd,RahulKumar,Motherhub_DIC,FM BRSNR,PaharganjHub_DEL_PL,PH-B4-DELDIC-42180220,expected,OPENED,27-09-2026 01:09,Arvind Bansal (DNCR)
27-09-2026,FMPC6533910260,TirupurHub_TPR_PL,SRI JAIVEER TEX +919047395001,4c0bdbe140bd4325,dispatched_to_mh,South,LMA,1.00E+11,SAS,Gokul,MotherHub_CJB,FM BRSNR,TirupurHub_TPR_PL,PH-B3-CJBCJB-5728157,expected,OPENED,26-09-2026 22:59,ranju.chandran
27-09-2026,FMPC6531882391,SaroliHub_STV_PL,Tha cloth creations +919429043491,5081a380e856453d,received_at_mh,West,LMA,1.00E+11,#N/A,#N/A,MotherHub_STV_BTS,FM BRSNR,SaroliHub_STV_PL,PH-B1-SURBTS-25719529,expected,OPENED,27-09-2026 03:33,Ashvani Bhatt
27-09-2026,FMPC6532858394,MotaVarachhaSplitHub_STV_PL,HEAVEN FASHION +918460730521,088c2bee0fa94fa8,received_at_mh,West,LMA,1.00E+11,#N/A,#N/A,MotherHub_STV,FM BRSNR,MotaVarachhaSplitHub_STV_PL,PH-ZO-SURSUR-11203394,expected,OPENED,26-09-2026 21:47,Ashvani Bhatt
27-09-2026,FMPC6530532254,GurgaonHub_DEL_PL,MAGICAL TECH +918178191941,27dd18a657e443ed,received_at_mh,North,LMA,1.00E+11,Vxpress,AvneeshKumar,Motherhub_DIC,FM BRSNR,GurgaonHub_DEL_PL,PH-B6-DELDIC-42085605,expected,OPENED,26-09-2026 22:29,Arvind Bansal (DNCR)
27-09-2026,FMPP4300148597,HoodiHub_BLR_PL,Leoxsys Networks Pvt.Ltd. +917349178139,tbdwu80mh28cwwyf,dispatched_to_mh,South,LMA,1.00E+11,WERCATALYST VENTURES PVT LTD,SureshC,MotherHub_BLR,FM BRSNR,HoodiHub_BLR_PL,PH-B3-BLRBLR-15577334,expected,OPENED,26-09-2026 22:30,Anwar Babu Maldar
27-09-2026,FMPC6525956580,KalyanNagarHub_BLR_PL,SHIVA MOBILES +917975900844,85336f98b7fa48dd,dispatched_to_mh,South,EKART,3758231,EKART,,MotherHub_BLR,FM BRSNR,KalyanNagarHub_BLR_PL,PH-B1-BLRBLR-15653273,expected,OPENED,26-09-2026 22:48,Anwar Babu Maldar
27-09-2026,FMPC6531723307,ChandigarhRoadSplitHub_LUH_PL,ARYAN INTERNATIONAL +918847551194,3bc0e63343204fd6,dispatched_to_mh,North,LMA,1.00E+11,IPC MANPOWER PVT LTD,AmanYadav,Motherhub_LUH,FM BRSNR,ChandigarhRoadSplitHub_LUH_PL,PH-B5-LUHLUH-4964980,expected,OPENED,26-09-2026 23:46,Loveleen Singh
27-09-2026,FMPP4300607723,ChandigarhRoadSplitHub_LUH_PL,Men Rocks Private Limited +918894384745,6abec88ddaf64be8,dispatched_to_mh,North,LMA,1.00E+11,#N/A,#N/A,Motherhub_LUH,FM BRSNR,ChandigarhRoadSplitHub_LUH_PL,PH-B5-LUHLUH-4964998,expected,OPENED,26-09-2026 23:37,Loveleen Singh
27-09-2026,FMPC6532717659,ChandigarhRoadSplitHub_LUH_PL,DLASKROSS LIMITED +919464823807,24ded9e175b645d8,dispatched_to_mh,North,LMA,1.00E+11,#N/A,#N/A,Motherhub_LUH,FM BRSNR,ChandigarhRoadSplitHub_LUH_PL,PH-B5-LUHLUH-4955360,expected,OPENED,26-09-2026 23:49,Loveleen Singh
27-09-2026,FMPC6532627659,ChandigarhRoadSplitHub_LUH_PL,Hanumant Trading Co +919653052539,d6986c896df44018,dispatched_to_mh,North,LMA,1.00E+11,Fastbeetle service,AvtarSingh,Motherhub_LUH,FM BRSNR,ChandigarhRoadSplitHub_LUH_PL,PH-B5-LUHLUH-4964276,expected,OPENED,26-09-2026 22:56,Loveleen Singh
27-09-2026,FMPC6532568285,ChandigarhRoadSplitHub_LUH_PL,NAGMA ARTS +917888575595,b738616287534a57,dispatched_to_mh,North,LMA,1.00E+11,WHEELEY,ParkashKumar,Motherhub_LUH,FM BRSNR,ChandigarhRoadSplitHub_LUH_PL,PH-B5-LUHLUH-4955174,expected,OPENED,26-09-2026 23:28,Loveleen Singh
27-09-2026,FMPC6530383419,ChandigarhRoadSplitHub_LUH_PL,RABNOOR IMPEX +919313920001,51e0050021cc4bad,dispatched_to_mh,North,LMA,1.00E+11,WHEELEY,KulwinderSingh,Motherhub_LUH,FM BRSNR,ChandigarhRoadSplitHub_LUH_PL,PH-B5-LUHLUH-4961661,expected,OPENED,26-09-2026 23:30,Loveleen Singh
27-09-2026,FMPC6531674693,ChandigarhRoadSplitHub_LUH_PL,Chugh Enterprises +917009381081,54005e00b6ad4bfc,received_at_mh,North,LMA,1.00E+11,Vxpress,DeepakSharma,Motherhub_LUH,FM BRSNR,ChandigarhRoadSplitHub_LUH_PL,PH-B5-LUHLUH-4967164,expected,OPENED,26-09-2026 22:53,Loveleen Singh
27-09-2026,FMPP4299987439,ChandigarhRoadSplitHub_LUH_PL,ARYAN INTERNATIONAL +918847551194,3bc0e63343204fd6,dispatched_to_mh,North,LMA,1.00E+11,IPC MANPOWER PVT LTD,AmanYadav,Motherhub_LUH,FM BRSNR,ChandigarhRoadSplitHub_LUH_PL,PH-B5-LUHLUH-4964980,expected,OPENED,26-09-2026 23:46,Loveleen Singh
27-09-2026,FMPC6530452405,ChandigarhRoadSplitHub_LUH_PL,SAT HOSIERY FACTORY +918958900007,da6e04b6ca60486c,dispatched_to_mh,North,LMA,1.00E+11,WHEELEY,ParkashKumar,Motherhub_LUH,FM BRSNR,ChandigarhRoadSplitHub_LUH_PL,PH-B5-LUHLUH-4967488,expected,OPENED,27-09-2026 00:09,Loveleen Singh
27-09-2026,FMPC6530383327,ChandigarhRoadSplitHub_LUH_PL,RABNOOR IMPEX +919313920001,51e0050021cc4bad,dispatched_to_mh,North,LMA,1.00E+11,WHEELEY,KulwinderSingh,Motherhub_LUH,FM BRSNR,ChandigarhRoadSplitHub_LUH_PL,PH-B5-LUHLUH-4961661,expected,OPENED,26-09-2026 23:30,Loveleen Singh
27-09-2026,FMPC6532634138,ChandigarhRoadSplitHub_LUH_PL,Men Rocks Private Limited +918894384745,6abec88ddaf64be8,dispatched_to_mh,North,LMA,1.00E+11,#N/A,#N/A,Motherhub_LUH,FM BRSNR,ChandigarhRoadSplitHub_LUH_PL,PH-B5-LUHLUH-4965000,expected,OPENED,26-09-2026 23:39,Loveleen Singh
27-09-2026,FMPC6530782245,ChandigarhRoadSplitHub_LUH_PL,M.J GARMENTS +918264773927,c550cdd6555b4b35,dispatched_to_mh,North,LMA,1.00E+11,WHEELEY,ParkashKumar,Motherhub_LUH,FM BRSNR,ChandigarhRoadSplitHub_LUH_PL,PH-B5-LUHLUH-4965241,expected,OPENED,27-09-2026 00:01,Loveleen Singh
27-09-2026,FMPP4299933241,ChandigarhRoadSplitHub_LUH_PL,NORANG & GRANDSONS +917986478748,db4dc1dbd256426e,dispatched_to_mh,North,LMA,1.00E+11,SUSAH SUPPLY CHAIN AND NETWORK PRIVATE LIMITED,HarinderpreetSingh,Motherhub_LUH,FM BRSNR,ChandigarhRoadSplitHub_LUH_PL,PH-B5-LUHLUH-4964968,expected,OPENED,26-09-2026 23:45,Loveleen Singh
27-09-2026,FMPP4300550474,ChandigarhRoadSplitHub_LUH_PL,Men Rocks Private Limited +918894384745,6abec88ddaf64be8,dispatched_to_mh,North,LMA,1.00E+11,#N/A,#N/A,Motherhub_LUH,FM BRSNR,ChandigarhRoadSplitHub_LUH_PL,PH-B5-LUHLUH-4497640,expected,OPENED,26-09-2026 23:36,Loveleen Singh
27-09-2026,FMPC6530528667,ChandigarhRoadSplitHub_LUH_PL,Easy Deals +919803842360,37440f27cf604e27,dispatched_to_mh,North,LMA,1.00E+11,Vxpress,ManishYadav,Motherhub_LUH,FM BRSNR,ChandigarhRoadSplitHub_LUH_PL,PH-B5-LUHLUH-4964082,expected,OPENED,26-09-2026 23:06,Loveleen Singh
27-09-2026,FMPC6530793755,ChandigarhRoadSplitHub_LUH_PL,Balrama Enterprises +919814533365,b1cfd80f880949c5,received_at_mh,North,LMA,1.00E+11,WHEELEY,KulwinderSingh,Motherhub_LUH,FM BRSNR,ChandigarhRoadSplitHub_LUH_PL,PH-B5-LUHLUH-4964394,expected,OPENED,26-09-2026 23:32,Loveleen Singh
27-09-2026,FMPC6530416272,ChandigarhRoadSplitHub_LUH_PL,AAKRITI BLANKETS +919915698982,2fd66e4e29fa4958,dispatched_to_mh,North,LMA,1.00E+11,SUSAH SUPPLY CHAIN AND NETWORK PRIVATE LIMITED,HarinderpreetSingh,Motherhub_LUH,FM BRSNR,ChandigarhRoadSplitHub_LUH_PL,PH-B5-LUHLUH-4964960,expected,OPENED,26-09-2026 22:57,Loveleen Singh
27-09-2026,FMPC6530318138,ChandigarhRoadSplitHub_LUH_PL,NAGMA IMPEX +919814119276,34315533f2f749ea,dispatched_to_mh,North,LMA,1.00E+11,WHEELEY,ParkashKumar,Motherhub_LUH,FM BRSNR,ChandigarhRoadSplitHub_LUH_PL,PH-B5-LUHLUH-4955175,expected,OPENED,26-09-2026 23:28,Loveleen Singh
27-09-2026,FMPP4300596947,ChandigarhRoadSplitHub_LUH_PL,AMRIT SOAP COMPANY +919888233344,b0849b2c5dab4253,dispatched_to_mh,North,LMA,1.00E+11,IPC MANPOWER PVT LTD,AmanYadav,Motherhub_LUH,FM BRSNR,ChandigarhRoadSplitHub_LUH_PL,PH-B5-LUHLUH-4957100,expected,OPENED,26-09-2026 23:53,Loveleen Singh
27-09-2026,FMPC6530247133,ChandigarhRoadSplitHub_LUH_PL,VAIBHAV FABRICS +919815023975,a1dadca19cb244e9,dispatched_to_mh,North,TRUEFLEX,1178189,TRUEFLEX,ParminderSingh,Motherhub_LUH,FM BRSNR,ChandigarhRoadSplitHub_LUH_PL,PH-B5-LUHLUH-4964870,expected,OPENED,26-09-2026 22:42,Loveleen Singh
27-09-2026,FMPP4299354062,ChandigarhRoadSplitHub_LUH_PL,RIDAAN KNITWEAR +917009841131,fe876e77449748f5,dispatched_to_mh,North,LMA,1.00E+11,#N/A,#N/A,Motherhub_LUH,FM BRSNR,ChandigarhRoadSplitHub_LUH_PL,PH-B5-LUHLUH-4965026,expected,OPENED,27-09-2026 00:12,Loveleen Singh
27-09-2026,FMPP4300539348,ChandigarhRoadSplitHub_LUH_PL,DLASKROSS LIMITED +919464823807,24ded9e175b645d8,dispatched_to_mh,North,LMA,1.00E+11,#N/A,#N/A,Motherhub_LUH,FM BRSNR,ChandigarhRoadSplitHub_LUH_PL,PH-B5-LUHLUH-4955360,expected,OPENED,26-09-2026 23:49,Loveleen Singh
27-09-2026,FMPP4300694059,ChandigarhRoadSplitHub_LUH_PL,AMRIT SOAP COMPANY +919888233344,b0849b2c5dab4253,dispatched_to_mh,North,LMA,1.00E+11,IPC MANPOWER PVT LTD,AmanYadav,Motherhub_LUH,FM BRSNR,ChandigarhRoadSplitHub_LUH_PL,PH-B5-LUHLUH-4957100,expected,OPENED,26-09-2026 23:53,Loveleen Singh
27-09-2026,FMPP4299353683,ChandigarhRoadSplitHub_LUH_PL,RIDAAN KNITWEAR +917009841131,fe876e77449748f5,dispatched_to_mh,North,LMA,1.00E+11,#N/A,#N/A,Motherhub_LUH,FM BRSNR,ChandigarhRoadSplitHub_LUH_PL,PH-B5-LUHLUH-4965026,expected,OPENED,27-09-2026 00:12,Loveleen Singh
27-09-2026,FMPC6533677641,GariaHub_KOL_PL,SREE GURU STORE +919836275041,69cc614a7ae943ee,dispatched_to_mh,East,LMA,1.00E+11,WERCATALYST VENTURES PVT LTD,Saurav KumarSharma,Motherhub_HRN,FM BRSNR,GariaHub_KOL_PL,PH-B3-KOLHRN-8029622,expected,OPENED,27-09-2026 01:38,Somnath G
27-09-2026,FMPC6530849303,HowrahHub_KOL_PL,SINGH E-COMMERCE ZONE +917439209151,e88e4ed60b234339,dispatched_to_mh,East,LMA,1.00E+11,#N/A,#N/A,Motherhub_HRN,FM BRSNR,HowrahHub_KOL_PL,PH-B3-KOLHRN-8033693,expected,REACHED,27-09-2026 01:55,Somnath G
27-09-2026,FMPP4297441870,MedchalHub_HYD_PL,CLOUD SHOES LLP 8870688804,7ad0ef50d13647b3,received_at_mh,South,EKART,4377223,EKART,,MotherHub_MED,FM BRSNR,MedchalHub_HYD_PL,PH-B1-HYDMED-3104300,expected,OPENED,26-09-2026 22:45,Vivekananda Tallapudi
27-09-2026,FMPP4299227897,SectorVHub_KOL_PL,HIMALAYA WELLNESS COMPANY 9163363702,5be10650d90443b9,received_at_mh,East,LMA,4379457,#N/A,#N/A,Motherhub_HRN,FM BRSNR,SectorVHub_KOL_PL,PH-B3-KOLHRN-7994293,expected,REACHED,27-09-2026 09:20,Somnath G
27-09-2026,FMPP4300196490,ChandigarhRoadHub_LUH_PL,NSG SALES +917888781023,f406a1dc04e34e13,received_at_mh,North,LMA,1.00E+11,WHEELEY,Surjit,Motherhub_LUH,FM BRSNR,ChandigarhRoadHub_LUH_PL,PH-B5-LUHLUH-4967076,expected,OPENED,27-09-2026 00:45,Loveleen Singh
27-09-2026,FMPC6530768257,ChandigarhRoadHub_LUH_PL,RANG MANCH FASHION PRIVATE LIMITED +916239741214,b05ec1f1a8ab42a6,dispatched_to_mh,North,LMA,1.00E+11,WHEELEY,RahulKumar,Motherhub_LUH,FM BRSNR,ChandigarhRoadHub_LUH_PL,PH-B5-LUHLUH-4954229,expected,OPENED,27-09-2026 00:25,Loveleen Singh
27-09-2026,FMPC6534086788,ChandigarhRoadHub_LUH_PL,Global dress +917668829925,e4c4a2cfa2294897,dispatched_to_mh,North,LMA,1.00E+11,WHEELEY,DharmpreetSingh,Motherhub_LUH,FM BRSNR,ChandigarhRoadHub_LUH_PL,PH-B5-LUHLUH-4966869,expected,OPENED,26-09-2026 22:56,Loveleen Singh
27-09-2026,FMPC6530116862,ChandigarhRoadHub_LUH_PL,SHREE DHANWANTRI ORGANICS +919779203900,a4dee30303ec436e,received_at_mh,North,LMA,1.00E+11,#N/A,#N/A,Motherhub_LUH,FM BRSNR,ChandigarhRoadHub_LUH_PL,PH-B5-LUHLUH-4966862,expected,OPENED,26-09-2026 22:54,Loveleen Singh
27-09-2026,FMPP4301420726,ChandigarhRoadHub_LUH_PL,HIBERTECH +917087130425,bd8683a62a464029,dispatched_to_mh,North,LMA,1.00E+11,WHEELEY,GurpreetSingh,Motherhub_LUH,FM BRSNR,ChandigarhRoadHub_LUH_PL,PH-B5-LUHLUH-4961203,expected,OPENED,26-09-2026 23:17,Loveleen Singh
27-09-2026,FMPC6532025820,ChandigarhRoadHub_LUH_PL,BIKES WORLD +919878588350,23fa9a96c5b24bbf,dispatched_to_mh,North,LMA,1.00E+11,WHEELEY,Ravi,Motherhub_LUH,FM BRSNR,ChandigarhRoadHub_LUH_PL,PH-B5-LUHLUH-4966828,expected,OPENED,27-09-2026 00:41,Loveleen Singh
27-09-2026,FMPP4300819610,ChandigarhRoadHub_LUH_PL,JANAK CREATIONS +919779999227,45cb7b0acd7c40bc,dispatched_to_mh,North,LMA,1.00E+11,Loadshare,GursimraSingh,Motherhub_LUH,FM BRSNR,ChandigarhRoadHub_LUH_PL,PH-B5-LUHLUH-4966851,expected,OPENED,26-09-2026 22:51,Loveleen Singh
27-09-2026,FMPC6530008692,ChandigarhRoadHub_LUH_PL,BELIEVE INDIA 9643922599,0e00bfc1e0794615,dispatched_to_mh,North,LMA,1.00E+11,Loadshare,Vijay,Motherhub_LUH,FM BRSNR,ChandigarhRoadHub_LUH_PL,PH-B5-LUHLUH-4919946,expected,OPENED,26-09-2026 23:01,Loveleen Singh
27-09-2026,FMPC6532020713,ChandigarhRoadHub_LUH_PL,NSG SALES +917888781023,f406a1dc04e34e13,received_at_mh,North,LMA,1.00E+11,WHEELEY,Surjit,Motherhub_LUH,FM BRSNR,ChandigarhRoadHub_LUH_PL,PH-B5-LUHLUH-4967076,expected,OPENED,27-09-2026 00:45,Loveleen Singh
27-09-2026,FMPC6531629163,ChandigarhRoadHub_LUH_PL,NAYRA INTERNATIONAL +919888456778,57933ec7782c4b74,dispatched_to_mh,North,LMA,1.00E+11,Loadshare,GursimraSingh,Motherhub_LUH,FM BRSNR,ChandigarhRoadHub_LUH_PL,PH-B5-LUHLUH-4966942,expected,OPENED,26-09-2026 22:42,Loveleen Singh
27-09-2026,FMPC6530421527,ChandigarhRoadHub_LUH_PL,SORAYA ENTERPRISES +919988548269,9902237869b64f74,dispatched_to_mh,North,LMA,1.00E+11,#N/A,#N/A,Motherhub_LUH,FM BRSNR,ChandigarhRoadHub_LUH_PL,PH-B5-LUHLUH-4959521,expected,OPENED,26-09-2026 22:49,Loveleen Singh
27-09-2026,FMPC6531732734,ChandigarhRoadHub_LUH_PL,INAYAT TRADERS +917031299000,ba73c3a72bbb4ec0,dispatched_to_mh,North,LMA,1.00E+11,WHEELEY,Ravi,Motherhub_LUH,FM BRSNR,ChandigarhRoadHub_LUH_PL,PH-B5-LUHLUH-4965326,expected,OPENED,27-09-2026 00:39,Loveleen Singh
27-09-2026,FMPP4299520250,ChandigarhRoadHub_LUH_PL,NSG SALES +917888781023,f406a1dc04e34e13,received_at_mh,North,LMA,1.00E+11,WHEELEY,Surjit,Motherhub_LUH,FM BRSNR,ChandigarhRoadHub_LUH_PL,PH-B5-LUHLUH-4967076,expected,OPENED,27-09-2026 00:45,Loveleen Singh
27-09-2026,FMPC6532961714,ChandigarhRoadHub_LUH_PL,VACHI APPAREL'S +917579000030,4907aaf4bcc9413d,dispatched_to_mh,North,LMA,1.00E+11,WHEELEY,DharmpreetSingh,Motherhub_LUH,FM BRSNR,ChandigarhRoadHub_LUH_PL,PH-B5-LUHLUH-4966868,expected,OPENED,26-09-2026 22:59,Loveleen Singh
27-09-2026,FMPP4296769170,ChandigarhRoadHub_LUH_PL,HONEY OSWAL +919888770938,86ef2091b3cc4132,dispatched_to_mh,North,LMA,1.00E+11,Loadshare,Vijay,Motherhub_LUH,FM BRSNR,ChandigarhRoadHub_LUH_PL,PH-B5-LUHLUH-4967062,expected,OPENED,26-09-2026 23:10,Loveleen Singh
27-09-2026,FMPC6531928906,ChandigarhRoadHub_LUH_PL,BUYMAX WELLNESS 9878350455,14b7d31410044ec5,dispatched_to_mh,North,LMA,1.00E+11,WHEELEY,Surjit,Motherhub_LUH,FM BRSNR,ChandigarhRoadHub_LUH_PL,PH-B5-LUHLUH-4967075,expected,OPENED,27-09-2026 00:32,Loveleen Singh
27-09-2026,FMPP4297231936,TrimulgherryHub_HYD_PL,BATA INDIA LTD. 9247290836,8552fce6cd8e4f9e,received_at_mh,South,LMA,1.00E+11,MyBox Logistics,OlluruSrikanth,MotherHub_MED,FM BRSNR,TrimulgherryHub_HYD_PL,PH-B1-HYDMED-3105789,expected,OPENED,27-09-2026 02:19,Vivekananda Tallapudi
27-09-2026,FMPP4299691539,TrimulgherryHub_HYD_PL,Rukmini Creations +919014556226,4c932772d1e64e01,dispatched_to_mh,South,EKART,4364507,EKART,,MotherHub_MED,FM BRSNR,TrimulgherryHub_HYD_PL,PH-B1-HYDMED-3105913,expected,OPENED,27-09-2026 02:19,Vivekananda Tallapudi
27-09-2026,FMPC6527244962,TrimulgherryHub_HYD_PL,HIMALAYA WELLNESS COMPANY 8885085554,5be10650d90443b9,received_at_mh,South,LMA,1.00E+11,MyBox Logistics,OlluruSrikanth,MotherHub_MED,FM BRSNR,TrimulgherryHub_HYD_PL,PH-B1-HYDMED-3105789,expected,OPENED,27-09-2026 02:19,Vivekananda Tallapudi
27-09-2026,FMPP4296983711,TrimulgherryHub_HYD_PL,HIMALAYA WELLNESS COMPANY 8885085554,5be10650d90443b9,received_at_mh,South,LMA,1.00E+11,MyBox Logistics,OlluruSrikanth,MotherHub_MED,FM BRSNR,TrimulgherryHub_HYD_PL,PH-B1-HYDMED-3105789,expected,OPENED,27-09-2026 02:19,Vivekananda Tallapudi
27-09-2026,FMPP4296953035,TrimulgherryHub_HYD_PL,HIMALAYA WELLNESS COMPANY 8885085554,5be10650d90443b9,received_at_mh,South,LMA,1.00E+11,MyBox Logistics,OlluruSrikanth,MotherHub_MED,FM BRSNR,TrimulgherryHub_HYD_PL,PH-B1-HYDMED-3105789,expected,OPENED,27-09-2026 02:19,Vivekananda Tallapudi
27-09-2026,FMPC6530001598,FortHub_MUM_PL,PICKLI INDIA +919967504077,5a9e71d3f4374306,dispatched_to_mh,West,EKART,4239313,EKART,,Motherhub_SAI_5,FM BRSNR,FortHub_MUM_PL,PH-B3-MUMSAI5-1619629,expected,OPENED,27-09-2026 01:22,Ashwarya Singh
27-09-2026,FMPC6530527237,KalyanNagarHub_BLR_PL,Aruna enterprises +919148228131,865cad066c7f4f09,dispatched_to_mh,South,EKART,4293226,EKART,,Motherhub_ANJ,FM BRSNR,KalyanNagarHub_BLR_PL,PH-B6-BLRANJ-1787736,expected,OPENED,27-09-2026 00:56,Anwar Babu Maldar
27-09-2026,FMPC6525869164,KanakpuraRdHub_BLR_PL,Shagufta Afreen +917349439380,f31219ff25fe4500,dispatched_to_mh,South,LMA,1.00E+11,#N/A,#N/A,Motherhub_ANJ,FM BRSNR,KanakpuraRdHub_BLR_PL,PH-B6-BLRANJ-2075785,expected,OPENED,27-09-2026 09:48,Anwar Babu Maldar
27-09-2026,FMPP4299432342,KalyanNagarHub_BLR_PL,Aruna enterprises +919148228131,865cad066c7f4f09,dispatched_to_mh,South,EKART,4293226,EKART,,Motherhub_ANJ,FM BRSNR,KalyanNagarHub_BLR_PL,PH-B6-BLRANJ-1787736,expected,OPENED,27-09-2026 00:56,Anwar Babu Maldar
27-09-2026,FMPC6533492989,MysorerdHub_BLR_PL,AS Enterprises +919483072899,368801e4822b40e5,dispatched_to_mh,South,LMA,1.00E+11,WERCATALYST VENTURES PVT LTD,C SMurthy,Motherhub_ANJ,FM BRSNR,MysorerdHub_BLR_PL,PH-B6-BLRANJ-2095520,expected,OPENED,27-09-2026 02:46,Anwar Babu Maldar
27-09-2026,FMPC6530695889,MysorerdHub_BLR_PL,AUTO TRENDS +919880513786,721371a76eb64b0d,dispatched_to_mh,South,LMA,1.00E+11,WERCATALYST VENTURES PVT LTD,Praveen KumarE,Motherhub_ANJ,FM BRSNR,MysorerdHub_BLR_PL,PH-B6-BLRANJ-2093096,expected,OPENED,27-09-2026 02:44,Anwar Babu Maldar
27-09-2026,FMPP4297322832,NelamangalaHub_BLR_PL,PAVAN ENTERPRISES 9964099283,c37c12a599304bf0,dispatched_to_mh,South,EKART,4379310,EKART,,Motherhub_ANJ,FM BRSNR,NelamangalaHub_BLR_PL,PH-B6-BLRANJ-2090800,expected,OPENED,27-09-2026 02:38,Anwar Babu Maldar
27-09-2026,FMPC6532276030,SoukyaRoad_BLR_PL,BAYPURE LIFESTYLE PRIVATE LIMITED 8310651953,63f747d188054aa3,dispatched_to_mh,South,LMA,1.00E+11,#N/A,#N/A,Motherhub_ANJ,FM BRSNR,SoukyaRoad_BLR_PL,PH-B6-BLRANJ-2028879,expected,OPENED,27-09-2026 02:48,Anwar Babu Maldar
27-09-2026,FMPC6530104479,SoukyaRoad_BLR_PL,HONESTINNOVATIONS FORYOU PRIVATE LIMITED 8637338195,0457d2d7e7324cfc,dispatched_to_mh,South,EKART,4385678,EKART,,Motherhub_ANJ,FM BRSNR,SoukyaRoad_BLR_PL,PH-B6-BLRANJ-2087577,expected,OPENED,27-09-2026 02:39,Anwar Babu Maldar
27-09-2026,FMPP4299522173,YelahankaHub_BLR_PL,HIMALAYA WELLNESS COMPANY 9945222793,5be10650d90443b9,dispatched_to_mh,South,EKART,4014057,EKART,,Motherhub_ANJ,FM BRSNR,YelahankaHub_BLR_PL,PH-B6-BLRANJ-2094154,expected,OPENED,27-09-2026 01:23,Anwar Babu Maldar
27-09-2026,FMPP4300613312,BallabhgarhHub_Del_PL,ADVIK ENTERPRISES +918810611799,ad648f3965b442bc,dispatched_to_mh,North,EKART,3238973,EKART,,Motherhub_DIC,FM BRSNR,BallabhgarhHub_Del_PL,PH-B1-DELDIC-42208991,expected,OPENED,27-09-2026 00:41,Arvind Bansal (DNCR)
27-09-2026,FMPC6531660146,Alipur_DEL_PL,Hariom Retail Pvt. Ltd. 9717788628,7886c78746174a86,received_at_mh,North,TRUEFLEX,593662,TRUEFLEX,Rahul,Motherhub_DIC,FM BRSNR,Alipur_DEL_PL,PH-B6-DELDIC-42148272,expected,OPENED,26-09-2026 22:38,Arvind Bansal (DNCR)
27-09-2026,FMPC6531347929,BawanaHub_DEL_PL,KHATU SHYAM UDYOG AQUA ENTERPRISES +919289011320,ac01c3241d114960,dispatched_to_mh,North,LMA,1.00E+11,Sitics,Ankit,Motherhub_DIC,FM BRSNR,BawanaHub_DEL_PL,PH-B1-DELDIC-42148384,expected,OPENED,26-09-2026 20:09,Arvind Bansal (DNCR)
27-09-2026,FMPC6533339447,BawanaHub_DEL_PL,SEVYA NATURALS +919315983535,4028c23013184127,received_at_mh,North,TRUEFLEX,949169,TRUEFLEX,#N/A,Motherhub_DIC,FM BRSNR,BawanaHub_DEL_PL,PH-B4-DELDIC-42173958,expected,OPENED,26-09-2026 20:13,Arvind Bansal (DNCR)
27-09-2026,FMPC6533355328,Alipur_DEL_PL,JASVICAT +919210897885,31df2c87b6b746f7,received_at_mh,North,LMA,1.00E+11,Loadshare,Yugraj,Motherhub_DIC,FM BRSNR,Alipur_DEL_PL,PH-B6-DELDIC-42190394,expected,OPENED,26-09-2026 22:47,Arvind Bansal (DNCR)
27-09-2026,FMPP4296829908,Alipur_DEL_PL,CSK BROTHERS +916207964360,38a027ea21cd40b1,dispatched_to_mh,North,LMA,1.00E+11,WHEELEY,AmarKumar,Motherhub_DIC,FM BRSNR,Alipur_DEL_PL,PH-B6-DELDIC-42172522,expected,OPENED,26-09-2026 22:40,Arvind Bansal (DNCR)
27-09-2026,FMPP4300085050,BallabhgarhHub_Del_PL,NOVA CREATIONS +919953866860,1a62bf9003034b2d,dispatched_to_mh,North,EKART,3940523,EKART,,Motherhub_DIC,FM BRSNR,BallabhgarhHub_Del_PL,PH-B6-DELDIC-42083333,expected,OPENED,27-09-2026 00:34,Arvind Bansal (DNCR)
27-09-2026,FMPC6533122735,Alipur_DEL_PL,JASVICAT +919210897885,31df2c87b6b746f7,received_at_mh,North,LMA,1.00E+11,Loadshare,Yugraj,Motherhub_DIC,FM BRSNR,Alipur_DEL_PL,PH-B6-DELDIC-42190394,expected,OPENED,26-09-2026 22:47,Arvind Bansal (DNCR)
27-09-2026,FMPC6530613201,BawanaHub_DEL_PL,CHHABRA TRADERS +919354720755,5f7f1d77ea3b4535,dispatched_to_mh,North,LMA,1.00E+11,WHEELEY,HansRaj,Motherhub_DIC,FM BRSNR,BawanaHub_DEL_PL,PH-B4-DELDIC-42192870,expected,OPENED,26-09-2026 23:23,Arvind Bansal (DNCR)
27-09-2026,FMPC6533301904,BallabhgarhHub_Del_PL,Stylotrendz Enterprises +918447492973,c96456ba7e384cf0,dispatched_to_mh,North,LMA,1.00E+11,Fastbeetle service,Munna,Motherhub_DIC,FM BRSNR,BallabhgarhHub_Del_PL,PH-B4-DELDIC-42202713,expected,OPENED,27-09-2026 00:34,Arvind Bansal (DNCR)
27-09-2026,FMPC6533881922,BallabhgarhHub_Del_PL,Stylotrendz Enterprises +918447492973,c96456ba7e384cf0,dispatched_to_mh,North,LMA,1.00E+11,Fastbeetle service,Munna,Motherhub_DIC,FM BRSNR,BallabhgarhHub_Del_PL,PH-B1-DELDIC-42202682,expected,OPENED,27-09-2026 00:34,Arvind Bansal (DNCR)
27-09-2026,FMPP4299918356,BallabhgarhHub_Del_PL,SNABTAX +918750747730,333adb4bd69b464f,dispatched_to_mh,North,LMA,1.00E+11,Fastbeetle service,Munna,Motherhub_DIC,FM BRSNR,BallabhgarhHub_Del_PL,PH-B4-DELDIC-42202709,expected,OPENED,27-09-2026 00:38,Arvind Bansal (DNCR)
27-09-2026,FMPC6525244773,BawanaHub_DEL_PL,PAISAPAO +918076279870,51757a6100814f3c,dispatched_to_mh,North,LMA,1.00E+11,WHEELEY,Ritik,Motherhub_DIC,FM BRSNR,BawanaHub_DEL_PL,PH-B4-DELDIC-41269932,expected,OPENED,26-09-2026 22:05,Arvind Bansal (DNCR)
27-09-2026,FMPC6533339288,Alipur_DEL_PL,LIFTOFF +918373902099,a0340c5403ad4f01,received_at_mh,North,LMA,1.00E+11,WHEELEY,AmarKumar,Motherhub_DIC,FM BRSNR,Alipur_DEL_PL,PH-B6-DELDIC-42172727,expected,OPENED,26-09-2026 22:42,Arvind Bansal (DNCR)
27-09-2026,FMPC6533356598,Alipur_DEL_PL,RAJPUT ENTERPRISE +917678201261,c855b98ab75a45de,received_at_mh,North,LMA,1.00E+11,WHEELEY,AmarKumar,Motherhub_DIC,FM BRSNR,Alipur_DEL_PL,PH-B4-DELDIC-42181424,expected,OPENED,26-09-2026 22:43,Arvind Bansal (DNCR)
27-09-2026,FMPC6533356583,Alipur_DEL_PL,RAJPUT ENTERPRISE +917678201261,c855b98ab75a45de,received_at_mh,North,LMA,1.00E+11,WHEELEY,AmarKumar,Motherhub_DIC,FM BRSNR,Alipur_DEL_PL,PH-B6-DELDIC-42172728,expected,OPENED,26-09-2026 22:42,Arvind Bansal (DNCR)
27-09-2026,FMPC6529948983,BawanaHub_DEL_PL,M/S MAALUV TOYS +919654761095,65d8371ebdf94341,dispatched_to_mh,North,TRUEFLEX,949169,TRUEFLEX,#N/A,Motherhub_DIC,FM BRSNR,BawanaHub_DEL_PL,PH-B1-DELDIC-42127975,expected,OPENED,26-09-2026 20:07,Arvind Bansal (DNCR)
27-09-2026,FMPP4299071726,BawanaHub_DEL_PL,DPSS INDIA PRIVATE LIMITED +919891330602,235bf09610e14c14,dispatched_to_mh,North,LMA,1.00E+11,WERCATALYST VENTURES PVT LTD,Himanshu,Motherhub_DIC,FM BRSNR,BawanaHub_DEL_PL,PH-B6-DELDIC-41763227,expected,OPENED,26-09-2026 22:58,Arvind Bansal (DNCR)
27-09-2026,FMPC6533881937,BallabhgarhHub_Del_PL,Stylotrendz Enterprises +918447492973,c96456ba7e384cf0,dispatched_to_mh,North,LMA,1.00E+11,Fastbeetle service,Munna,Motherhub_DIC,FM BRSNR,BallabhgarhHub_Del_PL,PH-B1-DELDIC-42202682,expected,OPENED,27-09-2026 00:34,Arvind Bansal (DNCR)
27-09-2026,FMPP4300593596,BallabhgarhHub_Del_PL,BEAUTY & BEYOND PRIVATE LIMITED +918810646724,bc94bd33965c48b9,dispatched_to_mh,North,EKART,4303634,EKART,,Motherhub_DIC,FM BRSNR,BallabhgarhHub_Del_PL,PH-B1-DELDIC-42202448,expected,OPENED,27-09-2026 00:37,Arvind Bansal (DNCR)
27-09-2026,FMPC6532998364,BallabhgarhHub_Del_PL,ADVIK ENTERPRISES +918810611799,ad648f3965b442bc,dispatched_to_mh,North,EKART,3238973,EKART,,Motherhub_DIC,FM BRSNR,BallabhgarhHub_Del_PL,PH-B1-DELDIC-42208991,expected,OPENED,27-09-2026 00:41,Arvind Bansal (DNCR)
27-09-2026,FMPC6531617987,BallabhgarhHub_Del_PL,ADVIK ENTERPRISES +918810611799,ad648f3965b442bc,dispatched_to_mh,North,EKART,3238973,EKART,,Motherhub_DIC,FM BRSNR,BallabhgarhHub_Del_PL,PH-B4-DELDIC-42210101,expected,OPENED,27-09-2026 00:41,Arvind Bansal (DNCR)
27-09-2026,FMPP4300590034,BawanaHub_DEL_PL,ELITE TECHNOLOGIES +918076874431,6bac3aafb4f34b89,dispatched_to_mh,North,TRUEFLEX,1268066,TRUEFLEX,VikashKumar,Motherhub_DIC,FM BRSNR,BawanaHub_DEL_PL,PH-B1-DELDIC-42202363,expected,OPENED,26-09-2026 22:01,Arvind Bansal (DNCR)
27-09-2026,FMPP4300480769,Alipur_DEL_PL,M.H Industries 9934099390,1d81ea9ae3714e11,dispatched_to_mh,North,LMA,1.00E+11,#N/A,#N/A,Motherhub_DIC,FM BRSNR,Alipur_DEL_PL,PH-B6-DELDIC-42172410,expected,OPENED,26-09-2026 22:44,Arvind Bansal (DNCR)
27-09-2026,FMPC6530981721,BallabhgarhHub_Del_PL,LECCO INDIA AUTOMOTIVE PARTS +918395982842,2cc2c5f5fa244932,received_at_mh,North,EKART,2949685,EKART,,Motherhub_DIC,FM BRSNR,BallabhgarhHub_Del_PL,PH-B6-DELDIC-41367935,expected,OPENED,27-09-2026 00:34,Arvind Bansal (DNCR)
27-09-2026,FMPP4301308739,BurariHub_DEL_PL,GO ANYTHING +919999490899,6c33c73d81294a24,dispatched_to_mh,North,LMA,1.00E+11,SUSAH SUPPLY CHAIN AND NETWORK PRIVATE LIMITED,Ashu,Motherhub_DIC,FM BRSNR,BurariHub_DEL_PL,PH-B6-DELDIC-42142782,expected,OPENED,27-09-2026 01:08,Arvind Bansal (DNCR)
27-09-2026,FMPP4300337521,DindoliHub_STV_PL,HOMANTA +919328465429,c671695d361c47bb,received_at_mh,West,LMA,1.00E+11,#N/A,#N/A,MotherHub_STV,FM BRSNR,DindoliHub_STV_PL,PH-ZO-SURSUR-11168443,expected,OPENED,26-09-2026 20:14,Ashvani Bhatt
27-09-2026,FMPC6530670134,Chhatarpur_DEL_PL,Dhirsti Enterprises +918700274606,817f5938392341e1,dispatched_to_mh,North,LMA,4186973,#N/A,#N/A,Motherhub_DIC,FM BRSNR,Chhatarpur_DEL_PL,PH-B6-DELDIC-42185653,expected,OPENED,27-09-2026 00:07,Arvind Bansal (DNCR)
27-09-2026,FMPC6531093490,BurariHub_DEL_PL,Satpal Trading Co. +918766336050,807076d5170b4147,received_at_mh,North,LMA,1.00E+11,#N/A,#N/A,Motherhub_DIC,FM BRSNR,BurariHub_DEL_PL,PH-B1-DELDIC-41675868,expected,OPENED,27-09-2026 03:16,Arvind Bansal (DNCR)
27-09-2026,FMPP4299085597,BurariHub_DEL_PL,M/s One100Hub +917042183872,8f57356bf87f4310,dispatched_to_mh,North,TRUEFLEX,863480,TRUEFLEX,PrinceKumar,Motherhub_DIC,FM BRSNR,BurariHub_DEL_PL,PH-B6-DELDIC-40516865,expected,OPENED,27-09-2026 01:08,Arvind Bansal (DNCR)
27-09-2026,FMPC6531473704,BurariHub_DEL_PL,Satpal Trading Co. +918766336050,807076d5170b4147,received_at_mh,North,LMA,1.00E+11,#N/A,#N/A,Motherhub_DIC,FM BRSNR,BurariHub_DEL_PL,PH-B1-DELDIC-41675868,expected,OPENED,27-09-2026 03:16,Arvind Bansal (DNCR)
27-09-2026,FMPP4300910016,DindoliHub_STV_PL,KRISHNA ENTERPRISE +917874872966,ad41e48747144597,dispatched_to_mh,West,LMA,1.00E+11,PROBITY LOGISTICS PRIVATE LIMITED,Maifuj YusufPathan,MotherHub_STV,FM BRSNR,DindoliHub_STV_PL,PH-B4-SURSUR-11194796,expected,OPENED,27-09-2026 04:21,Ashvani Bhatt
27-09-2026,FMPC6532566762,BurariHub_DEL_PL,OIL ELIXIR +918810282627,2aba63a7910d41cb,dispatched_to_mh,North,TRUEFLEX,688405,TRUEFLEX,ShivamShivam,Motherhub_DIC,FM BRSNR,BurariHub_DEL_PL,PH-B6-DELDIC-42139768,expected,OPENED,27-09-2026 01:06,Arvind Bansal (DNCR)
27-09-2026,FMPC6532012213,DindoliHub_STV_PL,HANUMANT CREATION +919328680025,14ed4e7741fd47eb,dispatched_to_mh,West,LMA,1.00E+11,PROBITY LOGISTICS PRIVATE LIMITED,Maifuj YusufPathan,MotherHub_STV,FM BRSNR,DindoliHub_STV_PL,PH-ZO-SURSUR-11194802,expected,OPENED,27-09-2026 03:49,Ashvani Bhatt
27-09-2026,FMPC6532623561,BurariHub_DEL_PL,Pradeep soft toys creation +918960623502,e1e85d38f5fb4405,received_at_mh,North,LMA,1.00E+11,#N/A,#N/A,Motherhub_DIC,FM BRSNR,BurariHub_DEL_PL,PH-B1-DELDIC-41675868,expected,OPENED,27-09-2026 03:16,Arvind Bansal (DNCR)
27-09-2026,FMPC6530745813,DindoliHub_STV_PL,BAJRANGI ENTERPRISES +919318442114,b36b904611f0405e,dispatched_to_mh,West,LMA,1.00E+11,#N/A,#N/A,MotherHub_STV,FM BRSNR,DindoliHub_STV_PL,PH-B4-SURSUR-11198029,expected,OPENED,27-09-2026 03:56,Ashvani Bhatt
27-09-2026,FMPC6531088883,BurariHub_DEL_PL,SALONI ELECTRONICS +918009712050,dc16df7006474524,received_at_mh,North,LMA,1.00E+11,#N/A,#N/A,Motherhub_DIC,FM BRSNR,BurariHub_DEL_PL,PH-B1-DELDIC-41675868,expected,OPENED,27-09-2026 03:16,Arvind Bansal (DNCR)
27-09-2026,FMPC6532323812,Chhatarpur_DEL_PL,HKJ +918882102236,dd14e672f19e49f5,received_at_mh,North,LMA,4186973,#N/A,#N/A,Motherhub_DIC,FM BRSNR,Chhatarpur_DEL_PL,PH-B1-DELDIC-42183196,expected,OPENED,27-09-2026 00:10,Arvind Bansal (DNCR)
27-09-2026,FMPC6533137487,BurariHub_DEL_PL,A.K.Enterprises +916202823260,bef40884ea6b414d,dispatched_to_mh,North,TRUEFLEX,613465,TRUEFLEX,Ravinder,Motherhub_DIC,FM BRSNR,BurariHub_DEL_PL,PH-B4-DELDIC-42136485,expected,OPENED,27-09-2026 01:19,Arvind Bansal (DNCR)
27-09-2026,FMPC6530873023,BijwasanHub_DEL_PL,SONIA COLLECTION +919213145279,92d23669e9634baa,dispatched_to_mh,North,LMA,1.00E+11,#N/A,#N/A,Motherhub_DIC,FM BRSNR,BijwasanHub_DEL_PL,PH-B1-DELDIC-41300774,expected,OPENED,26-09-2026 20:25,Arvind Bansal (DNCR)
27-09-2026,FMPC6533780335,BudhViharHub_DEL_PL,RHK BAGS +917011676536,6df82e8fc6ba45d5,dispatched_to_mh,North,LMA,1.00E+11,#N/A,#N/A,Motherhub_DIC,FM BRSNR,BudhViharHub_DEL_PL,PH-B4-DELDIC-42208536,expected,OPENED,27-09-2026 00:26,Arvind Bansal (DNCR)
27-09-2026,FMPP4300054519,BurariHub_DEL_PL,Pradeep soft toys creation +918960623502,e1e85d38f5fb4405,received_at_mh,North,LMA,1.00E+11,#N/A,#N/A,Motherhub_DIC,FM BRSNR,BurariHub_DEL_PL,PH-B1-DELDIC-41675868,expected,OPENED,27-09-2026 03:16,Arvind Bansal (DNCR)
27-09-2026,FMPC6530218474,DindoliHub_STV_PL,LAKHDATAR +919328238227,718f957c71e044dc,dispatched_to_mh,West,TRUEFLEX,600843,TRUEFLEX,Lavlesh,MotherHub_STV,FM BRSNR,DindoliHub_STV_PL,PH-ZO-SURSUR-11175407,expected,OPENED,27-09-2026 01:20,Ashvani Bhatt
27-09-2026,FMPP4286998981,DindoliHub_STV_PL,UNIQUE QUALITY +919512596555,b5fc5c1563724005,received_at_mh,West,TRUEFLEX,600204,TRUEFLEX,Gupta AjitkumarMahanthlal,MotherHub_STV,FM BRSNR,DindoliHub_STV_PL,PH-ZO-SURSUR-11132601,expected,OPENED,27-09-2026 09:03,Ashvani Bhatt
27-09-2026,FMPP4301076164,DindoliHub_STV_PL,SHRIM +917861916563,91e66f4774734360,dispatched_to_mh,West,LMA,1.00E+11,#N/A,#N/A,MotherHub_STV,FM BRSNR,DindoliHub_STV_PL,PH-ZO-SURSUR-11168903,expected,OPENED,26-09-2026 22:12,Ashvani Bhatt
27-09-2026,FMPC6530420787,DindoliHub_STV_PL,RITU FASHION +918607693922,7aa979d7a85d4408,received_at_mh,West,LMA,1.00E+11,Shree Hari Logistics,Chaudhari AniketDileepbhai,MotherHub_STV,FM BRSNR,DindoliHub_STV_PL,PH-ZO-SURSUR-11193262,expected,OPENED,27-09-2026 03:35,Ashvani Bhatt
27-09-2026,FMPP4300380993,DindoliHub_STV_PL,VAKRA CREATION +919377734888,c55998cfea354206,dispatched_to_mh,West,LMA,1.00E+11,PROBITY LOGISTICS PRIVATE LIMITED,Maifuj YusufPathan,MotherHub_STV,FM BRSNR,DindoliHub_STV_PL,PH-B4-SURSUR-11194796,expected,OPENED,27-09-2026 04:21,Ashvani Bhatt
27-09-2026,FMPP4299511743,DindoliHub_STV_PL,SHRIM +917861916563,91e66f4774734360,dispatched_to_mh,West,LMA,1.00E+11,#N/A,#N/A,MotherHub_STV,FM BRSNR,DindoliHub_STV_PL,PH-ZO-SURSUR-11168903,expected,OPENED,26-09-2026 22:12,Ashvani Bhatt
27-09-2026,FMPC6527559603,BudhViharHub_DEL_PL,AKKU ENTERPRISES +918447155503,42252dd61fc14eda,dispatched_to_mh,North,LMA,1.00E+11,RAMEZO ENTERPRISES,MohdYunus,Motherhub_DIC,FM BRSNR,BudhViharHub_DEL_PL,PH-B1-DELDIC-42208382,expected,OPENED,26-09-2026 23:13,Arvind Bansal (DNCR)
27-09-2026,FMPC6531320135,BurariHub_DEL_PL,Satpal Trading Co. +918766336050,807076d5170b4147,received_at_mh,North,LMA,1.00E+11,#N/A,#N/A,Motherhub_DIC,FM BRSNR,BurariHub_DEL_PL,PH-B1-DELDIC-41675868,expected,OPENED,27-09-2026 03:16,Arvind Bansal (DNCR)
27-09-2026,FMPC6533010453,Chhatarpur_DEL_PL,HKJ +918882102236,dd14e672f19e49f5,received_at_mh,North,LMA,4186973,#N/A,#N/A,Motherhub_DIC,FM BRSNR,Chhatarpur_DEL_PL,PH-B4-DELDIC-42183279,expected,OPENED,27-09-2026 00:08,Arvind Bansal (DNCR)
27-09-2026,FMPP4299505930,DindoliHub_STV_PL,ABHIGYA SUPER MART +917405712540,4a9f593e1534479f,dispatched_to_mh,West,TRUEFLEX,591664,TRUEFLEX,Ashish KumarSingh,MotherHub_STV,FM BRSNR,DindoliHub_STV_PL,PH-B4-SURSUR-11199895,expected,REACHED,27-09-2026 02:30,Ashvani Bhatt
27-09-2026,FMPP4299688596,BurariHub_DEL_PL,SALONI ELECTRONICS +918009712050,dc16df7006474524,received_at_mh,North,LMA,1.00E+11,#N/A,#N/A,Motherhub_DIC,FM BRSNR,BurariHub_DEL_PL,PH-B1-DELDIC-41675868,expected,OPENED,27-09-2026 03:16,Arvind Bansal (DNCR)
27-09-2026,FMPP4299284891,BudhViharHub_DEL_PL,HARSHITA TRADING +919868502630,acf7f18cdb4341b9,dispatched_to_mh,North,LMA,1.00E+11,SHIFTWAY LOGISTICS PVT LTD,Abdulla,Motherhub_DIC,FM BRSNR,BudhViharHub_DEL_PL,PH-B1-DELDIC-38390784,expected,OPENED,26-09-2026 22:39,Arvind Bansal (DNCR)
27-09-2026,FMPP4300903261,DindoliHub_STV_PL,Shazia Creation +916359274010,5176a4cb2f3344e6,dispatched_to_mh,West,LMA,1.00E+11,PROBITY LOGISTICS PRIVATE LIMITED,Maifuj YusufPathan,MotherHub_STV,FM BRSNR,DindoliHub_STV_PL,PH-B4-SURSUR-11058566,expected,OPENED,27-09-2026 02:03,Ashvani Bhatt
27-09-2026,FMPP4299058746,BudhViharHub_DEL_PL,PURPLE BEAUTY +919990653174,872c755ed0aa4172,dispatched_to_mh,North,LMA,1.00E+11,Loadshare,Manish,Motherhub_DIC,FM BRSNR,BudhViharHub_DEL_PL,PH-B1-DELDIC-42208429,expected,OPENED,26-09-2026 23:19,Arvind Bansal (DNCR)
27-09-2026,FMPP4299086241,DindoliHub_STV_PL,Darshan Traders 9924999241,3e30e471787c499b,dispatched_to_mh,West,LMA,1.00E+11,Shree Hari Logistics,Nazim Khan JabirKhan,MotherHub_STV,FM BRSNR,DindoliHub_STV_PL,PH-B4-SURSUR-10958818,expected,OPENED,27-09-2026 02:04,Ashvani Bhatt
27-09-2026,FMPC6530819468,DindoliHub_STV_PL,WOOMS FASHION +919727152256,4c51b1ea50e24771,dispatched_to_mh,West,LMA,1.00E+11,#N/A,#N/A,MotherHub_STV,FM BRSNR,DindoliHub_STV_PL,PH-ZO-SURSUR-11211096,expected,OPENED,27-09-2026 01:15,Ashvani Bhatt
27-09-2026,FMPC6533397037,DindoliHub_STV_PL,SHRIM +917861916563,91e66f4774734360,dispatched_to_mh,West,LMA,1.00E+11,#N/A,#N/A,MotherHub_STV,FM BRSNR,DindoliHub_STV_PL,PH-ZO-SURSUR-11168906,expected,OPENED,26-09-2026 21:23,Ashvani Bhatt
27-09-2026,FMPC6530909435,DindoliHub_STV_PL,VISHNU FASHION +919712559359,c75de2eae0fd43f2,dispatched_to_mh,West,LMA,1.00E+11,#N/A,#N/A,MotherHub_STV,FM BRSNR,DindoliHub_STV_PL,PH-ZO-SURSUR-11109331,expected,OPENED,26-09-2026 20:13,Ashvani Bhatt
27-09-2026,FMPP4299842190,Chhatarpur_DEL_PL,HKJ +918882102236,dd14e672f19e49f5,dispatched_to_mh,North,LMA,4186973,#N/A,#N/A,Motherhub_DIC,FM BRSNR,Chhatarpur_DEL_PL,PH-B4-DELDIC-42183279,expected,OPENED,27-09-2026 00:08,Arvind Bansal (DNCR)
27-09-2026,FMPC6533294856,BudhViharHub_DEL_PL,MINAF RETAIL +917340646445,9c9798a7ab584c76,dispatched_to_mh,North,TRUEFLEX,943118,TRUEFLEX,#N/A,Motherhub_DIC,FM BRSNR,BudhViharHub_DEL_PL,PH-B6-DELDIC-41485991,expected,OPENED,26-09-2026 23:20,Arvind Bansal (DNCR)
27-09-2026,FMPC6528255244,DindoliHub_STV_PL,BAJRANGI ENTERPRISES +919318442114,b36b904611f0405e,dispatched_to_mh,West,LMA,1.00E+11,#N/A,#N/A,MotherHub_STV,FM BRSNR,DindoliHub_STV_PL,PH-ZO-SURBTS-25678499,expected,OPENED,27-09-2026 04:13,Ashvani Bhatt
27-09-2026,FMPC6534075465,BudhViharHub_DEL_PL,HARSHIT ENTERPRISES +919267951681,77197a90937c4f7d,dispatched_to_mh,North,TRUEFLEX,873082,TRUEFLEX,NiteshKumar,Motherhub_DIC,FM BRSNR,BudhViharHub_DEL_PL,PH-B6-DELDIC-42206709,expected,OPENED,26-09-2026 23:08,Arvind Bansal (DNCR)
27-09-2026,FMPC6531685381,DindoliHub_STV_PL,VISHWAKARMA TEXTILE +917046406179,b77e9d4601fa434b,received_at_mh,West,LMA,1.00E+11,Shree Hari Logistics,Chaudhari AniketDileepbhai,MotherHub_STV,FM BRSNR,DindoliHub_STV_PL,PH-ZO-SURSUR-11193262,expected,OPENED,27-09-2026 03:35,Ashvani Bhatt
27-09-2026,FMPC6532360186,BurariHub_DEL_PL,SALONI ELECTRONICS +918009712050,dc16df7006474524,received_at_mh,North,LMA,1.00E+11,#N/A,#N/A,Motherhub_DIC,FM BRSNR,BurariHub_DEL_PL,PH-B1-DELDIC-41675868,expected,OPENED,27-09-2026 03:16,Arvind Bansal (DNCR)
27-09-2026,FMPC6530108041,DindoliHub_STV_PL,V R HOME PRODUCT +919173927661,29e93a3741fc45fa,dispatched_to_mh,West,TRUEFLEX,768085,TRUEFLEX,BajrangiTriveni Agrahari,MotherHub_STV,FM BRSNR,DindoliHub_STV_PL,PH-ZO-SURSUR-9789584826,expected,OPENED,27-09-2026 02:50,Ashvani Bhatt
27-09-2026,FMPC6530492808,BudhViharHub_DEL_PL,A&B CREATIONS +919211223374,2eb5d83a94b84517,received_at_mh,North,LMA,1.00E+11,SHIFTWAY LOGISTICS PVT LTD,Shivam,Motherhub_DIC,FM BRSNR,BudhViharHub_DEL_PL,PH-B4-DELDIC-41688882,expected,OPENED,26-09-2026 22:04,Arvind Bansal (DNCR)
27-09-2026,FMPP4300437282,DindoliHub_STV_PL,DEEMOON +918980104617,0b72270ce6a6443d,received_at_mh,West,LMA,1.00E+11,COMMERSHIP SERVICES LLP,MujammilHusen,MotherHub_STV,FM BRSNR,DindoliHub_STV_PL,PH-ZO-SURSUR-11154576,expected,OPENED,27-09-2026 03:51,Ashvani Bhatt
27-09-2026,FMPC6531565788,DindoliHub_STV_PL,V R HOME PRODUCT +919173927661,29e93a3741fc45fa,dispatched_to_mh,West,TRUEFLEX,768085,TRUEFLEX,BajrangiTriveni Agrahari,MotherHub_STV,FM BRSNR,DindoliHub_STV_PL,PH-ZO-SURSUR-9789584826,expected,OPENED,27-09-2026 02:50,Ashvani Bhatt
27-09-2026,FMPC6530316668,BudhViharHub_DEL_PL,RAJ TOYS ENTERPRISES +919310794719,749001c49193493d,dispatched_to_mh,North,TRUEFLEX,873082,TRUEFLEX,NiteshKumar,Motherhub_DIC,FM BRSNR,BudhViharHub_DEL_PL,PH-B6-DELDIC-42206708,expected,OPENED,26-09-2026 22:01,Arvind Bansal (DNCR)
27-09-2026,FMPP4299274597,Chhatarpur_DEL_PL,HKJ +918882102236,dd14e672f19e49f5,received_at_mh,North,LMA,4186973,#N/A,#N/A,Motherhub_DIC,FM BRSNR,Chhatarpur_DEL_PL,PH-B1-DELDIC-42183196,expected,OPENED,27-09-2026 00:10,Arvind Bansal (DNCR)
27-09-2026,FMPC6532223957,DindoliHub_STV_PL,VAKRA CREATION +919377734888,c55998cfea354206,dispatched_to_mh,West,LMA,1.00E+11,PROBITY LOGISTICS PRIVATE LIMITED,Maifuj YusufPathan,MotherHub_STV,FM BRSNR,DindoliHub_STV_PL,PH-B4-SURSUR-11194796,expected,OPENED,27-09-2026 04:21,Ashvani Bhatt
27-09-2026,FMPP4301053968,BurariHub_DEL_PL,Satpal Trading Co. +918766336050,807076d5170b4147,received_at_mh,North,LMA,1.00E+11,#N/A,#N/A,Motherhub_DIC,FM BRSNR,BurariHub_DEL_PL,PH-B1-DELDIC-41675868,expected,OPENED,27-09-2026 03:16,Arvind Bansal (DNCR)
27-09-2026,FMPC6532252048,DindoliHub_STV_PL,HOMANTA +919328465429,c671695d361c47bb,received_at_mh,West,LMA,1.00E+11,#N/A,#N/A,MotherHub_STV,FM BRSNR,DindoliHub_STV_PL,PH-ZO-SURSUR-11168443,expected,OPENED,26-09-2026 20:14,Ashvani Bhatt
27-09-2026,FMPC6532520198,BurariHub_DEL_PL,SAMAR ENTERPRISES +917053505957,9702a692ba034ef9,dispatched_to_mh,North,TRUEFLEX,592378,TRUEFLEX,Abhishek,Motherhub_DIC,FM BRSNR,BurariHub_DEL_PL,PH-B4-DELDIC-42131345,expected,OPENED,27-09-2026 01:36,Arvind Bansal (DNCR)
27-09-2026,FMPC6531999483,DindoliHub_STV_PL,SWASTIK TEXTILE +919978008517,96bea57e530741b2,received_at_mh,West,LMA,1.00E+11,#N/A,#N/A,MotherHub_STV,FM BRSNR,DindoliHub_STV_PL,PH-ZO-SURSUR-11167961,expected,OPENED,26-09-2026 21:10,Ashvani Bhatt
27-09-2026,FMPC6533764982,BijwasanHub_DEL_PL,DHANVI ENTERPRISES +918527886956,e96823a548834593,dispatched_to_mh,North,LMA,1.00E+11,Greenteck Logistics and Mobility Pvt Ltd,RohanKumar,Motherhub_DIC,FM BRSNR,BijwasanHub_DEL_PL,PH-B4-DELDIC-42178945,expected,OPENED,26-09-2026 19:38,Arvind Bansal (DNCR)
27-09-2026,FMPC6531396430,DindoliHub_STV_PL,MAMKOM RETAILS +919898239181,65e5d99952e24e92,received_at_mh,West,LMA,1.00E+11,Shree Hari Logistics,Chaudhari AniketDileepbhai,MotherHub_STV,FM BRSNR,DindoliHub_STV_PL,PH-ZO-SURSUR-11193262,expected,OPENED,27-09-2026 03:35,Ashvani Bhatt
27-09-2026,FMPP4300069906,BijwasanHub_DEL_PL,RK Enterprises +918810249760,32797653f2cc4e13,received_at_mh,North,LMA,1.00E+11,Greenteck Logistics and Mobility Pvt Ltd,RohanKumar,Motherhub_DIC,FM BRSNR,BijwasanHub_DEL_PL,PH-B6-DELDIC-42178950,expected,OPENED,26-09-2026 19:29,Arvind Bansal (DNCR)
27-09-2026,FMPC6533468697,BudhViharHub_DEL_PL,Sinha Enterprise +919310324081,3b8d96b53e1d4a19,dispatched_to_mh,North,TRUEFLEX,741972,TRUEFLEX,RitikJha,Motherhub_DIC,FM BRSNR,BudhViharHub_DEL_PL,PH-B4-DELDIC-42169120,expected,OPENED,27-09-2026 00:18,Arvind Bansal (DNCR)
27-09-2026,FMPP4299836382,Chhatarpur_DEL_PL,HKJ +918882102236,dd14e672f19e49f5,received_at_mh,North,LMA,4186973,#N/A,#N/A,Motherhub_DIC,FM BRSNR,Chhatarpur_DEL_PL,PH-B4-DELDIC-42183279,expected,OPENED,27-09-2026 00:08,Arvind Bansal (DNCR)
27-09-2026,FMPP4299479593,BudhViharHub_DEL_PL,SHADOW CREATION +918588865942,7de10d39c827446f,received_at_mh,North,TRUEFLEX,912382,TRUEFLEX,PratoshKumar,Motherhub_DIC,FM BRSNR,BudhViharHub_DEL_PL,PH-B4-DELDIC-41980051,expected,OPENED,26-09-2026 23:15,Arvind Bansal (DNCR)
27-09-2026,FMPP4300203115,DindoliHub_STV_PL,VM BOND +919979153952,27f16abe05994757,dispatched_to_mh,West,LMA,1.00E+11,#N/A,#N/A,MotherHub_STV,FM BRSNR,DindoliHub_STV_PL,PH-ZO-SURSUR-11168443,expected,OPENED,26-09-2026 20:14,Ashvani Bhatt
27-09-2026,FMPP4299813322,BudhViharHub_DEL_PL,HARSHIT ENTERPRISES +919267951681,77197a90937c4f7d,dispatched_to_mh,North,TRUEFLEX,873082,TRUEFLEX,NiteshKumar,Motherhub_DIC,FM BRSNR,BudhViharHub_DEL_PL,PH-B6-DELDIC-42206709,expected,OPENED,26-09-2026 23:08,Arvind Bansal (DNCR)
27-09-2026,FMPC6531561237,BudhViharHub_DEL_PL,Anyyeong enterprises +919667413583,2aef4b42fa694ab2,dispatched_to_mh,North,LMA,1.00E+11,#N/A,#N/A,Motherhub_DIC,FM BRSNR,BudhViharHub_DEL_PL,PH-B6-DELDIC-41580615,expected,OPENED,26-09-2026 23:05,Arvind Bansal (DNCR)
27-09-2026,FMPP4300193157,DindoliHub_STV_PL,MAURYA ENTERPRISE +919278325272,b8e34a3904d24ea0,dispatched_to_mh,West,LMA,1.00E+11,Shree Hari Logistics,Shirsikar GaneshVinod,MotherHub_STV,FM BRSNR,DindoliHub_STV_PL,PH-B4-SURSUR-11213231,expected,OPENED,27-09-2026 01:27,Ashvani Bhatt
27-09-2026,FMPP4299194380,BurariHub_DEL_PL,P S ENTERPRISES +919565855706,548d012be7034bbf,received_at_mh,North,TRUEFLEX,1369490,TRUEFLEX,#N/A,Motherhub_DIC,FM BRSNR,BurariHub_DEL_PL,PH-B6-DELDIC-40463266,expected,OPENED,27-09-2026 01:10,Arvind Bansal (DNCR)
27-09-2026,FMPC6527067162,DindoliHub_STV_PL,AVNI CREATION +917607906005,e37ed18d372648fa,received_at_mh,West,LMA,1.00E+11,Shree Hari Logistics,Chaudhari AniketDileepbhai,MotherHub_STV,FM BRSNR,DindoliHub_STV_PL,PH-B4-SURSUR-11213781,expected,OPENED,27-09-2026 00:47,Ashvani Bhatt
27-09-2026,FMPC6524516612,DindoliHub_STV_PL,ALKA FASHION +919213457458,b127d5a6b9c44ff0,received_at_mh,West,LMA,1.00E+11,Shree Hari Logistics,Chaudhari AniketDileepbhai,MotherHub_STV,FM BRSNR,DindoliHub_STV_PL,PH-ZO-SURSUR-11193262,expected,OPENED,27-09-2026 03:35,Ashvani Bhatt
27-09-2026,FMPC6531791273,DindoliHub_STV_PL,BHAGYA FASHION +918200770172,c707383f7cce436b,dispatched_to_mh,West,TRUEFLEX,4264162,TRUEFLEX,#N/A,MotherHub_STV,FM BRSNR,DindoliHub_STV_PL,PH-ZO-SURBTS-25607558,expected,OPENED,26-09-2026 21:22,Ashvani Bhatt
27-09-2026,FMPC6530765196,DindoliHub_STV_PL,KATARIYA ENTERPRISE +918128873608,5c53a1a343244d00,dispatched_to_mh,West,LMA,1.00E+11,PROBITY LOGISTICS PRIVATE LIMITED,Maifuj YusufPathan,MotherHub_STV,FM BRSNR,DindoliHub_STV_PL,PH-B4-SURSUR-11194800,expected,OPENED,27-09-2026 03:49,Ashvani Bhatt
27-09-2026,FMPC6533468217,BudhViharHub_DEL_PL,Sinha Enterprise +919310324081,3b8d96b53e1d4a19,dispatched_to_mh,North,TRUEFLEX,741972,TRUEFLEX,RitikJha,Motherhub_DIC,FM BRSNR,BudhViharHub_DEL_PL,PH-B6-DELDIC-42169167,expected,OPENED,27-09-2026 00:16,Arvind Bansal (DNCR)
27-09-2026,FMPC6532590971,BudhViharHub_DEL_PL,HARSHIT ENTERPRISES +919267951681,77197a90937c4f7d,dispatched_to_mh,North,TRUEFLEX,873082,TRUEFLEX,NiteshKumar,Motherhub_DIC,FM BRSNR,BudhViharHub_DEL_PL,PH-B6-DELDIC-42206709,expected,OPENED,26-09-2026 23:08,Arvind Bansal (DNCR)
27-09-2026,FMPP4299737476,Chhatarpur_DEL_PL,Dhirsti Enterprises +918700274606,817f5938392341e1,dispatched_to_mh,North,LMA,4186973,#N/A,#N/A,Motherhub_DIC,FM BRSNR,Chhatarpur_DEL_PL,PH-B6-DELDIC-42185653,expected,OPENED,27-09-2026 00:07,Arvind Bansal (DNCR)
27-09-2026,FMPC6532042817,BudhViharHub_DEL_PL,AS TRADERS +918368478717,123a16eefe914aa8,received_at_mh,North,LMA,1.00E+11,RAMEZO ENTERPRISES,MohdYunus,Motherhub_DIC,FM BRSNR,BudhViharHub_DEL_PL,PH-B1-DELDIC-42208382,expected,OPENED,26-09-2026 23:13,Arvind Bansal (DNCR)
27-09-2026,FMPP4299463040,BurariHub_DEL_PL,BP ASSOCIATES +918700451381,c8224affd0d14924,received_at_mh,North,TRUEFLEX,863480,TRUEFLEX,PrinceKumar,Motherhub_DIC,FM BRSNR,BurariHub_DEL_PL,PH-B1-DELDIC-40928701,expected,OPENED,27-09-2026 01:09,Arvind Bansal (DNCR)
27-09-2026,FMPC6531745889,DindoliHub_STV_PL,VISHWAKARMA TEXTILE +917046406179,b77e9d4601fa434b,received_at_mh,West,LMA,1.00E+11,Shree Hari Logistics,Chaudhari AniketDileepbhai,MotherHub_STV,FM BRSNR,DindoliHub_STV_PL,PH-ZO-SURSUR-11193262,expected,OPENED,27-09-2026 03:35,Ashvani Bhatt
27-09-2026,FMPC6530662963,DindoliHub_STV_PL,AASHVI DIGITAL +918849201331,db309bfba31c4d9c,dispatched_to_mh,West,LMA,1.00E+11,Shree Hari Logistics,Nazim Khan JabirKhan,MotherHub_STV,FM BRSNR,DindoliHub_STV_PL,PH-B4-SURSUR-10958818,expected,OPENED,27-09-2026 02:04,Ashvani Bhatt
27-09-2026,FMPC6532441885,DindoliHub_STV_PL,UNIQUE QUALITY +919512596555,b5fc5c1563724005,received_at_mh,West,TRUEFLEX,600204,TRUEFLEX,Gupta AjitkumarMahanthlal,MotherHub_STV,FM BRSNR,DindoliHub_STV_PL,PH-B4-SURSUR-11132189,expected,REACHED,26-09-2026 22:19,Ashvani Bhatt
27-09-2026,FMPC6531941174,DindoliHub_STV_PL,Darshan Traders 9924999241,3e30e471787c499b,dispatched_to_mh,West,LMA,1.00E+11,Shree Hari Logistics,Nazim Khan JabirKhan,MotherHub_STV,FM BRSNR,DindoliHub_STV_PL,PH-B4-SURSUR-10958818,expected,OPENED,27-09-2026 02:04,Ashvani Bhatt
27-09-2026,FMPC6533353444,BijwasanHub_DEL_PL,TARUN ENTERPRISES +918076684102,5ec77e2cd7f14cae,received_at_mh,North,LMA,1.00E+11,Greenteck Logistics and Mobility Pvt Ltd,RohanKumar,Motherhub_DIC,FM BRSNR,BijwasanHub_DEL_PL,PH-B4-DELDIC-38643921,expected,OPENED,26-09-2026 19:38,Arvind Bansal (DNCR)
27-09-2026,FMPP4299318123,DindoliHub_STV_PL,SHREE SHYAM ENTERPRISE +919727458902,97669dd0576843eb,dispatched_to_mh,West,LMA,1.00E+11,Shree Hari Logistics,Nazim Khan JabirKhan,MotherHub_STV,FM BRSNR,DindoliHub_STV_PL,PH-B4-SURSUR-10958818,expected,OPENED,27-09-2026 02:04,Ashvani Bhatt
27-09-2026,FMPC6531133620,DindoliHub_STV_PL,Color Bucket +919624444304,cda61874a28345c9,received_at_mh,West,LMA,1.00E+11,#N/A,#N/A,MotherHub_STV,FM BRSNR,DindoliHub_STV_PL,PH-B4-SURSUR-11169339,expected,OPENED,26-09-2026 23:15,Ashvani Bhatt
27-09-2026,FMPP4300578541,BudhViharHub_DEL_PL,Everything4u +919213862533,fe6b74f8888d4b11,dispatched_to_mh,North,TRUEFLEX,747894,TRUEFLEX,AnshuShah,Motherhub_DIC,FM BRSNR,BudhViharHub_DEL_PL,PH-B1-DELDIC-41998285,expected,OPENED,26-09-2026 22:38,Arvind Bansal (DNCR)
27-09-2026,FMPC6531780082,BurariHub_DEL_PL,Pradeep soft toys creation +918960623502,e1e85d38f5fb4405,received_at_mh,North,LMA,1.00E+11,#N/A,#N/A,Motherhub_DIC,FM BRSNR,BurariHub_DEL_PL,PH-B1-DELDIC-41675868,expected,OPENED,27-09-2026 03:16,Arvind Bansal (DNCR)
27-09-2026,FMPC6531127469,DindoliHub_STV_PL,DHANISH ENTERPRISE +919974442423,eda97ca9c8e940ee,dispatched_to_mh,West,LMA,1.00E+11,Loadshare,HajariRahul,MotherHub_STV,FM BRSNR,DindoliHub_STV_PL,PH-ZO-SURSUR-11210322,expected,OPENED,26-09-2026 23:26,Ashvani Bhatt
27-09-2026,FMPC6532965298,BurariHub_DEL_PL,Sunita Enterprises +918920636406,99e9231a1c4541e2,dispatched_to_mh,North,TRUEFLEX,688405,TRUEFLEX,ShivamShivam,Motherhub_DIC,FM BRSNR,BurariHub_DEL_PL,PH-B1-DELDIC-42140104,expected,OPENED,27-09-2026 01:11,Arvind Bansal (DNCR)
27-09-2026,FMPC6532063988,BurariHub_DEL_PL,SARJURAJ TRADING COMPANY +919958549706,fbdffc52bc754d04,dispatched_to_mh,North,TRUEFLEX,604202,TRUEFLEX,Ajit KumarYadav,Motherhub_DIC,FM BRSNR,BurariHub_DEL_PL,PH-B6-DELDIC-42075760,expected,OPENED,27-09-2026 01:25,Arvind Bansal (DNCR)
27-09-2026,FMPC6530472270,DindoliHub_STV_PL,Darshan Traders 9924999241,3e30e471787c499b,dispatched_to_mh,West,LMA,1.00E+11,Shree Hari Logistics,Nazim Khan JabirKhan,MotherHub_STV,FM BRSNR,DindoliHub_STV_PL,PH-B4-SURSUR-10958818,expected,OPENED,27-09-2026 02:04,Ashvani Bhatt
27-09-2026,FMPP4299895501,BudhViharHub_DEL_PL,Pooja Enterprises +919971670659,c5ec13a49c694b6c,dispatched_to_mh,North,TRUEFLEX,741972,TRUEFLEX,RitikJha,Motherhub_DIC,FM BRSNR,BudhViharHub_DEL_PL,PH-B1-DELDIC-42203721,expected,OPENED,26-09-2026 23:08,Arvind Bansal (DNCR)
27-09-2026,FMPC6532188521,BurariHub_DEL_PL,SALONI ELECTRONICS +918009712050,dc16df7006474524,received_at_mh,North,LMA,1.00E+11,#N/A,#N/A,Motherhub_DIC,FM BRSNR,BurariHub_DEL_PL,PH-B1-DELDIC-41675868,expected,OPENED,27-09-2026 03:16,Arvind Bansal (DNCR)
27-09-2026,FMPP4300123716,DindoliHub_STV_PL,SHUBHAM FABRICS +917857878978,5f1a8c114e344fb2,received_at_mh,West,LMA,1.00E+11,#N/A,#N/A,MotherHub_STV,FM BRSNR,DindoliHub_STV_PL,PH-ZO-SURSUR-11016663,expected,OPENED,26-09-2026 23:39,Ashvani Bhatt
27-09-2026,FMPC6533130616,DindoliHub_STV_PL,KRISHNA ENTERPRISE +917874872966,ad41e48747144597,dispatched_to_mh,West,LMA,1.00E+11,PROBITY LOGISTICS PRIVATE LIMITED,Maifuj YusufPathan,MotherHub_STV,FM BRSNR,DindoliHub_STV_PL,PH-B4-SURSUR-11194796,expected,OPENED,27-09-2026 04:21,Ashvani Bhatt
27-09-2026,FMPP4299017901,DindoliHub_STV_PL,AVIMEE HERBAL PRIVATE LIMITED +917436036070,8eb58175f87644c1,dispatched_to_mh,West,LMA,1.00E+11,#N/A,#N/A,MotherHub_STV,FM BRSNR,DindoliHub_STV_PL,PH-ZO-SURSUR-11202632,expected,OPENED,26-09-2026 23:40,Ashvani Bhatt
27-09-2026,FMPC6531987480,DindoliHub_STV_PL,BAJRANGI ENTERPRISES +919318442114,b36b904611f0405e,dispatched_to_mh,West,LMA,1.00E+11,#N/A,#N/A,MotherHub_STV,FM BRSNR,DindoliHub_STV_PL,PH-ZO-SURBTS-25678499,expected,OPENED,27-09-2026 04:13,Ashvani Bhatt
27-09-2026,FMPP4301173416,BurariHub_DEL_PL,STEELHAVEN INDIA +919667542869,fb3eb82308f84e02,received_at_mh,North,TRUEFLEX,592378,TRUEFLEX,Abhishek,Motherhub_DIC,FM BRSNR,BurariHub_DEL_PL,PH-B6-DELDIC-42131863,expected,OPENED,27-09-2026 01:22,Arvind Bansal (DNCR)
27-09-2026,FMPC6531761136,DindoliHub_STV_PL,VISHWAKARMA TEXTILE +917046406179,b77e9d4601fa434b,received_at_mh,West,LMA,1.00E+11,Shree Hari Logistics,Chaudhari AniketDileepbhai,MotherHub_STV,FM BRSNR,DindoliHub_STV_PL,PH-ZO-SURSUR-11193262,expected,OPENED,27-09-2026 03:35,Ashvani Bhatt
27-09-2026,FMPC6533521778,Chhatarpur_DEL_PL,KUBER SELECTION +919873281596,fd8ad3b3afee4de9,dispatched_to_mh,North,LMA,4003151,#N/A,#N/A,Motherhub_DIC,FM BRSNR,Chhatarpur_DEL_PL,PH-B6-DELDIC-42047569,expected,OPENED,27-09-2026 00:18,Arvind Bansal (DNCR)
27-09-2026,FMPP4299962794,BudhViharHub_DEL_PL,AS TRADERS +918368478717,123a16eefe914aa8,received_at_mh,North,LMA,1.00E+11,RAMEZO ENTERPRISES,MohdYunus,Motherhub_DIC,FM BRSNR,BudhViharHub_DEL_PL,PH-B1-DELDIC-42208382,expected,OPENED,26-09-2026 23:13,Arvind Bansal (DNCR)
27-09-2026,FMPC6532398755,GandhinagarHub_DEL_PL,PM FASHION PARADISE +917838413915,302b7b66ffa54710,dispatched_to_mh,North,LMA,1.00E+11,#N/A,#N/A,Motherhub_DIC,FM BRSNR,GandhinagarHub_DEL_PL,PH-B6-DELDIC-42183348,expected,OPENED,27-09-2026 01:25,Arvind Bansal (DNCR)
27-09-2026,FMPP4301179523,GurgaonHub_DEL_PL,FIRKI WHOLESALE PRIVATE LIMITED 8585949389,f28603a4921e40e1,dispatched_to_mh,North,LMA,1.00E+11,#N/A,#N/A,Motherhub_DIC,FM BRSNR,GurgaonHub_DEL_PL,PH-B6-DELDIC-42077238,expected,OPENED,26-09-2026 22:31,Arvind Bansal (DNCR)
27-09-2026,FMPP4299866124,GurgaonHub_DEL_PL,BRAWN LABORATORIES LIMITED +918448120063,7e53ff297b8b4a6d,received_at_mh,North,LMA,3143363,#N/A,#N/A,Motherhub_DIC,FM BRSNR,GurgaonHub_DEL_PL,PH-B4-DELDIC-42018880,expected,OPENED,26-09-2026 22:46,Arvind Bansal (DNCR)
27-09-2026,FMPP4300453129,GandhinagarHub_DEL_PL,SMVD ENTERPRISES +918860511280,4b42bbf4e0694c25,dispatched_to_mh,North,EKART,3968067,EKART,,Motherhub_DIC,FM BRSNR,GandhinagarHub_DEL_PL,PH-B1-DELDIC-41000197,expected,OPENED,27-09-2026 00:49,Arvind Bansal (DNCR)
27-09-2026,FMPC6532206488,GandhinagarHub_DEL_PL,DFO India LLP +918076983336,5419bf7615934be2,dispatched_to_mh,North,LMA,1.00E+11,Greenteck Logistics and Mobility Pvt Ltd,AvinashKumar,Motherhub_DIC,FM BRSNR,GandhinagarHub_DEL_PL,PH-B6-DELDIC-42195133,expected,OPENED,27-09-2026 01:00,Arvind Bansal (DNCR)
27-09-2026,FMPP4300452349,GandhinagarHub_DEL_PL,PM FASHION PARADISE +917838413915,302b7b66ffa54710,dispatched_to_mh,North,LMA,1.00E+11,#N/A,#N/A,Motherhub_DIC,FM BRSNR,GandhinagarHub_DEL_PL,PH-B1-DELDIC-42183311,expected,OPENED,27-09-2026 00:57,Arvind Bansal (DNCR)
27-09-2026,FMPC6531180767,GurgaonHub_DEL_PL,BeyondSneak +919818866684,5d4fa8f20af6454c,received_at_mh,North,LMA,3143363,#N/A,#N/A,Motherhub_DIC,FM BRSNR,GurgaonHub_DEL_PL,PH-B6-DELDIC-42030763,expected,OPENED,26-09-2026 22:48,Arvind Bansal (DNCR)
27-09-2026,FMPP4300905653,GurgaonHub_DEL_PL,KHUSHI EXPORT +919664299000,20e71949ff314700,dispatched_to_mh,North,LMA,3143363,#N/A,#N/A,Motherhub_DIC,FM BRSNR,GurgaonHub_DEL_PL,PH-B6-DELDIC-41935944,expected,OPENED,26-09-2026 22:42,Arvind Bansal (DNCR)
27-09-2026,FMPP4299769890,GurgaonHub_DEL_PL,GROWELL TRADERS +919870248212,82dac620c21547fa,dispatched_to_mh,North,LMA,3143363,#N/A,#N/A,Motherhub_DIC,FM BRSNR,GurgaonHub_DEL_PL,PH-B1-DELDIC-42188789,expected,OPENED,26-09-2026 21:58,Arvind Bansal (DNCR)
27-09-2026,FMPP4299610260,FaridabadHub_DEL_PL,MEDSOURCE OZONE BIOMEDICALS PVT LTD. 9289147052,968440a1759c4d21,received_at_mh,North,LMA,1.00E+11,Watsoo,AdarshBhardwaj,Motherhub_DIC,FM BRSNR,FaridabadHub_DEL_PL,PH-B6-DELDIC-42035830,expected,OPENED,27-09-2026 01:43,Arvind Bansal (DNCR)
27-09-2026,FMPC6531182159,GandhinagarHub_DEL_PL,Shree Vistaar Enterprises +918527922841,b2ff2420a959471a,dispatched_to_mh,North,LMA,1.00E+11,Greenteck Logistics and Mobility Pvt Ltd,AvinashKumar,Motherhub_DIC,FM BRSNR,GandhinagarHub_DEL_PL,PH-B6-DELDIC-42195133,expected,OPENED,27-09-2026 01:00,Arvind Bansal (DNCR)
27-09-2026,FMPC6533192134,GandhinagarHub_DEL_PL,Seeyush Enterprises +919266895207,905fb88ea74f4b55,dispatched_to_mh,North,LMA,1.00E+11,WHEELEY,Manish,Motherhub_DIC,FM BRSNR,GandhinagarHub_DEL_PL,PH-B4-DELDIC-42173723,expected,OPENED,27-09-2026 01:21,Arvind Bansal (DNCR)
27-09-2026,FMPP4301170781,GurgaonHub_DEL_PL,BeyondSneak +919818866684,5d4fa8f20af6454c,received_at_mh,North,LMA,3143363,#N/A,#N/A,Motherhub_DIC,FM BRSNR,GurgaonHub_DEL_PL,PH-B6-DELDIC-42030763,expected,OPENED,26-09-2026 22:48,Arvind Bansal (DNCR)
27-09-2026,FMPC6533717214,GurgaonHub_DEL_PL,Casotec E-Retail Private Limited 9818991551,531025795c9b4e95,received_at_mh,North,LMA,3143363,#N/A,#N/A,Motherhub_DIC,FM BRSNR,GurgaonHub_DEL_PL,PH-B6-DELDIC-42036018,expected,OPENED,26-09-2026 22:41,Arvind Bansal (DNCR)
27-09-2026,FMPP4301330118,GandhinagarHub_DEL_PL,Definite Enterprises +918800856780,2dad5fd21ef54316,dispatched_to_mh,North,TRUEFLEX,622565,TRUEFLEX,YashBhatia,Motherhub_DIC,FM BRSNR,GandhinagarHub_DEL_PL,PH-B6-DELDIC-42173051,expected,OPENED,27-09-2026 00:49,Arvind Bansal (DNCR)
27-09-2026,FMPC6531978982,GandhinagarHub_DEL_PL,ITALIAN FASHION STUDIO +919675885901,001e31fcb2b94996,dispatched_to_mh,North,LMA,1.00E+11,Transwide Express,TONI,Motherhub_DIC,FM BRSNR,GandhinagarHub_DEL_PL,PH-B6-DELDIC-42173445,expected,OPENED,27-09-2026 01:04,Arvind Bansal (DNCR)
27-09-2026,FMPC6532892712,GandhinagarHub_DEL_PL,SHREE KRISHNA ENTERPRISES +919910814190,9444d9178738470c,dispatched_to_mh,North,LMA,1.00E+11,#N/A,#N/A,Motherhub_DIC,FM BRSNR,GandhinagarHub_DEL_PL,PH-B6-DELDIC-42171681,expected,OPENED,27-09-2026 01:26,Arvind Bansal (DNCR)
27-09-2026,FMPC6531220970,GurgaonHub_DEL_PL,BeyondSneak +919818866684,5d4fa8f20af6454c,received_at_mh,North,LMA,3143363,#N/A,#N/A,Motherhub_DIC,FM BRSNR,GurgaonHub_DEL_PL,PH-B4-DELDIC-42030747,expected,OPENED,26-09-2026 22:49,Arvind Bansal (DNCR)
27-09-2026,FMPC6533487014,GandhinagarHub_DEL_PL,DIVINE TOYS +919923696500,86736064839b44d6,dispatched_to_mh,North,LMA,1.00E+11,AADIYOGI LOGISTIC PRIVATE LIMITED,VikasKumar,Motherhub_DIC,FM BRSNR,GandhinagarHub_DEL_PL,PH-B6-DELDIC-42126823,expected,OPENED,27-09-2026 01:28,Arvind Bansal (DNCR)
27-09-2026,FMPP4301387911,GurgaonHub_DEL_PL,KHUSHI EXPORT +919664299000,20e71949ff314700,dispatched_to_mh,North,LMA,3143363,#N/A,#N/A,Motherhub_DIC,FM BRSNR,GurgaonHub_DEL_PL,PH-B6-DELDIC-41935944,expected,OPENED,26-09-2026 22:42,Arvind Bansal (DNCR)
27-09-2026,FMPC6533329857,GurgaonHub_DEL_PL,ShoppingStylo Sales & Services Private Limited +919818847499,c398fe95cbe94a34,dispatched_to_mh,North,LMA,3143363,#N/A,#N/A,Motherhub_DIC,FM BRSNR,GurgaonHub_DEL_PL,PH-B6-DELDIC-42036638,expected,OPENED,26-09-2026 22:03,Arvind Bansal (DNCR)
27-09-2026,FMPC6533092282,GurgaonHub_DEL_PL,BeyondSneak +919818866684,5d4fa8f20af6454c,received_at_mh,North,LMA,3143363,#N/A,#N/A,Motherhub_DIC,FM BRSNR,GurgaonHub_DEL_PL,PH-B4-DELDIC-42030747,expected,OPENED,26-09-2026 22:49,Arvind Bansal (DNCR)
27-09-2026,FMPP4301242503,GurgaonHub_DEL_PL,KHUSHI EXPORT +919664299000,20e71949ff314700,dispatched_to_mh,North,LMA,3143363,#N/A,#N/A,Motherhub_DIC,FM BRSNR,GurgaonHub_DEL_PL,PH-B6-DELDIC-41935944,expected,OPENED,26-09-2026 22:42,Arvind Bansal (DNCR)
27-09-2026,FMPC6532235561,GandhinagarHub_DEL_PL,Anvil Watches +919891656295,a48f73d01f984ac1,dispatched_to_mh,North,LMA,1.00E+11,AADIYOGI LOGISTIC PRIVATE LIMITED,VikasKumar,Motherhub_DIC,FM BRSNR,GandhinagarHub_DEL_PL,PH-B1-DELDIC-42126569,expected,OPENED,27-09-2026 01:28,Arvind Bansal (DNCR)
27-09-2026,FMPC6530929094,GandhinagarHub_DEL_PL,zaid enterprises +917806048038,9045a0d634fe4dd0,dispatched_to_mh,North,TRUEFLEX,590128,TRUEFLEX,KapilMuni,Motherhub_DIC,FM BRSNR,GandhinagarHub_DEL_PL,PH-B1-DELDIC-40938093,expected,OPENED,27-09-2026 01:05,Arvind Bansal (DNCR)
27-09-2026,FMPP4300195002,GurgaonHub_DEL_PL,BeyondSneak +919818866684,5d4fa8f20af6454c,received_at_mh,North,LMA,3143363,#N/A,#N/A,Motherhub_DIC,FM BRSNR,GurgaonHub_DEL_PL,PH-B4-DELDIC-42030747,expected,OPENED,26-09-2026 22:49,Arvind Bansal (DNCR)
27-09-2026,FMPC6531336541,GandhinagarHub_DEL_PL,Zenvix Hub +918076771452,6d02bb1d5a3f41c3,dispatched_to_mh,North,LMA,1.00E+11,AADIYOGI LOGISTIC PRIVATE LIMITED,VikasKumar,Motherhub_DIC,FM BRSNR,GandhinagarHub_DEL_PL,PH-B1-DELDIC-42126569,expected,OPENED,27-09-2026 01:28,Arvind Bansal (DNCR)
27-09-2026,FMPC6531504895,GurgaonHub_DEL_PL,BeyondSneak +919818866684,5d4fa8f20af6454c,received_at_mh,North,LMA,3143363,#N/A,#N/A,Motherhub_DIC,FM BRSNR,GurgaonHub_DEL_PL,PH-B4-DELDIC-42030747,expected,OPENED,26-09-2026 22:49,Arvind Bansal (DNCR)
27-09-2026,FMPP4299650150,GurgaonHub_DEL_PL,BeyondSneak +919818866684,5d4fa8f20af6454c,received_at_mh,North,LMA,3143363,#N/A,#N/A,Motherhub_DIC,FM BRSNR,GurgaonHub_DEL_PL,PH-B6-DELDIC-42030763,expected,OPENED,26-09-2026 22:48,Arvind Bansal (DNCR)
27-09-2026,FMPC6531154785,GandhinagarHub_DEL_PL,Shree Vistaar Enterprises +918527922841,b2ff2420a959471a,dispatched_to_mh,North,LMA,1.00E+11,Greenteck Logistics and Mobility Pvt Ltd,AvinashKumar,Motherhub_DIC,FM BRSNR,GandhinagarHub_DEL_PL,PH-B6-DELDIC-42195133,expected,OPENED,27-09-2026 01:00,Arvind Bansal (DNCR)
27-09-2026,FMPC6533341504,KanjhawalaHub_DEL_PL,FR ENTERPRISES +918882539304,9a8d4ff76fa34924,dispatched_to_mh,North,LMA,1.00E+11,Fastbeetle service,GulzarHusain,Motherhub_DIC,FM BRSNR,KanjhawalaHub_DEL_PL,PH-B6-DELDIC-42200614,expected,OPENED,27-09-2026 00:57,Arvind Bansal (DNCR)
27-09-2026,FMPC6531732645,KanjhawalaHub_DEL_PL,BE FIT +919953816282,2ce352504dfc4a79,dispatched_to_mh,North,TRUEFLEX,1153887,TRUEFLEX,HarshHarsh,Motherhub_DIC,FM BRSNR,KanjhawalaHub_DEL_PL,PH-B4-DELDIC-42204288,expected,OPENED,27-09-2026 00:36,Arvind Bansal (DNCR)
27-09-2026,FMPC6530282954,KanjhawalaHub_DEL_PL,BE FIT +919953816282,2ce352504dfc4a79,dispatched_to_mh,North,TRUEFLEX,1153887,TRUEFLEX,HarshHarsh,Motherhub_DIC,FM BRSNR,KanjhawalaHub_DEL_PL,PH-B6-DELDIC-42204321,expected,OPENED,27-09-2026 00:58,Arvind Bansal (DNCR)
27-09-2026,FMPC6531791856,KanjhawalaHub_DEL_PL,FR ENTERPRISES +918882539304,9a8d4ff76fa34924,dispatched_to_mh,North,LMA,1.00E+11,Fastbeetle service,GulzarHusain,Motherhub_DIC,FM BRSNR,KanjhawalaHub_DEL_PL,PH-B6-DELDIC-42200614,expected,OPENED,27-09-2026 00:57,Arvind Bansal (DNCR)
27-09-2026,FMPC6533435624,KanjhawalaHub_DEL_PL,ARMAN COLLECTION +919971707364,ef96761d9e2f4e66,received_at_mh,North,LMA,1.00E+11,#N/A,#N/A,Motherhub_DIC,FM BRSNR,KanjhawalaHub_DEL_PL,PH-B1-DELDIC-42154535,expected,OPENED,27-09-2026 00:24,Arvind Bansal (DNCR)
27-09-2026,FMPC6532497090,KanjhawalaHub_DEL_PL,KIDZFUN +918527546696,8b20af49cae049f6,dispatched_to_mh,North,TRUEFLEX,1414611,TRUEFLEX,#N/A,Motherhub_DIC,FM BRSNR,KanjhawalaHub_DEL_PL,PH-B1-DELDIC-42196674,expected,OPENED,26-09-2026 22:44,Arvind Bansal (DNCR)
27-09-2026,FMPP4299675451,KanjhawalaHub_DEL_PL,SHAHJAHAN BEGAM +918920575451,4f1d806c8d7f4796,dispatched_to_mh,North,LMA,1.00E+11,#N/A,#N/A,Motherhub_DIC,FM BRSNR,KanjhawalaHub_DEL_PL,PH-B6-DELDIC-40996855,expected,OPENED,27-09-2026 00:27,Arvind Bansal (DNCR)
27-09-2026,FMPC6530413133,KanjhawalaHub_DEL_PL,SK ENTERPRISES +917678595092,58ee7f09afa74aa9,dispatched_to_mh,North,TRUEFLEX,861542,TRUEFLEX,IliyasKhan,Motherhub_DIC,FM BRSNR,KanjhawalaHub_DEL_PL,PH-B1-DELDIC-42186218,expected,OPENED,27-09-2026 00:26,Arvind Bansal (DNCR)
27-09-2026,FMPP4299685204,KanjhawalaHub_DEL_PL,A2Z CREATIONS +919953465120,40204aaa19e14f22,dispatched_to_mh,North,LMA,1.00E+11,#N/A,#N/A,Motherhub_DIC,FM BRSNR,KanjhawalaHub_DEL_PL,PH-B1-DELDIC-42192967,expected,OPENED,27-09-2026 00:23,Arvind Bansal (DNCR)
27-09-2026,FMPP4299584489,KanjhawalaHub_DEL_PL,KRISHNA +919350060204,3636db419d204715,dispatched_to_mh,North,TRUEFLEX,1414611,TRUEFLEX,#N/A,Motherhub_DIC,FM BRSNR,KanjhawalaHub_DEL_PL,PH-B1-DELDIC-42196674,expected,OPENED,26-09-2026 22:44,Arvind Bansal (DNCR)
27-09-2026,FMPP4300397560,KanjhawalaHub_DEL_PL,TrendingStyle +916289102580,0df4757a5d1c4eae,dispatched_to_mh,North,LMA,1.00E+11,Fastbeetle service,GulzarHusain,Motherhub_DIC,FM BRSNR,KanjhawalaHub_DEL_PL,PH-B1-DELDIC-42200049,expected,OPENED,26-09-2026 22:53,Arvind Bansal (DNCR)
27-09-2026,FMPC6531441625,JasolaHub_DEL_PL,Kinder Tales +917042157228,e94cdb3e51684040,dispatched_to_mh,North,TRUEFLEX,756594,TRUEFLEX,AMANKhatana,Motherhub_DIC,FM BRSNR,JasolaHub_DEL_PL,PH-B1-DELDIC-42214311,expected,OPENED,26-09-2026 22:21,Arvind Bansal (DNCR)
27-09-2026,FMPP4301297248,KanjhawalaHub_DEL_PL,AAYAN INTERNATIONAL +919971015160,27f1699bac0f4114,dispatched_to_mh,North,TRUEFLEX,633567,TRUEFLEX,Rajesh,Motherhub_DIC,FM BRSNR,KanjhawalaHub_DEL_PL,PH-B4-DELDIC-42184925,expected,OPENED,27-09-2026 00:58,Arvind Bansal (DNCR)
27-09-2026,FMPC6530872278,KanjhawalaHub_DEL_PL,FLAMES ENTERPRISES +918285023475,04504334a88b4630,dispatched_to_mh,North,LMA,1.00E+11,#N/A,#N/A,Motherhub_DIC,FM BRSNR,KanjhawalaHub_DEL_PL,PH-B4-DELDIC-42208204,expected,OPENED,27-09-2026 00:37,Arvind Bansal (DNCR)
27-09-2026,FMPC6530137387,KanjhawalaHub_DEL_PL,SHRI KANT ENTERPRISES +918587880675,f1d29657b22b4961,dispatched_to_mh,North,LMA,1.00E+11,Watsoo,AwanKhan,Motherhub_DIC,FM BRSNR,KanjhawalaHub_DEL_PL,PH-B6-DELDIC-42137874,expected,OPENED,26-09-2026 23:56,Arvind Bansal (DNCR)
27-09-2026,FMPP4299616429,KanjhawalaHub_DEL_PL,FR ENTERPRISES +918882539304,9a8d4ff76fa34924,dispatched_to_mh,North,LMA,1.00E+11,Fastbeetle service,GulzarHusain,Motherhub_DIC,FM BRSNR,KanjhawalaHub_DEL_PL,PH-B6-DELDIC-42200614,expected,OPENED,27-09-2026 00:57,Arvind Bansal (DNCR)
27-09-2026,FMPC6531846887,KanjhawalaHub_DEL_PL,Zara IChoice Enterprise +919555583530,51b483b82b9e436c,dispatched_to_mh,North,LMA,1.00E+11,#N/A,#N/A,Motherhub_DIC,FM BRSNR,KanjhawalaHub_DEL_PL,PH-B1-DELDIC-40996803,expected,OPENED,26-09-2026 23:50,Arvind Bansal (DNCR)
27-09-2026,FMPC6533046867,KanjhawalaHub_DEL_PL,BE FIT +919953816282,2ce352504dfc4a79,dispatched_to_mh,North,TRUEFLEX,1153887,TRUEFLEX,HarshHarsh,Motherhub_DIC,FM BRSNR,KanjhawalaHub_DEL_PL,PH-B6-DELDIC-42204321,expected,OPENED,27-09-2026 00:58,Arvind Bansal (DNCR)
27-09-2026,FMPP4298934267,KanjhawalaHub_DEL_PL,FR ENTERPRISES +918882539304,9a8d4ff76fa34924,dispatched_to_mh,North,LMA,1.00E+11,Fastbeetle service,GulzarHusain,Motherhub_DIC,FM BRSNR,KanjhawalaHub_DEL_PL,PH-B6-DELDIC-42200614,expected,OPENED,27-09-2026 00:57,Arvind Bansal (DNCR)
27-09-2026,FMPC6530730400,IPextension_DEL_PL,MOHINDRA TIMES +919899180318,1a714b72f9754c05,received_at_mh,North,LMA,1.00E+11,Transwide Express,Sunil Rawat,Motherhub_DIC,FM BRSNR,IPextension_DEL_PL,PH-B1-DELDIC-42195354,expected,OPENED,27-09-2026 00:15,Arvind Bansal (DNCR)
27-09-2026,FMPC6532546528,KanjhawalaHub_DEL_PL,KIDZFUN +918527546696,8b20af49cae049f6,dispatched_to_mh,North,TRUEFLEX,1414611,TRUEFLEX,#N/A,Motherhub_DIC,FM BRSNR,KanjhawalaHub_DEL_PL,PH-B1-DELDIC-42196674,expected,OPENED,26-09-2026 22:44,Arvind Bansal (DNCR)
27-09-2026,FMPC6532472274,KanjhawalaHub_DEL_PL,AAYAN INTERNATIONAL +919971015160,27f1699bac0f4114,dispatched_to_mh,North,TRUEFLEX,633567,TRUEFLEX,Rajesh,Motherhub_DIC,FM BRSNR,KanjhawalaHub_DEL_PL,PH-B4-DELDIC-42184925,expected,OPENED,27-09-2026 00:58,Arvind Bansal (DNCR)
27-09-2026,FMPP4299905945,KanjhawalaHub_DEL_PL,RUKSAR FASHION +918076527687,1f1c00673ed54064,received_at_mh,North,LMA,1.00E+11,#N/A,#N/A,Motherhub_DIC,FM BRSNR,KanjhawalaHub_DEL_PL,PH-B4-DELDIC-42154567,expected,OPENED,27-09-2026 00:32,Arvind Bansal (DNCR)
27-09-2026,FMPP4299126500,KanjhawalaHub_DEL_PL,Squirrel India +919910911354,a3fac53306404ee2,dispatched_to_mh,North,LMA,1.00E+11,WHEELEY,Md Ali RajHussain,Motherhub_DIC,FM BRSNR,KanjhawalaHub_DEL_PL,PH-B6-DELDIC-42204922,expected,OPENED,26-09-2026 23:01,Arvind Bansal (DNCR)
27-09-2026,FMPC6532248936,KanjhawalaHub_DEL_PL,WildeMart Enterprises +919873627564,d9ee15de3b2944ce,received_at_mh,North,LMA,1.00E+11,Fastbeetle service,AvinashKumar,Motherhub_DIC,FM BRSNR,KanjhawalaHub_DEL_PL,PH-B4-DELDIC-42201944,expected,OPENED,27-09-2026 00:57,Arvind Bansal (DNCR)
27-09-2026,FMPC6530939951,KanjhawalaHub_DEL_PL,BHAVIKA ENTERPRISE +918506037144,4797eeba2342401a,dispatched_to_mh,North,TRUEFLEX,1414611,TRUEFLEX,#N/A,Motherhub_DIC,FM BRSNR,KanjhawalaHub_DEL_PL,PH-B1-DELDIC-42196681,expected,OPENED,26-09-2026 22:46,Arvind Bansal (DNCR)
27-09-2026,FMPC6527602035,KanjhawalaHub_DEL_PL,SHREE MORVINANDAN TILES +919891168118,d7d3c22d0bfd4111,received_at_mh,North,TRUEFLEX,1414611,TRUEFLEX,#N/A,Motherhub_DIC,FM BRSNR,KanjhawalaHub_DEL_PL,PH-B1-DELDIC-42148620,expected,OPENED,26-09-2026 23:19,Arvind Bansal (DNCR)
27-09-2026,FMPC6532991247,KanjhawalaHub_DEL_PL,MIINA CREATION +917240914227,1be900b78ccb4d89,received_at_mh,North,TRUEFLEX,905102,TRUEFLEX,SanjeshRajput,Motherhub_DIC,FM BRSNR,KanjhawalaHub_DEL_PL,PH-B1-DELDIC-41450085,expected,OPENED,26-09-2026 22:45,Arvind Bansal (DNCR)
27-09-2026,FMPP4301247014,KanjhawalaHub_DEL_PL,All Originals +918700848550,3dc6994e57ef4851,dispatched_to_mh,North,TRUEFLEX,633567,TRUEFLEX,Rajesh,Motherhub_DIC,FM BRSNR,KanjhawalaHub_DEL_PL,PH-B6-DELDIC-41208129,expected,OPENED,27-09-2026 00:54,Arvind Bansal (DNCR)
27-09-2026,FMPC6532534832,KanjhawalaHub_DEL_PL,KIDZFUN +918527546696,8b20af49cae049f6,dispatched_to_mh,North,TRUEFLEX,1414611,TRUEFLEX,#N/A,Motherhub_DIC,FM BRSNR,KanjhawalaHub_DEL_PL,PH-B6-DELDIC-42197557,expected,OPENED,26-09-2026 22:42,Arvind Bansal (DNCR)
27-09-2026,FMPC6531577263,KanjhawalaHub_DEL_PL,ARMAN COLLECTION +919971707364,ef96761d9e2f4e66,received_at_mh,North,LMA,1.00E+11,#N/A,#N/A,Motherhub_DIC,FM BRSNR,KanjhawalaHub_DEL_PL,PH-B6-DELDIC-42154600,expected,OPENED,27-09-2026 00:24,Arvind Bansal (DNCR)
27-09-2026,FMPC6530773537,KanjhawalaHub_DEL_PL,FR ENTERPRISES +918882539304,9a8d4ff76fa34924,dispatched_to_mh,North,LMA,1.00E+11,Fastbeetle service,GulzarHusain,Motherhub_DIC,FM BRSNR,KanjhawalaHub_DEL_PL,PH-B6-DELDIC-42200614,expected,OPENED,27-09-2026 00:57,Arvind Bansal (DNCR)
27-09-2026,FMPP4300135760,KanjhawalaHub_DEL_PL,BE FIT +919953816282,2ce352504dfc4a79,dispatched_to_mh,North,TRUEFLEX,1153887,TRUEFLEX,HarshHarsh,Motherhub_DIC,FM BRSNR,KanjhawalaHub_DEL_PL,PH-B6-DELDIC-42204321,expected,OPENED,27-09-2026 00:58,Arvind Bansal (DNCR)
27-09-2026,FMPC6530640670,KanjhawalaHub_DEL_PL,AAYAN INTERNATIONAL +919971015160,27f1699bac0f4114,dispatched_to_mh,North,TRUEFLEX,633567,TRUEFLEX,Rajesh,Motherhub_DIC,FM BRSNR,KanjhawalaHub_DEL_PL,PH-B6-DELDIC-42184941,expected,OPENED,27-09-2026 00:58,Arvind Bansal (DNCR)
27-09-2026,FMPC6531933975,KanjhawalaHub_DEL_PL,REDBERRY +919625605231,5af42b24c66a4a3f,dispatched_to_mh,North,LMA,1.00E+11,Fastbeetle service,GulzarHusain,Motherhub_DIC,FM BRSNR,KanjhawalaHub_DEL_PL,PH-B1-DELDIC-42200049,expected,OPENED,26-09-2026 22:53,Arvind Bansal (DNCR)
27-09-2026,FMPC6530184395,KanjhawalaHub_DEL_PL,KRISHNA +919350060204,3636db419d204715,dispatched_to_mh,North,TRUEFLEX,1414611,TRUEFLEX,#N/A,Motherhub_DIC,FM BRSNR,KanjhawalaHub_DEL_PL,PH-B4-DELDIC-42196725,expected,OPENED,26-09-2026 22:46,Arvind Bansal (DNCR)
27-09-2026,FMPC6531189512,IPextension_DEL_PL,MISHKA'S NEW COLLECTION +919873763117,c4d1f84c53dc48b7,dispatched_to_mh,North,TRUEFLEX,589695,TRUEFLEX,ChetanSahu,Motherhub_DIC,FM BRSNR,IPextension_DEL_PL,PH-B6-DELDIC-42195334,expected,OPENED,27-09-2026 00:20,Arvind Bansal (DNCR)
27-09-2026,FMPP4300346517,KanjhawalaHub_DEL_PL,BE FIT +919953816282,2ce352504dfc4a79,dispatched_to_mh,North,TRUEFLEX,1153887,TRUEFLEX,HarshHarsh,Motherhub_DIC,FM BRSNR,KanjhawalaHub_DEL_PL,PH-B4-DELDIC-42204288,expected,OPENED,27-09-2026 00:36,Arvind Bansal (DNCR)
27-09-2026,FMPC6527158809,KanjhawalaHub_DEL_PL,TZ ENTERPRISES +919911501719,85b25526c6324d76,dispatched_to_mh,North,LMA,1.00E+11,Watsoo,AwanKhan,Motherhub_DIC,FM BRSNR,KanjhawalaHub_DEL_PL,PH-B6-DELDIC-42137874,expected,OPENED,26-09-2026 23:56,Arvind Bansal (DNCR)
27-09-2026,FMPP4301268101,KanjhawalaHub_DEL_PL,S L ELECTRICALS +918882929799,fd3ae347827643db,dispatched_to_mh,North,LMA,1.00E+11,We Innovate Business Solutions Pvt Ltd,Gaurav,Motherhub_DIC,FM BRSNR,KanjhawalaHub_DEL_PL,PH-B1-DELDIC-42186644,expected,OPENED,26-09-2026 22:57,Arvind Bansal (DNCR)
27-09-2026,FMPP4299103435,KanjhawalaHub_DEL_PL,FR ENTERPRISES +918882539304,9a8d4ff76fa34924,dispatched_to_mh,North,LMA,1.00E+11,Fastbeetle service,GulzarHusain,Motherhub_DIC,FM BRSNR,KanjhawalaHub_DEL_PL,PH-B4-DELDIC-42200137,expected,OPENED,27-09-2026 00:58,Arvind Bansal (DNCR)
27-09-2026,FMPC6532766433,KanjhawalaHub_DEL_PL,Nooruddin +918920575451,a544f63c4c1e4740,received_at_mh,North,LMA,1.00E+11,#N/A,#N/A,Motherhub_DIC,FM BRSNR,KanjhawalaHub_DEL_PL,PH-B1-DELDIC-40996803,expected,OPENED,26-09-2026 23:50,Arvind Bansal (DNCR)
27-09-2026,FMPP4299290655,JasolaHub_DEL_PL,Classy Shades International Private Limited +918796659998,4ba0d47dce8f49e3,dispatched_to_mh,North,EKART,4201566,EKART,,Motherhub_DIC,FM BRSNR,JasolaHub_DEL_PL,PH-B4-DELDIC-41933112,expected,OPENED,26-09-2026 22:26,Arvind Bansal (DNCR)
27-09-2026,FMPC6531232836,JasolaHub_DEL_PL,BLARY FASHION PLANET +919540281504,f793aef642854ac9,dispatched_to_mh,North,TRUEFLEX,884069,TRUEFLEX,KuldeepBhadana,Motherhub_DIC,FM BRSNR,JasolaHub_DEL_PL,PH-B6-DELDIC-42184849,expected,OPENED,26-09-2026 22:27,Arvind Bansal (DNCR)
27-09-2026,FMPP4299912241,KanjhawalaHub_DEL_PL,ARMAN COLLECTION +919971707364,ef96761d9e2f4e66,received_at_mh,North,LMA,1.00E+11,#N/A,#N/A,Motherhub_DIC,FM BRSNR,KanjhawalaHub_DEL_PL,PH-B1-DELDIC-42154535,expected,OPENED,27-09-2026 00:24,Arvind Bansal (DNCR)
27-09-2026,FMPC6532678748,KanjhawalaHub_DEL_PL,RELYING BAGS +919643000602,029d35bd0ec04225,dispatched_to_mh,North,LMA,1.00E+11,#N/A,#N/A,Motherhub_DIC,FM BRSNR,KanjhawalaHub_DEL_PL,PH-B4-DELDIC-42192979,expected,OPENED,27-09-2026 00:32,Arvind Bansal (DNCR)
27-09-2026,FMPC6533017416,KanjhawalaHub_DEL_PL,AAYAN INTERNATIONAL +919971015160,27f1699bac0f4114,dispatched_to_mh,North,TRUEFLEX,633567,TRUEFLEX,Rajesh,Motherhub_DIC,FM BRSNR,KanjhawalaHub_DEL_PL,PH-B6-DELDIC-42184941,expected,OPENED,27-09-2026 00:58,Arvind Bansal (DNCR)
27-09-2026,FMPP4301389093,JasolaHub_DEL_PL,Kaku Fancy Dresses +919711440786,c9e92b497d3c46fb,dispatched_to_mh,North,LMA,1.00E+11,#N/A,#N/A,Motherhub_DIC,FM BRSNR,JasolaHub_DEL_PL,PH-B6-DELDIC-42207245,expected,OPENED,27-09-2026 00:38,Arvind Bansal (DNCR)
27-09-2026,FMPC6530676384,KanjhawalaHub_DEL_PL,BAJRANGI TANDOOR +918505935508,d20547095a1d4ecb,dispatched_to_mh,North,TRUEFLEX,1153887,TRUEFLEX,HarshHarsh,Motherhub_DIC,FM BRSNR,KanjhawalaHub_DEL_PL,PH-B4-DELDIC-41599300,expected,OPENED,27-09-2026 00:58,Arvind Bansal (DNCR)
27-09-2026,FMPC6531289720,KanjhawalaHub_DEL_PL,Tranzio +919354414981,cda7f6a60ca94715,dispatched_to_mh,North,TRUEFLEX,1153887,TRUEFLEX,HarshHarsh,Motherhub_DIC,FM BRSNR,KanjhawalaHub_DEL_PL,PH-B1-DELDIC-41599292,expected,OPENED,27-09-2026 00:56,Arvind Bansal (DNCR)
27-09-2026,FMPP4299995878,JasolaHub_DEL_PL,ZUBAIR IRSHAD +919990968410,6d844d4ab8e8485e,dispatched_to_mh,North,LMA,1.00E+11,Fastbeetle service,DharmendraSingh,Motherhub_DIC,FM BRSNR,JasolaHub_DEL_PL,PH-B1-DELDIC-42194465,expected,OPENED,26-09-2026 22:27,Arvind Bansal (DNCR)
27-09-2026,FMPP4301185704,KanjhawalaHub_DEL_PL,V S SOLUTIONS +919811803234,1d75c7e1ff574c63,dispatched_to_mh,North,TRUEFLEX,1414611,TRUEFLEX,#N/A,Motherhub_DIC,FM BRSNR,KanjhawalaHub_DEL_PL,PH-B4-DELDIC-42196737,expected,OPENED,26-09-2026 22:43,Arvind Bansal (DNCR)
27-09-2026,FMPC6531154269,KanjhawalaHub_DEL_PL,R.M ENTERPRISES +918750001005,7b94dccf740a447a,received_at_ph,North,LMA,1.00E+11,We Innovate Business Solutions Pvt Ltd,Gaurav,Motherhub_DIC,FM BRSNR,KanjhawalaHub_DEL_PL,PH-B4-DELDIC-42097172,expected,OPENED,27-09-2026 02:09,Arvind Bansal (DNCR)
27-09-2026,FMPC6530358101,KanjhawalaHub_DEL_PL,SHAHJAHAN BEGAM +918920575451,4f1d806c8d7f4796,dispatched_to_mh,North,LMA,1.00E+11,#N/A,#N/A,Motherhub_DIC,FM BRSNR,KanjhawalaHub_DEL_PL,PH-B1-DELDIC-40996803,expected,OPENED,26-09-2026 23:50,Arvind Bansal (DNCR)
27-09-2026,FMPC6533309013,KanjhawalaHub_DEL_PL,SHEILDORA +918796877562,130fb14cc92943ac,dispatched_to_mh,North,TRUEFLEX,905102,TRUEFLEX,SanjeshRajput,Motherhub_DIC,FM BRSNR,KanjhawalaHub_DEL_PL,PH-B6-DELDIC-41453085,expected,OPENED,26-09-2026 22:46,Arvind Bansal (DNCR)
27-09-2026,FMPC6531619550,KanjhawalaHub_DEL_PL,RUKSAR FASHION +918076527687,1f1c00673ed54064,received_at_mh,North,LMA,1.00E+11,#N/A,#N/A,Motherhub_DIC,FM BRSNR,KanjhawalaHub_DEL_PL,PH-B4-DELDIC-42154567,expected,OPENED,27-09-2026 00:32,Arvind Bansal (DNCR)
27-09-2026,FMPC6531577197,KanjhawalaHub_DEL_PL,ARMAN COLLECTION +919971707364,ef96761d9e2f4e66,received_at_mh,North,LMA,1.00E+11,#N/A,#N/A,Motherhub_DIC,FM BRSNR,KanjhawalaHub_DEL_PL,PH-B6-DELDIC-42154600,expected,OPENED,27-09-2026 00:24,Arvind Bansal (DNCR)
27-09-2026,FMPP4300347749,MangolpuriHub_DEL_PL,Aastha Enterprises +919818914014,94c9ef9e46bb4a33,dispatched_to_mh,North,LMA,1.00E+11,KDKN LOGISTICS SERVICES PVT LTD,AnkitKumar,Motherhub_DIC,FM BRSNR,MangolpuriHub_DEL_PL,PH-B1-DELDIC-42148756,expected,OPENED,27-09-2026 00:50,Arvind Bansal (DNCR)
27-09-2026,FMPC6530825965,MangolpuriHub_DEL_PL,SAI JYOTI TEXTILES +919971455653,54bb70906e2c4efa,dispatched_to_mh,North,TRUEFLEX,593987,TRUEFLEX,SushankGupta,Motherhub_DIC,FM BRSNR,MangolpuriHub_DEL_PL,PH-B6-DELDIC-42111330,expected,OPENED,26-09-2026 23:28,Arvind Bansal (DNCR)
27-09-2026,FMPC6530565366,MangolpuriHub_DEL_PL,ARIHANT ENTERPRISES +918800230323,df607cc70e23482f,dispatched_to_mh,North,TRUEFLEX,593987,TRUEFLEX,SushankGupta,Motherhub_DIC,FM BRSNR,MangolpuriHub_DEL_PL,PH-B1-DELDIC-42111311,expected,OPENED,26-09-2026 23:47,Arvind Bansal (DNCR)
27-09-2026,FMPP4300875389,MangolpuriHub_DEL_PL,KIDS CARE INDUSTRY +919354123149,55296b6a74e54670,dispatched_to_mh,North,LMA,1.00E+11,KDKN LOGISTICS SERVICES PVT LTD,AnkitKumar,Motherhub_DIC,FM BRSNR,MangolpuriHub_DEL_PL,PH-B6-DELDIC-42149390,expected,OPENED,27-09-2026 00:52,Arvind Bansal (DNCR)
27-09-2026,FMPC6531006361,MangolpuriHub_DEL_PL,M/S DIGITAL DREAMS +919540809320,d22b24efd0464061,dispatched_to_mh,North,TRUEFLEX,889250,TRUEFLEX,PradeepSingh,Motherhub_DIC,FM BRSNR,MangolpuriHub_DEL_PL,PH-B4-DELDIC-42143062,expected,OPENED,26-09-2026 21:31,Arvind Bansal (DNCR)
27-09-2026,FMPC6533030593,MangolpuriHub_DEL_PL,MICRO INDUSTRIAL CORPORATION 9599599537,xp4dmcf99imkv5p8,dispatched_to_mh,North,LMA,1.00E+11,KDKN LOGISTICS SERVICES PVT LTD,AnkitKumar,Motherhub_DIC,FM BRSNR,MangolpuriHub_DEL_PL,PH-B4-DELDIC-41443479,expected,OPENED,27-09-2026 01:01,Arvind Bansal (DNCR)
27-09-2026,FMPC6531859076,MangolpuriHub_DEL_PL,Macro Enterprises +918882661038,d86eb4a624454f34,dispatched_to_mh,North,TRUEFLEX,749416,TRUEFLEX,SachinHarijan,Motherhub_DIC,FM BRSNR,MangolpuriHub_DEL_PL,PH-B6-DELDIC-41431948,expected,OPENED,26-09-2026 21:34,Arvind Bansal (DNCR)
27-09-2026,FMPC6531341830,MangolpuriHub_DEL_PL,Maa Vaishno Enterprises +919315139317,f53079e773f846dd,dispatched_to_mh,North,LMA,1.00E+11,We Innovate Business Solutions Pvt Ltd,Dushyant KumarGond,Motherhub_DIC,FM BRSNR,MangolpuriHub_DEL_PL,PH-B4-DELDIC-42100753,expected,OPENED,26-09-2026 21:28,Arvind Bansal (DNCR)
27-09-2026,FMPP4298909240,MangolpuriHub_DEL_PL,M/S SHIVAAY TRADING CO. +919999945018,f47e506a4cc34f4c,received_at_mh,North,TRUEFLEX,1397703,TRUEFLEX,#N/A,Motherhub_DIC,FM BRSNR,MangolpuriHub_DEL_PL,PH-B4-DELDIC-42165568,expected,OPENED,26-09-2026 21:31,Arvind Bansal (DNCR)
27-09-2026,FMPC6532500654,NehruPlaceHub_DEL_PL,Geeta International +916398350348,6a1d1dee31264bca,dispatched_to_mh,North,TRUEFLEX,798046,TRUEFLEX,VikeshKaneriya,Motherhub_DIC,FM BRSNR,NehruPlaceHub_DEL_PL,PH-B6-DELDIC-42085096,expected,OPENED,27-09-2026 00:45,Arvind Bansal (DNCR)
27-09-2026,FMPP4299977861,NehruPlaceHub_DEL_PL,ASHWEAR E-COMMERCE PRIVATE LIMITED +919217414763,c5b6a6308c6143a9,dispatched_to_mh,North,LMA,1.00E+11,WHEELEY,DhanjiBhardawaj,Motherhub_DIC,FM BRSNR,NehruPlaceHub_DEL_PL,PH-B4-DELDIC-42194456,expected,OPENED,27-09-2026 01:50,Arvind Bansal (DNCR)
27-09-2026,FMPP4300604605,Motibaghhub_DEL_PL,Hitesh Enterprises +917011355439,8ccb27a0f28a4378,dispatched_to_mh,North,LMA,1.00E+11,#N/A,#N/A,Motherhub_DIC,FM BRSNR,Motibaghhub_DEL_PL,PH-B1-DELDIC-42115803,expected,OPENED,26-09-2026 22:35,Arvind Bansal (DNCR)
27-09-2026,FMPP4300875347,PaharganjHub_DEL_PL,NeuStar Enterprises +917838909447,44c356d7ce5742b6,received_at_mh,North,LMA,1.00E+11,#N/A,#N/A,Motherhub_DIC,FM BRSNR,PaharganjHub_DEL_PL,PH-B4-DELDIC-41656801,expected,OPENED,27-09-2026 01:12,Arvind Bansal (DNCR)
27-09-2026,FMPP4297675708,Motavarachahub_STV_PL,DHEYLU CREATION +919737463839,1170c4e2a8b444a9,received_at_mh,West,LMA,1.00E+11,#N/A,#N/A,MotherHub_STV,FM BRSNR,Motavarachahub_STV_PL,PH-ZO-SURSUR-11208869,expected,OPENED,26-09-2026 23:28,Ashvani Bhatt
27-09-2026,FMPP4300905964,NehruPlaceHub_DEL_PL,SRIVEDA SATTVA PRIVATE LIMITED 9731181058,19bae50b24a746d0,dispatched_to_mh,North,LMA,2195651,#N/A,#N/A,Motherhub_DIC,FM BRSNR,NehruPlaceHub_DEL_PL,PH-B1-DELDIC-42196947,expected,OPENED,27-09-2026 01:41,Arvind Bansal (DNCR)
27-09-2026,FMPP4297642818,Motavarachahub_STV_PL,DHEYLU CREATION +919737463839,1170c4e2a8b444a9,received_at_mh,West,LMA,1.00E+11,#N/A,#N/A,MotherHub_STV,FM BRSNR,Motavarachahub_STV_PL,PH-ZO-SURSUR-11208869,expected,OPENED,26-09-2026 23:28,Ashvani Bhatt
27-09-2026,FMPC6530200002,PaharganjHub_DEL_PL,VORNEX OPTICAL CO. +919953163937,2a54281fa3514445,dispatched_to_mh,North,LMA,1.00E+11,#N/A,#N/A,Motherhub_DIC,FM BRSNR,PaharganjHub_DEL_PL,PH-B1-DELDIC-42005757,expected,OPENED,27-09-2026 01:07,Arvind Bansal (DNCR)
27-09-2026,FMPP4297035075,NehruPlaceHub_DEL_PL,IMTRA FASHION +919911688270,05aff89e10c84a35,dispatched_to_mh,North,LMA,1.00E+11,Fastbeetle service,MujibAnsari,Motherhub_DIC,FM BRSNR,NehruPlaceHub_DEL_PL,PH-B1-DELDIC-42181138,expected,OPENED,27-09-2026 01:55,Arvind Bansal (DNCR)
27-09-2026,FMPP4298904998,NehruPlaceHub_DEL_PL,Rivaan Fabrications +919211560456,4415a43df106498f,dispatched_to_mh,North,LMA,1.00E+11,Fastbeetle service,MujibAnsari,Motherhub_DIC,FM BRSNR,NehruPlaceHub_DEL_PL,PH-B1-DELDIC-42144930,expected,OPENED,27-09-2026 00:47,Arvind Bansal (DNCR)
27-09-2026,FMPP4299032835,Motibaghhub_DEL_PL,GEMS EMPORIA +919871209086,33a2f91f84134794,received_at_mh,North,LMA,1.00E+11,#N/A,#N/A,Motherhub_DIC,FM BRSNR,Motibaghhub_DEL_PL,PH-B4-DELDIC-42132099,expected,OPENED,26-09-2026 22:32,Arvind Bansal (DNCR)
27-09-2026,FMPC6532189538,PaharganjHub_DEL_PL,DIAMOND GRAPHICS +919313048162,3a39f1b2a28845d0,dispatched_to_mh,North,TRUEFLEX,591438,TRUEFLEX,RAHUL KUMARMEHTO,Motherhub_DIC,FM BRSNR,PaharganjHub_DEL_PL,PH-B4-DELDIC-42190115,expected,OPENED,27-09-2026 00:59,Arvind Bansal (DNCR)
27-09-2026,FMPP4301175906,Motibaghhub_DEL_PL,MR ENTERPRISE +918076483752,5e6b4bdd79d24071,received_at_mh,North,LMA,4008195,#N/A,#N/A,Motherhub_DIC,FM BRSNR,Motibaghhub_DEL_PL,PH-B6-DELDIC-41342214,expected,OPENED,26-09-2026 22:37,Arvind Bansal (DNCR)
27-09-2026,FMPC6533614814,Motibaghhub_DEL_PL,Hitesh Enterprises +917011355439,8ccb27a0f28a4378,dispatched_to_mh,North,LMA,1.00E+11,#N/A,#N/A,Motherhub_DIC,FM BRSNR,Motibaghhub_DEL_PL,PH-B4-DELDIC-42132099,expected,OPENED,26-09-2026 22:32,Arvind Bansal (DNCR)
27-09-2026,FMPP4297065863,NehruPlaceHub_DEL_PL,SEWING PARTS SOLUTION +919911764294,8ac550e764b14024,dispatched_to_mh,North,LMA,1.00E+11,#N/A,#N/A,Motherhub_DIC,FM BRSNR,NehruPlaceHub_DEL_PL,PH-B6-DELDIC-42182681,expected,OPENED,27-09-2026 01:41,Arvind Bansal (DNCR)
27-09-2026,FMPC6533329036,MundkaHub_DEL_PL,T.K. E-RETAIL SOLUTIONS +919818351910,7095d42b367e4090,dispatched_to_mh,North,TRUEFLEX,758608,TRUEFLEX,Avnish,Motherhub_DIC,FM BRSNR,MundkaHub_DEL_PL,PH-B4-DELDIC-42206045,expected,TERMINATED,26-09-2026 22:17,Arvind Bansal (DNCR)
27-09-2026,FMPC6533774812,Motibaghhub_DEL_PL,GREEN INTERNET TECHNOLOGIES +919899477433,b12aae91d4db42cd,dispatched_to_mh,North,TRUEFLEX,981845,TRUEFLEX,#N/A,Motherhub_DIC,FM BRSNR,Motibaghhub_DEL_PL,PH-B4-DELDIC-42185230,expected,OPENED,27-09-2026 00:17,Arvind Bansal (DNCR)
27-09-2026,FMPP4299601886,Motibaghhub_DEL_PL,Katyani traders +919557814232,c7982e1617834f26,received_at_mh,North,TRUEFLEX,890271,TRUEFLEX,AnshulKumar,Motherhub_DIC,FM BRSNR,Motibaghhub_DEL_PL,PH-B1-DELDIC-42079121,expected,OPENED,26-09-2026 22:38,Arvind Bansal (DNCR)
27-09-2026,FMPC6530993663,PaharganjHub_DEL_PL,IAMSAM MART +917838117415,291f12bc36fc4191,received_at_mh,North,LMA,1.00E+11,RAMEZO ENTERPRISES,Sahil,Motherhub_DIC,FM BRSNR,PaharganjHub_DEL_PL,PH-B6-DELDIC-42190576,expected,OPENED,27-09-2026 01:01,Arvind Bansal (DNCR)
27-09-2026,FMPP4300692871,Motibaghhub_DEL_PL,Hitesh Enterprises +917011355439,8ccb27a0f28a4378,dispatched_to_mh,North,LMA,1.00E+11,#N/A,#N/A,Motherhub_DIC,FM BRSNR,Motibaghhub_DEL_PL,PH-B4-DELDIC-42132099,expected,OPENED,26-09-2026 22:32,Arvind Bansal (DNCR)
27-09-2026,FMPP4300123010,NehruPlaceHub_DEL_PL,Rivaan Fabrications +919211560456,4415a43df106498f,dispatched_to_mh,North,LMA,1.00E+11,Fastbeetle service,MujibAnsari,Motherhub_DIC,FM BRSNR,NehruPlaceHub_DEL_PL,PH-B6-DELDIC-42144987,expected,OPENED,27-09-2026 00:45,Arvind Bansal (DNCR)
27-09-2026,FMPC6533293466,PaharganjHub_DEL_PL,UJJI ENTERPRISES +919891847994,e2dc4eb3a980418d,received_at_mh,North,TRUEFLEX,690928,TRUEFLEX,SunilKumar,Motherhub_DIC,FM BRSNR,PaharganjHub_DEL_PL,PH-B6-DELDIC-42053836,expected,OPENED,27-09-2026 01:01,Arvind Bansal (DNCR)
27-09-2026,FMPP4297687624,Motavarachahub_STV_PL,DHEYLU CREATION +919737463839,1170c4e2a8b444a9,received_at_mh,West,LMA,1.00E+11,#N/A,#N/A,MotherHub_STV,FM BRSNR,Motavarachahub_STV_PL,PH-ZO-SURSUR-11208869,expected,OPENED,26-09-2026 23:28,Ashvani Bhatt
27-09-2026,FMPC6533786215,NajafgarhHub_DEL_PL,pikkme +919717531363,ac5abb1c93cd48aa,dispatched_to_mh,North,LMA,1.00E+11,Greenteck Logistics and Mobility Pvt Ltd,Sangam SinghBhadauria,Motherhub_DIC,FM BRSNR,NajafgarhHub_DEL_PL,PH-B6-DELDIC-42172915,expected,OPENED,26-09-2026 23:54,Arvind Bansal (DNCR)
27-09-2026,FMPC6530103665,Motibaghhub_DEL_PL,Rani worldtrade +917982228342,d691d9355a3b4bd7,dispatched_to_mh,North,LMA,1.00E+11,Greenteck Logistics and Mobility Pvt Ltd,Abhijeet KumarRay,Motherhub_DIC,FM BRSNR,Motibaghhub_DEL_PL,PH-B1-DELDIC-41962625,expected,OPENED,26-09-2026 20:24,Arvind Bansal (DNCR)
27-09-2026,FMPC6530051084,NehruPlaceHub_DEL_PL,Rivaan Fabrications +919211560456,4415a43df106498f,dispatched_to_mh,North,LMA,1.00E+11,Fastbeetle service,MujibAnsari,Motherhub_DIC,FM BRSNR,NehruPlaceHub_DEL_PL,PH-B6-DELDIC-42144987,expected,OPENED,27-09-2026 00:45,Arvind Bansal (DNCR)
27-09-2026,FMPC6532425581,MundkaHub_DEL_PL,PIHU ENTERPRISES +918700344995,3bbc5eceafa84546,dispatched_to_mh,North,LMA,1.00E+11,#N/A,#N/A,Motherhub_DIC,FM BRSNR,MundkaHub_DEL_PL,PH-B1-DELDIC-42199102,expected,OPENED,26-09-2026 20:52,Arvind Bansal (DNCR)
27-09-2026,FMPC6533032110,Motavarachahub_STV_PL,ETHNIC PITARA +919016450519,7369f70a3c7a4dbf,received_at_mh,West,LMA,1.00E+11,#N/A,#N/A,MotherHub_STV,FM BRSNR,Motavarachahub_STV_PL,PH-ZO-SURSUR-11159336,expected,OPENED,26-09-2026 23:20,Ashvani Bhatt
27-09-2026,FMPP4301416691,NehruPlaceHub_DEL_PL,SANYASI AYURVEDA PRIVATE LIMITED +919289054698,8a5a51808a3e4bd3,dispatched_to_mh,North,LMA,1.00E+11,WHEELEY,DhanjiBhardawaj,Motherhub_DIC,FM BRSNR,NehruPlaceHub_DEL_PL,PH-B4-DELDIC-42194456,expected,OPENED,27-09-2026 01:50,Arvind Bansal (DNCR)
27-09-2026,FMPC6533643902,MundkaHub_DEL_PL,Tail Mart Enterprises 8595198820,e1e2e1a3124345c0,dispatched_to_mh,North,LMA,1.00E+11,E2E LOGISTIC SOLUTION,Md.Annu,Motherhub_DIC,FM BRSNR,MundkaHub_DEL_PL,PH-B6-DELDIC-42206858,expected,OPENED,26-09-2026 22:39,Arvind Bansal (DNCR)
27-09-2026,FMPP4300997743,MundkaHub_DEL_PL,BINDRA INDUSTRIES INDIA PRIVATE LIMITED +918860135952,d9de1a65dd2f4f16,dispatched_to_mh,North,TRUEFLEX,616053,TRUEFLEX,JitendraKumar,Motherhub_DIC,FM BRSNR,MundkaHub_DEL_PL,PH-B6-DELDIC-42184155,expected,OPENED,26-09-2026 20:08,Arvind Bansal (DNCR)
27-09-2026,FMPC6530829402,Motibaghhub_DEL_PL,DGN traders +918010088784,83495bb18f244090,dispatched_to_mh,North,EKART,4165265,EKART,,Motherhub_DIC,FM BRSNR,Motibaghhub_DEL_PL,PH-B4-DELDIC-42039595,expected,OPENED,27-09-2026 00:15,Arvind Bansal (DNCR)
27-09-2026,FMPP4299837858,NehruPlaceHub_DEL_PL,SRIVEDA SATTVA PRIVATE LIMITED 9731181058,19bae50b24a746d0,dispatched_to_mh,North,LMA,2195651,#N/A,#N/A,Motherhub_DIC,FM BRSNR,NehruPlaceHub_DEL_PL,PH-B1-DELDIC-42196947,expected,OPENED,27-09-2026 01:41,Arvind Bansal (DNCR)
27-09-2026,FMPP4298394389,NehruPlaceHub_DEL_PL,TRAFAART +917827394503,6ef3520721594ebf,dispatched_to_mh,North,LMA,1.00E+11,Fastbeetle service,MujibAnsari,Motherhub_DIC,FM BRSNR,NehruPlaceHub_DEL_PL,PH-B1-DELDIC-42181138,expected,OPENED,27-09-2026 01:55,Arvind Bansal (DNCR)
27-09-2026,FMPP4297685818,Motavarachahub_STV_PL,DHEYLU CREATION +919737463839,1170c4e2a8b444a9,received_at_mh,West,LMA,1.00E+11,#N/A,#N/A,MotherHub_STV,FM BRSNR,Motavarachahub_STV_PL,PH-ZO-SURSUR-11208869,expected,OPENED,26-09-2026 23:28,Ashvani Bhatt
27-09-2026,FMPC6532779379,NehruPlaceHub_DEL_PL,Geeta Enterprises +918077015105,201b3b7e644a47c8,dispatched_to_mh,North,TRUEFLEX,798046,TRUEFLEX,VikeshKaneriya,Motherhub_DIC,FM BRSNR,NehruPlaceHub_DEL_PL,PH-B1-DELDIC-42085400,expected,OPENED,27-09-2026 00:49,Arvind Bansal (DNCR)
27-09-2026,FMPC6533186930,Motibaghhub_DEL_PL,Melbon Enterprises +919355112078,dee6c7af9b124311,dispatched_to_mh,North,TRUEFLEX,725822,TRUEFLEX,ROHITGUPTA,Motherhub_DIC,FM BRSNR,Motibaghhub_DEL_PL,PH-B6-DELDIC-42123244,expected,OPENED,26-09-2026 22:31,Arvind Bansal (DNCR)
27-09-2026,FMPP4300034786,MundkaHub_DEL_PL,PLEXUS ENTERPRISES +918595794415,ab0dfa01c7484d87,received_at_mh,North,TRUEFLEX,932381,TRUEFLEX,DildarHusain,Motherhub_DIC,FM BRSNR,MundkaHub_DEL_PL,PH-B6-DELDIC-42184527,expected,OPENED,26-09-2026 20:34,Arvind Bansal (DNCR)
27-09-2026,FMPC6530783112,PaharganjHub_DEL_PL,H.N. TRADERS +917011033800,37485dfff7c04386,dispatched_to_mh,North,TRUEFLEX,900466,TRUEFLEX,AmarendraKumar Gupta,Motherhub_DIC,FM BRSNR,PaharganjHub_DEL_PL,PH-B1-DELDIC-42165645,expected,OPENED,27-09-2026 01:12,Arvind Bansal (DNCR)
27-09-2026,FMPC6531668014,Motibaghhub_DEL_PL,Hitesh Enterprises +917011355439,8ccb27a0f28a4378,dispatched_to_mh,North,LMA,1.00E+11,#N/A,#N/A,Motherhub_DIC,FM BRSNR,Motibaghhub_DEL_PL,PH-B6-DELDIC-42131968,expected,OPENED,26-09-2026 22:34,Arvind Bansal (DNCR)
27-09-2026,FMPP4299024772,MundkaHub_DEL_PL,Happy Deal +919996914999,8a5943e9f17f41ae,received_at_mh,North,LMA,1.00E+11,Watsoo,AnilKumar,Motherhub_DIC,FM BRSNR,MundkaHub_DEL_PL,PH-B4-DELDIC-42143620,expected,OPENED,26-09-2026 22:20,Arvind Bansal (DNCR)
27-09-2026,FMPC6531446927,Motibaghhub_DEL_PL,Hitesh Enterprises +917011355439,8ccb27a0f28a4378,dispatched_to_mh,North,LMA,1.00E+11,#N/A,#N/A,Motherhub_DIC,FM BRSNR,Motibaghhub_DEL_PL,PH-B4-DELDIC-42132099,expected,OPENED,26-09-2026 22:32,Arvind Bansal (DNCR)
27-09-2026,FMPP4299261923,NehruPlaceHub_DEL_PL,SRIVEDA SATTVA PRIVATE LIMITED 9731181058,19bae50b24a746d0,dispatched_to_mh,North,LMA,2195651,#N/A,#N/A,Motherhub_DIC,FM BRSNR,NehruPlaceHub_DEL_PL,PH-B4-DELDIC-42196908,expected,OPENED,27-09-2026 01:46,Arvind Bansal (DNCR)
27-09-2026,FMPP4300646875,PaharganjHub_DEL_PL,RSS TRADERS +919811862144,6910dc47679e4752,dispatched_to_mh,North,TRUEFLEX,947547,TRUEFLEX,#N/A,Motherhub_DIC,FM BRSNR,PaharganjHub_DEL_PL,PH-B1-DELDIC-42186276,expected,OPENED,27-09-2026 00:57,Arvind Bansal (DNCR)
27-09-2026,FMPP4301317736,PaharganjHub_DEL_PL,SUNPRO INTERNATIONAL +919310656667,264784aa86644c65,received_at_mh,North,TRUEFLEX,690928,TRUEFLEX,SunilKumar,Motherhub_DIC,FM BRSNR,PaharganjHub_DEL_PL,PH-B6-DELDIC-42053833,expected,OPENED,27-09-2026 01:01,Arvind Bansal (DNCR)
27-09-2026,FMPC6531644699,PaharganjHub_DEL_PL,ZSA Enterprises +919643228815,777040ea19bb4edc,dispatched_to_mh,North,LMA,1.00E+11,We Innovate Business Solutions Pvt Ltd,KunalKashyap,Motherhub_DIC,FM BRSNR,PaharganjHub_DEL_PL,PH-B6-DELDIC-42083416,expected,OPENED,27-09-2026 01:06,Arvind Bansal (DNCR)
27-09-2026,FMPC6532653755,Motibaghhub_DEL_PL,Hitesh Enterprises +917011355439,8ccb27a0f28a4378,dispatched_to_mh,North,LMA,1.00E+11,#N/A,#N/A,MotherHub_NDC,FM BRSNR,Motibaghhub_DEL_PL,PH-B3-NCRNDC-6308681,expected,OPENED,27-09-2026 03:20,Arvind Bansal (DNCR)
27-09-2026,FMPC6533150844,Motibaghhub_DEL_PL,Hitesh Enterprises +917011355439,8ccb27a0f28a4378,dispatched_to_mh,North,LMA,1.00E+11,#N/A,#N/A,Motherhub_DIC,FM BRSNR,Motibaghhub_DEL_PL,PH-B4-DELDIC-42132099,expected,OPENED,26-09-2026 22:32,Arvind Bansal (DNCR)
27-09-2026,FMPC6532776929,NajafgarhHub_DEL_PL,VISHNU ENTERPRISES +917840044331,e3ed6432a01948b2,dispatched_to_mh,North,LMA,1.00E+11,Sitics,MdChand,Motherhub_DIC,FM BRSNR,NajafgarhHub_DEL_PL,PH-B4-DELDIC-42190531,expected,OPENED,26-09-2026 23:38,Arvind Bansal (DNCR)
27-09-2026,FMPP4301249951,MundkaHub_DEL_PL,Tail Mart Enterprises 8595198820,e1e2e1a3124345c0,dispatched_to_mh,North,LMA,1.00E+11,E2E LOGISTIC SOLUTION,Md.Annu,Motherhub_DIC,FM BRSNR,MundkaHub_DEL_PL,PH-B6-DELDIC-42206857,expected,OPENED,26-09-2026 22:30,Arvind Bansal (DNCR)
27-09-2026,FMPC6530050199,NehruPlaceHub_DEL_PL,Rivaan Fabrications +919211560456,4415a43df106498f,dispatched_to_mh,North,LMA,1.00E+11,Fastbeetle service,MujibAnsari,Motherhub_DIC,FM BRSNR,NehruPlaceHub_DEL_PL,PH-B4-DELDIC-42027274,expected,OPENED,27-09-2026 00:49,Arvind Bansal (DNCR)
27-09-2026,FMPC6533029265,Motibaghhub_DEL_PL,Hitesh Enterprises +917011355439,8ccb27a0f28a4378,dispatched_to_mh,North,LMA,1.00E+11,#N/A,#N/A,Motherhub_DIC,FM BRSNR,Motibaghhub_DEL_PL,PH-B6-DELDIC-42131968,expected,OPENED,26-09-2026 22:34,Arvind Bansal (DNCR)
27-09-2026,FMPC6530455911,PaharganjHub_DEL_PL,MARYAM GALLERY +919318425201,8.24E+15,dispatched_to_mh,North,LMA,1.00E+11,#N/A,#N/A,Motherhub_DIC,FM BRSNR,PaharganjHub_DEL_PL,PH-B1-DELDIC-42005757,expected,OPENED,27-09-2026 01:07,Arvind Bansal (DNCR)
27-09-2026,FMPP4301384830,Motibaghhub_DEL_PL,UNITED CONSTRUCTION CO 9811127949,f42a53b5b74440d1,dispatched_to_mh,North,LMA,1.00E+11,#N/A,#N/A,Motherhub_DIC,FM BRSNR,Motibaghhub_DEL_PL,PH-B4-DELDIC-42115811,expected,OPENED,26-09-2026 22:40,Arvind Bansal (DNCR)
27-09-2026,FMPC6533250296,MundkaHub_DEL_PL,KRISHNA TRADERS +919971807854,a63b1afba8d744d1,dispatched_to_mh,North,LMA,1.00E+11,Watsoo,AnilKumar,Motherhub_DIC,FM BRSNR,MundkaHub_DEL_PL,PH-B6-DELDIC-42143692,expected,OPENED,26-09-2026 22:35,Arvind Bansal (DNCR)
27-09-2026,FMPC6533475153,NajafgarhHub_DEL_PL,VISHNU ENTERPRISES +917840044331,e3ed6432a01948b2,dispatched_to_mh,North,LMA,1.00E+11,Sitics,MdChand,Motherhub_DIC,FM BRSNR,NajafgarhHub_DEL_PL,PH-B6-DELDIC-42190520,expected,OPENED,26-09-2026 23:38,Arvind Bansal (DNCR)
27-09-2026,FMPC6533696248,Motibaghhub_DEL_PL,BELLSTAR TRADING PVT LTD +918235950298,wwslzhat46bp4ru1,dispatched_to_mh,North,TRUEFLEX,725822,TRUEFLEX,ROHITGUPTA,Motherhub_DIC,FM BRSNR,Motibaghhub_DEL_PL,PH-B1-DELDIC-42123104,expected,OPENED,26-09-2026 22:32,Arvind Bansal (DNCR)
27-09-2026,FMPC6532980399,NehruPlaceHub_DEL_PL,Rivaan Fabrications +919211560456,4415a43df106498f,dispatched_to_mh,North,LMA,1.00E+11,Fastbeetle service,MujibAnsari,Motherhub_DIC,FM BRSNR,NehruPlaceHub_DEL_PL,PH-B4-DELDIC-42027274,expected,OPENED,27-09-2026 00:49,Arvind Bansal (DNCR)
27-09-2026,FMPP4301250057,Motibaghhub_DEL_PL,GREEN INTERNET TECHNOLOGIES +919899477433,b12aae91d4db42cd,dispatched_to_mh,North,TRUEFLEX,981845,TRUEFLEX,#N/A,Motherhub_DIC,FM BRSNR,Motibaghhub_DEL_PL,PH-B6-DELDIC-42185168,expected,OPENED,27-09-2026 00:16,Arvind Bansal (DNCR)
27-09-2026,FMPP4297695642,Motavarachahub_STV_PL,DHEYLU CREATION +919737463839,1170c4e2a8b444a9,received_at_mh,West,LMA,1.00E+11,#N/A,#N/A,MotherHub_STV,FM BRSNR,Motavarachahub_STV_PL,PH-ZO-SURSUR-11208869,expected,OPENED,26-09-2026 23:28,Ashvani Bhatt
27-09-2026,FMPC6531184871,Motavarachahub_STV_PL,AMAR FASHION +917574009041,19a846edb81b4536,dispatched_to_mh,West,TRUEFLEX,591903,TRUEFLEX,ShaikhHussain,MotherHub_STV,FM BRSNR,Motavarachahub_STV_PL,PH-B4-SURSUR-11116092,expected,OPENED,26-09-2026 22:57,Ashvani Bhatt
27-09-2026,FMPC6533457793,Motibaghhub_DEL_PL,MR ENTERPRISE +918076483752,5e6b4bdd79d24071,received_at_mh,North,LMA,4008195,#N/A,#N/A,Motherhub_DIC,FM BRSNR,Motibaghhub_DEL_PL,PH-B1-DELDIC-32823296,expected,OPENED,26-09-2026 22:31,Arvind Bansal (DNCR)
27-09-2026,FMPC6530724943,Motibaghhub_DEL_PL,Hitesh Enterprises +917011355439,8ccb27a0f28a4378,dispatched_to_mh,North,LMA,1.00E+11,#N/A,#N/A,Motherhub_DIC,FM BRSNR,Motibaghhub_DEL_PL,PH-B1-DELDIC-42115803,expected,OPENED,26-09-2026 22:35,Arvind Bansal (DNCR)
27-09-2026,FMPC6531814454,Motavarachahub_STV_PL,Blue Queen +919909666438,0e72474b8fb8445c,dispatched_to_mh,West,TRUEFLEX,591019,TRUEFLEX,Sachin AnandaKhairnar,MotherHub_STV,FM BRSNR,Motavarachahub_STV_PL,PH-B4-SURSUR-11199993,expected,OPENED,26-09-2026 23:34,Ashvani Bhatt
27-09-2026,FMPP4300304381,MundkaHub_DEL_PL,KRISHNA TRADERS +919971807854,a63b1afba8d744d1,dispatched_to_mh,North,LMA,1.00E+11,Watsoo,AnilKumar,Motherhub_DIC,FM BRSNR,MundkaHub_DEL_PL,PH-B6-DELDIC-42143692,expected,OPENED,26-09-2026 22:35,Arvind Bansal (DNCR)
27-09-2026,FMPC6530050426,NehruPlaceHub_DEL_PL,Rivaan Fabrications +919211560456,4415a43df106498f,dispatched_to_mh,North,LMA,1.00E+11,Fastbeetle service,MujibAnsari,Motherhub_DIC,FM BRSNR,NehruPlaceHub_DEL_PL,PH-B4-DELDIC-42027274,expected,OPENED,27-09-2026 00:49,Arvind Bansal (DNCR)
27-09-2026,FMPC6532711551,NehruPlaceHub_DEL_PL,Geeta Enterprises +918077015105,201b3b7e644a47c8,dispatched_to_mh,North,TRUEFLEX,798046,TRUEFLEX,VikeshKaneriya,Motherhub_DIC,FM BRSNR,NehruPlaceHub_DEL_PL,PH-B4-DELDIC-42085123,expected,OPENED,27-09-2026 00:45,Arvind Bansal (DNCR)
27-09-2026,FMPP4299743542,PaharganjHub_DEL_PL,RITUL INTERNATIONAL +918979130355,5132d77aff994513,received_at_mh,North,TRUEFLEX,591438,TRUEFLEX,RAHUL KUMARMEHTO,Motherhub_DIC,FM BRSNR,PaharganjHub_DEL_PL,PH-B1-DELDIC-42216525,expected,OPENED,27-09-2026 01:02,Arvind Bansal (DNCR)
27-09-2026,FMPP4297747062,Motavarachahub_STV_PL,DHEYLU CREATION +919737463839,1170c4e2a8b444a9,received_at_mh,West,LMA,1.00E+11,#N/A,#N/A,MotherHub_STV,FM BRSNR,Motavarachahub_STV_PL,PH-ZO-SURSUR-11208869,expected,OPENED,26-09-2026 23:28,Ashvani Bhatt
27-09-2026,FMPC6530933677,MundkaHub_DEL_PL,FASHION POINT +919711073420,72f805bfe2b54e8b,received_at_mh,North,LMA,1.00E+11,Watsoo,AmanKumar,Motherhub_DIC,FM BRSNR,MundkaHub_DEL_PL,PH-B4-DELDIC-41643432,expected,OPENED,27-09-2026 00:21,Arvind Bansal (DNCR)
27-09-2026,FMPC6533510842,NehruPlaceHub_DEL_PL,JSS KART +918929206628,8f6ed807bdcb4566,dispatched_to_mh,North,EKART,4213650,EKART,,Motherhub_DIC,FM BRSNR,NehruPlaceHub_DEL_PL,PH-B6-DELDIC-42191504,expected,OPENED,27-09-2026 01:47,Arvind Bansal (DNCR)
27-09-2026,FMPP4297607992,Motavarachahub_STV_PL,DHEYLU CREATION +919737463839,1170c4e2a8b444a9,received_at_mh,West,LMA,1.00E+11,#N/A,#N/A,MotherHub_STV,FM BRSNR,Motavarachahub_STV_PL,PH-ZO-SURSUR-11208869,expected,OPENED,26-09-2026 23:28,Ashvani Bhatt
27-09-2026,FMPP4297653054,Motavarachahub_STV_PL,DHEYLU CREATION +919737463839,1170c4e2a8b444a9,received_at_mh,West,LMA,1.00E+11,#N/A,#N/A,MotherHub_STV,FM BRSNR,Motavarachahub_STV_PL,PH-ZO-SURSUR-11208869,expected,OPENED,26-09-2026 23:28,Ashvani Bhatt
27-09-2026,FMPC6532834191,NajafgarhHub_DEL_PL,pikkme +919717531363,ac5abb1c93cd48aa,received_at_mh,North,LMA,1.00E+11,Greenteck Logistics and Mobility Pvt Ltd,Sangam SinghBhadauria,Motherhub_DIC,FM BRSNR,NajafgarhHub_DEL_PL,PH-B6-DELDIC-42172910,expected,OPENED,26-09-2026 23:55,Arvind Bansal (DNCR)
27-09-2026,FMPC6531398720,Motibaghhub_DEL_PL,ANGEL STORE +919599512026,d5096c665480414d,dispatched_to_mh,North,LMA,1.00E+11,We Innovate Business Solutions Pvt Ltd,Abhishek,Motherhub_DIC,FM BRSNR,Motibaghhub_DEL_PL,PH-B6-DELDIC-42038644,expected,OPENED,26-09-2026 22:36,Arvind Bansal (DNCR)
27-09-2026,FMPP4300053374,NehruPlaceHub_DEL_PL,Rivaan Fabrications +919211560456,4415a43df106498f,dispatched_to_mh,North,LMA,1.00E+11,Fastbeetle service,MujibAnsari,Motherhub_DIC,FM BRSNR,NehruPlaceHub_DEL_PL,PH-B1-DELDIC-42144930,expected,OPENED,27-09-2026 00:47,Arvind Bansal (DNCR)
27-09-2026,FMPP4299845582,MundkaHub_DEL_PL,PRIYANSH ENTERPRISES +919711373516,46e035b95ecb4ec1,received_at_mh,North,LMA,1.00E+11,Watsoo,AmanKumar,Motherhub_DIC,FM BRSNR,MundkaHub_DEL_PL,PH-B6-DELDIC-41643435,expected,OPENED,27-09-2026 00:19,Arvind Bansal (DNCR)
27-09-2026,FMPP4297785738,NehruPlaceHub_DEL_PL,HUNT RIGHT +919643608434,54b7533eae3a4205,dispatched_to_mh,North,LMA,1.00E+11,#N/A,#N/A,Motherhub_DIC,FM BRSNR,NehruPlaceHub_DEL_PL,PH-B4-DELDIC-42092133,expected,OPENED,27-09-2026 01:52,Arvind Bansal (DNCR)
27-09-2026,FMPC6531368372,Motibaghhub_DEL_PL,Yash Enterprises +918400978100,cfd09f72961d4c75,dispatched_to_mh,North,LMA,1.00E+11,We Innovate Business Solutions Pvt Ltd,Abhishek,Motherhub_DIC,FM BRSNR,Motibaghhub_DEL_PL,PH-B4-DELDIC-42130508,expected,OPENED,26-09-2026 22:39,Arvind Bansal (DNCR)
27-09-2026,FMPC6530858733,Motavarachahub_STV_PL,MORVINANDAN TEXTILE +919879291447,0508ddfa551347ab,dispatched_to_mh,West,LMA,1.00E+11,PRIME LOGIC,Bhushan SudhakarMagare,MotherHub_STV,FM BRSNR,Motavarachahub_STV_PL,PH-ZO-SURSUR-11199303,expected,OPENED,26-09-2026 23:50,Ashvani Bhatt
27-09-2026,FMPC6533543701,MundkaHub_DEL_PL,KARAN TRADER +918920489283,979cd16a16654b8b,dispatched_to_mh,North,LMA,1.00E+11,Watsoo,AnilKumar,Motherhub_DIC,FM BRSNR,MundkaHub_DEL_PL,PH-B6-DELDIC-41924220,expected,OPENED,26-09-2026 22:25,Arvind Bansal (DNCR)
27-09-2026,FMPC6532277891,Motavarachahub_STV_PL,FASHION VILLA +916353850573,e86a2c10b45b495d,received_at_mh,West,LMA,1.00E+11,PRIME LOGIC,Sajid Khan AarifKhan,MotherHub_STV,FM BRSNR,Motavarachahub_STV_PL,PH-B4-SURSUR-11197462,expected,OPENED,26-09-2026 23:44,Ashvani Bhatt
27-09-2026,FMPC6532006574,Motibaghhub_DEL_PL,RADHESHYAM ENTERPRISES +918376824047,f1269d8df3fc4bb5,dispatched_to_mh,North,LMA,1.00E+11,Greenteck Logistics and Mobility Pvt Ltd,Abhijeet KumarRay,Motherhub_DIC,FM BRSNR,Motibaghhub_DEL_PL,PH-B1-DELDIC-41962625,expected,OPENED,26-09-2026 20:24,Arvind Bansal (DNCR)
27-09-2026,FMPC6533151588,Motibaghhub_DEL_PL,BELLSTAR TRADING PVT LTD +918235950298,wwslzhat46bp4ru1,dispatched_to_mh,North,TRUEFLEX,725822,TRUEFLEX,ROHITGUPTA,Motherhub_DIC,FM BRSNR,Motibaghhub_DEL_PL,PH-B1-DELDIC-42123104,expected,OPENED,26-09-2026 22:32,Arvind Bansal (DNCR)
27-09-2026,FMPC6532553789,Motavarachahub_STV_PL,AAVKAR CREATION +918672809280,b3078928bf504a80,received_at_mh,West,LMA,1.00E+11,#N/A,#N/A,MotherHub_STV,FM BRSNR,Motavarachahub_STV_PL,PH-ZO-SURSUR-11209130,expected,OPENED,26-09-2026 23:35,Ashvani Bhatt
27-09-2026,FMPP4299629053,MundkaHub_DEL_PL,Rosevestla Enterprises +917827391088,2f6e99e6babe4fb3,dispatched_to_mh,North,TRUEFLEX,932381,TRUEFLEX,DildarHusain,Motherhub_DIC,FM BRSNR,MundkaHub_DEL_PL,PH-B6-DELDIC-42184532,expected,OPENED,26-09-2026 22:36,Arvind Bansal (DNCR)
27-09-2026,FMPP4300135623,SaniyaHub_STV_PL,VARNI ENTERPRISE +919638966213,596e31ecafbb49f5,received_at_mh,West,LMA,1.00E+11,#N/A,#N/A,MotherHub_STV,FM BRSNR,SaniyaHub_STV_PL,PH-ZO-SURSUR-11105585,expected,OPENED,27-09-2026 00:19,Ashvani Bhatt
27-09-2026,FMPP4299194111,PrahladPur_DEL_PL,KOTTY LIFESTYLE PVT LTD +918510022244,qsm29nukm5dhxgl9,dispatched_to_mh,North,TRUEFLEX,593501,TRUEFLEX,Manish,Motherhub_DIC,FM BRSNR,PrahladPur_DEL_PL,PH-B1-DELDIC-42181803,expected,OPENED,27-09-2026 00:59,Arvind Bansal (DNCR)
27-09-2026,FMPC6530298588,Rohinihub_DEL_PL,Damish attire +919220694002,c8a07465bfba4e7e,dispatched_to_mh,North,LMA,1.00E+11,We Innovate Business Solutions Pvt Ltd,Bharat,Motherhub_DIC,FM BRSNR,Rohinihub_DEL_PL,PH-B4-DELDIC-42149345,expected,OPENED,26-09-2026 23:56,Arvind Bansal (DNCR)
27-09-2026,FMPC6533942498,SahibabadHub_DEL_PL,D & Y Retails +919999825433,6f7628a8872c41e4,dispatched_to_mh,North,TRUEFLEX,593567,TRUEFLEX,Sheetal,Motherhub_DIC,FM BRSNR,SahibabadHub_DEL_PL,PH-B6-DELDIC-41666607,expected,OPENED,27-09-2026 01:34,Arvind Bansal (DNCR)
27-09-2026,FMPC6531970344,SaniyaHub_STV_PL,VARNI ENTERPRISE +919638966213,596e31ecafbb49f5,received_at_mh,West,LMA,1.00E+11,#N/A,#N/A,MotherHub_STV,FM BRSNR,SaniyaHub_STV_PL,PH-ZO-SURSUR-11105585,expected,OPENED,27-09-2026 00:19,Ashvani Bhatt
27-09-2026,FMPP4299271921,Ramaroadhub_DEL_PL,SARASWATI PACKERS +919811138468,c1d5ae26282f45da,received_at_mh,North,LMA,1.00E+11,WHEELEY,Tafik,Motherhub_DIC,FM BRSNR,Ramaroadhub_DEL_PL,PH-B6-DELDIC-42171626,expected,OPENED,27-09-2026 00:52,Arvind Bansal (DNCR)
27-09-2026,FMPP4301187165,SaniyaHub_STV_PL,Aaradhya Furniture +919638217386,6c3e633104b343c1,dispatched_to_mh,West,LMA,1.00E+11,#N/A,#N/A,MotherHub_STV,FM BRSNR,SaniyaHub_STV_PL,PH-ZO-SURSUR-11196383,expected,OPENED,27-09-2026 05:51,Ashvani Bhatt
27-09-2026,FMPC6531328605,PrahladPur_DEL_PL,Hritik Rajhans +919310476469,6437fd5529a54357,dispatched_to_mh,North,LMA,1.00E+11,#N/A,#N/A,Motherhub_DIC,FM BRSNR,PrahladPur_DEL_PL,PH-B6-DELDIC-42158327,expected,OPENED,27-09-2026 01:15,Arvind Bansal (DNCR)
27-09-2026,FMPP4299970558,SaniyaHub_STV_PL,VARNI ENTERPRISE +919638966213,596e31ecafbb49f5,received_at_mh,West,LMA,1.00E+11,#N/A,#N/A,MotherHub_STV,FM BRSNR,SaniyaHub_STV_PL,PH-ZO-SURSUR-11105585,expected,OPENED,27-09-2026 00:19,Ashvani Bhatt
27-09-2026,FMPC6531043565,SaniyaHub_STV_PL,BADRI FAB 7096655675,9c723cdd056f4301,dispatched_to_mh,West,LMA,1.00E+11,Princy Enterprise,BholaKumar,MotherHub_STV,FM BRSNR,SaniyaHub_STV_PL,PH-ZO-SURSUR-11116918,expected,OPENED,27-09-2026 02:24,Ashvani Bhatt
27-09-2026,FMPC6531922524,SaniyaHub_STV_PL,VARNI ENTERPRISE +919638966213,596e31ecafbb49f5,received_at_mh,West,LMA,1.00E+11,#N/A,#N/A,MotherHub_STV,FM BRSNR,SaniyaHub_STV_PL,PH-ZO-SURSUR-11105585,expected,OPENED,27-09-2026 00:19,Ashvani Bhatt
27-09-2026,FMPC6530096169,SaniyaHub_STV_PL,RUDRA ENTERPRISE +917046709780,c1d3281987f64fac,dispatched_to_mh,West,LMA,1.00E+11,#N/A,#N/A,MotherHub_STV,FM BRSNR,SaniyaHub_STV_PL,PH-B4-SURSUR-11105632,expected,OPENED,27-09-2026 00:20,Ashvani Bhatt
27-09-2026,FMPC6532884798,PrahladPur_DEL_PL,Sunshine Ecom Solutions +918851570382,2290990f7fdb4c43,dispatched_to_mh,North,LMA,1.00E+11,Fastbeetle service,SumitSharma,Motherhub_DIC,FM BRSNR,PrahladPur_DEL_PL,PH-B4-DELDIC-42202313,expected,OPENED,27-09-2026 01:08,Arvind Bansal (DNCR)
27-09-2026,FMPP4300228838,PrahladPur_DEL_PL,Gyarasi Creations +919667038952,62fff54a2d1f48cb,dispatched_to_mh,North,TRUEFLEX,593703,TRUEFLEX,ManojKumar,Motherhub_DIC,FM BRSNR,PrahladPur_DEL_PL,PH-B1-DELDIC-42185086,expected,OPENED,27-09-2026 01:07,Arvind Bansal (DNCR)
27-09-2026,FMPP4300039036,SaniyaHub_STV_PL,VARNI ENTERPRISE +919638966213,596e31ecafbb49f5,received_at_mh,West,LMA,1.00E+11,#N/A,#N/A,MotherHub_STV,FM BRSNR,SaniyaHub_STV_PL,PH-ZO-SURSUR-11105585,expected,OPENED,27-09-2026 00:19,Ashvani Bhatt
27-09-2026,FMPC6532609729,SaniyaHub_STV_PL,VARNI ENTERPRISE +919638966213,596e31ecafbb49f5,received_at_mh,West,LMA,1.00E+11,#N/A,#N/A,MotherHub_STV,FM BRSNR,SaniyaHub_STV_PL,PH-ZO-SURSUR-11105585,expected,OPENED,27-09-2026 00:19,Ashvani Bhatt
27-09-2026,FMPC6531953441,SaniyaHub_STV_PL,VARNI ENTERPRISE +919638966213,596e31ecafbb49f5,received_at_mh,West,LMA,1.00E+11,#N/A,#N/A,MotherHub_STV,FM BRSNR,SaniyaHub_STV_PL,PH-ZO-SURSUR-11105585,expected,OPENED,27-09-2026 00:19,Ashvani Bhatt
27-09-2026,FMPC6530928259,SaniyaHub_STV_PL,VARNI ENTERPRISE +919638966213,596e31ecafbb49f5,received_at_mh,West,LMA,1.00E+11,#N/A,#N/A,MotherHub_STV,FM BRSNR,SaniyaHub_STV_PL,PH-ZO-SURSUR-11105585,expected,OPENED,27-09-2026 00:19,Ashvani Bhatt
27-09-2026,FMPC6533829149,Ramaroadhub_DEL_PL,JASS VENTURES +919311204004,da7dd17f487f4602,dispatched_to_mh,North,LMA,1.00E+11,#N/A,#N/A,Motherhub_DIC,FM BRSNR,Ramaroadhub_DEL_PL,PH-B1-DELDIC-42177789,expected,OPENED,27-09-2026 00:49,Arvind Bansal (DNCR)
27-09-2026,FMPP4300208492,SaniyaHub_STV_PL,VARNI ENTERPRISE +919638966213,596e31ecafbb49f5,received_at_mh,West,LMA,1.00E+11,#N/A,#N/A,MotherHub_STV,FM BRSNR,SaniyaHub_STV_PL,PH-ZO-SURSUR-11105585,expected,OPENED,27-09-2026 00:19,Ashvani Bhatt
27-09-2026,FMPP4299068250,Pitampurahub_DEL_PL,HARMONY HOLDINGS +918287201287,2dc89b9cb3a944c5,received_at_mh,North,TRUEFLEX,593499,TRUEFLEX,VishalTyagi,Motherhub_DIC,FM BRSNR,Pitampurahub_DEL_PL,PH-B4-DELDIC-41878551,expected,OPENED,26-09-2026 22:34,Arvind Bansal (DNCR)
27-09-2026,FMPP4300834111,Rohinihub_DEL_PL,SMART24 +919999558561,c995c60aaab74814,received_at_mh,North,TRUEFLEX,590045,TRUEFLEX,Manish,Motherhub_DIC,FM BRSNR,Rohinihub_DEL_PL,PH-B6-DELDIC-42174779,expected,OPENED,26-09-2026 23:57,Arvind Bansal (DNCR)
27-09-2026,FMPC6533151394,SahibabadHub_DEL_PL,PRICERITE ENTERPRISES +919911257279,5d304fdd41dd4b47,dispatched_to_mh,North,TRUEFLEX,590054,TRUEFLEX,SunderSharma,Motherhub_DIC,FM BRSNR,SahibabadHub_DEL_PL,PH-B6-DELDIC-42077457,expected,OPENED,27-09-2026 02:14,Arvind Bansal (DNCR)
27-09-2026,FMPC6532047816,SaniyaHub_STV_PL,VARNI ENTERPRISE +919638966213,596e31ecafbb49f5,received_at_mh,West,LMA,1.00E+11,#N/A,#N/A,MotherHub_STV,FM BRSNR,SaniyaHub_STV_PL,PH-ZO-SURSUR-11105585,expected,OPENED,27-09-2026 00:19,Ashvani Bhatt
27-09-2026,FMPP4298931026,SaniyaHub_STV_PL,VARNI ENTERPRISE +919638966213,596e31ecafbb49f5,received_at_mh,West,LMA,1.00E+11,#N/A,#N/A,MotherHub_STV,FM BRSNR,SaniyaHub_STV_PL,PH-ZO-SURSUR-11105585,expected,OPENED,27-09-2026 00:19,Ashvani Bhatt
27-09-2026,FMPC6533027303,SaniyaHub_STV_PL,VARNI ENTERPRISE +919638966213,596e31ecafbb49f5,received_at_mh,West,LMA,1.00E+11,#N/A,#N/A,MotherHub_STV,FM BRSNR,SaniyaHub_STV_PL,PH-ZO-SURSUR-11105585,expected,OPENED,27-09-2026 00:19,Ashvani Bhatt
27-09-2026,FMPP4300030090,SaniyaHub_STV_PL,SHIVAY STYLE +918866677396,8df1ae1f2e0b491f,dispatched_to_mh,West,LMA,1.00E+11,#N/A,#N/A,MotherHub_STV,FM BRSNR,SaniyaHub_STV_PL,PH-B4-SURSUR-11213251,expected,OPENED,27-09-2026 02:16,Ashvani Bhatt
27-09-2026,FMPP4299909659,SaniyaHub_STV_PL,VARNI ENTERPRISE +919638966213,596e31ecafbb49f5,received_at_mh,West,LMA,1.00E+11,#N/A,#N/A,MotherHub_STV,FM BRSNR,SaniyaHub_STV_PL,PH-ZO-SURSUR-11105585,expected,OPENED,27-09-2026 00:19,Ashvani Bhatt
27-09-2026,FMPP4299199721,PrahladPur_DEL_PL,AK CREATIONS +919354785950,56d29f6237c64802,dispatched_to_mh,North,TRUEFLEX,603249,TRUEFLEX,AkshayPal,Motherhub_DIC,FM BRSNR,PrahladPur_DEL_PL,PH-B1-DELDIC-42167488,expected,OPENED,27-09-2026 01:00,Arvind Bansal (DNCR)
27-09-2026,FMPC6531172039,SaniyaHub_STV_PL,VARNI ENTERPRISE +919638966213,596e31ecafbb49f5,received_at_mh,West,LMA,1.00E+11,#N/A,#N/A,MotherHub_STV,FM BRSNR,SaniyaHub_STV_PL,PH-ZO-SURSUR-11105585,expected,OPENED,27-09-2026 00:19,Ashvani Bhatt
27-09-2026,FMPC6530477746,SaroliHub_STV_PL,PRIME ONLINE STORE INDIA +916359240277,0e6da24c2d6648a9,dispatched_to_mh,West,LMA,1.00E+11,TRANSIT KINGS SERVICES PVT. LTD.,PradeepSharma,MotherHub_STV,FM BRSNR,SaroliHub_STV_PL,PH-ZO-SURSUR-11176056,expected,OPENED,26-09-2026 21:16,Ashvani Bhatt
27-09-2026,FMPP4300135816,SaniyaHub_STV_PL,VARNI ENTERPRISE +919638966213,596e31ecafbb49f5,received_at_mh,West,LMA,1.00E+11,#N/A,#N/A,MotherHub_STV,FM BRSNR,SaniyaHub_STV_PL,PH-ZO-SURSUR-11105585,expected,OPENED,27-09-2026 00:19,Ashvani Bhatt
27-09-2026,FMPP4299744214,Pitampurahub_DEL_PL,SHREE SHYAM ENTERPRISES 7982814599,d3ab1c175a454c1b,received_at_mh,North,LMA,1.00E+11,#N/A,#N/A,Motherhub_DIC,FM BRSNR,Pitampurahub_DEL_PL,PH-B4-DELDIC-42160104,expected,OPENED,27-09-2026 00:30,Arvind Bansal (DNCR)
27-09-2026,FMPC6532668257,SaniyaHub_STV_PL,Any Fab +919510053341,7808db7a79b94fbd,received_at_mh,West,LMA,1.00E+11,#N/A,#N/A,MotherHub_STV,FM BRSNR,SaniyaHub_STV_PL,PH-ZO-SURSUR-11180679,expected,OPENED,27-09-2026 02:10,Ashvani Bhatt
27-09-2026,FMPC6530387441,SaniyaHub_STV_PL,VARNI ENTERPRISE +919638966213,596e31ecafbb49f5,received_at_mh,West,LMA,1.00E+11,#N/A,#N/A,MotherHub_STV,FM BRSNR,SaniyaHub_STV_PL,PH-ZO-SURSUR-11105585,expected,OPENED,27-09-2026 00:19,Ashvani Bhatt
27-09-2026,FMPP4299580804,SahibabadHub_DEL_PL,lp enterprise +918868811976,6bb7a40711d74cf8,received_at_mh,North,TRUEFLEX,593567,TRUEFLEX,Sheetal,Motherhub_DIC,FM BRSNR,SahibabadHub_DEL_PL,PH-B4-DELDIC-41532867,expected,OPENED,27-09-2026 01:35,Arvind Bansal (DNCR)
27-09-2026,FMPC6531814483,SaniyaHub_STV_PL,VARNI ENTERPRISE +919638966213,596e31ecafbb49f5,received_at_mh,West,LMA,1.00E+11,#N/A,#N/A,MotherHub_STV,FM BRSNR,SaniyaHub_STV_PL,PH-ZO-SURSUR-11105585,expected,OPENED,27-09-2026 00:19,Ashvani Bhatt
27-09-2026,FMPC6531928971,SaniyaHub_STV_PL,VARNI ENTERPRISE +919638966213,596e31ecafbb49f5,received_at_mh,West,LMA,1.00E+11,#N/A,#N/A,MotherHub_STV,FM BRSNR,SaniyaHub_STV_PL,PH-ZO-SURSUR-11105585,expected,OPENED,27-09-2026 00:19,Ashvani Bhatt
27-09-2026,FMPC6531878613,SaniyaHub_STV_PL,VARNI ENTERPRISE +919638966213,596e31ecafbb49f5,received_at_mh,West,LMA,1.00E+11,#N/A,#N/A,MotherHub_STV,FM BRSNR,SaniyaHub_STV_PL,PH-ZO-SURSUR-11105585,expected,OPENED,27-09-2026 00:19,Ashvani Bhatt
27-09-2026,FMPP4299453267,SaniyaHub_STV_PL,VARNI ENTERPRISE +919638966213,596e31ecafbb49f5,received_at_mh,West,LMA,1.00E+11,#N/A,#N/A,MotherHub_STV,FM BRSNR,SaniyaHub_STV_PL,PH-ZO-SURSUR-11105585,expected,OPENED,27-09-2026 00:19,Ashvani Bhatt
27-09-2026,FMPP4299310013,SaroliHub_STV_PL,Jency Creation +918490003521,17397de4b5d84d78,dispatched_to_mh,West,LMA,1.00E+11,Loadshare,Jignesh VinodSavale,MotherHub_STV,FM BRSNR,SaroliHub_STV_PL,PH-ZO-SURSUR-11122109,expected,OPENED,27-09-2026 01:10,Ashvani Bhatt
27-09-2026,FMPP4300144993,SaniyaHub_STV_PL,VARNI ENTERPRISE +919638966213,596e31ecafbb49f5,received_at_mh,West,LMA,1.00E+11,#N/A,#N/A,MotherHub_STV,FM BRSNR,SaniyaHub_STV_PL,PH-ZO-SURSUR-11105585,expected,OPENED,27-09-2026 00:19,Ashvani Bhatt
27-09-2026,FMPC6531937510,SaniyaHub_STV_PL,VARNI ENTERPRISE +919638966213,596e31ecafbb49f5,received_at_mh,West,LMA,1.00E+11,#N/A,#N/A,MotherHub_STV,FM BRSNR,SaniyaHub_STV_PL,PH-ZO-SURSUR-11105585,expected,OPENED,27-09-2026 00:19,Ashvani Bhatt
27-09-2026,FMPC6530533518,PrahladPur_DEL_PL,UMA ENTERPRISES +918800673993,fc92e7466202425c,dispatched_to_mh,North,LMA,1.00E+11,WHEELEY,SameerPatra,Motherhub_DIC,FM BRSNR,PrahladPur_DEL_PL,PH-B1-DELDIC-42045998,expected,OPENED,27-09-2026 00:55,Arvind Bansal (DNCR)
27-09-2026,FMPC6530487352,SaroliHub_STV_PL,CHOVATIYA NIRAJ SANJAYBHAI +919909110243,24f60e95af134370,dispatched_to_mh,West,LMA,1.00E+11,WERCATALYST VENTURES PVT LTD,SaiyadFarhan,MotherHub_STV,FM BRSNR,SaroliHub_STV_PL,PH-B4-SURSUR-11117655,expected,OPENED,26-09-2026 21:35,Ashvani Bhatt
27-09-2026,FMPC6531458057,SaniyaHub_STV_PL,PANAVI CREATION +919638928896,66a237d398c84a40,received_at_mh,West,LMA,1.00E+11,#N/A,#N/A,MotherHub_STV,FM BRSNR,SaniyaHub_STV_PL,PH-ZO-SURSUR-11205203,expected,OPENED,26-09-2026 23:49,Ashvani Bhatt
27-09-2026,FMPC6530647789,Pitampurahub_DEL_PL,NEXTNOW APPLIANCES PRIVATE LIMITED +918076840597,2669bdb0015b4915,dispatched_to_mh,North,TRUEFLEX,803355,TRUEFLEX,ManishKumar,Motherhub_DIC,FM BRSNR,Pitampurahub_DEL_PL,PH-B6-DELDIC-42160292,expected,OPENED,27-09-2026 00:54,Arvind Bansal (DNCR)
27-09-2026,FMPP4300388346,Ramaroadhub_DEL_PL,NANAK FOOTWEAR +919953615103,ac3a6319a59546e2,received_at_mh,North,LMA,1.00E+11,#N/A,#N/A,Motherhub_DIC,FM BRSNR,Ramaroadhub_DEL_PL,PH-B1-DELDIC-42177781,expected,OPENED,27-09-2026 00:49,Arvind Bansal (DNCR)
27-09-2026,FMPP4299746455,PrahladPur_DEL_PL,VINEE ENTERPRISES +919773668563,3bc86db308674785,dispatched_to_mh,North,LMA,1.00E+11,Fastbeetle service,HiteshKumar,Motherhub_DIC,FM BRSNR,PrahladPur_DEL_PL,PH-B6-DELDIC-40635896,expected,OPENED,27-09-2026 01:13,Arvind Bansal (DNCR)
27-09-2026,FMPC6532601536,SaniyaHub_STV_PL,YOGIDHARA CREATION 8980358768,a5286a7166df47be,dispatched_to_mh,West,LMA,1.00E+11,#N/A,#N/A,MotherHub_STV,FM BRSNR,SaniyaHub_STV_PL,PH-B4-SURSUR-11181787,expected,OPENED,27-09-2026 01:53,Ashvani Bhatt
27-09-2026,FMPP4300357337,SaniyaHub_STV_PL,DIYORA TEXTILES +917405110651,c4c59e6fb4b646af,dispatched_to_mh,West,LMA,1.00E+11,#N/A,#N/A,MotherHub_STV,FM BRSNR,SaniyaHub_STV_PL,PH-B4-SURSUR-11209549,expected,OPENED,26-09-2026 23:48,Ashvani Bhatt
27-09-2026,FMPC6532149090,SahibabadHub_DEL_PL,RUKISHI ENTERPRISES +919990637151,68a9c591322544da,dispatched_to_mh,North,LMA,1.00E+11,Vxpress,NiteshKumar,Motherhub_DIC,FM BRSNR,SahibabadHub_DEL_PL,PH-B6-DELDIC-41889448,expected,OPENED,27-09-2026 01:37,Arvind Bansal (DNCR)
27-09-2026,FMPC6531356502,SaniyaHub_STV_PL,VARNI ENTERPRISE +919638966213,596e31ecafbb49f5,received_at_mh,West,LMA,1.00E+11,#N/A,#N/A,MotherHub_STV,FM BRSNR,SaniyaHub_STV_PL,PH-ZO-SURSUR-11105585,expected,OPENED,27-09-2026 00:19,Ashvani Bhatt
27-09-2026,FMPC6530721307,Pitampurahub_DEL_PL,Shri Shivay Traders +918700954780,320501a17ae843ae,dispatched_to_mh,North,LMA,1.00E+11,#N/A,#N/A,Motherhub_DIC,FM BRSNR,Pitampurahub_DEL_PL,PH-B6-DELDIC-41879358,expected,OPENED,27-09-2026 00:38,Arvind Bansal (DNCR)
27-09-2026,FMPC6531011240,PrahladPur_DEL_PL,Gyarasi Creations +919667038952,62fff54a2d1f48cb,dispatched_to_mh,North,TRUEFLEX,593703,TRUEFLEX,ManojKumar,Motherhub_DIC,FM BRSNR,PrahladPur_DEL_PL,PH-B1-DELDIC-42185086,expected,OPENED,27-09-2026 01:07,Arvind Bansal (DNCR)
27-09-2026,FMPC6531261107,PrahladPur_DEL_PL,GYARASI CREATIONS +919315860160,99656e73b90841aa,dispatched_to_mh,North,TRUEFLEX,593703,TRUEFLEX,ManojKumar,Motherhub_DIC,FM BRSNR,PrahladPur_DEL_PL,PH-B1-DELDIC-42185086,expected,OPENED,27-09-2026 01:07,Arvind Bansal (DNCR)
27-09-2026,FMPP4299164239,PrahladPur_DEL_PL,M/S FALAK APPARELS +919818675847,13a0e7af0c8b4785,dispatched_to_mh,North,LMA,1.00E+11,WERCATALYST VENTURES PVT LTD,HarishKumar,Motherhub_DIC,FM BRSNR,PrahladPur_DEL_PL,PH-B1-DELDIC-42201175,expected,OPENED,27-09-2026 00:45,Arvind Bansal (DNCR)
27-09-2026,FMPC6530097174,PrahladPur_DEL_PL,Kiran Enterprises +917838097303,73405be884b64569,dispatched_to_mh,North,LMA,1.00E+11,WHEELEY,AnishKumar,Motherhub_DIC,FM BRSNR,PrahladPur_DEL_PL,PH-B4-DELDIC-42089567,expected,OPENED,27-09-2026 00:53,Arvind Bansal (DNCR)
27-09-2026,FMPP4300194438,PrahladPur_DEL_PL,Gyarasi Creations +919667038952,62fff54a2d1f48cb,dispatched_to_mh,North,TRUEFLEX,593703,TRUEFLEX,ManojKumar,Motherhub_DIC,FM BRSNR,PrahladPur_DEL_PL,PH-B1-DELDIC-42185086,expected,OPENED,27-09-2026 01:07,Arvind Bansal (DNCR)
27-09-2026,FMPC6532613895,PrahladPur_DEL_PL,Sunshine Ecom Solutions +918851570382,2290990f7fdb4c43,dispatched_to_mh,North,LMA,1.00E+11,Fastbeetle service,SumitSharma,Motherhub_DIC,FM BRSNR,PrahladPur_DEL_PL,PH-B6-DELDIC-42202114,expected,OPENED,27-09-2026 01:05,Arvind Bansal (DNCR)
27-09-2026,FMPP4299839791,SahibabadHub_DEL_PL,VN ENTERPRISES +919650546275,b728e79e54ec499b,dispatched_to_mh,North,EKART,2041755,EKART,,Motherhub_DIC,FM BRSNR,SahibabadHub_DEL_PL,PH-B1-DELDIC-42080679,expected,OPENED,27-09-2026 01:42,Arvind Bansal (DNCR)
27-09-2026,FMPP4301109535,Rohinihub_DEL_PL,BR Enterprises +917743875519,38fda53dc24342b7,dispatched_to_mh,North,TRUEFLEX,618668,TRUEFLEX,Naim,Motherhub_DIC,FM BRSNR,Rohinihub_DEL_PL,PH-B4-DELDIC-41493530,expected,OPENED,27-09-2026 00:11,Arvind Bansal (DNCR)
27-09-2026,FMPC6532930200,Ramaroadhub_DEL_PL,NANAK FOOTWEAR +919953615103,ac3a6319a59546e2,received_at_mh,North,LMA,1.00E+11,#N/A,#N/A,Motherhub_DIC,FM BRSNR,Ramaroadhub_DEL_PL,PH-B4-DELDIC-42177704,expected,OPENED,27-09-2026 00:49,Arvind Bansal (DNCR)
27-09-2026,FMPP4298794584,SaniyaHub_STV_PL,VARNI ENTERPRISE +919638966213,596e31ecafbb49f5,received_at_mh,West,LMA,1.00E+11,#N/A,#N/A,MotherHub_STV,FM BRSNR,SaniyaHub_STV_PL,PH-ZO-SURSUR-11105585,expected,OPENED,27-09-2026 00:19,Ashvani Bhatt
27-09-2026,FMPP4299795908,SaroliHub_STV_PL,HIPIPA HOME CARE +917990527168,1d4c4692980743ed,received_at_mh,West,LMA,1.00E+11,#N/A,#N/A,MotherHub_STV,FM BRSNR,SaroliHub_STV_PL,PH-ZO-SURBTS-25077467,expected,OPENED,27-09-2026 01:31,Ashvani Bhatt
27-09-2026,FMPP4299753671,SaniyaHub_STV_PL,VARNI ENTERPRISE +919638966213,596e31ecafbb49f5,received_at_mh,West,LMA,1.00E+11,#N/A,#N/A,MotherHub_STV,FM BRSNR,SaniyaHub_STV_PL,PH-ZO-SURSUR-11105585,expected,OPENED,27-09-2026 00:19,Ashvani Bhatt
27-09-2026,FMPC6533164733,SaniyaHub_STV_PL,MAHADEV PLASTIC +918000039100,ef046f6efa98443a,received_at_mh,West,LMA,1.00E+11,#N/A,#N/A,MotherHub_STV,FM BRSNR,SaniyaHub_STV_PL,PH-ZO-SURSUR-11181707,expected,OPENED,27-09-2026 01:55,Ashvani Bhatt
27-09-2026,FMPC6531409363,SaroliHub_STV_PL,RR ENTERPRISE +919228589367,70905062411f4c6b,dispatched_to_mh,West,LMA,1.00E+11,#N/A,#N/A,MotherHub_STV,FM BRSNR,SaroliHub_STV_PL,PH-B4-SURSUR-11175590,expected,OPENED,27-09-2026 00:41,Ashvani Bhatt
27-09-2026,FMPC6530497940,SaniyaHub_STV_PL,VARNI ENTERPRISE +919638966213,596e31ecafbb49f5,received_at_mh,West,LMA,1.00E+11,#N/A,#N/A,MotherHub_STV,FM BRSNR,SaniyaHub_STV_PL,PH-ZO-SURSUR-11105585,expected,OPENED,27-09-2026 00:19,Ashvani Bhatt
27-09-2026,FMPP4300116116,SaniyaHub_STV_PL,VARNI ENTERPRISE +919638966213,596e31ecafbb49f5,received_at_mh,West,LMA,1.00E+11,#N/A,#N/A,MotherHub_STV,FM BRSNR,SaniyaHub_STV_PL,PH-ZO-SURSUR-11105585,expected,OPENED,27-09-2026 00:19,Ashvani Bhatt
27-09-2026,FMPC6533304339,PrahladPur_DEL_PL,AKSHAT ENTERPRISES +919953275239,b43c9b7c44404eea,dispatched_to_mh,North,EKART,4367425,EKART,,Motherhub_DIC,FM BRSNR,PrahladPur_DEL_PL,PH-B4-DELDIC-42155529,expected,OPENED,27-09-2026 01:19,Arvind Bansal (DNCR)
27-09-2026,FMPC6531142072,PrahladPur_DEL_PL,BHAVANI TRADERS +919313856001,487e577b3470452d,dispatched_to_mh,North,LMA,1.00E+11,Greenteck Logistics and Mobility Pvt Ltd,MohdAtik,Motherhub_DIC,FM BRSNR,PrahladPur_DEL_PL,PH-B4-DELDIC-42158243,expected,OPENED,27-09-2026 00:43,Arvind Bansal (DNCR)
27-09-2026,FMPP4300231907,SaroliHub_STV_PL,Hari Trandz +917984056161,687dae14becb4001,dispatched_to_mh,West,LMA,1.00E+11,WERCATALYST VENTURES PVT LTD,SaiyadFarhan,MotherHub_STV,FM BRSNR,SaroliHub_STV_PL,PH-B4-SURSUR-11068827,expected,OPENED,26-09-2026 21:16,Ashvani Bhatt
27-09-2026,FMPP4299941861,Rohinihub_DEL_PL,Buybliss +918860521886,d80a7cf902484793,dispatched_to_mh,North,LMA,1.00E+11,We Innovate Business Solutions Pvt Ltd,Bharat,Motherhub_DIC,FM BRSNR,Rohinihub_DEL_PL,PH-B1-DELDIC-42148514,expected,OPENED,27-09-2026 00:16,Arvind Bansal (DNCR)
27-09-2026,FMPC6530287686,SaniyaHub_STV_PL,VARNI ENTERPRISE +919638966213,596e31ecafbb49f5,received_at_mh,West,LMA,1.00E+11,#N/A,#N/A,MotherHub_STV,FM BRSNR,SaniyaHub_STV_PL,PH-ZO-SURSUR-11105585,expected,OPENED,27-09-2026 00:19,Ashvani Bhatt
27-09-2026,FMPP4300906274,PrahladPur_DEL_PL,Gyarasi Creations +919667038952,62fff54a2d1f48cb,dispatched_to_mh,North,TRUEFLEX,593703,TRUEFLEX,ManojKumar,Motherhub_DIC,FM BRSNR,PrahladPur_DEL_PL,PH-B1-DELDIC-42185086,expected,OPENED,27-09-2026 01:07,Arvind Bansal (DNCR)
27-09-2026,FMPC6532641237,PrahladPur_DEL_PL,GYARASI CREATIONS +919315860160,99656e73b90841aa,dispatched_to_mh,North,TRUEFLEX,593703,TRUEFLEX,ManojKumar,Motherhub_DIC,FM BRSNR,PrahladPur_DEL_PL,PH-B1-DELDIC-42185086,expected,OPENED,27-09-2026 01:07,Arvind Bansal (DNCR)
27-09-2026,FMPC6533003359,Pitampurahub_DEL_PL,MZEE FASHIONS PRIVATE LIMITED +919315200296,226a00b15e11469b,received_at_mh,North,TRUEFLEX,592563,TRUEFLEX,DileepKumar,Motherhub_DIC,FM BRSNR,Pitampurahub_DEL_PL,PH-B6-DELDIC-41745097,expected,OPENED,26-09-2026 22:34,Arvind Bansal (DNCR)
27-09-2026,FMPC6531184143,Ramaroadhub_DEL_PL,Mk Traders 7042388362,ed7416a901614b82,dispatched_to_mh,North,LMA,1.00E+11,AADIYOGI LOGISTIC PRIVATE LIMITED,RajKumar,Motherhub_DIC,FM BRSNR,Ramaroadhub_DEL_PL,PH-B1-DELDIC-42182861,expected,OPENED,27-09-2026 00:53,Arvind Bansal (DNCR)
27-09-2026,FMPC6531130393,SahibabadHub_DEL_PL,M/S SHIVAM TRADERS +916397274239,aedd132d75e5458c,dispatched_to_mh,North,EKART,3846864,EKART,,Motherhub_DIC,FM BRSNR,SahibabadHub_DEL_PL,PH-B4-DELDIC-41791344,expected,OPENED,27-09-2026 01:52,Arvind Bansal (DNCR)
27-09-2026,FMPC6533509542,SaniyaHub_STV_PL,VARNI ENTERPRISE +919638966213,596e31ecafbb49f5,received_at_mh,West,LMA,1.00E+11,#N/A,#N/A,MotherHub_STV,FM BRSNR,SaniyaHub_STV_PL,PH-ZO-SURSUR-11105585,expected,OPENED,27-09-2026 00:19,Ashvani Bhatt
27-09-2026,FMPP4300069220,SahibabadHub_DEL_PL,PRO EDGE E-RETAIL +917827662727,78be50c7c5284885,dispatched_to_mh,North,LMA,1.00E+11,Greenteck Logistics and Mobility Pvt Ltd,SawanKumar,Motherhub_DIC,FM BRSNR,SahibabadHub_DEL_PL,PH-B6-DELDIC-42189487,expected,OPENED,27-09-2026 01:39,Arvind Bansal (DNCR)
27-09-2026,FMPC6531838487,SaniyaHub_STV_PL,VARNI ENTERPRISE +919638966213,596e31ecafbb49f5,received_at_mh,West,LMA,1.00E+11,#N/A,#N/A,MotherHub_STV,FM BRSNR,SaniyaHub_STV_PL,PH-ZO-SURSUR-11105585,expected,OPENED,27-09-2026 00:19,Ashvani Bhatt
27-09-2026,FMPC6533849261,PrahladPur_DEL_PL,GLOBAL eRETAIL SOLUTION +919711496497,ee8acff10c84401d,dispatched_to_mh,North,LMA,1.00E+11,Fastbeetle service,GopalKumar,Motherhub_DIC,FM BRSNR,PrahladPur_DEL_PL,PH-B1-DELDIC-42158641,expected,OPENED,27-09-2026 01:03,Arvind Bansal (DNCR)
27-09-2026,FMPC6530133408,PrahladPur_DEL_PL,A.I.R GARMENTS +919315733923,145da459fe94461f,dispatched_to_mh,North,LMA,1.00E+11,Greenteck Logistics and Mobility Pvt Ltd,MohdAtik,Motherhub_DIC,FM BRSNR,PrahladPur_DEL_PL,PH-B1-DELDIC-42158255,expected,OPENED,27-09-2026 00:54,Arvind Bansal (DNCR)
27-09-2026,FMPC6521983928,Pitampurahub_DEL_PL,PUROBIEN LIFESCIENCES PRIVATE LIMITED +919717779862,d682818ba88646fd,dispatched_to_mh,North,TRUEFLEX,593735,TRUEFLEX,RahulKumar,Motherhub_DIC,FM BRSNR,Pitampurahub_DEL_PL,PH-B1-DELDIC-42097546,expected,OPENED,26-09-2026 22:12,Arvind Bansal (DNCR)
27-09-2026,FMPP4300508128,SaroliHub_STV_PL,Speedyzone +919898816989,03168b2906f44a8e,dispatched_to_mh,West,LMA,1.00E+11,#N/A,#N/A,MotherHub_STV,FM BRSNR,SaroliHub_STV_PL,PH-ZO-SURSUR-11187999,expected,OPENED,27-09-2026 01:15,Ashvani Bhatt
27-09-2026,FMPC6533111649,SahibabadHub_DEL_PL,RS TEXTILES +919899853747,24abd0fec2274501,dispatched_to_mh,North,LMA,1.00E+11,Vxpress,AmanYadav,Motherhub_DIC,FM BRSNR,SahibabadHub_DEL_PL,PH-B1-DELDIC-42088988,expected,OPENED,27-09-2026 04:02,Arvind Bansal (DNCR)
27-09-2026,FMPC6531992566,SaroliHub_STV_PL,CHOVATIYA NIRAJ SANJAYBHAI +919909110243,24f60e95af134370,dispatched_to_mh,West,LMA,1.00E+11,WERCATALYST VENTURES PVT LTD,SaiyadFarhan,MotherHub_STV,FM BRSNR,SaroliHub_STV_PL,PH-ZO-SURSUR-11117808,expected,OPENED,26-09-2026 21:36,Ashvani Bhatt
27-09-2026,FMPP4300284620,SahibabadHub_DEL_PL,GOLA INDUSTRIES +917290099902,85b7b15972c2499c,dispatched_to_mh,North,LMA,1.00E+11,Vxpress,NiteshKumar,Motherhub_DIC,FM BRSNR,SahibabadHub_DEL_PL,PH-B4-DELDIC-41889369,expected,OPENED,27-09-2026 01:38,Arvind Bansal (DNCR)
27-09-2026,FMPC6530512836,PrahladPur_DEL_PL,palbuzz +918750153579,f6cbd84c4d434913,received_at_mh,North,LMA,1.00E+11,WHEELEY,Rohit,Motherhub_DIC,FM BRSNR,PrahladPur_DEL_PL,PH-B6-DELDIC-42045726,expected,OPENED,27-09-2026 00:41,Arvind Bansal (DNCR)
27-09-2026,FMPC6532196278,SaroliHub_STV_PL,ELIBLISS CARE +919825496505,7f3bf62e82c94591,dispatched_to_mh,West,TRUEFLEX,799343,TRUEFLEX,BharatBhimrav Bhadane,MotherHub_STV,FM BRSNR,SaroliHub_STV_PL,PH-ZO-SURSUR-11145688,expected,OPENED,26-09-2026 21:41,Ashvani Bhatt
27-09-2026,FMPC6531210387,PrahladPur_DEL_PL,R B TRADER +918920055671,52b9ecffd759465a,dispatched_to_mh,North,LMA,1.00E+11,Greenteck Logistics and Mobility Pvt Ltd,MohdAtik,Motherhub_DIC,FM BRSNR,PrahladPur_DEL_PL,PH-B4-DELDIC-42158243,expected,OPENED,27-09-2026 00:43,Arvind Bansal (DNCR)
27-09-2026,FMPP4301187170,SaniyaHub_STV_PL,Aaradhya Furniture +919638217386,6c3e633104b343c1,dispatched_to_mh,West,LMA,1.00E+11,#N/A,#N/A,MotherHub_STV,FM BRSNR,SaniyaHub_STV_PL,PH-ZO-SURSUR-11196383,expected,OPENED,27-09-2026 05:51,Ashvani Bhatt
27-09-2026,FMPC6532513933,Ramaroadhub_DEL_PL,ANAYA ENTERPRISES +919289529421,56d0c312b1c44954,dispatched_to_mh,North,LMA,1.00E+11,SUSAH SUPPLY CHAIN AND NETWORK PRIVATE LIMITED,Jeetender,Motherhub_DIC,FM BRSNR,Ramaroadhub_DEL_PL,PH-B6-DELDIC-42174300,expected,OPENED,27-09-2026 00:39,Arvind Bansal (DNCR)
27-09-2026,FMPC6530286517,Ramaroadhub_DEL_PL,Ad INFINITUM +919953267440,2515478927fc40e5,dispatched_to_mh,North,LMA,1.00E+11,We Innovate Business Solutions Pvt Ltd,Parvesh,Motherhub_DIC,FM BRSNR,Ramaroadhub_DEL_PL,PH-B6-DELDIC-42177411,expected,OPENED,26-09-2026 23:45,Arvind Bansal (DNCR)
27-09-2026,FMPC6531736939,SaniyaHub_STV_PL,VARNI ENTERPRISE +919638966213,596e31ecafbb49f5,received_at_mh,West,LMA,1.00E+11,#N/A,#N/A,MotherHub_STV,FM BRSNR,SaniyaHub_STV_PL,PH-ZO-SURSUR-11105585,expected,OPENED,27-09-2026 00:19,Ashvani Bhatt
27-09-2026,FMPP4299810766,SaniyaHub_STV_PL,MODAMINGLE FASHION PRIVATE LIMITED 9726348284,6baee85ffe1f4055,dispatched_to_mh,West,LMA,1.00E+11,#N/A,#N/A,MotherHub_STV,FM BRSNR,SaniyaHub_STV_PL,PH-ZO-SURSUR-11196429,expected,OPENED,26-09-2026 23:29,Ashvani Bhatt
27-09-2026,FMPP4299413284,PrahladPur_DEL_PL,Gyarasi Creations +919667038952,62fff54a2d1f48cb,dispatched_to_mh,North,TRUEFLEX,593703,TRUEFLEX,ManojKumar,Motherhub_DIC,FM BRSNR,PrahladPur_DEL_PL,PH-B1-DELDIC-42185086,expected,OPENED,27-09-2026 01:07,Arvind Bansal (DNCR)
27-09-2026,FMPP4300051954,SaniyaHub_STV_PL,VARNI ENTERPRISE +919638966213,596e31ecafbb49f5,received_at_mh,West,LMA,1.00E+11,#N/A,#N/A,MotherHub_STV,FM BRSNR,SaniyaHub_STV_PL,PH-ZO-SURSUR-11105585,expected,OPENED,27-09-2026 00:19,Ashvani Bhatt
27-09-2026,FMPC6531627461,SaniyaHub_STV_PL,VARNI ENTERPRISE +919638966213,596e31ecafbb49f5,received_at_mh,West,LMA,1.00E+11,#N/A,#N/A,MotherHub_STV,FM BRSNR,SaniyaHub_STV_PL,PH-ZO-SURSUR-11105585,expected,OPENED,27-09-2026 00:19,Ashvani Bhatt
27-09-2026,FMPC6531753428,SaniyaHub_STV_PL,VARNI ENTERPRISE +919638966213,596e31ecafbb49f5,received_at_mh,West,LMA,1.00E+11,#N/A,#N/A,MotherHub_STV,FM BRSNR,SaniyaHub_STV_PL,PH-ZO-SURSUR-11105585,expected,OPENED,27-09-2026 00:19,Ashvani Bhatt
27-09-2026,FMPC6531722020,SaniyaHub_STV_PL,VARNI ENTERPRISE +919638966213,596e31ecafbb49f5,received_at_mh,West,LMA,1.00E+11,#N/A,#N/A,MotherHub_STV,FM BRSNR,SaniyaHub_STV_PL,PH-ZO-SURSUR-11105585,expected,OPENED,27-09-2026 00:19,Ashvani Bhatt
27-09-2026,FMPP4300551740,Rohinihub_DEL_PL,BR Enterprises +917743875519,38fda53dc24342b7,dispatched_to_mh,North,TRUEFLEX,618668,TRUEFLEX,Naim,Motherhub_DIC,FM BRSNR,Rohinihub_DEL_PL,PH-B1-DELDIC-41201324,expected,OPENED,27-09-2026 00:11,Arvind Bansal (DNCR)
27-09-2026,FMPP4299952137,SaniyaHub_STV_PL,VARNI ENTERPRISE +919638966213,596e31ecafbb49f5,received_at_mh,West,LMA,1.00E+11,#N/A,#N/A,MotherHub_STV,FM BRSNR,SaniyaHub_STV_PL,PH-ZO-SURSUR-11105585,expected,OPENED,27-09-2026 00:19,Ashvani Bhatt
27-09-2026,FMPC6533164748,SaniyaHub_STV_PL,MAHADEV PLASTIC +918000039100,ef046f6efa98443a,received_at_mh,West,LMA,1.00E+11,#N/A,#N/A,MotherHub_STV,FM BRSNR,SaniyaHub_STV_PL,PH-B4-SURSUR-11181791,expected,OPENED,27-09-2026 01:59,Ashvani Bhatt
27-09-2026,FMPP4300589139,SahibabadHub_DEL_PL,Prime Picks +919286015052,06e15457179a4873,dispatched_to_mh,North,TRUEFLEX,590054,TRUEFLEX,SunderSharma,Motherhub_DIC,FM BRSNR,SahibabadHub_DEL_PL,PH-B4-DELDIC-41562095,expected,OPENED,27-09-2026 01:47,Arvind Bansal (DNCR)
27-09-2026,FMPP4301105472,PrahladPur_DEL_PL,Gyarasi Creations +919667038952,62fff54a2d1f48cb,dispatched_to_mh,North,TRUEFLEX,593703,TRUEFLEX,ManojKumar,Motherhub_DIC,FM BRSNR,PrahladPur_DEL_PL,PH-B1-DELDIC-42185086,expected,OPENED,27-09-2026 01:07,Arvind Bansal (DNCR)
27-09-2026,FMPC6532002166,SaniyaHub_STV_PL,VARNI ENTERPRISE +919638966213,596e31ecafbb49f5,received_at_mh,West,LMA,1.00E+11,#N/A,#N/A,MotherHub_STV,FM BRSNR,SaniyaHub_STV_PL,PH-ZO-SURSUR-11105585,expected,OPENED,27-09-2026 00:19,Ashvani Bhatt
27-09-2026,FMPP4300628047,SaroliHub_STV_PL,VINTAGE VOGUE +916356708771,980c64e95d454d60,dispatched_to_mh,West,LMA,1.00E+11,WERCATALYST VENTURES PVT LTD,Vishal MarajiBhalerav,MotherHub_STV,FM BRSNR,SaroliHub_STV_PL,PH-ZO-SURSUR-11188168,expected,OPENED,26-09-2026 21:21,Ashvani Bhatt
27-09-2026,FMPC6530391196,SahibabadHub_DEL_PL,Raavsun Enterprises +918826787176,2bcf90e2e1524be8,dispatched_to_mh,North,TRUEFLEX,593567,TRUEFLEX,Sheetal,Motherhub_DIC,FM BRSNR,SahibabadHub_DEL_PL,PH-B1-DELDIC-41154904,expected,OPENED,27-09-2026 01:35,Arvind Bansal (DNCR)
27-09-2026,FMPC6533603997,SaniyaHub_STV_PL,MODAMINGLE FASHION PRIVATE LIMITED 9726348284,6baee85ffe1f4055,dispatched_to_mh,West,LMA,1.00E+11,#N/A,#N/A,MotherHub_STV,FM BRSNR,SaniyaHub_STV_PL,PH-B4-SURSUR-11129223,expected,OPENED,26-09-2026 23:31,Ashvani Bhatt
27-09-2026,FMPC6524962847,Rohinihub_DEL_PL,SHIKHA FOOTWEAR +919911275365,efca236e25494a2b,dispatched_to_mh,North,LMA,1.00E+11,#N/A,#N/A,Motherhub_DIC,FM BRSNR,Rohinihub_DEL_PL,PH-B6-DELDIC-42212457,expected,OPENED,27-09-2026 00:03,Arvind Bansal (DNCR)
27-09-2026,FMPP4299231850,SaniyaHub_STV_PL,VARNI ENTERPRISE +919638966213,596e31ecafbb49f5,received_at_mh,West,LMA,1.00E+11,#N/A,#N/A,MotherHub_STV,FM BRSNR,SaniyaHub_STV_PL,PH-ZO-SURSUR-11105585,expected,OPENED,27-09-2026 00:19,Ashvani Bhatt
27-09-2026,FMPP4300621201,SaniyaHub_STV_PL,MODAMINGLE FASHION PRIVATE LIMITED 9726348284,6baee85ffe1f4055,dispatched_to_mh,West,LMA,1.00E+11,#N/A,#N/A,MotherHub_STV,FM BRSNR,SaniyaHub_STV_PL,PH-ZO-SURSUR-11196429,expected,OPENED,26-09-2026 23:29,Ashvani Bhatt
27-09-2026,FMPC6530025274,SaniyaHub_STV_PL,VARNI ENTERPRISE +919638966213,596e31ecafbb49f5,received_at_mh,West,LMA,1.00E+11,#N/A,#N/A,MotherHub_STV,FM BRSNR,SaniyaHub_STV_PL,PH-ZO-SURSUR-11105585,expected,OPENED,27-09-2026 00:19,Ashvani Bhatt
27-09-2026,FMPC6531973855,SaniyaHub_STV_PL,VARNI ENTERPRISE +919638966213,596e31ecafbb49f5,received_at_mh,West,LMA,1.00E+11,#N/A,#N/A,MotherHub_STV,FM BRSNR,SaniyaHub_STV_PL,PH-ZO-SURSUR-11105585,expected,OPENED,27-09-2026 00:19,Ashvani Bhatt
27-09-2026,FMPP4298860257,PrahladPur_DEL_PL,Gyarasi Creations +919667038952,62fff54a2d1f48cb,dispatched_to_mh,North,TRUEFLEX,593703,TRUEFLEX,ManojKumar,Motherhub_DIC,FM BRSNR,PrahladPur_DEL_PL,PH-B1-DELDIC-42185086,expected,OPENED,27-09-2026 01:07,Arvind Bansal (DNCR)
27-09-2026,FMPP4301381149,Pitampurahub_DEL_PL,REPOSE +919999480999,d77cf906af3d4143,dispatched_to_mh,North,TRUEFLEX,838233,TRUEFLEX,SanjayShah,Motherhub_DIC,FM BRSNR,Pitampurahub_DEL_PL,PH-B6-DELDIC-42109259,expected,OPENED,26-09-2026 22:22,Arvind Bansal (DNCR)
27-09-2026,FMPC6533770269,SahibabadHub_DEL_PL,ISK ENTERPRISES +919717555629,d9795051b98d40ec,dispatched_to_mh,North,EKART,2041755,EKART,,Motherhub_DIC,FM BRSNR,SahibabadHub_DEL_PL,PH-B6-DELDIC-42080405,expected,OPENED,27-09-2026 01:44,Arvind Bansal (DNCR)
27-09-2026,FMPP4298891005,SaniyaHub_STV_PL,VARNI ENTERPRISE +919638966213,596e31ecafbb49f5,received_at_mh,West,LMA,1.00E+11,#N/A,#N/A,MotherHub_STV,FM BRSNR,SaniyaHub_STV_PL,PH-ZO-SURSUR-11105585,expected,OPENED,27-09-2026 00:19,Ashvani Bhatt
27-09-2026,FMPC6530634864,SaniyaHub_STV_PL,VARNI ENTERPRISE +919638966213,596e31ecafbb49f5,received_at_mh,West,LMA,1.00E+11,#N/A,#N/A,MotherHub_STV,FM BRSNR,SaniyaHub_STV_PL,PH-ZO-SURSUR-11105585,expected,OPENED,27-09-2026 00:19,Ashvani Bhatt
27-09-2026,FMPC6530675511,SaniyaHub_STV_PL,VARNI ENTERPRISE +919638966213,596e31ecafbb49f5,received_at_mh,West,LMA,1.00E+11,#N/A,#N/A,MotherHub_STV,FM BRSNR,SaniyaHub_STV_PL,PH-ZO-SURSUR-11105585,expected,OPENED,27-09-2026 00:19,Ashvani Bhatt
27-09-2026,FMPC6530567835,SaniyaHub_STV_PL,VARNI ENTERPRISE +919638966213,596e31ecafbb49f5,received_at_mh,West,LMA,1.00E+11,#N/A,#N/A,MotherHub_STV,FM BRSNR,SaniyaHub_STV_PL,PH-ZO-SURSUR-11105585,expected,OPENED,27-09-2026 00:19,Ashvani Bhatt
27-09-2026,FMPP4299279404,SaroliHub_STV_PL,RELDOR +917203994294,ee2e237a31e84c53,received_at_mh,West,LMA,1.00E+11,#N/A,#N/A,MotherHub_STV,FM BRSNR,SaroliHub_STV_PL,PH-ZO-SURBTS-25077467,expected,OPENED,27-09-2026 01:31,Ashvani Bhatt
27-09-2026,FMPP4299758694,PrahladPur_DEL_PL,RIDDHI FASHION +918287921717,56194f528e77449a,received_at_mh,North,LMA,1.00E+11,Fastbeetle service,SumitSharma,Motherhub_DIC,FM BRSNR,PrahladPur_DEL_PL,PH-B4-DELDIC-42202313,expected,OPENED,27-09-2026 01:08,Arvind Bansal (DNCR)
27-09-2026,FMPC6532083257,SaniyaHub_STV_PL,VARNI ENTERPRISE +919638966213,596e31ecafbb49f5,received_at_mh,West,LMA,1.00E+11,#N/A,#N/A,MotherHub_STV,FM BRSNR,SaniyaHub_STV_PL,PH-ZO-SURSUR-11105585,expected,OPENED,27-09-2026 00:19,Ashvani Bhatt
27-09-2026,FMPC6531659539,SaniyaHub_STV_PL,VARNI ENTERPRISE +919638966213,596e31ecafbb49f5,received_at_mh,West,LMA,1.00E+11,#N/A,#N/A,MotherHub_STV,FM BRSNR,SaniyaHub_STV_PL,PH-ZO-SURSUR-11105585,expected,OPENED,27-09-2026 00:19,Ashvani Bhatt
27-09-2026,FMPC6530619768,PrahladPur_DEL_PL,MED CLOTHING +919958257504,184b4a200e7546f3,dispatched_to_mh,North,LMA,1.00E+11,Greenteck Logistics and Mobility Pvt Ltd,DevaSharma,Motherhub_DIC,FM BRSNR,PrahladPur_DEL_PL,PH-B4-DELDIC-42203343,expected,OPENED,27-09-2026 00:52,Arvind Bansal (DNCR)
27-09-2026,FMPC6532133695,SaniyaHub_STV_PL,VARNI ENTERPRISE +919638966213,596e31ecafbb49f5,received_at_mh,West,LMA,1.00E+11,#N/A,#N/A,MotherHub_STV,FM BRSNR,SaniyaHub_STV_PL,PH-ZO-SURSUR-11105585,expected,OPENED,27-09-2026 00:19,Ashvani Bhatt
27-09-2026,FMPC6531288688,SaniyaHub_STV_PL,VARNI ENTERPRISE +919638966213,596e31ecafbb49f5,received_at_mh,West,LMA,1.00E+11,#N/A,#N/A,MotherHub_STV,FM BRSNR,SaniyaHub_STV_PL,PH-ZO-SURSUR-11105585,expected,OPENED,27-09-2026 00:19,Ashvani Bhatt
27-09-2026,FMPC6532004032,SaniyaHub_STV_PL,VARNI ENTERPRISE +919638966213,596e31ecafbb49f5,received_at_mh,West,LMA,1.00E+11,#N/A,#N/A,MotherHub_STV,FM BRSNR,SaniyaHub_STV_PL,PH-ZO-SURSUR-11105585,expected,OPENED,27-09-2026 00:19,Ashvani Bhatt
27-09-2026,FMPC6530938754,Pitampurahub_DEL_PL,OM PAPER PRODUCT +918459377071,76d9e102dd6f446d,dispatched_to_mh,North,LMA,1.00E+11,#N/A,#N/A,Motherhub_DIC,FM BRSNR,Pitampurahub_DEL_PL,PH-B1-DELDIC-39322010,expected,OPENED,26-09-2026 22:21,Arvind Bansal (DNCR)
27-09-2026,FMPC6530361111,SaroliHub_STV_PL,VARNI LIFECHEM +918866450095,565949460d4d4b01,received_at_mh,West,LMA,1.00E+11,Shree Hari Logistics,Bhagvan Patil,MotherHub_STV,FM BRSNR,SaroliHub_STV_PL,PH-B4-SURSUR-7146188,expected,OPENED,26-09-2026 23:01,Ashvani Bhatt
27-09-2026,FMPP4299419899,SahibabadHub_DEL_PL,S. M. Traders +919810155314,cf4569e9716f47c3,dispatched_to_mh,North,TRUEFLEX,861328,TRUEFLEX,KaranKumar,Motherhub_DIC,FM BRSNR,SahibabadHub_DEL_PL,PH-B6-DELDIC-42015326,expected,OPENED,27-09-2026 01:55,Arvind Bansal (DNCR)
27-09-2026,FMPP4301155008,SaniyaHub_STV_PL,VARNI ENTERPRISE +919638966213,596e31ecafbb49f5,received_at_mh,West,LMA,1.00E+11,#N/A,#N/A,MotherHub_STV,FM BRSNR,SaniyaHub_STV_PL,PH-ZO-SURSUR-11105585,expected,OPENED,27-09-2026 00:19,Ashvani Bhatt
27-09-2026,FMPC6532704372,SaniyaHub_STV_PL,VARNI ENTERPRISE +919638966213,596e31ecafbb49f5,received_at_mh,West,LMA,1.00E+11,#N/A,#N/A,MotherHub_STV,FM BRSNR,SaniyaHub_STV_PL,PH-ZO-SURSUR-11105585,expected,OPENED,27-09-2026 00:19,Ashvani Bhatt
27-09-2026,FMPC6532010516,SaniyaHub_STV_PL,VARNI ENTERPRISE +919638966213,596e31ecafbb49f5,received_at_mh,West,LMA,1.00E+11,#N/A,#N/A,MotherHub_STV,FM BRSNR,SaniyaHub_STV_PL,PH-ZO-SURSUR-11105585,expected,OPENED,27-09-2026 00:19,Ashvani Bhatt
27-09-2026,FMPC6530476375,SaniyaHub_STV_PL,SHOPIVATE STORE +917383242496,317574e197a848d7,received_at_mh,West,LMA,1.00E+11,#N/A,#N/A,MotherHub_STV,FM BRSNR,SaniyaHub_STV_PL,PH-ZO-SURSUR-11143628,expected,OPENED,27-09-2026 00:19,Ashvani Bhatt
27-09-2026,FMPP4300822625,PrahladPur_DEL_PL,RITI +919718775061,f6acd1faf62344dc,received_at_mh,North,LMA,1.00E+11,WHEELEY,AnishKumar,Motherhub_DIC,FM BRSNR,PrahladPur_DEL_PL,PH-B6-DELDIC-42089592,expected,OPENED,27-09-2026 00:51,Arvind Bansal (DNCR)
27-09-2026,FMPC6530962260,PrahladPur_DEL_PL,UMA ENTERPRISES +918800673993,fc92e7466202425c,dispatched_to_mh,North,LMA,1.00E+11,WHEELEY,SameerPatra,Motherhub_DIC,FM BRSNR,PrahladPur_DEL_PL,PH-B1-DELDIC-42045998,expected,OPENED,27-09-2026 00:55,Arvind Bansal (DNCR)
27-09-2026,FMPC6532157686,SaniyaHub_STV_PL,VARNI ENTERPRISE +919638966213,596e31ecafbb49f5,received_at_mh,West,LMA,1.00E+11,#N/A,#N/A,MotherHub_STV,FM BRSNR,SaniyaHub_STV_PL,PH-ZO-SURSUR-11105585,expected,OPENED,27-09-2026 00:19,Ashvani Bhatt
27-09-2026,FMPC6531863893,SaniyaHub_STV_PL,VARNI ENTERPRISE +919638966213,596e31ecafbb49f5,received_at_mh,West,LMA,1.00E+11,#N/A,#N/A,MotherHub_STV,FM BRSNR,SaniyaHub_STV_PL,PH-ZO-SURSUR-11105585,expected,OPENED,27-09-2026 00:19,Ashvani Bhatt
27-09-2026,FMPC6532210296,SaroliHub_STV_PL,MAHADEV LACE +916359631452,99785d90d6804252,dispatched_to_mh,West,LMA,1.00E+11,#N/A,#N/A,MotherHub_STV,FM BRSNR,SaroliHub_STV_PL,PH-B4-SURSUR-11049649,expected,OPENED,26-09-2026 21:40,Ashvani Bhatt
27-09-2026,FMPC6530900336,SahibabadHub_DEL_PL,Royality Industries +918826023067,b33bfd855cac400d,dispatched_to_mh,North,LMA,1.00E+11,Vxpress,NiteshKumar,Motherhub_DIC,FM BRSNR,SahibabadHub_DEL_PL,PH-B6-DELDIC-41889448,expected,OPENED,27-09-2026 01:37,Arvind Bansal (DNCR)
27-09-2026,FMPP4299863281,SaniyaHub_STV_PL,VARNI ENTERPRISE +919638966213,596e31ecafbb49f5,received_at_mh,West,LMA,1.00E+11,#N/A,#N/A,MotherHub_STV,FM BRSNR,SaniyaHub_STV_PL,PH-ZO-SURSUR-11105585,expected,OPENED,27-09-2026 00:19,Ashvani Bhatt
27-09-2026,FMPC6533210367,PrahladPur_DEL_PL,Gyarasi Creations +919667038952,62fff54a2d1f48cb,dispatched_to_mh,North,TRUEFLEX,593703,TRUEFLEX,ManojKumar,Motherhub_DIC,FM BRSNR,PrahladPur_DEL_PL,PH-B1-DELDIC-42185086,expected,OPENED,27-09-2026 01:07,Arvind Bansal (DNCR)
27-09-2026,FMPC6530399221,SaniyaHub_STV_PL,VARNI ENTERPRISE +919638966213,596e31ecafbb49f5,received_at_mh,West,LMA,1.00E+11,#N/A,#N/A,MotherHub_STV,FM BRSNR,SaniyaHub_STV_PL,PH-ZO-SURSUR-11105585,expected,OPENED,27-09-2026 00:19,Ashvani Bhatt
27-09-2026,FMPP4300054524,PrahladPur_DEL_PL,Gyarasi Creations +919667038952,62fff54a2d1f48cb,dispatched_to_mh,North,TRUEFLEX,593703,TRUEFLEX,ManojKumar,Motherhub_DIC,FM BRSNR,PrahladPur_DEL_PL,PH-B1-DELDIC-42185086,expected,OPENED,27-09-2026 01:07,Arvind Bansal (DNCR)
27-09-2026,FMPP4300020398,SaniyaHub_STV_PL,VARNI ENTERPRISE +919638966213,596e31ecafbb49f5,received_at_mh,West,LMA,1.00E+11,#N/A,#N/A,MotherHub_STV,FM BRSNR,SaniyaHub_STV_PL,PH-ZO-SURSUR-11105585,expected,OPENED,27-09-2026 00:19,Ashvani Bhatt
27-09-2026,FMPC6533509544,SaniyaHub_STV_PL,VARNI ENTERPRISE +919638966213,596e31ecafbb49f5,received_at_mh,West,LMA,1.00E+11,#N/A,#N/A,MotherHub_STV,FM BRSNR,SaniyaHub_STV_PL,PH-ZO-SURSUR-11105585,expected,OPENED,27-09-2026 00:19,Ashvani Bhatt
27-09-2026,FMPC6531941450,SaniyaHub_STV_PL,VARNI ENTERPRISE +919638966213,596e31ecafbb49f5,received_at_mh,West,LMA,1.00E+11,#N/A,#N/A,MotherHub_STV,FM BRSNR,SaniyaHub_STV_PL,PH-ZO-SURSUR-11105585,expected,OPENED,27-09-2026 00:19,Ashvani Bhatt
27-09-2026,FMPC6530319817,PrahladPur_DEL_PL,KOTTY LIFESTYLE PVT LTD +918510022244,qsm29nukm5dhxgl9,dispatched_to_mh,North,TRUEFLEX,593501,TRUEFLEX,Manish,Motherhub_DIC,FM BRSNR,PrahladPur_DEL_PL,PH-B1-DELDIC-42181746,expected,OPENED,27-09-2026 01:12,Arvind Bansal (DNCR)
27-09-2026,FMPC6530282154,SaniyaHub_STV_PL,CREATIVE GROUP +918758188831,fa76f16df8ab4007,dispatched_to_mh,West,LMA,1.00E+11,#N/A,#N/A,MotherHub_STV,FM BRSNR,SaniyaHub_STV_PL,PH-ZO-SURSUR-11181699,expected,OPENED,27-09-2026 02:00,Ashvani Bhatt
27-09-2026,FMPP4299746102,Ramaroadhub_DEL_PL,We Next OverSeas +919217110048,95477923d8e84ac7,dispatched_to_mh,North,LMA,1.00E+11,AADIYOGI LOGISTIC PRIVATE LIMITED,Prince KumarRam,Motherhub_DIC,FM BRSNR,Ramaroadhub_DEL_PL,PH-B6-DELDIC-41921357,expected,OPENED,27-09-2026 00:51,Arvind Bansal (DNCR)
27-09-2026,FMPP4300916265,SaniyaHub_STV_PL,MAHADEV PLASTIC +918000039100,ef046f6efa98443a,received_at_mh,West,LMA,1.00E+11,#N/A,#N/A,MotherHub_STV,FM BRSNR,SaniyaHub_STV_PL,PH-B4-SURSUR-11181791,expected,OPENED,27-09-2026 01:59,Ashvani Bhatt
27-09-2026,FMPC6533057608,PrahladPur_DEL_PL,Kamakhya Traders +918810409237,9a2c0e065c8d46c6,dispatched_to_mh,North,LMA,1.00E+11,Fastbeetle service,Basim,Motherhub_DIC,FM BRSNR,PrahladPur_DEL_PL,PH-B6-DELDIC-42104866,expected,OPENED,27-09-2026 01:15,Arvind Bansal (DNCR)
27-09-2026,FMPC6530558642,SaroliHub_STV_PL,RELDOR +917203994294,ee2e237a31e84c53,received_at_mh,West,LMA,1.00E+11,#N/A,#N/A,MotherHub_STV,FM BRSNR,SaroliHub_STV_PL,PH-ZO-SURBTS-25077467,expected,OPENED,27-09-2026 01:31,Ashvani Bhatt
27-09-2026,FMPC6531865150,SaniyaHub_STV_PL,VARNI ENTERPRISE +919638966213,596e31ecafbb49f5,received_at_mh,West,LMA,1.00E+11,#N/A,#N/A,MotherHub_STV,FM BRSNR,SaniyaHub_STV_PL,PH-ZO-SURSUR-11105585,expected,OPENED,27-09-2026 00:19,Ashvani Bhatt
27-09-2026,FMPC6531752147,SaniyaHub_STV_PL,VARNI ENTERPRISE +919638966213,596e31ecafbb49f5,received_at_mh,West,LMA,1.00E+11,#N/A,#N/A,MotherHub_STV,FM BRSNR,SaniyaHub_STV_PL,PH-ZO-SURSUR-11105585,expected,OPENED,27-09-2026 00:19,Ashvani Bhatt
27-09-2026,FMPC6531138637,SaniyaHub_STV_PL,VARNI ENTERPRISE +919638966213,596e31ecafbb49f5,received_at_mh,West,LMA,1.00E+11,#N/A,#N/A,MotherHub_STV,FM BRSNR,SaniyaHub_STV_PL,PH-ZO-SURSUR-11105585,expected,OPENED,27-09-2026 00:19,Ashvani Bhatt
27-09-2026,FMPC6531849075,SaniyaHub_STV_PL,VARNI ENTERPRISE +919638966213,596e31ecafbb49f5,received_at_mh,West,LMA,1.00E+11,#N/A,#N/A,MotherHub_STV,FM BRSNR,SaniyaHub_STV_PL,PH-ZO-SURSUR-11105585,expected,OPENED,27-09-2026 00:19,Ashvani Bhatt
27-09-2026,FMPP4300077228,Pitampurahub_DEL_PL,Himanshi Enterprises +919310445884,02fd1d7104e64024,dispatched_to_mh,North,LMA,1.00E+11,#N/A,#N/A,Motherhub_DIC,FM BRSNR,Pitampurahub_DEL_PL,PH-B4-DELDIC-41670762,expected,OPENED,27-09-2026 00:40,Arvind Bansal (DNCR)
27-09-2026,FMPC6531749351,SaniyaHub_STV_PL,VARNI ENTERPRISE +919638966213,596e31ecafbb49f5,received_at_mh,West,LMA,1.00E+11,#N/A,#N/A,MotherHub_STV,FM BRSNR,SaniyaHub_STV_PL,PH-ZO-SURSUR-11105585,expected,OPENED,27-09-2026 00:19,Ashvani Bhatt
27-09-2026,FMPC6528262657,PrahladPur_DEL_PL,SP Electron +918800677175,1bf76cb3ecd848d2,dispatched_to_mh,North,LMA,1.00E+11,#N/A,#N/A,Motherhub_DIC,FM BRSNR,PrahladPur_DEL_PL,PH-B6-DELDIC-41776493,expected,OPENED,27-09-2026 00:58,Arvind Bansal (DNCR)
27-09-2026,FMPC6526660807,SaroliHub_STV_PL,StepAura +918758469056,fb2af5354e5c465d,dispatched_to_mh,West,EKART,4383407,EKART,,MotherHub_STV,FM BRSNR,SaroliHub_STV_PL,PH-ZO-SURSUR-11208994,expected,OPENED,26-09-2026 21:38,Ashvani Bhatt
27-09-2026,FMPC6525627083,Pitampurahub_DEL_PL,OM PAPER PRODUCT +918459377071,76d9e102dd6f446d,dispatched_to_mh,North,LMA,1.00E+11,#N/A,#N/A,Motherhub_DIC,FM BRSNR,Pitampurahub_DEL_PL,PH-B4-DELDIC-37684510,expected,OPENED,26-09-2026 22:23,Arvind Bansal (DNCR)
27-09-2026,FMPP4295706114,PrahladPur_DEL_PL,PINAKO FASHION +919911345666,a335424336b04951,dispatched_to_mh,North,LMA,1.00E+11,#N/A,#N/A,Motherhub_DIC,FM BRSNR,PrahladPur_DEL_PL,PH-B6-DELDIC-41776511,expected,OPENED,27-09-2026 00:56,Arvind Bansal (DNCR)
27-09-2026,FMPC6530483198,PrahladPur_DEL_PL,Gyarasi Creations +919667038952,62fff54a2d1f48cb,dispatched_to_mh,North,TRUEFLEX,593703,TRUEFLEX,ManojKumar,Motherhub_DIC,FM BRSNR,PrahladPur_DEL_PL,PH-B1-DELDIC-42185086,expected,OPENED,27-09-2026 01:07,Arvind Bansal (DNCR)
27-09-2026,FMPC6532049841,SaniyaHub_STV_PL,VARNI ENTERPRISE +919638966213,596e31ecafbb49f5,received_at_mh,West,LMA,1.00E+11,#N/A,#N/A,MotherHub_STV,FM BRSNR,SaniyaHub_STV_PL,PH-B4-SURSUR-11105632,expected,OPENED,27-09-2026 00:20,Ashvani Bhatt
27-09-2026,FMPC6530558699,SaroliHub_STV_PL,RELDOR +917203994294,ee2e237a31e84c53,received_at_mh,West,LMA,1.00E+11,#N/A,#N/A,MotherHub_STV,FM BRSNR,SaroliHub_STV_PL,PH-ZO-SURBTS-25077467,expected,OPENED,27-09-2026 01:31,Ashvani Bhatt
27-09-2026,FMPC6533420619,SahibabadHub_DEL_PL,bhootia.in +918506883624,c603c49f5c6a4025,dispatched_to_mh,North,TRUEFLEX,644226,TRUEFLEX,SanjeetKumar,Motherhub_DIC,FM BRSNR,SahibabadHub_DEL_PL,PH-B4-DELDIC-42196959,expected,OPENED,27-09-2026 01:41,Arvind Bansal (DNCR)
27-09-2026,FMPC6531933300,SaniyaHub_STV_PL,VARNI ENTERPRISE +919638966213,596e31ecafbb49f5,received_at_mh,West,LMA,1.00E+11,#N/A,#N/A,MotherHub_STV,FM BRSNR,SaniyaHub_STV_PL,PH-ZO-SURSUR-11105585,expected,OPENED,27-09-2026 00:19,Ashvani Bhatt
27-09-2026,FMPC6531848169,PrahladPur_DEL_PL,GYARASI CREATIONS +919315860160,99656e73b90841aa,dispatched_to_mh,North,TRUEFLEX,593703,TRUEFLEX,ManojKumar,Motherhub_DIC,FM BRSNR,PrahladPur_DEL_PL,PH-B1-DELDIC-42185086,expected,OPENED,27-09-2026 01:07,Arvind Bansal (DNCR)
27-09-2026,FMPC6524708933,SaroliHub_STV_PL,LD CREATION +919979138797,80b776df855d4ad1,dispatched_to_mh,West,LMA,1.00E+11,WERCATALYST VENTURES PVT LTD,ReeteshSingh,MotherHub_STV,FM BRSNR,SaroliHub_STV_PL,PH-ZO-SURSUR-11196783,expected,OPENED,26-09-2026 21:19,Ashvani Bhatt
27-09-2026,FMPC6533509511,SaniyaHub_STV_PL,VARNI ENTERPRISE +919638966213,596e31ecafbb49f5,received_at_mh,West,LMA,1.00E+11,#N/A,#N/A,MotherHub_STV,FM BRSNR,SaniyaHub_STV_PL,PH-ZO-SURSUR-11105585,expected,OPENED,27-09-2026 00:19,Ashvani Bhatt
27-09-2026,FMPP4299332848,Pitampurahub_DEL_PL,WolkomHome +919999815255,9820b1e5b628409a,dispatched_to_mh,North,LMA,1.00E+11,WHEELEY,Faizal,Motherhub_DIC,FM BRSNR,Pitampurahub_DEL_PL,PH-B6-DELDIC-41753803,expected,OPENED,26-09-2026 21:59,Arvind Bansal (DNCR)
27-09-2026,FMPC6532093989,SaniyaHub_STV_PL,VARNI ENTERPRISE +919638966213,596e31ecafbb49f5,received_at_mh,West,LMA,1.00E+11,#N/A,#N/A,MotherHub_STV,FM BRSNR,SaniyaHub_STV_PL,PH-ZO-SURSUR-11105585,expected,OPENED,27-09-2026 00:19,Ashvani Bhatt
27-09-2026,FMPC6530393751,SuratHub_STV_PL,SHREESHA NX +917861004739,dcd440d204eb4a7a,dispatched_to_mh,West,LMA,1.00E+11,Loadshare,Mali ManojBhimrao,MotherHub_STV,FM BRSNR,SuratHub_STV_PL,PH-ZO-SUSRT-95886789,expected,OPENED,27-09-2026 02:52,Ashvani Bhatt
27-09-2026,FMPC6531958609,StationTempHub_STV_PL,FASHION HYPE +919099003120,116bc486feaf436c,dispatched_to_mh,West,LMA,1.00E+11,Greenteck Logistics and Mobility Pvt Ltd,Dipesh AshokbhaiRathod,MotherHub_STV,FM BRSNR,StationTempHub_STV_PL,PH-ZO-SURSUR-11168827,expected,OPENED,26-09-2026 21:32,Ashvani Bhatt
27-09-2026,FMPP4300761270,KamrejHub_STV_PL,SHREEHARI TRADING +919998060351,e001ffa39af04fc7,dispatched_to_mh,West,LMA,1.00E+11,WERCATALYST VENTURES PVT LTD,Bangi NausadNasir,MotherHub_STV,FM BRSNR,KamrejHub_STV_PL,PH-ZO-SURSUR-10618611,expected,OPENED,26-09-2026 23:01,Ashvani Bhatt
27-09-2026,FMPP4301006852,StationTempHub_STV_PL,Hilofy +919978839510,d39f783e207d47d8,received_at_mh,West,LMA,1.00E+11,COMMERSHIP SERVICES LLP,VivekGupta,MotherHub_STV,FM BRSNR,StationTempHub_STV_PL,PH-B4-SURBTS-904880,expected,OPENED,27-09-2026 03:17,Ashvani Bhatt
27-09-2026,FMPP4298847729,StationTempHub_STV_PL,Hilofy +919978839510,d39f783e207d47d8,received_at_mh,West,LMA,1.00E+11,COMMERSHIP SERVICES LLP,VivekGupta,MotherHub_STV,FM BRSNR,StationTempHub_STV_PL,PH-ZO-SURSUR-11028393,expected,OPENED,27-09-2026 02:38,Ashvani Bhatt
27-09-2026,FMPP4298807705,StationTempHub_STV_PL,FUELBYTE +917600211223,a5194e0ec99f4267,received_at_mh,West,TRUEFLEX,618355,TRUEFLEX,Yadav PavanRamkripal,MotherHub_STV,FM BRSNR,StationTempHub_STV_PL,PH-ZO-SURSUR-10745508,expected,OPENED,26-09-2026 21:21,Ashvani Bhatt
27-09-2026,FMPP4300129977,StationTempHub_STV_PL,UOXOO +918758567357,c6a12c85dc3c437a,received_at_mh,West,LMA,1.00E+11,#N/A,#N/A,MotherHub_STV,FM BRSNR,StationTempHub_STV_PL,PH-B4-SURSUR-11184190,expected,OPENED,26-09-2026 21:02,Ashvani Bhatt
27-09-2026,FMPP4300588873,StationTempHub_STV_PL,DARSHANAM WORLD +919904060916,e4585a74b391404a,received_at_mh,West,TRUEFLEX,601276,TRUEFLEX,Baisane NitinAnand,MotherHub_STV,FM BRSNR,StationTempHub_STV_PL,PH-ZO-SURSUR-11171411,expected,OPENED,26-09-2026 21:21,Ashvani Bhatt
27-09-2026,FMPC6531693720,SuratTempHub_STV,GIFTSONIX +919081325090,abeac85167fd4159,dispatched_to_mh,West,LMA,1.00E+11,WERCATALYST VENTURES PVT LTD,Ajay RajubhaiUmre,MotherHub_STV,FM BRSNR,SuratTempHub_STV,PH-B4-SURSUR-11212433,expected,OPENED,26-09-2026 23:11,Ashvani Bhatt
27-09-2026,FMPC6532021924,SuratHub_STV_PL,CLOTHHOUSE +918780145525,9cb1d18fa73e4ee4,dispatched_to_mh,West,LMA,1.00E+11,#N/A,#N/A,MotherHub_STV,FM BRSNR,SuratHub_STV_PL,PH-ZO-8URBTS-25319936,expected,OPENED,27-09-2026 01:23,Ashvani Bhatt
27-09-2026,FMPP4299785036,StationTempHub_STV_PL,AKM STORE +916355642326,05b07d605c8640f7,received_at_mh,West,LMA,1.00E+11,#N/A,#N/A,MotherHub_STV,FM BRSNR,StationTempHub_STV_PL,PH-ZO-SURBTS-26529790,expected,OPENED,26-09-2026 22:59,Ashvani Bhatt
27-09-2026,FMPC6533062317,StationTempHub_STV_PL,RAJA BAG +919601018549,f0bc782bc62f40c7,dispatched_to_mh,West,LMA,1.00E+11,COMMERSHIP SERVICES LLP,VivekGupta,MotherHub_STV,FM BRSNR,StationTempHub_STV_PL,PH-ZO-SURSUR-11028393,expected,OPENED,27-09-2026 02:38,Ashvani Bhatt
27-09-2026,FMPC6529993210,SuratHub_STV_PL,Dbell World Wide +919913542811,dc27d1e7d65b4293,received_at_mh,West,TRUEFLEX,596063,TRUEFLEX,Yogesh ArunPatil,MotherHub_STV,FM BRSNR,SuratHub_STV_PL,PH-ZO-SURSUR-11206163,expected,OPENED,27-09-2026 00:24,Ashvani Bhatt
27-09-2026,FMPC6532000972,SuratHub_STV_PL,KHODIYAR CREATION +916352118998,adc021f28d834b1b,dispatched_to_mh,West,LMA,1.00E+11,Vxpress,PatilMahesh,MotherHub_STV,FM BRSNR,SuratHub_STV_PL,PH-ZO-SURSUR-11181521,expected,OPENED,27-09-2026 00:25,Ashvani Bhatt
27-09-2026,FMPC6530133198,StationTempHub_STV_PL,DB ENTERPRISE +919099906064,0279c49fa1d64e2e,received_at_seller,West,LMA,1.00E+11,#N/A,#N/A,MotherHub_STV,FM BRSNR,StationTempHub_STV_PL,PH-B4-SURSUR-11156207,expected,OPENED,26-09-2026 21:49,Ashvani Bhatt
27-09-2026,FMPP4291363255,SuratTempHub_STV,A.K. FABRICS +919227590611,c1e5a08783c145e5,dispatched_to_mh,West,LMA,1.00E+11,#N/A,#N/A,MotherHub_STV,FM BRSNR,SuratTempHub_STV,PH-ZO-SURSUR-11167169,expected,OPENED,27-09-2026 00:13,Ashvani Bhatt
27-09-2026,FMPP4300421164,SuratHub_STV_PL,AARMAAN FASHION +917567353934,4e76a29cd6d74721,received_at_mh,West,LMA,1.00E+11,Vxpress,Suraj Kumar ShyambhaiRay,MotherHub_STV,FM BRSNR,SuratHub_STV_PL,PH-ZO-SURSUR-11208805,expected,OPENED,27-09-2026 00:10,Ashvani Bhatt
27-09-2026,FMPC6532139639,SuratTempHub_STV,Shaanjh Craft +919110900509,24627fb29bc145e3,dispatched_to_mh,West,LMA,1.00E+11,#N/A,#N/A,MotherHub_STV,FM BRSNR,SuratTempHub_STV,PH-ZO-SURSUR-11204213,expected,OPENED,27-09-2026 01:51,Ashvani Bhatt
27-09-2026,FMPC6532027250,SuratTempHub_STV,VEDIKAA STYLE +917859948964,0b3581e9ddc94a2e,received_at_mh,West,TRUEFLEX,591730,TRUEFLEX,Sagar MadhukarAagale,MotherHub_STV,FM BRSNR,SuratTempHub_STV,PH-ZO-SURSUR-11204330,expected,OPENED,27-09-2026 00:35,Ashvani Bhatt
27-09-2026,FMPC6531980842,SuratHub_STV_PL,DUNGRANI MONIKABEN MITESHBHAI +917984161966,fe0a37a9459a4324,received_at_mh,West,LMA,1.00E+11,#N/A,#N/A,MotherHub_STV,FM BRSNR,SuratHub_STV_PL,PH-B4-SURSUR-11209420,expected,OPENED,27-09-2026 00:15,Ashvani Bhatt
27-09-2026,FMPP4300052867,StationTempHub_STV_PL,FUELBYTE +917600211223,a5194e0ec99f4267,received_at_mh,West,TRUEFLEX,618355,TRUEFLEX,Yadav PavanRamkripal,MotherHub_STV,FM BRSNR,StationTempHub_STV_PL,PH-ZO-SURSUR-10745508,expected,OPENED,26-09-2026 21:21,Ashvani Bhatt
27-09-2026,FMPC6528200253,SuratHub_STV_PL,AKSHARAM +919913949818,687d61c002c74752,dispatched_to_mh,West,LMA,1.00E+11,GAUTAMI ENTERPRISE,Mahammad Azar SalimShah,MotherHub_STV,FM BRSNR,SuratHub_STV_PL,PH-ZO-SURSUR-11211313,expected,OPENED,26-09-2026 23:50,Ashvani Bhatt
27-09-2026,FMPC6531814785,SuratHub_STV_PL,NERIXA ENTERPRISES +917096667080,cfa518e844da4c8d,received_at_mh,West,LMA,1.00E+11,Loadshare,Ajay PrakashPatil,MotherHub_STV,FM BRSNR,SuratHub_STV_PL,PH-ZO-SURSUR-11192405,expected,OPENED,27-09-2026 03:05,Ashvani Bhatt
27-09-2026,FMPP4298996871,StationTempHub_STV_PL,SADGURU ENTERPRISE +917016458366,25ad0fdeb2e448c3,dispatched_to_mh,West,LMA,1.00E+11,Greenteck Logistics and Mobility Pvt Ltd,Dharmendr KumarYadav,MotherHub_STV,FM BRSNR,StationTempHub_STV_PL,PH-ZO-SURSUR-11132464,expected,OPENED,27-09-2026 01:20,Ashvani Bhatt
27-09-2026,FMPC6531807583,KamrejHub_STV_PL,SAVALIYA'S +919904379707,15b73a90f5b54cf2,received_at_mh,West,LMA,1.00E+11,WERCATALYST VENTURES PVT LTD,Bangi NausadNasir,MotherHub_STV,FM BRSNR,KamrejHub_STV_PL,PH-ZO-SURSUR-11137287,expected,OPENED,26-09-2026 23:08,Ashvani Bhatt
27-09-2026,FMPP4300969617,StationTempHub_STV_PL,PAYAL CREATION +919624798067,9827a009f8bf4c85,dispatched_to_mh,West,LMA,1.00E+11,Loadshare,Shaikh AbdullaMukhtiyar,MotherHub_STV,FM BRSNR,StationTempHub_STV_PL,PH-ZO-SURSUR-11135721,expected,OPENED,26-09-2026 20:51,Ashvani Bhatt
27-09-2026,FMPC6531075950,SuratHub_STV_PL,API LIFE SCIENCE +916355203993,4fadb8b9e5904fc5,dispatched_to_mh,West,LMA,1.00E+11,Shree Hari Logistics,Ajay ManojGautam,MotherHub_STV,FM BRSNR,SuratHub_STV_PL,PH-B4-SURSUR-11215201,expected,OPENED,27-09-2026 02:15,Ashvani Bhatt
27-09-2026,FMPC6532421516,KamrejHub_STV_PL,RADHE CREATION +918780426115,17551969874440b8,dispatched_to_mh,West,LMA,1.00E+11,PROBITY LOGISTICS PRIVATE LIMITED,Umerji Mohmed AnasAslam,MotherHub_STV,FM BRSNR,KamrejHub_STV_PL,PH-ZO-SURSUR-11216239,expected,OPENED,26-09-2026 22:42,Ashvani Bhatt
27-09-2026,FMPC6531670593,SuratHub_STV_PL,REENA NARENDRA PATIL +917878136004,ba337d229f7a4e3a,dispatched_to_mh,West,LMA,1.00E+11,Princy Enterprise,Sonavane SanjaybhaiDilipbhai,MotherHub_STV,FM BRSNR,SuratHub_STV_PL,PH-ZO-SURSUR-11217821,expected,OPENED,27-09-2026 00:34,Ashvani Bhatt
27-09-2026,FMPC6530633048,SuratHub_STV_PL,PAYORA +917435082761,f5779013f6a4463a,received_at_mh,West,TRUEFLEX,596063,TRUEFLEX,Yogesh ArunPatil,MotherHub_STV,FM BRSNR,SuratHub_STV_PL,PH-ZO-SURSUR-11206163,expected,OPENED,27-09-2026 00:24,Ashvani Bhatt
27-09-2026,FMPC6530074148,StationTempHub_STV_PL,AMO ENTERPRISE +917984870057,72dbd2ab9b724227,dispatched_to_mh,West,LMA,1.00E+11,COMMERSHIP SERVICES LLP,VivekGupta,MotherHub_STV,FM BRSNR,StationTempHub_STV_PL,PH-ZO-SURBTS-25304890,expected,OPENED,27-09-2026 00:37,Ashvani Bhatt
27-09-2026,FMPC6531940815,SuratHub_STV_PL,KHODIYAR FASHION +919428407133,4531b8506f614728,dispatched_to_mh,West,TRUEFLEX,596063,TRUEFLEX,Yogesh ArunPatil,MotherHub_STV,FM BRSNR,SuratHub_STV_PL,PH-ZO-SURSUR-11206162,expected,OPENED,27-09-2026 00:24,Ashvani Bhatt
27-09-2026,FMPP4300412668,KamrejHub_STV_PL,D R FASHION +918780607279,1095625f176d44d9,dispatched_to_mh,West,TRUEFLEX,1322364,TRUEFLEX,HarshKumar Damor,MotherHub_STV,FM BRSNR,KamrejHub_STV_PL,PH-B4-SURSUR-11026673,expected,OPENED,26-09-2026 22:22,Ashvani Bhatt
27-09-2026,FMPC6531966890,SuratTempHub_STV,VEDIKAA STYLE +917859948964,0b3581e9ddc94a2e,received_at_mh,West,TRUEFLEX,591730,TRUEFLEX,Sagar MadhukarAagale,MotherHub_STV,FM BRSNR,SuratTempHub_STV,PH-ZO-SURSUR-11204330,expected,OPENED,27-09-2026 00:35,Ashvani Bhatt
27-09-2026,FMPP4300141417,SuratHub_STV_PL,MAAHIR MEDICOS +919898338755,7ebb5a406c38468c,dispatched_to_mh,West,LMA,1.00E+11,Shree Hari Logistics,Tiwari KishanAkhilesh,MotherHub_STV,FM BRSNR,SuratHub_STV_PL,PH-B4-SURSUR-11115575,expected,OPENED,27-09-2026 00:10,Ashvani Bhatt
27-09-2026,FMPC6531154247,SuratHub_STV_PL,BHERVA TEX +919081298606,523491304d5f404a,received_at_mh,West,LMA,1.00E+11,Princy Enterprise,Pathan HarunBanekha,MotherHub_STV,FM BRSNR,SuratHub_STV_PL,PH-ZO-SURSUR-11077907,expected,OPENED,27-09-2026 01:53,Ashvani Bhatt
27-09-2026,FMPP4299870482,StationTempHub_STV_PL,SHREEKUNJ ENTERPRISE +919104810150,bb3b4c6fd4d64a7f,dispatched_to_mh,West,TRUEFLEX,1104517,TRUEFLEX,GokulSantosh Zalte,MotherHub_STV,FM BRSNR,StationTempHub_STV_PL,PH-ZO-SURSUR-11207854,expected,OPENED,27-09-2026 00:20,Ashvani Bhatt
27-09-2026,FMPC6532008917,SuratHub_STV_PL,CLOTHHOUSE +918780145525,9cb1d18fa73e4ee4,dispatched_to_mh,West,LMA,1.00E+11,#N/A,#N/A,MotherHub_STV,FM BRSNR,SuratHub_STV_PL,PH-B4-8URBTS-25319773,expected,OPENED,27-09-2026 02:55,Ashvani Bhatt
27-09-2026,FMPC6529993655,SuratHub_STV_PL,Dbell World Wide +919913542811,dc27d1e7d65b4293,received_at_mh,West,TRUEFLEX,596063,TRUEFLEX,Yogesh ArunPatil,MotherHub_STV,FM BRSNR,SuratHub_STV_PL,PH-ZO-SURSUR-11206163,expected,OPENED,27-09-2026 00:24,Ashvani Bhatt
27-09-2026,FMPC6530690945,SuratHub_STV_PL,DARSHAN ENTERPRISE +918849765059,3848e305af58409c,dispatched_to_mh,West,LMA,1.00E+11,Princy Enterprise,Sonavane SanjaybhaiDilipbhai,MotherHub_STV,FM BRSNR,SuratHub_STV_PL,PH-ZO-SURSUR-11217821,expected,OPENED,27-09-2026 00:34,Ashvani Bhatt
27-09-2026,FMPC6531817476,SuratHub_STV_PL,HI-THREADS +919574561567,309989faea3e4280,dispatched_to_mh,West,LMA,1.00E+11,Vxpress,KapilDev,MotherHub_STV,FM BRSNR,SuratHub_STV_PL,PH-ZO-SURSUR-11172345,expected,OPENED,27-09-2026 00:21,Ashvani Bhatt
27-09-2026,FMPP4300318124,SuratHub_STV_PL,RADHE KRISHNA +919265034719,cb5c59bd8cd841e4,dispatched_to_mh,West,LMA,1.00E+11,#N/A,#N/A,MotherHub_STV,FM BRSNR,SuratHub_STV_PL,PH-B4-SURSUR-11175057,expected,OPENED,27-09-2026 02:45,Ashvani Bhatt
27-09-2026,FMPC6531626856,StationTempHub_STV_PL,Hilofy +919978839510,d39f783e207d47d8,received_at_mh,West,LMA,1.00E+11,COMMERSHIP SERVICES LLP,VivekGupta,MotherHub_STV,FM BRSNR,StationTempHub_STV_PL,PH-ZO-SURSUR-11028393,expected,OPENED,27-09-2026 02:38,Ashvani Bhatt
27-09-2026,FMPC6528504991,SuratTempHub_STV,A.K. FABRICS +919227590611,c1e5a08783c145e5,dispatched_to_mh,West,LMA,1.00E+11,#N/A,#N/A,MotherHub_STV,FM BRSNR,SuratTempHub_STV,PH-ZO-SURSUR-11167169,expected,OPENED,27-09-2026 00:13,Ashvani Bhatt
27-09-2026,FMPP4300831564,SuratHub_STV_PL,KHODIYAR FASHION +919428407133,4531b8506f614728,dispatched_to_mh,West,TRUEFLEX,596063,TRUEFLEX,Yogesh ArunPatil,MotherHub_STV,FM BRSNR,SuratHub_STV_PL,PH-ZO-SURSUR-11206162,expected,OPENED,27-09-2026 00:24,Ashvani Bhatt
27-09-2026,FMPP4299933697,SuratHub_STV_PL,Veer Creation +918490041639,b234fcfbd60948cf,dispatched_to_mh,West,LMA,1.00E+11,Vxpress,KapilDev,MotherHub_STV,FM BRSNR,SuratHub_STV_PL,PH-B4-SURSUR-11172326,expected,OPENED,27-09-2026 00:22,Ashvani Bhatt
27-09-2026,FMPP4298903256,SuratHub_STV_PL,Dbell World Wide +919913542811,dc27d1e7d65b4293,received_at_mh,West,TRUEFLEX,596063,TRUEFLEX,Yogesh ArunPatil,MotherHub_STV,FM BRSNR,SuratHub_STV_PL,PH-ZO-SURSUR-11206163,expected,OPENED,27-09-2026 00:24,Ashvani Bhatt
27-09-2026,FMPC6532003321,SuratTempHub_STV,MASTER ENTERPRISES +919016828730,be8089d8f75e49ac,dispatched_to_mh,West,LMA,1.00E+11,COMMERSHIP SERVICES LLP,Bhumihar SurajRavindra,MotherHub_STV,FM BRSNR,SuratTempHub_STV,PH-ZO-SURSUR-11196202,expected,OPENED,27-09-2026 00:20,Ashvani Bhatt
27-09-2026,FMPP4300332642,SuratHub_STV_PL,SIYARM ENTERPRISE +919724552042,1c7b7de97d8847d6,dispatched_to_mh,West,LMA,1.00E+11,#N/A,#N/A,MotherHub_STV,FM BRSNR,SuratHub_STV_PL,PH-B4-SURSUR-11175057,expected,OPENED,27-09-2026 02:45,Ashvani Bhatt
27-09-2026,FMPC6528520606,StationTempHub_STV_PL,NEW STEPS +919925343584,425af944a54842ba,received_at_seller,West,TRUEFLEX,1104517,TRUEFLEX,GokulSantosh Zalte,MotherHub_STV,FM BRSNR,StationTempHub_STV_PL,PH-ZO-SURSUR-11207856,expected,OPENED,26-09-2026 21:30,Ashvani Bhatt
27-09-2026,FMPC6531670810,StationTempHub_STV_PL,FUELBYTE +917600211223,a5194e0ec99f4267,received_at_mh,West,TRUEFLEX,618355,TRUEFLEX,Yadav PavanRamkripal,MotherHub_STV,FM BRSNR,StationTempHub_STV_PL,PH-ZO-SURSUR-10745508,expected,OPENED,26-09-2026 21:21,Ashvani Bhatt
27-09-2026,FMPC6530871221,SuratHub_STV_PL,A ONE SAREES & ANAYA SAREES +919998998022,fc3d089a603542a9,dispatched_to_mh,West,LMA,1.00E+11,Vxpress,Suraj Kumar ShyambhaiRay,MotherHub_STV,FM BRSNR,SuratHub_STV_PL,PH-ZO-SURSUR-11208720,expected,OPENED,27-09-2026 00:34,Ashvani Bhatt
27-09-2026,FMPP4300345880,KamrejHub_STV_PL,RADHE CREATION +918780426115,17551969874440b8,dispatched_to_mh,West,LMA,1.00E+11,PROBITY LOGISTICS PRIVATE LIMITED,Umerji Mohmed AnasAslam,MotherHub_STV,FM BRSNR,KamrejHub_STV_PL,PH-ZO-SURSUR-11216239,expected,OPENED,26-09-2026 22:42,Ashvani Bhatt
27-09-2026,FMPC6530045371,StationTempHub_STV_PL,FUELBYTE +917600211223,a5194e0ec99f4267,received_at_mh,West,TRUEFLEX,618355,TRUEFLEX,Yadav PavanRamkripal,MotherHub_STV,FM BRSNR,StationTempHub_STV_PL,PH-ZO-SURSUR-10745508,expected,OPENED,26-09-2026 21:21,Ashvani Bhatt
27-09-2026,FMPP4300515334,KamrejHub_STV_PL,SHIVANYA ENTERPRISE +919714186065,b4e38a618ecf4430,received_at_mh,West,LMA,1.00E+11,WERCATALYST VENTURES PVT LTD,Bangi NausadNasir,MotherHub_STV,FM BRSNR,KamrejHub_STV_PL,PH-B4-SURSUR-11051420,expected,OPENED,26-09-2026 23:25,Ashvani Bhatt
27-09-2026,FMPC6532000913,SuratHub_STV_PL,SHRUTI RAYON +919879415401,69251ed2b3364677,dispatched_to_mh,West,LMA,1.00E+11,Loadshare,Ajay PrakashPatil,MotherHub_STV,FM BRSNR,SuratHub_STV_PL,PH-ZO-SURSUR-11192405,expected,OPENED,27-09-2026 03:05,Ashvani Bhatt
27-09-2026,FMPC6531407064,StationTempHub_STV_PL,CJEN INTERNATIONAL +919726652065,837fa9d0ad6d4a36,dispatched_to_mh,West,LMA,1.00E+11,#N/A,#N/A,MotherHub_STV,FM BRSNR,StationTempHub_STV_PL,PH-ZO-SURSUR-10977568,expected,OPENED,26-09-2026 21:17,Ashvani Bhatt
27-09-2026,FMPC6526993067,StationTempHub_STV_PL,PARTHVI ENTERPRISE +918347648035,cf7e805ec31f464d,dispatched_to_mh,West,LMA,1.00E+11,Greenteck Logistics and Mobility Pvt Ltd,Dharmendr KumarYadav,MotherHub_STV,FM BRSNR,StationTempHub_STV_PL,PH-B4-SURSUR-11064864,expected,OPENED,27-09-2026 01:08,Ashvani Bhatt
27-09-2026,FMPC6531820675,KamrejHub_STV_PL,SAVALIYA'S +919904379707,15b73a90f5b54cf2,received_at_mh,West,LMA,1.00E+11,WERCATALYST VENTURES PVT LTD,Bangi NausadNasir,MotherHub_STV,FM BRSNR,KamrejHub_STV_PL,PH-ZO-SURSUR-11137287,expected,OPENED,26-09-2026 23:08,Ashvani Bhatt
27-09-2026,FMPC6532329004,KamrejHub_STV_PL,RADHE CREATION +918780426115,17551969874440b8,dispatched_to_mh,West,LMA,1.00E+11,PROBITY LOGISTICS PRIVATE LIMITED,Umerji Mohmed AnasAslam,MotherHub_STV,FM BRSNR,KamrejHub_STV_PL,PH-ZO-SURSUR-11216239,expected,OPENED,26-09-2026 22:42,Ashvani Bhatt
27-09-2026,FMPP4300176607,SuratTempHub_STV,KRISHNA CREATION +919924650611,bd72c156bcbe4ec5,received_at_mh,West,LMA,1.00E+11,#N/A,#N/A,MotherHub_STV,FM BRSNR,SuratTempHub_STV,PH-ZO-SURSUR-11057584,expected,OPENED,27-09-2026 00:26,Ashvani Bhatt
27-09-2026,FMPP4300122552,SuratTempHub_STV,KALKA FURNISHING HOUSE +918160278572,a3b82ddf5fcd4cba,received_at_mh,West,LMA,1.00E+11,WERCATALYST VENTURES PVT LTD,MaliGopal,MotherHub_STV,FM BRSNR,SuratTempHub_STV,PH-ZO-SURSUR-11118180,expected,OPENED,26-09-2026 22:48,Ashvani Bhatt
27-09-2026,FMPP4300886889,SuratHub_STV_PL,THAMAA ENTERPRISE +917048331543,17399fd5f3cf474a,dispatched_to_mh,West,LMA,1.00E+11,#N/A,#N/A,MotherHub_STV,FM BRSNR,SuratHub_STV_PL,PH-ZO-SURSUR-11209456,expected,OPENED,27-09-2026 01:03,Ashvani Bhatt
27-09-2026,FMPC6530008341,StationTempHub_STV_PL,SADGURU ENTERPRISE +917016458366,25ad0fdeb2e448c3,dispatched_to_mh,West,LMA,1.00E+11,Greenteck Logistics and Mobility Pvt Ltd,Dharmendr KumarYadav,MotherHub_STV,FM BRSNR,StationTempHub_STV_PL,PH-ZO-SURSUR-11132464,expected,OPENED,27-09-2026 01:20,Ashvani Bhatt
27-09-2026,FMPC6531798567,SuratHub_STV_PL,MAHANT CREATION +919737919469,0f0d07f3779c4426,dispatched_to_mh,West,TRUEFLEX,591450,TRUEFLEX,Patil KrishnaNarayan,MotherHub_STV,FM BRSNR,SuratHub_STV_PL,PH-ZO-SURSUR-11160215,expected,OPENED,27-09-2026 00:32,Ashvani Bhatt
27-09-2026,FMPC6531679221,SuratHub_STV_PL,KASODARIYA SONALBEN BHARATBHAI +917096231716,e0bcf8ff75ef47b0,dispatched_to_mh,West,LMA,1.00E+11,#N/A,#N/A,MotherHub_STV,FM BRSNR,SuratHub_STV_PL,PH-ZO-SURSUR-11209456,expected,OPENED,27-09-2026 01:03,Ashvani Bhatt
27-09-2026,FMPP4299020281,StationTempHub_STV_PL,AMO ENTERPRISE +917984870057,72dbd2ab9b724227,dispatched_to_mh,West,LMA,1.00E+11,COMMERSHIP SERVICES LLP,VivekGupta,MotherHub_STV,FM BRSNR,StationTempHub_STV_PL,PH-ZO-SURBTS-25304890,expected,OPENED,27-09-2026 00:37,Ashvani Bhatt
27-09-2026,FMPC6530249378,StationTempHub_STV_PL,SADGURU ENTERPRISE +917016458366,25ad0fdeb2e448c3,dispatched_to_mh,West,LMA,1.00E+11,Greenteck Logistics and Mobility Pvt Ltd,Dharmendr KumarYadav,MotherHub_STV,FM BRSNR,StationTempHub_STV_PL,PH-ZO-SURSUR-11132464,expected,OPENED,27-09-2026 01:20,Ashvani Bhatt
27-09-2026,FMPC6518770720,SuratTempHub_STV,A.K. FABRICS +919227590611,c1e5a08783c145e5,dispatched_to_mh,West,LMA,1.00E+11,#N/A,#N/A,MotherHub_STV,FM BRSNR,SuratTempHub_STV,PH-B4-SURSUR-11204587,expected,OPENED,27-09-2026 00:21,Ashvani Bhatt
27-09-2026,FMPC6518856289,SuratTempHub_STV,A.K. FABRICS +919227590611,c1e5a08783c145e5,dispatched_to_mh,West,LMA,1.00E+11,#N/A,#N/A,MotherHub_STV,FM BRSNR,SuratTempHub_STV,PH-ZO-SURSUR-11167169,expected,OPENED,27-09-2026 00:13,Ashvani Bhatt
27-09-2026,FMPC6530286344,SuratHub_STV_PL,KHODIYAR FASHION +919428407133,4531b8506f614728,dispatched_to_mh,West,TRUEFLEX,596063,TRUEFLEX,Yogesh ArunPatil,MotherHub_STV,FM BRSNR,SuratHub_STV_PL,PH-ZO-SURSUR-11206162,expected,OPENED,27-09-2026 00:24,Ashvani Bhatt
27-09-2026,FMPC6530074320,StationTempHub_STV_PL,AMO ENTERPRISE +917984870057,72dbd2ab9b724227,received_at_mh,West,LMA,1.00E+11,COMMERSHIP SERVICES LLP,VivekGupta,MotherHub_STV,FM BRSNR,StationTempHub_STV_PL,PH-ZO-SURBTS-25304890,expected,OPENED,27-09-2026 00:37,Ashvani Bhatt
27-09-2026,FMPP4298845359,SuratHub_STV_PL,AV IMITATION +919016087424,987e3f8b516d4c8f,dispatched_to_mh,West,LMA,1.00E+11,Princy Enterprise,Patil YashSudhakar,MotherHub_STV,FM BRSNR,SuratHub_STV_PL,PH-ZO-SURSUR-11211930,expected,OPENED,27-09-2026 01:32,Ashvani Bhatt
27-09-2026,FMPC6530190766,SuratHub_STV_PL,AV IMITATION +919016087424,987e3f8b516d4c8f,dispatched_to_mh,West,LMA,1.00E+11,Princy Enterprise,Patil YashSudhakar,MotherHub_STV,FM BRSNR,SuratHub_STV_PL,PH-ZO-SURSUR-11211930,expected,OPENED,27-09-2026 01:32,Ashvani Bhatt
27-09-2026,FMPC6533001557,SuratHub_STV_PL,AASHA FASHION +917405470566,8a619d625baa4c9f,dispatched_to_mh,West,LMA,1.00E+11,Princy Enterprise,PatilAnil,MotherHub_STV,FM BRSNR,SuratHub_STV_PL,PH-B4-SURSUR-11166836,expected,OPENED,27-09-2026 00:23,Ashvani Bhatt
27-09-2026,FMPC6531126701,StationTempHub_STV_PL,Granthi Impex +919408369288,b37d84deff2d497c,dispatched_to_mh,West,TRUEFLEX,876639,TRUEFLEX,AkshaySanjay Baisane,MotherHub_STV,FM BRSNR,StationTempHub_STV_PL,PH-ZO-SURSUR-11215504,expected,OPENED,26-09-2026 21:18,Ashvani Bhatt
27-09-2026,FMPP4301006801,StationTempHub_STV_PL,Hilofy +919978839510,d39f783e207d47d8,received_at_mh,West,LMA,1.00E+11,COMMERSHIP SERVICES LLP,VivekGupta,MotherHub_STV,FM BRSNR,StationTempHub_STV_PL,PH-ZO-SURSUR-11028393,expected,OPENED,27-09-2026 02:38,Ashvani Bhatt
27-09-2026,FMPP4300118886,StationTempHub_STV_PL,BIZBEE +919313538118,03a09039b7534ab2,received_at_mh,West,TRUEFLEX,618355,TRUEFLEX,Yadav PavanRamkripal,MotherHub_STV,FM BRSNR,StationTempHub_STV_PL,PH-ZO-SURSUR-10745508,expected,OPENED,26-09-2026 21:21,Ashvani Bhatt
27-09-2026,FMPP4299970365,SuratHub_STV_PL,RUDRA CREATION +917777965730,9dbe124dbfc54298,dispatched_to_mh,West,LMA,1.00E+11,Vxpress,KapilDev,MotherHub_STV,FM BRSNR,SuratHub_STV_PL,PH-B4-SURSUR-11172326,expected,OPENED,27-09-2026 00:22,Ashvani Bhatt
27-09-2026,FMPC6530433346,KamrejHub_STV_PL,Flipora +917778806436,87b3462689254675,dispatched_to_mh,West,LMA,1.00E+11,#N/A,#N/A,MotherHub_STV,FM BRSNR,KamrejHub_STV_PL,PH-ZO-SURSUR-11082603,expected,REACHED,26-09-2026 23:13,Ashvani Bhatt
27-09-2026,FMPC6526993096,StationTempHub_STV_PL,PARTHVI ENTERPRISE +918347648035,cf7e805ec31f464d,dispatched_to_mh,West,LMA,1.00E+11,Greenteck Logistics and Mobility Pvt Ltd,Dharmendr KumarYadav,MotherHub_STV,FM BRSNR,StationTempHub_STV_PL,PH-B4-SURSUR-11064864,expected,OPENED,27-09-2026 01:08,Ashvani Bhatt
27-09-2026,FMPP4299147944,SuratHub_STV_PL,SB EXIM +919574158984,c99dd1a6d1764a2d,dispatched_to_mh,West,LMA,1.00E+11,Shree Hari Logistics,MishraMahip,MotherHub_STV,FM BRSNR,SuratHub_STV_PL,PH-ZO-SURSUR-11216709,expected,OPENED,27-09-2026 03:55,Ashvani Bhatt
27-09-2026,FMPC6531704012,SuratHub_STV_PL,OmShanti Enterprise 8866885608,762dd1cbb4ae48b8,dispatched_to_mh,West,LMA,1.00E+11,#N/A,#N/A,MotherHub_STV,FM BRSNR,SuratHub_STV_PL,PH-B4-8URBTS-25319773,expected,OPENED,27-09-2026 02:55,Ashvani Bhatt
27-09-2026,FMPC6531663285,KamrejHub_STV_PL,Wooven Wit +919313317268,389ce049997444f9,dispatched_to_mh,West,LMA,1.00E+11,PROBITY LOGISTICS PRIVATE LIMITED,Umerji Mohmed AnasAslam,MotherHub_STV,FM BRSNR,KamrejHub_STV_PL,PH-ZO-SURSUR-11216239,expected,OPENED,26-09-2026 22:42,Ashvani Bhatt
27-09-2026,FMPC6532089266,StationTempHub_STV_PL,FUELBYTE +917600211223,a5194e0ec99f4267,received_at_mh,West,TRUEFLEX,618355,TRUEFLEX,Yadav PavanRamkripal,MotherHub_STV,FM BRSNR,StationTempHub_STV_PL,PH-ZO-SURSUR-10745508,expected,OPENED,26-09-2026 21:21,Ashvani Bhatt
27-09-2026,FMPC6531402242,StationTempHub_STV_PL,CJEN ENTERPRISE +919327177456,fda35dec5d9f4d73,dispatched_to_mh,West,LMA,1.00E+11,#N/A,#N/A,MotherHub_STV,FM BRSNR,StationTempHub_STV_PL,PH-ZO-SURSUR-10977568,expected,OPENED,26-09-2026 21:17,Ashvani Bhatt
27-09-2026,FMPP4300373875,SuratHub_STV_PL,DARSHAN ENTERPRISE +918849765059,3848e305af58409c,dispatched_to_mh,West,LMA,1.00E+11,Princy Enterprise,Sonavane SanjaybhaiDilipbhai,MotherHub_STV,FM BRSNR,SuratHub_STV_PL,PH-ZO-SURSUR-11217821,expected,OPENED,27-09-2026 00:34,Ashvani Bhatt
27-09-2026,FMPP4298814952,SuratHub_STV_PL,HARMIN ENTERPRISE +919023376550,2ad93d7907c74cc1,dispatched_to_mh,West,LMA,1.00E+11,Princy Enterprise,Sonavane SanjaybhaiDilipbhai,MotherHub_STV,FM BRSNR,SuratHub_STV_PL,PH-ZO-SURSUR-11217821,expected,OPENED,27-09-2026 00:34,Ashvani Bhatt
27-09-2026,FMPP4299029970,StationTempHub_STV_PL,PARTHVI ENTERPRISE +918347648035,cf7e805ec31f464d,dispatched_to_mh,West,LMA,1.00E+11,Greenteck Logistics and Mobility Pvt Ltd,Dharmendr KumarYadav,MotherHub_STV,FM BRSNR,StationTempHub_STV_PL,PH-B4-SURSUR-11064864,expected,OPENED,27-09-2026 01:08,Ashvani Bhatt
27-09-2026,FMPC6530766869,SuratHub_STV_PL,Smit Enterprise +917990045723,269ab576bbf24b9b,dispatched_to_mh,West,LMA,1.00E+11,Vxpress,Suraj Kumar ShyambhaiRay,MotherHub_STV,FM BRSNR,SuratHub_STV_PL,PH-B4-SURSUR-11208721,expected,OPENED,27-09-2026 00:07,Ashvani Bhatt
27-09-2026,FMPC6532144758,SuratHub_STV_PL,A ONE SAREES & ANAYA SAREES +919998998022,fc3d089a603542a9,dispatched_to_mh,West,LMA,1.00E+11,Vxpress,Suraj Kumar ShyambhaiRay,MotherHub_STV,FM BRSNR,SuratHub_STV_PL,PH-ZO-SURSUR-11208720,expected,OPENED,27-09-2026 00:34,Ashvani Bhatt
27-09-2026,FMPC6530553527,SuratHub_STV_PL,TRISHIV +919714742950,5c511b835c6e4a7a,dispatched_to_mh,West,LMA,1.00E+11,GAUTAMI ENTERPRISE,Mahammad Azar SalimShah,MotherHub_STV,FM BRSNR,SuratHub_STV_PL,PH-ZO-SURSUR-10861698,expected,OPENED,27-09-2026 02:48,Ashvani Bhatt
27-09-2026,FMPC6531943431,StationTempHub_STV_PL,NILKANTH MART +917874983462,bb51743795b84b9f,received_at_mh,West,LMA,1.00E+11,#N/A,#N/A,MotherHub_STV,FM BRSNR,StationTempHub_STV_PL,PH-ZO-SURSUR-11082056,expected,OPENED,26-09-2026 21:30,Ashvani Bhatt
27-09-2026,FMPC6531877711,SuratHub_STV_PL,SHREEJI ENTERPRISE +919054342230,abf6c3ff051b454e,received_at_mh,West,LMA,1.00E+11,Princy Enterprise,Patil YashSudhakar,MotherHub_STV,FM BRSNR,SuratHub_STV_PL,PH-ZO-SURSUR-11211930,expected,OPENED,27-09-2026 01:32,Ashvani Bhatt
27-09-2026,FMPC6533097248,StationTempHub_STV_PL,FUELBYTE +917600211223,a5194e0ec99f4267,received_at_mh,West,TRUEFLEX,618355,TRUEFLEX,Yadav PavanRamkripal,MotherHub_STV,FM BRSNR,StationTempHub_STV_PL,PH-ZO-SURSUR-10745508,expected,OPENED,26-09-2026 21:21,Ashvani Bhatt
27-09-2026,FMPC6530491544,SuratTempHub_STV,SVMN DECORS +917861941182,fe8c8adfab4c4750,dispatched_to_mh,West,LMA,1.00E+11,WERCATALYST VENTURES PVT LTD,Ajay RajubhaiUmre,MotherHub_STV,FM BRSNR,SuratTempHub_STV,PH-ZO-SURSUR-11212457,expected,OPENED,26-09-2026 23:10,Ashvani Bhatt
27-09-2026,FMPC6532234199,StationTempHub_STV_PL,JAS VENTURE +918140965995,03ef4b975cbf4bec,dispatched_to_mh,West,LMA,1.00E+11,Loadshare,SaiyyadAjij,MotherHub_STV,FM BRSNR,StationTempHub_STV_PL,PH-B4-SURSUR-10954572,expected,OPENED,26-09-2026 23:52,Ashvani Bhatt
27-09-2026,FMPC6531859342,SuratTempHub_STV,YEEZY INTERNATIONAL +916351557682,d5623dfb4dac44d6,received_at_mh,West,LMA,1.00E+11,WERCATALYST VENTURES PVT LTD,MaliGopal,MotherHub_STV,FM BRSNR,SuratTempHub_STV,PH-ZO-SURSUR-11118179,expected,OPENED,26-09-2026 23:11,Ashvani Bhatt
27-09-2026,FMPP4299850424,SuratHub_STV_PL,Veer Creation +918490041639,b234fcfbd60948cf,dispatched_to_mh,West,LMA,1.00E+11,Vxpress,KapilDev,MotherHub_STV,FM BRSNR,SuratHub_STV_PL,PH-B4-SURSUR-11172326,expected,OPENED,27-09-2026 00:22,Ashvani Bhatt
27-09-2026,FMPC6532303409,StationTempHub_STV_PL,PAYAL CREATION +919624798067,9827a009f8bf4c85,dispatched_to_mh,West,LMA,1.00E+11,Loadshare,Shaikh AbdullaMukhtiyar,MotherHub_STV,FM BRSNR,StationTempHub_STV_PL,PH-ZO-SURSUR-11135721,expected,OPENED,26-09-2026 20:51,Ashvani Bhatt
27-09-2026,FMPC6531373148,SuratHub_STV_PL,THAMAA ENTERPRISE +917048331543,17399fd5f3cf474a,dispatched_to_mh,West,LMA,1.00E+11,#N/A,#N/A,MotherHub_STV,FM BRSNR,SuratHub_STV_PL,PH-ZO-SURSUR-11209456,expected,OPENED,27-09-2026 01:03,Ashvani Bhatt
27-09-2026,FMPP4299029729,StationTempHub_STV_PL,PARTHVI ENTERPRISE +918347648035,cf7e805ec31f464d,dispatched_to_mh,West,LMA,1.00E+11,Greenteck Logistics and Mobility Pvt Ltd,Dharmendr KumarYadav,MotherHub_STV,FM BRSNR,StationTempHub_STV_PL,PH-B4-SURSUR-11064864,expected,OPENED,27-09-2026 01:08,Ashvani Bhatt
27-09-2026,FMPP4299428213,SuratHub_STV_PL,NERIXA ENTERPRISES +917096667080,cfa518e844da4c8d,received_at_mh,West,LMA,1.00E+11,Loadshare,Ajay PrakashPatil,MotherHub_STV,FM BRSNR,SuratHub_STV_PL,PH-ZO-SURSUR-11192405,expected,OPENED,27-09-2026 03:05,Ashvani Bhatt
27-09-2026,FMPP4299029713,StationTempHub_STV_PL,PARTHVI ENTERPRISE +918347648035,cf7e805ec31f464d,dispatched_to_mh,West,LMA,1.00E+11,Greenteck Logistics and Mobility Pvt Ltd,Dharmendr KumarYadav,MotherHub_STV,FM BRSNR,StationTempHub_STV_PL,PH-B4-SURSUR-11064864,expected,OPENED,27-09-2026 01:08,Ashvani Bhatt
27-09-2026,FMPP4300205755,SuratHub_STV_PL,BLISS ENTERPRISE +919879822322,0c22a780c6484e10,received_at_mh,West,LMA,1.00E+11,GAUTAMI ENTERPRISE,Mahammad Azar SalimShah,MotherHub_STV,FM BRSNR,SuratHub_STV_PL,PH-ZO-SURSUR-11211463,expected,OPENED,27-09-2026 02:46,Ashvani Bhatt
27-09-2026,FMPP4300321974,StationTempHub_STV_PL,PURVAH FASHION +919924714772,87a7468462eb4403,received_at_mh,West,LMA,1.00E+11,#N/A,#N/A,MotherHub_STV,FM BRSNR,StationTempHub_STV_PL,PH-B4-SURSUR-11214486,expected,OPENED,26-09-2026 20:56,Ashvani Bhatt
27-09-2026,FMPC6533296299,SuratTempHub_STV,Sareez House +919328710214,27058c251c6e4801,dispatched_to_mh,West,LMA,1.00E+11,Loadshare,Shaikh Samir ShaikhLal,MotherHub_STV,FM BRSNR,SuratTempHub_STV,PH-ZO-SURSUR-10585506,expected,REACHED,26-09-2026 23:11,Ashvani Bhatt
27-09-2026,FMPC6532026805,SuratHub_STV_PL,KHODIYAR FASHION +919428407133,4531b8506f614728,dispatched_to_mh,West,TRUEFLEX,596063,TRUEFLEX,Yogesh ArunPatil,MotherHub_STV,FM BRSNR,SuratHub_STV_PL,PH-B4-SURSUR-11206108,expected,OPENED,27-09-2026 00:24,Ashvani Bhatt
27-09-2026,FMPC6518795785,SuratTempHub_STV,A.K. FABRICS +919227590611,c1e5a08783c145e5,dispatched_to_mh,West,LMA,1.00E+11,#N/A,#N/A,MotherHub_STV,FM BRSNR,SuratTempHub_STV,PH-ZO-SURSUR-11167169,expected,OPENED,27-09-2026 00:13,Ashvani Bhatt
27-09-2026,FMPP4298219451,SuratHub_STV_PL,YOGI ART +919909559279,7eeb9653550847ed,dispatched_to_mh,West,LMA,1.00E+11,Vxpress,PatilMahesh,MotherHub_STV,FM BRSNR,SuratHub_STV_PL,PH-B4-SURSUR-11181495,expected,OPENED,27-09-2026 00:31,Ashvani Bhatt
27-09-2026,FMPP4300081657,StationTempHub_STV_PL,FUELBYTE +917600211223,a5194e0ec99f4267,received_at_mh,West,TRUEFLEX,618355,TRUEFLEX,Yadav PavanRamkripal,MotherHub_STV,FM BRSNR,StationTempHub_STV_PL,PH-B4-SURSUR-10607436,expected,OPENED,26-09-2026 21:16,Ashvani Bhatt
27-09-2026,FMPC6530249728,StationTempHub_STV_PL,SADGURU ENTERPRISE +917016458366,25ad0fdeb2e448c3,dispatched_to_mh,West,LMA,1.00E+11,Greenteck Logistics and Mobility Pvt Ltd,Dharmendr KumarYadav,MotherHub_STV,FM BRSNR,StationTempHub_STV_PL,PH-ZO-SURSUR-11132464,expected,OPENED,27-09-2026 01:20,Ashvani Bhatt
27-09-2026,FMPC6530887890,MotaVarachhaSplitHub_STV_PL,ELITE DENIM HOUSE +918238343128,7632599d61534b9d,dispatched_to_mh,West,LMA,1.00E+11,#N/A,#N/A,MotherHub_STV,FM BRSNR,MotaVarachhaSplitHub_STV_PL,PH-B4-SURSUR-11214134,expected,OPENED,26-09-2026 21:48,Ashvani Bhatt
27-09-2026,FMPP4300401174,MotaVarachhaSplitHub_STV_PL,SHREE RUPAI CREATION +919426776458,d4ead010b776494d,dispatched_to_mh,West,LMA,1.00E+11,#N/A,#N/A,MotherHub_STV,FM BRSNR,MotaVarachhaSplitHub_STV_PL,PH-B4-SURSUR-11211866,expected,OPENED,27-09-2026 00:06,Ashvani Bhatt
27-09-2026,FMPC6528823227,MotaVarachhaSplitHub_STV_PL,VIBHUTI MEPAL VANANI +919638280467,bb0f7fd3df8c4341,received_at_mh,West,LMA,1.00E+11,#N/A,#N/A,MotherHub_STV,FM BRSNR,MotaVarachhaSplitHub_STV_PL,PH-ZO-SURSUR-11210866,expected,OPENED,27-09-2026 00:25,Ashvani Bhatt
27-09-2026,FMPC6533341810,UttamNagarHub_DEL_PL,ANAMIKA ENTERPRISES +919599572217,357d5ae9d5134b8d,received_at_mh,North,TRUEFLEX,787431,TRUEFLEX,AnkitMathur,Motherhub_DIC,FM BRSNR,UttamNagarHub_DEL_PL,PH-B6-DELDIC-42201269,expected,OPENED,26-09-2026 23:43,Arvind Bansal (DNCR)
27-09-2026,FMPC6533147784,MotaVarachhaSplitHub_STV_PL,SYNERGYX TRENDS PRIVATE LIMITED +919099925025,3e16084f68fb4e38,received_at_mh,West,LMA,1.00E+11,#N/A,#N/A,MotherHub_STV,FM BRSNR,MotaVarachhaSplitHub_STV_PL,PH-ZO-SURSUR-11212082,expected,OPENED,26-09-2026 22:10,Ashvani Bhatt
27-09-2026,FMPP4300691272,MotaVarachhaSplitHub_STV_PL,BK TRADE +917359756861,619f48fad3ac4e9b,dispatched_to_mh,West,LMA,1.00E+11,#N/A,#N/A,MotherHub_STV,FM BRSNR,MotaVarachhaSplitHub_STV_PL,PH-ZO-SURSUR-11185511,expected,OPENED,26-09-2026 21:50,Ashvani Bhatt
27-09-2026,FMPC6531899686,UttamNagarHub_DEL_PL,priyanshi Creations +918285642683,d6e773d005db40da,received_at_mh,North,LMA,1.00E+11,WHEELEY,Shivank,Motherhub_DIC,FM BRSNR,UttamNagarHub_DEL_PL,PH-B6-DELDIC-41803236,expected,OPENED,26-09-2026 23:24,Arvind Bansal (DNCR)
27-09-2026,FMPC6532746365,MotaVarachhaSplitHub_STV_PL,BK TRADE +917359756861,619f48fad3ac4e9b,dispatched_to_mh,West,LMA,1.00E+11,#N/A,#N/A,MotherHub_STV,FM BRSNR,MotaVarachhaSplitHub_STV_PL,PH-ZO-SURSUR-11185511,expected,OPENED,26-09-2026 21:50,Ashvani Bhatt
27-09-2026,FMPC6532700440,MotaVarachhaSplitHub_STV_PL,BK TRADE +917359756861,619f48fad3ac4e9b,dispatched_to_mh,West,LMA,1.00E+11,#N/A,#N/A,MotherHub_STV,FM BRSNR,MotaVarachhaSplitHub_STV_PL,PH-ZO-SURSUR-11185511,expected,OPENED,26-09-2026 21:50,Ashvani Bhatt
27-09-2026,FMPC6533144340,MotaVarachhaSplitHub_STV_PL,Sharada Enterprise +918128126464,52f490abcc334a09,received_at_mh,West,LMA,1.00E+11,#N/A,#N/A,MotherHub_STV,FM BRSNR,MotaVarachhaSplitHub_STV_PL,PH-ZO-SURSUR-11215355,expected,OPENED,26-09-2026 22:50,Ashvani Bhatt
27-09-2026,FMPC6531883141,MotaVarachhaSplitHub_STV_PL,SHIVAM ENTERPRISES +918238543000,214505c0a2a44160,dispatched_to_mh,West,LMA,1.00E+11,#N/A,#N/A,MotherHub_STV,FM BRSNR,MotaVarachhaSplitHub_STV_PL,PH-ZO-SURSUR-11210866,expected,OPENED,27-09-2026 00:25,Ashvani Bhatt
27-09-2026,FMPC6531944973,MotaVarachhaSplitHub_STV_PL,JANU CREATION +919409566478,8db24f9746f04717,dispatched_to_mh,West,LMA,1.00E+11,#N/A,#N/A,MotherHub_STV,FM BRSNR,MotaVarachhaSplitHub_STV_PL,PH-ZO-SURSUR-11208794,expected,OPENED,26-09-2026 22:31,Ashvani Bhatt
27-09-2026,FMPC6533164867,MotaVarachhaSplitHub_STV_PL,DHARTI CORPORATION +919624465856,5c7071390c544071,dispatched_to_mh,West,LMA,1.00E+11,#N/A,#N/A,MotherHub_STV,FM BRSNR,MotaVarachhaSplitHub_STV_PL,PH-B4-SURSUR-11211163,expected,OPENED,26-09-2026 21:56,Ashvani Bhatt
27-09-2026,FMPC6533098878,UttamNagarHub_DEL_PL,VANSH ENTERPRISES +919039787042,62eef750dcf84eba,dispatched_to_mh,North,LMA,1.00E+11,#N/A,#N/A,Motherhub_DIC,FM BRSNR,UttamNagarHub_DEL_PL,PH-B1-DELDIC-42202123,expected,OPENED,26-09-2026 23:14,Arvind Bansal (DNCR)
27-09-2026,FMPC6530888110,MotaVarachhaSplitHub_STV_PL,ELITE DENIM HOUSE +918238343128,7632599d61534b9d,dispatched_to_mh,West,LMA,1.00E+11,#N/A,#N/A,MotherHub_STV,FM BRSNR,MotaVarachhaSplitHub_STV_PL,PH-ZO-SURSUR-11214049,expected,OPENED,26-09-2026 22:15,Ashvani Bhatt
27-09-2026,FMPC6532028888,MotaVarachhaSplitHub_STV_PL,KRUTAGNA CREATION +917990450824,843ef521506c4630,dispatched_to_mh,West,LMA,1.00E+11,#N/A,#N/A,MotherHub_STV,FM BRSNR,MotaVarachhaSplitHub_STV_PL,PH-ZO-SURSUR-11214469,expected,OPENED,27-09-2026 00:26,Ashvani Bhatt
27-09-2026,FMPC6533108028,UttamNagarHub_DEL_PL,Laxmi Enterprises +917503654201,f0a802c14d55452e,received_at_mh,North,LMA,1.00E+11,WHEELEY,Shivank,Motherhub_DIC,FM BRSNR,UttamNagarHub_DEL_PL,PH-B6-DELDIC-41803236,expected,OPENED,26-09-2026 23:24,Arvind Bansal (DNCR)
27-09-2026,FMPC6530169039,MotaVarachhaSplitHub_STV_PL,jesika collection +919664878584,4175b290587f4435,received_at_mh,West,LMA,1.00E+11,#N/A,#N/A,MotherHub_STV,FM BRSNR,MotaVarachhaSplitHub_STV_PL,PH-ZO-SURSUR-11214344,expected,OPENED,26-09-2026 22:19,Ashvani Bhatt
27-09-2026,FMPC6532118995,MotaVarachhaSplitHub_STV_PL,PUREZA ENTERPRISE +919213432490,9b8c171c8a304c00,dispatched_to_mh,West,LMA,1.00E+11,#N/A,#N/A,MotherHub_STV,FM BRSNR,MotaVarachhaSplitHub_STV_PL,PH-ZO-SURSUR-11098720,expected,OPENED,27-09-2026 00:05,Ashvani Bhatt
27-09-2026,FMPP4300555802,MotaVarachhaSplitHub_STV_PL,BK TRADE +917359756861,619f48fad3ac4e9b,dispatched_to_mh,West,LMA,1.00E+11,#N/A,#N/A,MotherHub_STV,FM BRSNR,MotaVarachhaSplitHub_STV_PL,PH-ZO-SURSUR-11185511,expected,OPENED,26-09-2026 21:50,Ashvani Bhatt
27-09-2026,FMPP4300543741,MotaVarachhaSplitHub_STV_PL,BK TRADE +917359756861,619f48fad3ac4e9b,dispatched_to_mh,West,LMA,1.00E+11,#N/A,#N/A,MotherHub_STV,FM BRSNR,MotaVarachhaSplitHub_STV_PL,PH-B4-SURSUR-11185561,expected,OPENED,26-09-2026 21:51,Ashvani Bhatt
27-09-2026,FMPP4300049073,MotaVarachhaSplitHub_STV_PL,KHODAL CREATION +919054258684,35ea484246774fd9,dispatched_to_mh,West,LMA,1.00E+11,#N/A,#N/A,MotherHub_STV,FM BRSNR,MotaVarachhaSplitHub_STV_PL,PH-ZO-SURSUR-11098720,expected,OPENED,27-09-2026 00:05,Ashvani Bhatt
27-09-2026,FMPP4300699793,MotaVarachhaSplitHub_STV_PL,BK TRADE +917359756861,619f48fad3ac4e9b,dispatched_to_mh,West,LMA,1.00E+11,#N/A,#N/A,MotherHub_STV,FM BRSNR,MotaVarachhaSplitHub_STV_PL,PH-ZO-SURSUR-11185511,expected,OPENED,26-09-2026 21:50,Ashvani Bhatt
27-09-2026,FMPC6532510798,UttamNagarHub_DEL_PL,MD ENTERPRISES +919821268989,9b79e4cb945e45aa,dispatched_to_mh,North,LMA,1.00E+11,#N/A,#N/A,Motherhub_DIC,FM BRSNR,UttamNagarHub_DEL_PL,PH-B6-DELDIC-42202213,expected,OPENED,26-09-2026 23:40,Arvind Bansal (DNCR)
27-09-2026,FMPP4299974832,UttamNagarHub_DEL_PL,Laxmi Enterprises +917503654201,f0a802c14d55452e,received_at_mh,North,LMA,1.00E+11,WHEELEY,Shivank,Motherhub_DIC,FM BRSNR,UttamNagarHub_DEL_PL,PH-B4-DELDIC-41803102,expected,OPENED,26-09-2026 23:23,Arvind Bansal (DNCR)
27-09-2026,FMPC6532591878,MotaVarachhaSplitHub_STV_PL,BK TRADE +917359756861,619f48fad3ac4e9b,dispatched_to_mh,West,LMA,1.00E+11,#N/A,#N/A,MotherHub_STV,FM BRSNR,MotaVarachhaSplitHub_STV_PL,PH-ZO-SURSUR-11185511,expected,OPENED,26-09-2026 21:50,Ashvani Bhatt
27-09-2026,FMPP4299388704,UttamNagarHub_DEL_PL,Laxmi Enterprises +917503654201,f0a802c14d55452e,received_at_mh,North,LMA,1.00E+11,WHEELEY,Shivank,Motherhub_DIC,FM BRSNR,UttamNagarHub_DEL_PL,PH-B4-DELDIC-41803102,expected,OPENED,26-09-2026 23:23,Arvind Bansal (DNCR)
27-09-2026,FMPC6530101022,MotaVarachhaSplitHub_STV_PL,AKSHAR FASHION +918141960151,7dfb7b028ba04d63,dispatched_to_mh,West,LMA,1.00E+11,#N/A,#N/A,MotherHub_STV,FM BRSNR,MotaVarachhaSplitHub_STV_PL,PH-B4-SURSUR-11214328,expected,OPENED,26-09-2026 22:19,Ashvani Bhatt
27-09-2026,FMPC6528510661,MotaVarachhaSplitHub_STV_PL,SYNERGYX TRENDS PRIVATE LIMITED +919099925025,3e16084f68fb4e38,received_at_mh,West,LMA,1.00E+11,#N/A,#N/A,MotherHub_STV,FM BRSNR,MotaVarachhaSplitHub_STV_PL,PH-ZO-SURSUR-11212082,expected,OPENED,26-09-2026 22:10,Ashvani Bhatt
27-09-2026,FMPP4300083597,UttamNagarHub_DEL_PL,priyanshi Creations +918285642683,d6e773d005db40da,received_at_mh,North,LMA,1.00E+11,WHEELEY,Shivank,Motherhub_DIC,FM BRSNR,UttamNagarHub_DEL_PL,PH-B6-DELDIC-41803236,expected,OPENED,26-09-2026 23:24,Arvind Bansal (DNCR)
27-09-2026,FMPP4300604828,MotaVarachhaSplitHub_STV_PL,BK TRADE +917359756861,619f48fad3ac4e9b,dispatched_to_mh,West,LMA,1.00E+11,#N/A,#N/A,MotherHub_STV,FM BRSNR,MotaVarachhaSplitHub_STV_PL,PH-ZO-SURSUR-11185511,expected,OPENED,26-09-2026 21:50,Ashvani Bhatt
27-09-2026,FMPP4300121879,MotaVarachhaSplitHub_STV_PL,KASHTBHANJANDEV ENTERPRISE +918140507717,f98071c8bfab4fd4,received_at_seller,West,LMA,1.00E+11,#N/A,#N/A,MotherHub_STV,FM BRSNR,MotaVarachhaSplitHub_STV_PL,PH-ZO-SURSUR-11202029,expected,REACHED,26-09-2026 21:32,Ashvani Bhatt
27-09-2026,FMPC6527308770,UttamNagarHub_DEL_PL,Kahna Enterprises +917289026490,8ce5aca140284057,received_at_mh,North,LMA,1.00E+11,WHEELEY,Shivank,Motherhub_DIC,FM BRSNR,UttamNagarHub_DEL_PL,PH-B6-DELDIC-41856337,expected,OPENED,26-09-2026 23:26,Arvind Bansal (DNCR)
27-09-2026,FMPC6526581890,MotaVarachhaSplitHub_STV_PL,KATHIRIYA ENTERPRISE +917863043806,7b60d8f5080c46cd,dispatched_to_mh,West,LMA,1.00E+11,GAUTAMI ENTERPRISE,SANKARGURU,MotherHub_STV,FM BRSNR,MotaVarachhaSplitHub_STV_PL,PH-ZO-SURSUR-11041812,expected,OPENED,26-09-2026 22:44,Ashvani Bhatt
27-09-2026,FMPC6528826639,MotaVarachhaSplitHub_STV_PL,JAY KHODIYAR ENTERPRISE +917359057529,91a3e56abd444bad,dispatched_to_mh,West,LMA,1.00E+11,#N/A,#N/A,MotherHub_STV,FM BRSNR,MotaVarachhaSplitHub_STV_PL,PH-B4-SURSUR-11185771,expected,OPENED,27-09-2026 00:23,Ashvani Bhatt
27-09-2026,FMPC6532142825,MotaVarachhaSplitHub_STV_PL,PRIVA ENTERPRISE +917874388076,3dd9ac79f23242d2,received_at_mh,West,LMA,1.00E+11,#N/A,#N/A,MotherHub_STV,FM BRSNR,MotaVarachhaSplitHub_STV_PL,PH-ZO-SURSUR-11210866,expected,OPENED,27-09-2026 00:25,Ashvani Bhatt
27-09-2026,FMPC6532831715,MotaVarachhaSplitHub_STV_PL,BK TRADE +917359756861,619f48fad3ac4e9b,dispatched_to_mh,West,LMA,1.00E+11,#N/A,#N/A,MotherHub_STV,FM BRSNR,MotaVarachhaSplitHub_STV_PL,PH-ZO-SURSUR-11185511,expected,OPENED,26-09-2026 21:50,Ashvani Bhatt
27-09-2026,FMPP4300692699,MotaVarachhaSplitHub_STV_PL,BK TRADE +917359756861,619f48fad3ac4e9b,dispatched_to_mh,West,LMA,1.00E+11,#N/A,#N/A,MotherHub_STV,FM BRSNR,MotaVarachhaSplitHub_STV_PL,PH-B4-SURSUR-11185561,expected,OPENED,26-09-2026 21:51,Ashvani Bhatt
27-09-2026,FMPC6530887498,MotaVarachhaSplitHub_STV_PL,ELITE DENIM HOUSE +918238343128,7632599d61534b9d,dispatched_to_mh,West,LMA,1.00E+11,#N/A,#N/A,MotherHub_STV,FM BRSNR,MotaVarachhaSplitHub_STV_PL,PH-B4-SURSUR-11214134,expected,OPENED,26-09-2026 21:48,Ashvani Bhatt
27-09-2026,FMPC6530260548,MotaVarachhaSplitHub_STV_PL,Vaishnavi enterprise +917621034245,fd0562d6facf437f,dispatched_to_mh,West,LMA,1.00E+11,#N/A,#N/A,MotherHub_STV,FM BRSNR,MotaVarachhaSplitHub_STV_PL,PH-B4-SURSUR-11215380,expected,OPENED,26-09-2026 23:31,Ashvani Bhatt
27-09-2026,FMPC6526605975,MotaVarachhaSplitHub_STV_PL,POLARA VASANTBEN ASHOKBHAI +918733902215,f87cbc5693f14669,dispatched_to_mh,West,LMA,1.00E+11,Loadshare,Sunil VasantKoli,MotherHub_STV,FM BRSNR,MotaVarachhaSplitHub_STV_PL,PH-ZO-SURSUR-11050064,expected,OPENED,26-09-2026 21:48,Ashvani Bhatt
27-09-2026,FMPC6532572528,MotaVarachhaSplitHub_STV_PL,BK TRADE +917359756861,619f48fad3ac4e9b,dispatched_to_mh,West,LMA,1.00E+11,#N/A,#N/A,MotherHub_STV,FM BRSNR,MotaVarachhaSplitHub_STV_PL,PH-ZO-SURSUR-11185511,expected,OPENED,26-09-2026 21:50,Ashvani Bhatt
27-09-2026,FMPC6530262353,UttamNagarHub_DEL_PL,MEDILINK ENTERPRISES +919871076659,22a81c2d42f3402b,received_at_mh,North,LMA,1.00E+11,WHEELEY,Shivank,Motherhub_DIC,FM BRSNR,UttamNagarHub_DEL_PL,PH-B4-DELDIC-41803102,expected,OPENED,26-09-2026 23:23,Arvind Bansal (DNCR)
27-09-2026,FMPP4300350877,MotaVarachhaSplitHub_STV_PL,YAKSHIT ENTERPRISE +919316087503,c056d5be552544b9,dispatched_to_mh,West,LMA,1.00E+11,#N/A,#N/A,MotherHub_STV,FM BRSNR,MotaVarachhaSplitHub_STV_PL,PH-ZO-SURSUR-11181420,expected,OPENED,26-09-2026 21:51,Ashvani Bhatt
27-09-2026,FMPC6532475294,MotaVarachhaSplitHub_STV_PL,SYNERGYX TRENDS PRIVATE LIMITED +919099925025,3e16084f68fb4e38,received_at_mh,West,LMA,1.00E+11,#N/A,#N/A,MotherHub_STV,FM BRSNR,MotaVarachhaSplitHub_STV_PL,PH-B4-SURSUR-11212083,expected,OPENED,26-09-2026 22:06,Ashvani Bhatt
27-09-2026,FMPC6532260898,MotaVarachhaSplitHub_STV_PL,Rudra Enterprise +919428002132,de442607bc1e4c36,received_at_seller,West,LMA,1.00E+11,#N/A,#N/A,MotherHub_STV,FM BRSNR,MotaVarachhaSplitHub_STV_PL,PH-B4-SURSUR-11201709,expected,OPENED,26-09-2026 22:14,Ashvani Bhatt
27-09-2026,FMPP4299048314,MotaVarachhaSplitHub_STV_PL,ORENTA ENTERPRISE +918490945165,ed728de6e78c48e4,dispatched_to_mh,West,LMA,1.00E+11,#N/A,#N/A,MotherHub_STV,FM BRSNR,MotaVarachhaSplitHub_STV_PL,PH-B4-SURSUR-11157428,expected,OPENED,27-09-2026 00:03,Ashvani Bhatt
27-09-2026,FMPC6532375011,MotaVarachhaSplitHub_STV_PL,SYNERGYX TRENDS PRIVATE LIMITED +919099925025,3e16084f68fb4e38,received_at_mh,West,LMA,1.00E+11,#N/A,#N/A,MotherHub_STV,FM BRSNR,MotaVarachhaSplitHub_STV_PL,PH-ZO-SURSUR-11212082,expected,OPENED,26-09-2026 22:10,Ashvani Bhatt
27-09-2026,FMPP4300637288,MotaVarachhaSplitHub_STV_PL,BK TRADE +917359756861,619f48fad3ac4e9b,dispatched_to_mh,West,LMA,1.00E+11,#N/A,#N/A,MotherHub_STV,FM BRSNR,MotaVarachhaSplitHub_STV_PL,PH-ZO-SURSUR-11185511,expected,OPENED,26-09-2026 21:50,Ashvani Bhatt
27-09-2026,FMPP4300599073,MotaVarachhaSplitHub_STV_PL,BK TRADE +917359756861,619f48fad3ac4e9b,dispatched_to_mh,West,LMA,1.00E+11,#N/A,#N/A,MotherHub_STV,FM BRSNR,MotaVarachhaSplitHub_STV_PL,PH-ZO-SURSUR-11185511,expected,OPENED,26-09-2026 21:50,Ashvani Bhatt
27-09-2026,FMPC6532674850,MotaVarachhaSplitHub_STV_PL,BK TRADE +917359756861,619f48fad3ac4e9b,dispatched_to_mh,West,LMA,1.00E+11,#N/A,#N/A,MotherHub_STV,FM BRSNR,MotaVarachhaSplitHub_STV_PL,PH-ZO-SURSUR-11185511,expected,OPENED,26-09-2026 21:50,Ashvani Bhatt
27-09-2026,FMPC6531998663,MotaVarachhaSplitHub_STV_PL,ALPHA IMPEX +919974752152,2cf5e9757df94fcf,dispatched_to_mh,West,LMA,1.00E+11,#N/A,#N/A,MotherHub_STV,FM BRSNR,MotaVarachhaSplitHub_STV_PL,PH-ZO-SURSUR-11212081,expected,OPENED,26-09-2026 21:52,Ashvani Bhatt
27-09-2026,FMPP4300587891,MotaVarachhaSplitHub_STV_PL,BK TRADE +917359756861,619f48fad3ac4e9b,dispatched_to_mh,West,LMA,1.00E+11,#N/A,#N/A,MotherHub_STV,FM BRSNR,MotaVarachhaSplitHub_STV_PL,PH-ZO-SURSUR-11185511,expected,OPENED,26-09-2026 21:50,Ashvani Bhatt
27-09-2026,FMPP4300310372,MotaVarachhaSplitHub_STV_PL,SYNERGYX TRENDS PRIVATE LIMITED +919099925025,3e16084f68fb4e38,received_at_mh,West,LMA,1.00E+11,#N/A,#N/A,MotherHub_STV,FM BRSNR,MotaVarachhaSplitHub_STV_PL,PH-B4-SURSUR-11212083,expected,OPENED,26-09-2026 22:06,Ashvani Bhatt
27-09-2026,FMPP4300298788,MotaVarachhaSplitHub_STV_PL,Ashapura Enterprise +919904751342,f6bacdf4ab08404c,dispatched_to_mh,West,LMA,1.00E+11,#N/A,#N/A,MotherHub_STV,FM BRSNR,MotaVarachhaSplitHub_STV_PL,PH-B4-SURSUR-11210513,expected,OPENED,26-09-2026 22:45,Ashvani Bhatt
27-09-2026,FMPC6532807116,MotaVarachhaSplitHub_STV_PL,BK TRADE +917359756861,619f48fad3ac4e9b,dispatched_to_mh,West,LMA,1.00E+11,#N/A,#N/A,MotherHub_STV,FM BRSNR,MotaVarachhaSplitHub_STV_PL,PH-ZO-SURSUR-11185511,expected,OPENED,26-09-2026 21:50,Ashvani Bhatt
27-09-2026,FMPP4299985018,MotaVarachhaSplitHub_STV_PL,SHIV FASHION +916353706453,6802356d06594e24,dispatched_to_mh,West,LMA,1.00E+11,#N/A,#N/A,MotherHub_STV,FM BRSNR,MotaVarachhaSplitHub_STV_PL,PH-ZO-SURSUR-11214477,expected,OPENED,27-09-2026 00:23,Ashvani Bhatt
27-09-2026,FMPC6531807110,MotaVarachhaSplitHub_STV_PL,PUREZA ENTERPRISE +919213432490,9b8c171c8a304c00,dispatched_to_mh,West,LMA,1.00E+11,#N/A,#N/A,MotherHub_STV,FM BRSNR,MotaVarachhaSplitHub_STV_PL,PH-ZO-SURSUR-11098720,expected,OPENED,27-09-2026 00:05,Ashvani Bhatt
27-09-2026,FMPC6532693744,MotaVarachhaSplitHub_STV_PL,SWADESHI ENTERPRISE +919016582690,65c74c86c75043c3,dispatched_to_mh,West,LMA,1.00E+11,Loadshare,Ashok SubhasMahajan,MotherHub_STV,FM BRSNR,MotaVarachhaSplitHub_STV_PL,PH-B4-SURSUR-11153765,expected,OPENED,27-09-2026 00:21,Ashvani Bhatt
27-09-2026,FMPP4300587791,MotaVarachhaSplitHub_STV_PL,BK TRADE +917359756861,619f48fad3ac4e9b,dispatched_to_mh,West,LMA,1.00E+11,#N/A,#N/A,MotherHub_STV,FM BRSNR,MotaVarachhaSplitHub_STV_PL,PH-ZO-SURSUR-11185511,expected,OPENED,26-09-2026 21:50,Ashvani Bhatt
27-09-2026,FMPP4300617520,MotaVarachhaSplitHub_STV_PL,BK TRADE +917359756861,619f48fad3ac4e9b,dispatched_to_mh,West,LMA,1.00E+11,#N/A,#N/A,MotherHub_STV,FM BRSNR,MotaVarachhaSplitHub_STV_PL,PH-B4-SURSUR-11185561,expected,OPENED,26-09-2026 21:51,Ashvani Bhatt
27-09-2026,FMPC6533141699,MotaVarachhaSplitHub_STV_PL,ANOM Kart +919870041215,e5e7cd8464ea4e9e,received_at_mh,West,LMA,1.00E+11,Loadshare,Sunil VasantKoli,MotherHub_STV,FM BRSNR,MotaVarachhaSplitHub_STV_PL,PH-B4-SURSUR-11050048,expected,OPENED,26-09-2026 22:16,Ashvani Bhatt
27-09-2026,FMPC6531677303,MotaVarachhaSplitHub_STV_PL,MONI ENTERPRISE +919723798873,566b7e89c8774ed6,received_at_mh,West,LMA,1.00E+11,#N/A,#N/A,MotherHub_STV,FM BRSNR,MotaVarachhaSplitHub_STV_PL,PH-B4-SURSUR-11184351,expected,OPENED,26-09-2026 21:53,Ashvani Bhatt
27-09-2026,FMPC6532595728,MotaVarachhaSplitHub_STV_PL,BK TRADE +917359756861,619f48fad3ac4e9b,dispatched_to_mh,West,LMA,1.00E+11,#N/A,#N/A,MotherHub_STV,FM BRSNR,MotaVarachhaSplitHub_STV_PL,PH-B4-SURSUR-11185561,expected,OPENED,26-09-2026 21:51,Ashvani Bhatt
27-09-2026,FMPC6530962288,SaroliHubSplit_STV_PL,C.K.CORPORATION +919979971455,e2869fe8c9444ee9,received_at_mh,West,TRUEFLEX,740680,TRUEFLEX,AmulVishwakarma,MotherHub_STV,FM BRSNR,SaroliHubSplit_STV_PL,PH-ZO-SURSUR-1128654,expected,OPENED,26-09-2026 22:08,Ashvani Bhatt
27-09-2026,FMPC6530647866,SaroliHubSplit_STV_PL,C.K.CORPORATION +919979971455,e2869fe8c9444ee9,received_at_mh,West,TRUEFLEX,740680,TRUEFLEX,AmulVishwakarma,MotherHub_STV,FM BRSNR,SaroliHubSplit_STV_PL,PH-ZO-SURSUR-1128654,expected,OPENED,26-09-2026 22:08,Ashvani Bhatt
27-09-2026,FMPC6530664988,SaroliHubSplit_STV_PL,C.K.CORPORATION +919979971455,e2869fe8c9444ee9,received_at_mh,West,TRUEFLEX,740680,TRUEFLEX,AmulVishwakarma,MotherHub_STV,FM BRSNR,SaroliHubSplit_STV_PL,PH-ZO-SURSUR-1128654,expected,OPENED,26-09-2026 22:08,Ashvani Bhatt
27-09-2026,FMPC6531505330,SaroliHubSplit_STV_PL,D.FASHION +919687980998,35ff8f0daec2498d,dispatched_to_mh,West,LMA,1.00E+11,Vxpress,MuzammilKhan,MotherHub_STV,FM BRSNR,SaroliHubSplit_STV_PL,PH-B4-SURSUR-11154097,expected,OPENED,27-09-2026 00:17,Ashvani Bhatt
27-09-2026,FMPC6531711077,SaroliHubSplit_STV_PL,ESKIA +919913955733,ae9c57fd33644536,dispatched_to_mh,West,LMA,1.00E+11,COMMERSHIP SERVICES LLP,PramodPatil,MotherHub_STV,FM BRSNR,SaroliHubSplit_STV_PL,PH-ZO-SURSUR-11178290,expected,REACHED,26-09-2026 21:28,Ashvani Bhatt
27-09-2026,FMPP4299572811,SaroliHubSplit_STV_PL,OSHO ENTERPRISE +917096965142,f634ba6890a84079,dispatched_to_mh,West,LMA,1.00E+11,PROBITY LOGISTICS PRIVATE LIMITED,Rahemat NiyamatDeshmukh,MotherHub_STV,FM BRSNR,SaroliHubSplit_STV_PL,PH-ZO-SURBTS-25698108,expected,OPENED,27-09-2026 04:08,Ashvani Bhatt
27-09-2026,FMPC6530675149,SaroliHubSplit_STV_PL,C.K.CORPORATION +919979971455,e2869fe8c9444ee9,received_at_mh,West,TRUEFLEX,740680,TRUEFLEX,AmulVishwakarma,MotherHub_STV,FM BRSNR,SaroliHubSplit_STV_PL,PH-ZO-SURSUR-1128654,expected,OPENED,26-09-2026 22:08,Ashvani Bhatt
27-09-2026,FMPC6532755194,SaroliHubSplit_STV_PL,PINKVILLA +919265779236,e7940dc0735c489b,received_at_mh,West,LMA,1.00E+11,#N/A,#N/A,MotherHub_STV,FM BRSNR,SaroliHubSplit_STV_PL,PH-B4-SURSUR-11175929,expected,OPENED,26-09-2026 23:41,Ashvani Bhatt
27-09-2026,FMPC6533012724,VasundharaHub_DEL_PL,twinzkart private limited +917856869897,896c6e006e83494c,dispatched_to_mh,North,LMA,1.00E+11,WHEELEY,VivekShukla,Motherhub_DIC,FM BRSNR,VasundharaHub_DEL_PL,PH-B6-DELDIC-42188125,expected,OPENED,27-09-2026 00:30,Arvind Bansal (DNCR)
27-09-2026,FMPC6530637194,SaroliHubSplit_STV_PL,C.K.CORPORATION +919979971455,e2869fe8c9444ee9,received_at_mh,West,TRUEFLEX,740680,TRUEFLEX,AmulVishwakarma,MotherHub_STV,FM BRSNR,SaroliHubSplit_STV_PL,PH-ZO-SURSUR-1128654,expected,OPENED,26-09-2026 22:08,Ashvani Bhatt
27-09-2026,FMPC6532038925,SaroliHubSplit_STV_PL,PINEAPPLE IMPEX +918849087304,401a752f3bbb4660,received_at_mh,West,LMA,1.00E+11,#N/A,#N/A,MotherHub_STV,FM BRSNR,SaroliHubSplit_STV_PL,PH-ZO-SURSUR-11184794,expected,OPENED,26-09-2026 23:44,Ashvani Bhatt
27-09-2026,FMPC6530657957,SaroliHubSplit_STV_PL,C.K.CORPORATION +919979971455,e2869fe8c9444ee9,received_at_mh,West,TRUEFLEX,740680,TRUEFLEX,AmulVishwakarma,MotherHub_STV,FM BRSNR,SaroliHubSplit_STV_PL,PH-ZO-SURSUR-1128654,expected,OPENED,26-09-2026 22:08,Ashvani Bhatt
27-09-2026,FMPC6530946212,SaroliHubSplit_STV_PL,SHREE KHODAL KRUPA +917096515811,31a46b98c9e64461,dispatched_to_mh,West,LMA,1.00E+11,Vxpress,Pathan AveshKhan,MotherHub_STV,FM BRSNR,SaroliHubSplit_STV_PL,PH-ZO-SURSUR-11183208,expected,OPENED,27-09-2026 00:00,Ashvani Bhatt
27-09-2026,FMPC6530668229,SaroliHubSplit_STV_PL,C.K.CORPORATION +919979971455,e2869fe8c9444ee9,received_at_mh,West,TRUEFLEX,740680,TRUEFLEX,AmulVishwakarma,MotherHub_STV,FM BRSNR,SaroliHubSplit_STV_PL,PH-ZO-SURSUR-1128654,expected,OPENED,26-09-2026 22:08,Ashvani Bhatt
27-09-2026,FMPC6530648070,SaroliHubSplit_STV_PL,C.K.CORPORATION +919979971455,e2869fe8c9444ee9,received_at_mh,West,TRUEFLEX,740680,TRUEFLEX,AmulVishwakarma,MotherHub_STV,FM BRSNR,SaroliHubSplit_STV_PL,PH-ZO-SURSUR-1128654,expected,OPENED,26-09-2026 22:08,Ashvani Bhatt
27-09-2026,FMPC6530675198,SaroliHubSplit_STV_PL,C.K.CORPORATION +919979971455,e2869fe8c9444ee9,received_at_mh,West,TRUEFLEX,740680,TRUEFLEX,AmulVishwakarma,MotherHub_STV,FM BRSNR,SaroliHubSplit_STV_PL,PH-ZO-SURSUR-1128654,expected,OPENED,26-09-2026 22:08,Ashvani Bhatt
27-09-2026,FMPC6530706046,SaroliHubSplit_STV_PL,C.K.CORPORATION +919979971455,e2869fe8c9444ee9,received_at_mh,West,TRUEFLEX,740680,TRUEFLEX,AmulVishwakarma,MotherHub_STV,FM BRSNR,SaroliHubSplit_STV_PL,PH-ZO-SURSUR-1128654,expected,OPENED,26-09-2026 22:08,Ashvani Bhatt
27-09-2026,FMPC6530568682,SaroliHubSplit_STV_PL,JAY KHODAL ENTERPRISE +919925191802,9ea240320af44f39,dispatched_to_mh,West,LMA,1.00E+11,Vxpress,MuzammilKhan,MotherHub_STV,FM BRSNR,SaroliHubSplit_STV_PL,PH-B4-SURSUR-11154097,expected,OPENED,27-09-2026 00:17,Ashvani Bhatt
27-09-2026,FMPC6530649998,SaroliHubSplit_STV_PL,C.K.CORPORATION +919979971455,e2869fe8c9444ee9,received_at_mh,West,TRUEFLEX,740680,TRUEFLEX,AmulVishwakarma,MotherHub_STV,FM BRSNR,SaroliHubSplit_STV_PL,PH-ZO-SURSUR-1128654,expected,OPENED,26-09-2026 22:08,Ashvani Bhatt
27-09-2026,FMPC6530959575,SaroliHubSplit_STV_PL,C.K.CORPORATION +919979971455,e2869fe8c9444ee9,received_at_mh,West,TRUEFLEX,740680,TRUEFLEX,AmulVishwakarma,MotherHub_STV,FM BRSNR,SaroliHubSplit_STV_PL,PH-ZO-SURSUR-1128654,expected,OPENED,26-09-2026 22:08,Ashvani Bhatt
27-09-2026,FMPC6530645420,SaroliHubSplit_STV_PL,C.K.CORPORATION +919979971455,e2869fe8c9444ee9,received_at_mh,West,TRUEFLEX,740680,TRUEFLEX,AmulVishwakarma,MotherHub_STV,FM BRSNR,SaroliHubSplit_STV_PL,PH-ZO-SURSUR-1128654,expected,OPENED,26-09-2026 22:08,Ashvani Bhatt
27-09-2026,FMPC6531447363,VasundharaHub_DEL_PL,SSS SCULPTURE +919873240146,37ed035ade0b4b77,received_at_mh,North,TRUEFLEX,590011,TRUEFLEX,SumitKumar,Motherhub_DIC,FM BRSNR,VasundharaHub_DEL_PL,PH-B4-DELDIC-42213299,expected,OPENED,27-09-2026 00:16,Arvind Bansal (DNCR)
27-09-2026,FMPC6531416333,VasundharaHub_DEL_PL,RUDRA ENTERPRISES +919711118281,f078d7453c8a4bfb,dispatched_to_mh,North,LMA,1.00E+11,WHEELEY,VivekShukla,Motherhub_DIC,FM BRSNR,VasundharaHub_DEL_PL,PH-B1-DELDIC-41541778,expected,OPENED,27-09-2026 00:14,Arvind Bansal (DNCR)
27-09-2026,FMPC6530650088,SaroliHubSplit_STV_PL,C.K.CORPORATION +919979971455,e2869fe8c9444ee9,received_at_mh,West,TRUEFLEX,740680,TRUEFLEX,AmulVishwakarma,MotherHub_STV,FM BRSNR,SaroliHubSplit_STV_PL,PH-ZO-SURSUR-1128654,expected,OPENED,26-09-2026 22:08,Ashvani Bhatt
27-09-2026,FMPP4300156408,VasundharaHub_DEL_PL,DEEPAK TRADERS +917992271993,c64ebc14be6649a9,received_at_mh,North,TRUEFLEX,603266,TRUEFLEX,Raj KumarYadav,Motherhub_DIC,FM BRSNR,VasundharaHub_DEL_PL,PH-B6-DELDIC-41641427,expected,OPENED,26-09-2026 22:23,Arvind Bansal (DNCR)
27-09-2026,FMPP4299261196,SaroliHubSplit_STV_PL,C.K.CORPORATION +919979971455,e2869fe8c9444ee9,received_at_mh,West,TRUEFLEX,740680,TRUEFLEX,AmulVishwakarma,MotherHub_STV,FM BRSNR,SaroliHubSplit_STV_PL,PH-ZO-SURSUR-1128654,expected,OPENED,26-09-2026 22:08,Ashvani Bhatt
27-09-2026,FMPC6530341619,SaroliHubSplit_STV_PL,C.K.CORPORATION +919979971455,e2869fe8c9444ee9,received_at_mh,West,TRUEFLEX,740680,TRUEFLEX,AmulVishwakarma,MotherHub_STV,FM BRSNR,SaroliHubSplit_STV_PL,PH-ZO-SURSUR-1128654,expected,OPENED,26-09-2026 22:08,Ashvani Bhatt
27-09-2026,FMPC6530649968,SaroliHubSplit_STV_PL,C.K.CORPORATION +919979971455,e2869fe8c9444ee9,received_at_mh,West,TRUEFLEX,740680,TRUEFLEX,AmulVishwakarma,MotherHub_STV,FM BRSNR,SaroliHubSplit_STV_PL,PH-ZO-SURSUR-1128654,expected,OPENED,26-09-2026 22:08,Ashvani Bhatt
27-09-2026,FMPC6530684290,SaroliHubSplit_STV_PL,C.K.CORPORATION +919979971455,e2869fe8c9444ee9,received_at_mh,West,TRUEFLEX,740680,TRUEFLEX,AmulVishwakarma,MotherHub_STV,FM BRSNR,SaroliHubSplit_STV_PL,PH-ZO-SURSUR-1128654,expected,OPENED,26-09-2026 22:08,Ashvani Bhatt
27-09-2026,FMPP4300846361,SaroliHubSplit_STV_PL,DIVKESH ENTERPRISE +918733075566,0d073a58e3b74860,dispatched_to_mh,West,LMA,1.00E+11,Vxpress,ManishNowal,MotherHub_STV,FM BRSNR,SaroliHubSplit_STV_PL,PH-ZO-SURSUR-11128423,expected,OPENED,27-09-2026 00:10,Ashvani Bhatt
27-09-2026,FMPP4300651432,SaroliHubSplit_STV_PL,PINKVILLA +919265779236,e7940dc0735c489b,received_at_mh,West,LMA,1.00E+11,#N/A,#N/A,MotherHub_STV,FM BRSNR,SaroliHubSplit_STV_PL,PH-ZO-SURSUR-11184794,expected,OPENED,26-09-2026 23:44,Ashvani Bhatt
27-09-2026,FMPC6530655091,SaroliHubSplit_STV_PL,C.K.CORPORATION +919979971455,e2869fe8c9444ee9,received_at_mh,West,TRUEFLEX,740680,TRUEFLEX,AmulVishwakarma,MotherHub_STV,FM BRSNR,SaroliHubSplit_STV_PL,PH-ZO-SURSUR-1128654,expected,OPENED,26-09-2026 22:08,Ashvani Bhatt
27-09-2026,FMPC6530646299,SaroliHubSplit_STV_PL,C.K.CORPORATION +919979971455,e2869fe8c9444ee9,received_at_mh,West,TRUEFLEX,740680,TRUEFLEX,AmulVishwakarma,MotherHub_STV,FM BRSNR,SaroliHubSplit_STV_PL,PH-ZO-SURSUR-1128654,expected,OPENED,26-09-2026 22:08,Ashvani Bhatt
27-09-2026,FMPP4298922581,SaroliHubSplit_STV_PL,PRABHAS FASHION +919081782163,c031220f91a9452e,dispatched_to_mh,West,LMA,1.00E+11,#N/A,#N/A,MotherHub_STV,FM BRSNR,SaroliHubSplit_STV_PL,PH-ZO-SURSUR-11047293,expected,OPENED,26-09-2026 23:56,Ashvani Bhatt
27-09-2026,FMPC6533536708,VasundharaHub_DEL_PL,SARN Enterprises +918851298733,c429df3994e0404a,received_at_mh,North,LMA,1.00E+11,WHEELEY,ArunKumar,Motherhub_DIC,FM BRSNR,VasundharaHub_DEL_PL,PH-B4-DELDIC-42149006,expected,OPENED,27-09-2026 00:24,Arvind Bansal (DNCR)
27-09-2026,FMPP4299254596,SaroliHubSplit_STV_PL,C.K.CORPORATION +919979971455,e2869fe8c9444ee9,received_at_mh,West,TRUEFLEX,740680,TRUEFLEX,AmulVishwakarma,MotherHub_STV,FM BRSNR,SaroliHubSplit_STV_PL,PH-ZO-SURSUR-1128654,expected,OPENED,26-09-2026 22:08,Ashvani Bhatt
27-09-2026,FMPP4300247451,SaroliHubSplit_STV_PL,MAHARLIKA +918302334297,da8bf7747c584249,dispatched_to_mh,West,LMA,1.00E+11,Loadshare,Prajapati PremRakeshbhai,MotherHub_STV,FM BRSNR,SaroliHubSplit_STV_PL,PH-B4-SURSUR-11184881,expected,OPENED,26-09-2026 23:57,Ashvani Bhatt
27-09-2026,FMPC6530665838,SaroliHubSplit_STV_PL,C.K.CORPORATION +919979971455,e2869fe8c9444ee9,received_at_mh,West,TRUEFLEX,740680,TRUEFLEX,AmulVishwakarma,MotherHub_STV,FM BRSNR,SaroliHubSplit_STV_PL,PH-ZO-SURSUR-1128654,expected,OPENED,26-09-2026 22:08,Ashvani Bhatt
27-09-2026,FMPC6530665833,SaroliHubSplit_STV_PL,C.K.CORPORATION +919979971455,e2869fe8c9444ee9,received_at_mh,West,TRUEFLEX,740680,TRUEFLEX,AmulVishwakarma,MotherHub_STV,FM BRSNR,SaroliHubSplit_STV_PL,PH-ZO-SURSUR-1128654,expected,OPENED,26-09-2026 22:08,Ashvani Bhatt
27-09-2026,FMPC6531011419,SaroliHubSplit_STV_PL,C.K.CORPORATION +919979971455,e2869fe8c9444ee9,received_at_mh,West,TRUEFLEX,740680,TRUEFLEX,AmulVishwakarma,MotherHub_STV,FM BRSNR,SaroliHubSplit_STV_PL,PH-ZO-SURSUR-1128654,expected,OPENED,26-09-2026 22:08,Ashvani Bhatt
27-09-2026,FMPC6532984857,VasundharaHub_DEL_PL,CallSmith India +919717884899,89099967d6b44a9e,received_at_mh,North,LMA,1.00E+11,WHEELEY,ArunKumar,Motherhub_DIC,FM BRSNR,VasundharaHub_DEL_PL,PH-B4-DELDIC-42149006,expected,OPENED,27-09-2026 00:24,Arvind Bansal (DNCR)
27-09-2026,FMPC6532571515,SaroliHubSplit_STV_PL,PINKVILLA +919265779236,e7940dc0735c489b,received_at_mh,West,LMA,1.00E+11,#N/A,#N/A,MotherHub_STV,FM BRSNR,SaroliHubSplit_STV_PL,PH-B4-SURSUR-11175929,expected,OPENED,26-09-2026 23:41,Ashvani Bhatt
27-09-2026,FMPP4299274204,SaroliHubSplit_STV_PL,C.K.CORPORATION +919979971455,e2869fe8c9444ee9,received_at_mh,West,TRUEFLEX,740680,TRUEFLEX,AmulVishwakarma,MotherHub_STV,FM BRSNR,SaroliHubSplit_STV_PL,PH-ZO-SURSUR-1128654,expected,OPENED,26-09-2026 22:08,Ashvani Bhatt
27-09-2026,FMPC6530317492,VasundharaHub_DEL_PL,SYMKARD +918375067329,f5c429fd6ee54f9d,dispatched_to_mh,North,TRUEFLEX,590011,TRUEFLEX,SumitKumar,Motherhub_DIC,FM BRSNR,VasundharaHub_DEL_PL,PH-B1-DELDIC-42046673,expected,OPENED,27-09-2026 00:31,Arvind Bansal (DNCR)
27-09-2026,FMPC6532461450,VasundharaHub_DEL_PL,SKIN BEAUTY +918595211620,f5b7fa2302e54790,received_at_mh,North,LMA,1.00E+11,WHEELEY,ArunKumar,Motherhub_DIC,FM BRSNR,VasundharaHub_DEL_PL,PH-B4-DELDIC-42149006,expected,OPENED,27-09-2026 00:24,Arvind Bansal (DNCR)
27-09-2026,FMPC6530669524,SaroliHubSplit_STV_PL,C.K.CORPORATION +919979971455,e2869fe8c9444ee9,received_at_mh,West,TRUEFLEX,740680,TRUEFLEX,AmulVishwakarma,MotherHub_STV,FM BRSNR,SaroliHubSplit_STV_PL,PH-ZO-SURSUR-1128654,expected,OPENED,26-09-2026 22:08,Ashvani Bhatt
27-09-2026,FMPC6530660507,SaroliHubSplit_STV_PL,C.K.CORPORATION +919979971455,e2869fe8c9444ee9,received_at_mh,West,TRUEFLEX,740680,TRUEFLEX,AmulVishwakarma,MotherHub_STV,FM BRSNR,SaroliHubSplit_STV_PL,PH-ZO-SURSUR-1128654,expected,OPENED,26-09-2026 22:08,Ashvani Bhatt
27-09-2026,FMPC6530654246,SaroliHubSplit_STV_PL,C.K.CORPORATION +919979971455,e2869fe8c9444ee9,received_at_mh,West,TRUEFLEX,740680,TRUEFLEX,AmulVishwakarma,MotherHub_STV,FM BRSNR,SaroliHubSplit_STV_PL,PH-ZO-SURSUR-1128654,expected,OPENED,26-09-2026 22:08,Ashvani Bhatt
27-09-2026,FMPP4299259645,SaroliHubSplit_STV_PL,C.K.CORPORATION +919979971455,e2869fe8c9444ee9,received_at_mh,West,TRUEFLEX,740680,TRUEFLEX,AmulVishwakarma,MotherHub_STV,FM BRSNR,SaroliHubSplit_STV_PL,PH-ZO-SURSUR-1128654,expected,OPENED,26-09-2026 22:08,Ashvani Bhatt
27-09-2026,FMPC6529984772,SaroliHubSplit_STV_PL,PRABHAS FASHION +919081782163,c031220f91a9452e,dispatched_to_mh,West,LMA,1.00E+11,#N/A,#N/A,MotherHub_STV,FM BRSNR,SaroliHubSplit_STV_PL,PH-ZO-SURSUR-11047293,expected,OPENED,26-09-2026 23:56,Ashvani Bhatt
27-09-2026,FMPP4299252555,SaroliHubSplit_STV_PL,C.K.CORPORATION +919979971455,e2869fe8c9444ee9,received_at_mh,West,TRUEFLEX,740680,TRUEFLEX,AmulVishwakarma,MotherHub_STV,FM BRSNR,SaroliHubSplit_STV_PL,PH-ZO-SURSUR-1128654,expected,OPENED,26-09-2026 22:08,Ashvani Bhatt
27-09-2026,FMPC6533699935,VasundharaHub_DEL_PL,SKIN BEAUTY +918595211620,f5b7fa2302e54790,received_at_mh,North,LMA,1.00E+11,WHEELEY,ArunKumar,Motherhub_DIC,FM BRSNR,VasundharaHub_DEL_PL,PH-B4-DELDIC-42149006,expected,OPENED,27-09-2026 00:24,Arvind Bansal (DNCR)
27-09-2026,FMPC6530658759,SaroliHubSplit_STV_PL,C.K.CORPORATION +919979971455,e2869fe8c9444ee9,received_at_mh,West,TRUEFLEX,740680,TRUEFLEX,AmulVishwakarma,MotherHub_STV,FM BRSNR,SaroliHubSplit_STV_PL,PH-ZO-SURSUR-1128654,expected,OPENED,26-09-2026 22:08,Ashvani Bhatt
27-09-2026,FMPC6530728034,SaroliHubSplit_STV_PL,C.K.CORPORATION +919979971455,e2869fe8c9444ee9,received_at_mh,West,TRUEFLEX,740680,TRUEFLEX,AmulVishwakarma,MotherHub_STV,FM BRSNR,SaroliHubSplit_STV_PL,PH-ZO-SURSUR-1128654,expected,OPENED,26-09-2026 22:08,Ashvani Bhatt
27-09-2026,FMPC6531157890,SaroliHubSplit_STV_PL,ELIGENT ENTERPRISE +919313840762,4dc367af06c24faf,dispatched_to_mh,West,LMA,1.00E+11,COMMERSHIP SERVICES LLP,PramodPatil,MotherHub_STV,FM BRSNR,SaroliHubSplit_STV_PL,PH-B4-SURSUR-11199608,expected,OPENED,26-09-2026 22:26,Ashvani Bhatt
27-09-2026,FMPP4300450624,VasundharaHub_DEL_PL,SATHI BOOK DISTRIBUTORS +918745955442,e141da9c9107488f,dispatched_to_mh,North,TRUEFLEX,594526,TRUEFLEX,ArunKumar,Motherhub_DIC,FM BRSNR,VasundharaHub_DEL_PL,PH-B6-DELDIC-42174688,expected,OPENED,26-09-2026 22:22,Arvind Bansal (DNCR)
27-09-2026,FMPP4299255428,SaroliHubSplit_STV_PL,C.K.CORPORATION +919979971455,e2869fe8c9444ee9,received_at_mh,West,TRUEFLEX,740680,TRUEFLEX,AmulVishwakarma,MotherHub_STV,FM BRSNR,SaroliHubSplit_STV_PL,PH-ZO-SURSUR-1128654,expected,OPENED,26-09-2026 22:08,Ashvani Bhatt
27-09-2026,FMPC6530637803,SaroliHubSplit_STV_PL,C.K.CORPORATION +919979971455,e2869fe8c9444ee9,received_at_mh,West,TRUEFLEX,740680,TRUEFLEX,AmulVishwakarma,MotherHub_STV,FM BRSNR,SaroliHubSplit_STV_PL,PH-ZO-SURSUR-1128654,expected,OPENED,26-09-2026 22:08,Ashvani Bhatt
27-09-2026,FMPC6530656646,SaroliHubSplit_STV_PL,C.K.CORPORATION +919979971455,e2869fe8c9444ee9,received_at_mh,West,TRUEFLEX,740680,TRUEFLEX,AmulVishwakarma,MotherHub_STV,FM BRSNR,SaroliHubSplit_STV_PL,PH-ZO-SURSUR-1128654,expected,OPENED,26-09-2026 22:08,Ashvani Bhatt
27-09-2026,FMPC6530650806,SaroliHubSplit_STV_PL,C.K.CORPORATION +919979971455,e2869fe8c9444ee9,received_at_mh,West,TRUEFLEX,740680,TRUEFLEX,AmulVishwakarma,MotherHub_STV,FM BRSNR,SaroliHubSplit_STV_PL,PH-ZO-SURSUR-1128654,expected,OPENED,26-09-2026 22:08,Ashvani Bhatt
27-09-2026,FMPC6530649152,SaroliHubSplit_STV_PL,C.K.CORPORATION +919979971455,e2869fe8c9444ee9,received_at_mh,West,TRUEFLEX,740680,TRUEFLEX,AmulVishwakarma,MotherHub_STV,FM BRSNR,SaroliHubSplit_STV_PL,PH-ZO-SURSUR-1128654,expected,OPENED,26-09-2026 22:08,Ashvani Bhatt
27-09-2026,FMPC6530116874,SaroliHubSplit_STV_PL,PRABHAS FASHION +919081782163,c031220f91a9452e,dispatched_to_mh,West,LMA,1.00E+11,#N/A,#N/A,MotherHub_STV,FM BRSNR,SaroliHubSplit_STV_PL,PH-ZO-SURSUR-11047293,expected,OPENED,26-09-2026 23:56,Ashvani Bhatt
27-09-2026,FMPC6530658774,SaroliHubSplit_STV_PL,C.K.CORPORATION +919979971455,e2869fe8c9444ee9,received_at_mh,West,TRUEFLEX,740680,TRUEFLEX,AmulVishwakarma,MotherHub_STV,FM BRSNR,SaroliHubSplit_STV_PL,PH-ZO-SURSUR-1128654,expected,OPENED,26-09-2026 22:08,Ashvani Bhatt
27-09-2026,FMPP4300878047,VasundharaHub_DEL_PL,SKIN BEAUTY +918595211620,f5b7fa2302e54790,received_at_mh,North,LMA,1.00E+11,WHEELEY,ArunKumar,Motherhub_DIC,FM BRSNR,VasundharaHub_DEL_PL,PH-B1-DELDIC-42148027,expected,OPENED,27-09-2026 00:25,Arvind Bansal (DNCR)
27-09-2026,FMPC6530660398,SaroliHubSplit_STV_PL,C.K.CORPORATION +919979971455,e2869fe8c9444ee9,received_at_mh,West,TRUEFLEX,740680,TRUEFLEX,AmulVishwakarma,MotherHub_STV,FM BRSNR,SaroliHubSplit_STV_PL,PH-ZO-SURSUR-1128654,expected,OPENED,26-09-2026 22:08,Ashvani Bhatt
27-09-2026,FMPP4299660503,SaroliHubSplit_STV_PL,C.K.CORPORATION +919979971455,e2869fe8c9444ee9,received_at_mh,West,TRUEFLEX,740680,TRUEFLEX,AmulVishwakarma,MotherHub_STV,FM BRSNR,SaroliHubSplit_STV_PL,PH-ZO-SURSUR-1128654,expected,OPENED,26-09-2026 22:08,Ashvani Bhatt
27-09-2026,FMPC6530650709,SaroliHubSplit_STV_PL,C.K.CORPORATION +919979971455,e2869fe8c9444ee9,received_at_mh,West,TRUEFLEX,740680,TRUEFLEX,AmulVishwakarma,MotherHub_STV,FM BRSNR,SaroliHubSplit_STV_PL,PH-ZO-SURSUR-1128654,expected,OPENED,26-09-2026 22:08,Ashvani Bhatt
27-09-2026,FMPC6530649964,SaroliHubSplit_STV_PL,C.K.CORPORATION +919979971455,e2869fe8c9444ee9,received_at_mh,West,TRUEFLEX,740680,TRUEFLEX,AmulVishwakarma,MotherHub_STV,FM BRSNR,SaroliHubSplit_STV_PL,PH-ZO-SURSUR-1128654,expected,OPENED,26-09-2026 22:08,Ashvani Bhatt
27-09-2026,FMPC6530613277,SaroliHubSplit_STV_PL,S S CREATION +917383030749,dac07d0ab0b1494f,dispatched_to_mh,West,LMA,1.00E+11,Loadshare,Meda JayeshbhaiVajesingbhai,MotherHub_STV,FM BRSNR,SaroliHubSplit_STV_PL,PH-ZO-SURSUR-11206424,expected,OPENED,26-09-2026 23:42,Ashvani Bhatt
27-09-2026,FMPC6530647101,SaroliHubSplit_STV_PL,C.K.CORPORATION +919979971455,e2869fe8c9444ee9,received_at_mh,West,TRUEFLEX,740680,TRUEFLEX,AmulVishwakarma,MotherHub_STV,FM BRSNR,SaroliHubSplit_STV_PL,PH-ZO-SURSUR-1128654,expected,OPENED,26-09-2026 22:08,Ashvani Bhatt
27-09-2026,FMPP4299249612,SaroliHubSplit_STV_PL,C.K.CORPORATION +919979971455,e2869fe8c9444ee9,received_at_mh,West,TRUEFLEX,740680,TRUEFLEX,AmulVishwakarma,MotherHub_STV,FM BRSNR,SaroliHubSplit_STV_PL,PH-ZO-SURSUR-1128654,expected,OPENED,26-09-2026 22:08,Ashvani Bhatt
27-09-2026,FMPC6530661393,SaroliHubSplit_STV_PL,C.K.CORPORATION +919979971455,e2869fe8c9444ee9,received_at_mh,West,TRUEFLEX,740680,TRUEFLEX,AmulVishwakarma,MotherHub_STV,FM BRSNR,SaroliHubSplit_STV_PL,PH-ZO-SURSUR-1128654,expected,OPENED,26-09-2026 22:08,Ashvani Bhatt
27-09-2026,FMPC6530527251,SaroliHubSplit_STV_PL,SHIVAM FASHION +919426704051,f5b281f8c1b240fd,dispatched_to_mh,West,LMA,1.00E+11,Vxpress,KiranRathod,MotherHub_STV,FM BRSNR,SaroliHubSplit_STV_PL,PH-ZO-SURSUR-11211837,expected,OPENED,26-09-2026 23:41,Ashvani Bhatt
27-09-2026,FMPC6530078653,VasundharaHub_DEL_PL,YADAV ENTERPRISE +917982778377,118774f51a5742db,dispatched_to_mh,North,LMA,1.00E+11,WHEELEY,ArunKumar,Motherhub_DIC,FM BRSNR,VasundharaHub_DEL_PL,PH-B6-DELDIC-42149178,expected,OPENED,27-09-2026 00:24,Arvind Bansal (DNCR)
27-09-2026,FMPC6530634593,SaroliHubSplit_STV_PL,C.K.CORPORATION +919979971455,e2869fe8c9444ee9,received_at_mh,West,TRUEFLEX,740680,TRUEFLEX,AmulVishwakarma,MotherHub_STV,FM BRSNR,SaroliHubSplit_STV_PL,PH-ZO-SURSUR-1128654,expected,OPENED,26-09-2026 22:08,Ashvani Bhatt
27-09-2026,FMPC6530651472,SaroliHubSplit_STV_PL,C.K.CORPORATION +919979971455,e2869fe8c9444ee9,received_at_mh,West,TRUEFLEX,740680,TRUEFLEX,AmulVishwakarma,MotherHub_STV,FM BRSNR,SaroliHubSplit_STV_PL,PH-ZO-SURSUR-1128654,expected,OPENED,26-09-2026 22:08,Ashvani Bhatt
27-09-2026,FMPC6532310838,VasundharaHub_DEL_PL,BALAJI ENTERPRISES +917815825404,75eefd9486164491,dispatched_to_mh,North,LMA,1.00E+11,WHEELEY,VivekShukla,Motherhub_DIC,FM BRSNR,VasundharaHub_DEL_PL,PH-B1-DELDIC-42187990,expected,OPENED,27-09-2026 00:27,Arvind Bansal (DNCR)
27-09-2026,FMPC6530114949,SaroliHubSplit_STV_PL,PRABHAS FASHION +919081782163,c031220f91a9452e,dispatched_to_mh,West,LMA,1.00E+11,#N/A,#N/A,MotherHub_STV,FM BRSNR,SaroliHubSplit_STV_PL,PH-ZO-SURSUR-11047293,expected,OPENED,26-09-2026 23:56,Ashvani Bhatt
27-09-2026,FMPC6530678361,SaroliHubSplit_STV_PL,C.K.CORPORATION +919979971455,e2869fe8c9444ee9,received_at_mh,West,TRUEFLEX,740680,TRUEFLEX,AmulVishwakarma,MotherHub_STV,FM BRSNR,SaroliHubSplit_STV_PL,PH-ZO-SURSUR-1128654,expected,OPENED,26-09-2026 22:08,Ashvani Bhatt
27-09-2026,FMPC6532054828,SaroliHubSplit_STV_PL,STYLE REMEET +919316292689,8626e05e988247db,dispatched_to_mh,West,LMA,1.00E+11,Vxpress,ManishNowal,MotherHub_STV,FM BRSNR,SaroliHubSplit_STV_PL,PH-ZO-SURSUR-10584206,expected,OPENED,27-09-2026 00:21,Ashvani Bhatt
27-09-2026,FMPC6532658624,SaroliHubSplit_STV_PL,C.K.CORPORATION +919979971455,e2869fe8c9444ee9,received_at_mh,West,TRUEFLEX,740680,TRUEFLEX,AmulVishwakarma,MotherHub_STV,FM BRSNR,SaroliHubSplit_STV_PL,PH-ZO-SURSUR-1128654,expected,OPENED,26-09-2026 22:08,Ashvani Bhatt
27-09-2026,FMPC6532091648,SaroliHubSplit_STV_PL,SHUBH ENTERPRISE +918849360737,fcb7a265bc944af0,dispatched_to_mh,West,LMA,1.00E+11,Vxpress,ManishNowal,MotherHub_STV,FM BRSNR,SaroliHubSplit_STV_PL,PH-ZO-SURSUR-10584206,expected,OPENED,27-09-2026 00:21,Ashvani Bhatt
27-09-2026,FMPP4299186264,SaroliHubSplit_STV_PL,C.K.CORPORATION +919979971455,e2869fe8c9444ee9,received_at_mh,West,TRUEFLEX,740680,TRUEFLEX,AmulVishwakarma,MotherHub_STV,FM BRSNR,SaroliHubSplit_STV_PL,PH-ZO-SURSUR-1128654,expected,OPENED,26-09-2026 22:08,Ashvani Bhatt
27-09-2026,FMPC6530699095,SaroliHubSplit_STV_PL,C.K.CORPORATION +919979971455,e2869fe8c9444ee9,received_at_mh,West,TRUEFLEX,740680,TRUEFLEX,AmulVishwakarma,MotherHub_STV,FM BRSNR,SaroliHubSplit_STV_PL,PH-ZO-SURSUR-1128654,expected,OPENED,26-09-2026 22:08,Ashvani Bhatt
27-09-2026,FMPC6531231530,VasundharaHub_DEL_PL,SKIN BEAUTY +918595211620,f5b7fa2302e54790,received_at_mh,North,LMA,1.00E+11,WHEELEY,ArunKumar,Motherhub_DIC,FM BRSNR,VasundharaHub_DEL_PL,PH-B1-DELDIC-42148027,expected,OPENED,27-09-2026 00:25,Arvind Bansal (DNCR)
27-09-2026,FMPC6532133162,SaroliHubSplit_STV_PL,KUBER NON WOVEN +919904645241,c6a37414556c430d,dispatched_to_mh,West,LMA,1.00E+11,Vxpress,Himanshu DasharatMore,MotherHub_STV,FM BRSNR,SaroliHubSplit_STV_PL,PH-ZO-SURSUR-11046103,expected,OPENED,27-09-2026 00:21,Ashvani Bhatt
27-09-2026,FMPP4299258037,SaroliHubSplit_STV_PL,C.K.CORPORATION +919979971455,e2869fe8c9444ee9,received_at_mh,West,TRUEFLEX,740680,TRUEFLEX,AmulVishwakarma,MotherHub_STV,FM BRSNR,SaroliHubSplit_STV_PL,PH-ZO-SURSUR-1128654,expected,OPENED,26-09-2026 22:08,Ashvani Bhatt
27-09-2026,FMPC6532115300,SaroliHubSplit_STV_PL,PINEAPPLE IMPEX +918849087304,401a752f3bbb4660,received_at_mh,West,LMA,1.00E+11,#N/A,#N/A,MotherHub_STV,FM BRSNR,SaroliHubSplit_STV_PL,PH-ZO-SURSUR-11184794,expected,OPENED,26-09-2026 23:44,Ashvani Bhatt
27-09-2026,FMPP4299252468,SaroliHubSplit_STV_PL,C.K.CORPORATION +919979971455,e2869fe8c9444ee9,received_at_mh,West,TRUEFLEX,740680,TRUEFLEX,AmulVishwakarma,MotherHub_STV,FM BRSNR,SaroliHubSplit_STV_PL,PH-ZO-SURSUR-1128654,expected,OPENED,26-09-2026 22:08,Ashvani Bhatt
27-09-2026,FMPC6530679659,SaroliHubSplit_STV_PL,C.K.CORPORATION +919979971455,e2869fe8c9444ee9,received_at_mh,West,TRUEFLEX,740680,TRUEFLEX,AmulVishwakarma,MotherHub_STV,FM BRSNR,SaroliHubSplit_STV_PL,PH-ZO-SURSUR-1128654,expected,OPENED,26-09-2026 22:08,Ashvani Bhatt
27-09-2026,FMPC6530650013,SaroliHubSplit_STV_PL,C.K.CORPORATION +919979971455,e2869fe8c9444ee9,received_at_mh,West,TRUEFLEX,740680,TRUEFLEX,AmulVishwakarma,MotherHub_STV,FM BRSNR,SaroliHubSplit_STV_PL,PH-ZO-SURSUR-1128654,expected,OPENED,26-09-2026 22:08,Ashvani Bhatt
27-09-2026,FMPC6530637895,SaroliHubSplit_STV_PL,C.K.CORPORATION +919979971455,e2869fe8c9444ee9,received_at_mh,West,TRUEFLEX,740680,TRUEFLEX,AmulVishwakarma,MotherHub_STV,FM BRSNR,SaroliHubSplit_STV_PL,PH-ZO-SURSUR-1128654,expected,OPENED,26-09-2026 22:08,Ashvani Bhatt
27-09-2026,FMPC6530636323,SaroliHubSplit_STV_PL,C.K.CORPORATION +919979971455,e2869fe8c9444ee9,received_at_mh,West,TRUEFLEX,740680,TRUEFLEX,AmulVishwakarma,MotherHub_STV,FM BRSNR,SaroliHubSplit_STV_PL,PH-ZO-SURSUR-1128654,expected,OPENED,26-09-2026 22:08,Ashvani Bhatt
27-09-2026,FMPC6531022736,VasundharaHub_DEL_PL,Crafted vibes +919599072834,1037747240e94138,received_at_mh,North,LMA,1.00E+11,#N/A,#N/A,Motherhub_DIC,FM BRSNR,VasundharaHub_DEL_PL,PH-B1-DELDIC-42176533,expected,OPENED,26-09-2026 22:31,Arvind Bansal (DNCR)
27-09-2026,FMPC6530668255,SaroliHubSplit_STV_PL,C.K.CORPORATION +919979971455,e2869fe8c9444ee9,received_at_mh,West,TRUEFLEX,740680,TRUEFLEX,AmulVishwakarma,MotherHub_STV,FM BRSNR,SaroliHubSplit_STV_PL,PH-ZO-SURSUR-1128654,expected,OPENED,26-09-2026 22:08,Ashvani Bhatt
27-09-2026,FMPC6530659748,SaroliHubSplit_STV_PL,C.K.CORPORATION +919979971455,e2869fe8c9444ee9,received_at_mh,West,TRUEFLEX,740680,TRUEFLEX,AmulVishwakarma,MotherHub_STV,FM BRSNR,SaroliHubSplit_STV_PL,PH-ZO-SURSUR-1128654,expected,OPENED,26-09-2026 22:08,Ashvani Bhatt
27-09-2026,FMPC6530633905,SaroliHubSplit_STV_PL,C.K.CORPORATION +919979971455,e2869fe8c9444ee9,received_at_mh,West,TRUEFLEX,740680,TRUEFLEX,AmulVishwakarma,MotherHub_STV,FM BRSNR,SaroliHubSplit_STV_PL,PH-ZO-SURSUR-1128654,expected,OPENED,26-09-2026 22:08,Ashvani Bhatt
27-09-2026,FMPC6531845850,SaroliHubSplit_STV_PL,MABJIBHAI BALUBHAI RANK (HUF) +919924332371,e19d8af86d1b435e,dispatched_to_mh,West,LMA,1.00E+11,Vxpress,ManishNowal,MotherHub_STV,FM BRSNR,SaroliHubSplit_STV_PL,PH-ZO-SURSUR-10542725,expected,OPENED,27-09-2026 00:17,Ashvani Bhatt
27-09-2026,FMPP4299251946,SaroliHubSplit_STV_PL,C.K.CORPORATION +919979971455,e2869fe8c9444ee9,received_at_mh,West,TRUEFLEX,740680,TRUEFLEX,AmulVishwakarma,MotherHub_STV,FM BRSNR,SaroliHubSplit_STV_PL,PH-ZO-SURSUR-1128654,expected,OPENED,26-09-2026 22:08,Ashvani Bhatt
27-09-2026,FMPC6533006558,VasundharaHub_DEL_PL,BALAJI ENTERPRISES +917815825404,75eefd9486164491,dispatched_to_mh,North,LMA,1.00E+11,WHEELEY,VivekShukla,Motherhub_DIC,FM BRSNR,VasundharaHub_DEL_PL,PH-B1-DELDIC-42187990,expected,OPENED,27-09-2026 00:27,Arvind Bansal (DNCR)
27-09-2026,FMPC6530679608,SaroliHubSplit_STV_PL,C.K.CORPORATION +919979971455,e2869fe8c9444ee9,received_at_mh,West,TRUEFLEX,740680,TRUEFLEX,AmulVishwakarma,MotherHub_STV,FM BRSNR,SaroliHubSplit_STV_PL,PH-ZO-SURSUR-1128654,expected,OPENED,26-09-2026 22:08,Ashvani Bhatt
27-09-2026,FMPC6530678992,SaroliHubSplit_STV_PL,C.K.CORPORATION +919979971455,e2869fe8c9444ee9,received_at_mh,West,TRUEFLEX,740680,TRUEFLEX,AmulVishwakarma,MotherHub_STV,FM BRSNR,SaroliHubSplit_STV_PL,PH-ZO-SURSUR-1128654,expected,OPENED,26-09-2026 22:08,Ashvani Bhatt
27-09-2026,FMPC6531223443,VasundharaHub_DEL_PL,Trending Fashions +919911712076,acde326201d348d0,dispatched_to_mh,North,TRUEFLEX,596062,TRUEFLEX,AnuragVerma,Motherhub_DIC,FM BRSNR,VasundharaHub_DEL_PL,PH-B1-DELDIC-42176692,expected,OPENED,26-09-2026 22:28,Arvind Bansal (DNCR)
27-09-2026,FMPC6531767090,VasundharaHub_DEL_PL,sanjay sharma +917982164057,c22a5a24f4014c67,dispatched_to_mh,North,LMA,1.00E+11,Vxpress,Gautam,Motherhub_DIC,FM BRSNR,VasundharaHub_DEL_PL,PH-B6-DELDIC-42189386,expected,OPENED,26-09-2026 22:14,Arvind Bansal (DNCR)
27-09-2026,FMPC6532590170,SaroliHubSplit_STV_PL,BLESTAA ESSENTIALS +918320722536,c886ca1b82a34341,dispatched_to_mh,West,TRUEFLEX,740680,TRUEFLEX,AmulVishwakarma,MotherHub_STV,FM BRSNR,SaroliHubSplit_STV_PL,PH-ZO-SURSUR-11186670,expected,OPENED,26-09-2026 21:39,Ashvani Bhatt
27-09-2026,FMPP4295712872,SaroliHubSplit_STV_PL,D.FASHION +919687980998,35ff8f0daec2498d,dispatched_to_mh,West,LMA,1.00E+11,Vxpress,MuzammilKhan,MotherHub_STV,FM BRSNR,SaroliHubSplit_STV_PL,PH-B4-SURSUR-11154097,expected,OPENED,27-09-2026 00:17,Ashvani Bhatt
27-09-2026,FMPC6530652399,SaroliHubSplit_STV_PL,C.K.CORPORATION +919979971455,e2869fe8c9444ee9,received_at_mh,West,TRUEFLEX,740680,TRUEFLEX,AmulVishwakarma,MotherHub_STV,FM BRSNR,SaroliHubSplit_STV_PL,PH-ZO-SURSUR-1128654,expected,OPENED,26-09-2026 22:08,Ashvani Bhatt
27-09-2026,FMPC6530659794,SaroliHubSplit_STV_PL,C.K.CORPORATION +919979971455,e2869fe8c9444ee9,received_at_mh,West,TRUEFLEX,740680,TRUEFLEX,AmulVishwakarma,MotherHub_STV,FM BRSNR,SaroliHubSplit_STV_PL,PH-ZO-SURSUR-1128654,expected,OPENED,26-09-2026 22:08,Ashvani Bhatt
27-09-2026,FMPP4299250180,SaroliHubSplit_STV_PL,C.K.CORPORATION +919979971455,e2869fe8c9444ee9,received_at_mh,West,TRUEFLEX,740680,TRUEFLEX,AmulVishwakarma,MotherHub_STV,FM BRSNR,SaroliHubSplit_STV_PL,PH-ZO-SURSUR-1128654,expected,OPENED,26-09-2026 22:08,Ashvani Bhatt
27-09-2026,FMPC6530627352,SaroliHubSplit_STV_PL,C.K.CORPORATION +919979971455,e2869fe8c9444ee9,received_at_mh,West,TRUEFLEX,740680,TRUEFLEX,AmulVishwakarma,MotherHub_STV,FM BRSNR,SaroliHubSplit_STV_PL,PH-ZO-SURSUR-1128654,expected,OPENED,26-09-2026 22:08,Ashvani Bhatt
27-09-2026,FMPC6530668594,SaroliHubSplit_STV_PL,C.K.CORPORATION +919979971455,e2869fe8c9444ee9,received_at_mh,West,TRUEFLEX,740680,TRUEFLEX,AmulVishwakarma,MotherHub_STV,FM BRSNR,SaroliHubSplit_STV_PL,PH-ZO-SURSUR-1128654,expected,OPENED,26-09-2026 22:08,Ashvani Bhatt
27-09-2026,FMPP4300783280,VasundharaHub_DEL_PL,BALAJI ENTERPRISES +917815825404,75eefd9486164491,dispatched_to_mh,North,LMA,1.00E+11,WHEELEY,VivekShukla,Motherhub_DIC,FM BRSNR,VasundharaHub_DEL_PL,PH-B1-DELDIC-42187990,expected,OPENED,27-09-2026 00:27,Arvind Bansal (DNCR)
27-09-2026,FMPC6530650674,SaroliHubSplit_STV_PL,C.K.CORPORATION +919979971455,e2869fe8c9444ee9,received_at_mh,West,TRUEFLEX,740680,TRUEFLEX,AmulVishwakarma,MotherHub_STV,FM BRSNR,SaroliHubSplit_STV_PL,PH-ZO-SURSUR-1128654,expected,OPENED,26-09-2026 22:08,Ashvani Bhatt
27-09-2026,FMPC6530649116,SaroliHubSplit_STV_PL,C.K.CORPORATION +919979971455,e2869fe8c9444ee9,received_at_mh,West,TRUEFLEX,740680,TRUEFLEX,AmulVishwakarma,MotherHub_STV,FM BRSNR,SaroliHubSplit_STV_PL,PH-ZO-SURSUR-1128654,expected,OPENED,26-09-2026 22:08,Ashvani Bhatt
27-09-2026,FMPP4299259160,SaroliHubSplit_STV_PL,C.K.CORPORATION +919979971455,e2869fe8c9444ee9,received_at_mh,West,TRUEFLEX,740680,TRUEFLEX,AmulVishwakarma,MotherHub_STV,FM BRSNR,SaroliHubSplit_STV_PL,PH-ZO-SURSUR-1128654,expected,OPENED,26-09-2026 22:08,Ashvani Bhatt
27-09-2026,FMPP4299256022,SaroliHubSplit_STV_PL,C.K.CORPORATION +919979971455,e2869fe8c9444ee9,received_at_mh,West,TRUEFLEX,740680,TRUEFLEX,AmulVishwakarma,MotherHub_STV,FM BRSNR,SaroliHubSplit_STV_PL,PH-ZO-SURSUR-1128654,expected,OPENED,26-09-2026 22:08,Ashvani Bhatt
27-09-2026,FMPP4299250034,SaroliHubSplit_STV_PL,C.K.CORPORATION +919979971455,e2869fe8c9444ee9,received_at_mh,West,TRUEFLEX,740680,TRUEFLEX,AmulVishwakarma,MotherHub_STV,FM BRSNR,SaroliHubSplit_STV_PL,PH-ZO-SURSUR-1128654,expected,OPENED,26-09-2026 22:08,Ashvani Bhatt
27-09-2026,FMPP4299256493,SaroliHubSplit_STV_PL,C.K.CORPORATION +919979971455,e2869fe8c9444ee9,received_at_mh,West,TRUEFLEX,740680,TRUEFLEX,AmulVishwakarma,MotherHub_STV,FM BRSNR,SaroliHubSplit_STV_PL,PH-ZO-SURSUR-1128654,expected,OPENED,26-09-2026 22:08,Ashvani Bhatt
27-09-2026,FMPC6531011774,SaroliHubSplit_STV_PL,BLESTAA ESSENTIALS +918320722536,c886ca1b82a34341,received_at_mh,West,TRUEFLEX,740680,TRUEFLEX,AmulVishwakarma,MotherHub_STV,FM BRSNR,SaroliHubSplit_STV_PL,PH-ZO-SURSUR-11201539,expected,OPENED,26-09-2026 21:41,Ashvani Bhatt
27-09-2026,FMPC6531926560,SaroliHubSplit_STV_PL,POONAM FASHION +919409132071,c3d83bfaa0f94463,received_at_mh,West,LMA,1.00E+11,Vxpress,KiranRathod,MotherHub_STV,FM BRSNR,SaroliHubSplit_STV_PL,PH-ZO-SURSUR-11211837,expected,OPENED,26-09-2026 23:41,Ashvani Bhatt
27-09-2026,FMPP4300269826,SaroliHubSplit_STV_PL,KUBER NON WOVEN +919904645241,c6a37414556c430d,dispatched_to_mh,West,LMA,1.00E+11,Vxpress,Himanshu DasharatMore,MotherHub_STV,FM BRSNR,SaroliHubSplit_STV_PL,PH-ZO-SURSUR-11046103,expected,OPENED,27-09-2026 00:21,Ashvani Bhatt
27-09-2026,FMPC6532804764,SaroliHubSplit_STV_PL,Mikhu Shop +919408700455,e5c6376bb36e45c9,dispatched_to_mh,West,LMA,1.00E+11,Loadshare,Prajapati PremRakeshbhai,MotherHub_STV,FM BRSNR,SaroliHubSplit_STV_PL,PH-ZO-SURSUR-11184848,expected,OPENED,26-09-2026 23:51,Ashvani Bhatt
27-09-2026,FMPC6530614180,SaroliHubSplit_STV_PL,C.K.CORPORATION +919979971455,e2869fe8c9444ee9,received_at_mh,West,TRUEFLEX,740680,TRUEFLEX,AmulVishwakarma,MotherHub_STV,FM BRSNR,SaroliHubSplit_STV_PL,PH-ZO-SURSUR-1128654,expected,OPENED,26-09-2026 22:08,Ashvani Bhatt
27-09-2026,FMPP4300846392,SaroliHubSplit_STV_PL,DIVKESH ENTERPRISE +918733075566,0d073a58e3b74860,dispatched_to_mh,West,LMA,1.00E+11,Vxpress,ManishNowal,MotherHub_STV,FM BRSNR,SaroliHubSplit_STV_PL,PH-ZO-SURSUR-11128423,expected,OPENED,27-09-2026 00:10,Ashvani Bhatt
27-09-2026,FMPC6530096552,SaroliHubSplit_STV_PL,ELIGENT ENTERPRISE +919313840762,4dc367af06c24faf,dispatched_to_mh,West,LMA,1.00E+11,COMMERSHIP SERVICES LLP,PramodPatil,MotherHub_STV,FM BRSNR,SaroliHubSplit_STV_PL,PH-B4-SURSUR-11199608,expected,OPENED,26-09-2026 22:26,Ashvani Bhatt
27-09-2026,FMPC6533452260,SaroliHubSplit_STV_PL,OSHO ENTERPRISE +917096965142,f634ba6890a84079,received_at_mh,West,LMA,1.00E+11,PROBITY LOGISTICS PRIVATE LIMITED,Rahemat NiyamatDeshmukh,MotherHub_STV,FM BRSNR,SaroliHubSplit_STV_PL,PH-ZO-SURBTS-25698108,expected,OPENED,27-09-2026 04:08,Ashvani Bhatt
27-09-2026,FMPC6530337553,SaroliHubSplit_STV_PL,KAIZEN EXPORT +919574542094,7e66749c6f7944a4,received_at_mh,West,TRUEFLEX,740680,TRUEFLEX,AmulVishwakarma,MotherHub_STV,FM BRSNR,SaroliHubSplit_STV_PL,PH-ZO-SURSUR-11201540,expected,OPENED,26-09-2026 22:12,Ashvani Bhatt
27-09-2026,FMPP4300715847,VasundharaHub_DEL_PL,Titan company limited 9220396740,edbe0eb433a547f5,dispatched_to_mh,North,TRUEFLEX,787085,TRUEFLEX,JayChand,Motherhub_DIC,FM BRSNR,VasundharaHub_DEL_PL,PH-B1-DELDIC-42197269,expected,OPENED,27-09-2026 00:33,Arvind Bansal (DNCR)
27-09-2026,FMPC6530650025,SaroliHubSplit_STV_PL,C.K.CORPORATION +919979971455,e2869fe8c9444ee9,received_at_mh,West,TRUEFLEX,740680,TRUEFLEX,AmulVishwakarma,MotherHub_STV,FM BRSNR,SaroliHubSplit_STV_PL,PH-ZO-SURSUR-1128654,expected,OPENED,26-09-2026 22:08,Ashvani Bhatt
27-09-2026,FMPC6530652272,SaroliHubSplit_STV_PL,C.K.CORPORATION +919979971455,e2869fe8c9444ee9,received_at_mh,West,TRUEFLEX,740680,TRUEFLEX,AmulVishwakarma,MotherHub_STV,FM BRSNR,SaroliHubSplit_STV_PL,PH-ZO-SURSUR-1128654,expected,OPENED,26-09-2026 22:08,Ashvani Bhatt
27-09-2026,FMPC6530637908,SaroliHubSplit_STV_PL,C.K.CORPORATION +919979971455,e2869fe8c9444ee9,received_at_mh,West,TRUEFLEX,740680,TRUEFLEX,AmulVishwakarma,MotherHub_STV,FM BRSNR,SaroliHubSplit_STV_PL,PH-ZO-SURSUR-1128654,expected,OPENED,26-09-2026 22:08,Ashvani Bhatt
27-09-2026,FMPC6530645417,SaroliHubSplit_STV_PL,C.K.CORPORATION +919979971455,e2869fe8c9444ee9,received_at_mh,West,TRUEFLEX,740680,TRUEFLEX,AmulVishwakarma,MotherHub_STV,FM BRSNR,SaroliHubSplit_STV_PL,PH-ZO-SURSUR-1128654,expected,OPENED,26-09-2026 22:08,Ashvani Bhatt
27-09-2026,FMPC6530676710,SaroliHubSplit_STV_PL,C.K.CORPORATION +919979971455,e2869fe8c9444ee9,received_at_mh,West,TRUEFLEX,740680,TRUEFLEX,AmulVishwakarma,MotherHub_STV,FM BRSNR,SaroliHubSplit_STV_PL,PH-ZO-SURSUR-1128654,expected,OPENED,26-09-2026 22:08,Ashvani Bhatt
27-09-2026,FMPC6530669320,SaroliHubSplit_STV_PL,C.K.CORPORATION +919979971455,e2869fe8c9444ee9,received_at_mh,West,TRUEFLEX,740680,TRUEFLEX,AmulVishwakarma,MotherHub_STV,FM BRSNR,SaroliHubSplit_STV_PL,PH-ZO-SURSUR-1128654,expected,OPENED,26-09-2026 22:08,Ashvani Bhatt
27-09-2026,FMPC6530506330,SaroliHubSplit_STV_PL,PALAKI FASHION +918155812289,e26d90694df741f9,dispatched_to_mh,West,LMA,1.00E+11,Vxpress,Anas ZafarSaiyyad,MotherHub_STV,FM BRSNR,SaroliHubSplit_STV_PL,PH-ZO-SURSUR-11203980,expected,OPENED,26-09-2026 23:42,Ashvani Bhatt
27-09-2026,FMPC6530635648,SaroliHubSplit_STV_PL,C.K.CORPORATION +919979971455,e2869fe8c9444ee9,received_at_mh,West,TRUEFLEX,740680,TRUEFLEX,AmulVishwakarma,MotherHub_STV,FM BRSNR,SaroliHubSplit_STV_PL,PH-ZO-SURSUR-1128654,expected,OPENED,26-09-2026 22:08,Ashvani Bhatt
27-09-2026,FMPC6530665827,SaroliHubSplit_STV_PL,C.K.CORPORATION +919979971455,e2869fe8c9444ee9,received_at_mh,West,TRUEFLEX,740680,TRUEFLEX,AmulVishwakarma,MotherHub_STV,FM BRSNR,SaroliHubSplit_STV_PL,PH-ZO-SURSUR-1128654,expected,OPENED,26-09-2026 22:08,Ashvani Bhatt
27-09-2026,FMPP4301134163,VasundharaHub_DEL_PL,STEP4SOLUTION SERVICES +918085765350,ff9c88a51ceb4d34,dispatched_to_mh,North,TRUEFLEX,590008,TRUEFLEX,KamalJeet,Motherhub_DIC,FM BRSNR,VasundharaHub_DEL_PL,PH-B6-DELDIC-42128603,expected,OPENED,27-09-2026 00:31,Arvind Bansal (DNCR)
27-09-2026,FMPC6530679016,SaroliHubSplit_STV_PL,C.K.CORPORATION +919979971455,e2869fe8c9444ee9,received_at_mh,West,TRUEFLEX,740680,TRUEFLEX,AmulVishwakarma,MotherHub_STV,FM BRSNR,SaroliHubSplit_STV_PL,PH-ZO-SURSUR-1128654,expected,OPENED,26-09-2026 22:08,Ashvani Bhatt
27-09-2026,FMPC6530653295,SaroliHubSplit_STV_PL,C.K.CORPORATION +919979971455,e2869fe8c9444ee9,received_at_mh,West,TRUEFLEX,740680,TRUEFLEX,AmulVishwakarma,MotherHub_STV,FM BRSNR,SaroliHubSplit_STV_PL,PH-ZO-SURSUR-1128654,expected,OPENED,26-09-2026 22:08,Ashvani Bhatt
27-09-2026,FMPC6533452240,SaroliHubSplit_STV_PL,OSHO ENTERPRISE +917096965142,f634ba6890a84079,dispatched_to_mh,West,LMA,1.00E+11,PROBITY LOGISTICS PRIVATE LIMITED,Rahemat NiyamatDeshmukh,MotherHub_STV,FM BRSNR,SaroliHubSplit_STV_PL,PH-ZO-SURBTS-25698108,expected,OPENED,27-09-2026 04:08,Ashvani Bhatt
27-09-2026,FMPC6530022993,SaroliHubSplit_STV_PL,H V COLLECTION +918160032275,64f721f7dc1d48f6,dispatched_to_mh,West,LMA,1.00E+11,#N/A,#N/A,MotherHub_STV,FM BRSNR,SaroliHubSplit_STV_PL,PH-ZO-SURSUR-11123290,expected,OPENED,27-09-2026 01:29,Ashvani Bhatt
27-09-2026,FMPC6530963925,SaroliHubSplit_STV_PL,C.K.CORPORATION +919979971455,e2869fe8c9444ee9,received_at_mh,West,TRUEFLEX,740680,TRUEFLEX,AmulVishwakarma,MotherHub_STV,FM BRSNR,SaroliHubSplit_STV_PL,PH-ZO-SURSUR-1128654,expected,OPENED,26-09-2026 22:08,Ashvani Bhatt
27-09-2026,FMPP4300692634,VasundharaHub_DEL_PL,R B ENTERPRISES +919310107227,5ed83776c80d4950,dispatched_to_mh,North,TRUEFLEX,1406237,TRUEFLEX,#N/A,Motherhub_DIC,FM BRSNR,VasundharaHub_DEL_PL,PH-B6-DELDIC-42110911,expected,OPENED,27-09-2026 00:25,Arvind Bansal (DNCR)
27-09-2026,FMPP4299491113,SaroliHubSplit_STV_PL,BANSI ENTERPRISE +918200117456,590db610330b4c4b,dispatched_to_mh,West,LMA,1.00E+11,#N/A,#N/A,MotherHub_STV,FM BRSNR,SaroliHubSplit_STV_PL,PH-B4-SURSUR-11094523,expected,OPENED,26-09-2026 23:41,Ashvani Bhatt
27-09-2026,FMPP4299363371,VasundharaHub_DEL_PL,CallSmith India +919717884899,89099967d6b44a9e,received_at_mh,North,LMA,1.00E+11,WHEELEY,ArunKumar,Motherhub_DIC,FM BRSNR,VasundharaHub_DEL_PL,PH-B6-DELDIC-42149178,expected,OPENED,27-09-2026 00:24,Arvind Bansal (DNCR)
27-09-2026,FMPC6530675223,SaroliHubSplit_STV_PL,C.K.CORPORATION +919979971455,e2869fe8c9444ee9,received_at_mh,West,TRUEFLEX,740680,TRUEFLEX,AmulVishwakarma,MotherHub_STV,FM BRSNR,SaroliHubSplit_STV_PL,PH-ZO-SURSUR-1128654,expected,OPENED,26-09-2026 22:08,Ashvani Bhatt
27-09-2026,FMPC6533828083,VasundharaHub_DEL_PL,DEVDUTT EXPORTS BHARAT PRIVATE LIMITED +919354945490,f0e60dc3923f4923,received_at_mh,North,LMA,1.00E+11,#N/A,#N/A,Motherhub_DIC,FM BRSNR,VasundharaHub_DEL_PL,PH-B6-DELDIC-42176210,expected,OPENED,27-09-2026 00:24,Arvind Bansal (DNCR)
27-09-2026,FMPC6530661387,SaroliHubSplit_STV_PL,C.K.CORPORATION +919979971455,e2869fe8c9444ee9,received_at_mh,West,TRUEFLEX,740680,TRUEFLEX,AmulVishwakarma,MotherHub_STV,FM BRSNR,SaroliHubSplit_STV_PL,PH-ZO-SURSUR-1128654,expected,OPENED,26-09-2026 22:08,Ashvani Bhatt
27-09-2026,FMPC6528828002,SaroliHubSplit_STV_PL,C.K.CORPORATION +919979971455,e2869fe8c9444ee9,received_at_mh,West,TRUEFLEX,740680,TRUEFLEX,AmulVishwakarma,MotherHub_STV,FM BRSNR,SaroliHubSplit_STV_PL,PH-ZO-SURSUR-1128654,expected,OPENED,26-09-2026 22:08,Ashvani Bhatt
27-09-2026,FMPC6532758544,SaroliHubSplit_STV_PL,PINKVILLA +919265779236,e7940dc0735c489b,received_at_mh,West,LMA,1.00E+11,#N/A,#N/A,MotherHub_STV,FM BRSNR,SaroliHubSplit_STV_PL,PH-ZO-SURSUR-11184794,expected,OPENED,26-09-2026 23:44,Ashvani Bhatt
27-09-2026,FMPC6528825261,SaroliHubSplit_STV_PL,AADESH ENTERPRISE +918347049185,17ff3b5dd2f249ff,dispatched_to_mh,West,LMA,1.00E+11,Loadshare,VaibhavMahajan,MotherHub_STV,FM BRSNR,SaroliHubSplit_STV_PL,PH-ZO-SURSUR-11151719,expected,OPENED,27-09-2026 01:26,Ashvani Bhatt
27-09-2026,FMPC6530656638,SaroliHubSplit_STV_PL,C.K.CORPORATION +919979971455,e2869fe8c9444ee9,received_at_mh,West,TRUEFLEX,740680,TRUEFLEX,AmulVishwakarma,MotherHub_STV,FM BRSNR,SaroliHubSplit_STV_PL,PH-ZO-SURSUR-1128654,expected,OPENED,26-09-2026 22:08,Ashvani Bhatt
27-09-2026,FMPC6530666555,SaroliHubSplit_STV_PL,C.K.CORPORATION +919979971455,e2869fe8c9444ee9,received_at_mh,West,TRUEFLEX,740680,TRUEFLEX,AmulVishwakarma,MotherHub_STV,FM BRSNR,SaroliHubSplit_STV_PL,PH-ZO-SURSUR-1128654,expected,OPENED,26-09-2026 22:08,Ashvani Bhatt
27-09-2026,FMPP4299464849,SaroliHubSplit_STV_PL,KHODAL ENTERPRISE +916356720915,598de5f77e59469b,received_at_seller,West,TRUEFLEX,740680,TRUEFLEX,AmulVishwakarma,MotherHub_STV,FM BRSNR,SaroliHubSplit_STV_PL,PH-ZO-SURSUR-10952483,expected,OPENED,26-09-2026 21:39,Ashvani Bhatt
27-09-2026,FMPC6532685825,SaroliHubSplit_STV_PL,PINKVILLA +919265779236,e7940dc0735c489b,received_at_mh,West,LMA,1.00E+11,#N/A,#N/A,MotherHub_STV,FM BRSNR,SaroliHubSplit_STV_PL,PH-ZO-SURSUR-11184794,expected,OPENED,26-09-2026 23:44,Ashvani Bhatt
27-09-2026,FMPC6530559253,VasundharaHub_DEL_PL,MAF ARTS STUDIO +917970587210,e09fd29701634bfe,received_at_mh,North,LMA,1.00E+11,Vxpress,RaushanKumar,Motherhub_DIC,FM BRSNR,VasundharaHub_DEL_PL,PH-B6-DELDIC-42059552,expected,OPENED,26-09-2026 22:06,Arvind Bansal (DNCR)
27-09-2026,FMPC6530116303,SaroliHubSplit_STV_PL,PRABHAS FASHION +919081782163,c031220f91a9452e,dispatched_to_mh,West,LMA,1.00E+11,#N/A,#N/A,MotherHub_STV,FM BRSNR,SaroliHubSplit_STV_PL,PH-ZO-SURSUR-11047293,expected,OPENED,26-09-2026 23:56,Ashvani Bhatt
27-09-2026,FMPC6531439071,SaroliHubSplit_STV_PL,D.FASHION +919687980998,35ff8f0daec2498d,dispatched_to_mh,West,LMA,1.00E+11,Vxpress,MuzammilKhan,MotherHub_STV,FM BRSNR,SaroliHubSplit_STV_PL,PH-B4-SURSUR-11154097,expected,OPENED,27-09-2026 00:17,Ashvani Bhatt
27-09-2026,FMPC6530676687,SaroliHubSplit_STV_PL,C.K.CORPORATION +919979971455,e2869fe8c9444ee9,received_at_mh,West,TRUEFLEX,740680,TRUEFLEX,AmulVishwakarma,MotherHub_STV,FM BRSNR,SaroliHubSplit_STV_PL,PH-ZO-SURSUR-1128654,expected,OPENED,26-09-2026 22:08,Ashvani Bhatt
27-09-2026,FMPC6532079874,SaroliHubSplit_STV_PL,RK GLOBAL +919870014160,7229f6cacdf24063,dispatched_to_mh,West,LMA,1.00E+11,WERCATALYST VENTURES PVT LTD,Pathan MohammadkhanSajidkhan,MotherHub_STV,FM BRSNR,SaroliHubSplit_STV_PL,PH-ZO-SURSUR-11217345,expected,OPENED,27-09-2026 01:29,Ashvani Bhatt
27-09-2026,FMPC6531892274,WelcomeHub_DEL_PL,VARSHA ENTERPRISES +918368292865,f0f23eda402748ca,dispatched_to_mh,North,TRUEFLEX,977034,TRUEFLEX,#N/A,Motherhub_DIC,FM BRSNR,WelcomeHub_DEL_PL,PH-B1-DELDIC-42048446,expected,OPENED,27-09-2026 01:09,Arvind Bansal (DNCR)
27-09-2026,FMPC6531737789,WelcomeHub_DEL_PL,RK ENTERPRISES +919810435358,53071651a9774a30,dispatched_to_mh,North,TRUEFLEX,867969,TRUEFLEX,BhoopSingh,Motherhub_DIC,FM BRSNR,WelcomeHub_DEL_PL,PH-B6-DELDIC-41850098,expected,OPENED,27-09-2026 01:17,Arvind Bansal (DNCR)
27-09-2026,FMPC6530268765,YogiChowkTempHub_STV_PL,PARAM MART +919408374828,dcead6147e744704,dispatched_to_mh,West,LMA,1.00E+11,WERCATALYST VENTURES PVT LTD,P.BIKASHPATRA,MotherHub_STV,FM BRSNR,YogiChowkTempHub_STV_PL,PH-ZO-SURSUR-11193450,expected,OPENED,27-09-2026 02:01,Ashvani Bhatt
27-09-2026,FMPC6532009089,YogiChowkTempHub_STV_PL,MARUTI ENTERPRISE +919327435773,928f4f170d704811,received_at_seller,West,TRUEFLEX,698731,TRUEFLEX,RaviKumar,MotherHub_STV,FM BRSNR,YogiChowkTempHub_STV_PL,PH-ZO-SURSUR-11201759,expected,REACHED,26-09-2026 22:38,Ashvani Bhatt
27-09-2026,FMPP4294767574,UdhnaHub_STV_PL,CUT TO CUT +917390961698,cf3429059da04da7,dispatched_to_mh,West,LMA,1.00E+11,Shree Hari Logistics,VijayKumar,MotherHub_STV,FM BRSNR,UdhnaHub_STV_PL,PH-ZO-SURSUR-11182802,expected,OPENED,26-09-2026 23:27,Ashvani Bhatt
27-09-2026,FMPC6532825171,WelcomeHub_DEL_PL,Sharvil international +918882160114,f62cd48f28dd46a3,dispatched_to_mh,North,LMA,1.00E+11,#N/A,#N/A,Motherhub_DIC,FM BRSNR,WelcomeHub_DEL_PL,PH-B4-DELDIC-40889589,expected,OPENED,27-09-2026 00:34,Arvind Bansal (DNCR)
27-09-2026,FMPC6531978122,YogiChowkTempHub_STV_PL,DWARKADHISH ENTERPRISE +919429701889,dc227841699f4d5b,dispatched_to_mh,West,LMA,1.00E+11,#N/A,#N/A,MotherHub_STV,FM BRSNR,YogiChowkTempHub_STV_PL,PH-ZO-SURSUR-11175273,expected,OPENED,26-09-2026 22:47,Ashvani Bhatt
27-09-2026,FMPC6531892026,YogiChowkTempHub_STV_PL,K Square +917990511672,58c0614061bc41ca,dispatched_to_mh,West,LMA,1.00E+11,#N/A,#N/A,MotherHub_STV,FM BRSNR,YogiChowkTempHub_STV_PL,PH-ZO-SURSUR-10950097,expected,OPENED,27-09-2026 01:52,Ashvani Bhatt
27-09-2026,FMPC6531990717,YogiChowkTempHub_STV_PL,K Square +917990511672,58c0614061bc41ca,dispatched_to_mh,West,LMA,1.00E+11,#N/A,#N/A,MotherHub_STV,FM BRSNR,YogiChowkTempHub_STV_PL,PH-ZO-SURSUR-10950097,expected,OPENED,27-09-2026 01:52,Ashvani Bhatt
27-09-2026,FMPC6533041807,YogiChowkTempHub_STV_PL,SHREE GELAMBE LACE HOUSE +919724070016,c4c60b6e163c4758,dispatched_to_mh,West,LMA,1.00E+11,SHIVAM ENTERPRISE,Ahire PurushottamBhalchandra,MotherHub_STV,FM BRSNR,YogiChowkTempHub_STV_PL,PH-ZO-SURSUR-11035798,expected,OPENED,27-09-2026 01:49,Ashvani Bhatt
27-09-2026,FMPP4299181533,YogiChowkTempHub_STV_PL,DANEV INTERNATIONAL +919016677191,5e8b16620d364c71,dispatched_to_mh,West,LMA,1.00E+11,PROBITY LOGISTICS PRIVATE LIMITED,Sing RobinSunilsing,MotherHub_STV,FM BRSNR,YogiChowkTempHub_STV_PL,PH-ZO-SURSUR-11163059,expected,OPENED,27-09-2026 02:04,Ashvani Bhatt
27-09-2026,FMPC6530845255,WelcomeHub_DEL_PL,Nabaera +918287227541,1fbacc729d634bb5,dispatched_to_mh,North,LMA,1.00E+11,Greenteck Logistics and Mobility Pvt Ltd,Akash,Motherhub_DIC,FM BRSNR,WelcomeHub_DEL_PL,PH-B1-DELDIC-42192463,expected,OPENED,27-09-2026 01:30,Arvind Bansal (DNCR)
27-09-2026,FMPC6530300662,YogiChowkTempHub_STV_PL,SHREE GELAMBE LACE HOUSE +919724070016,c4c60b6e163c4758,dispatched_to_mh,West,LMA,1.00E+11,SHIVAM ENTERPRISE,Ahire PurushottamBhalchandra,MotherHub_STV,FM BRSNR,YogiChowkTempHub_STV_PL,PH-ZO-SURSUR-11035798,expected,OPENED,27-09-2026 01:49,Ashvani Bhatt
27-09-2026,FMPP4300764378,WelcomeHub_DEL_PL,SUHANI GARMENTS +917827175655,5def8e07cd2f449b,dispatched_to_mh,North,LMA,1.00E+11,Transwide Express,Kamlakar,Motherhub_DIC,FM BRSNR,WelcomeHub_DEL_PL,PH-B4-DELDIC-42095904,expected,OPENED,27-09-2026 01:05,Arvind Bansal (DNCR)
27-09-2026,FMPP4300069374,YogiChowkTempHub_STV_PL,Limbasiya Vishal Chhaganbhai +919558973263,56b0c9648aff4ce9,dispatched_to_mh,West,TRUEFLEX,944692,TRUEFLEX,#N/A,MotherHub_STV,FM BRSNR,YogiChowkTempHub_STV_PL,PH-ZO-SURSUR-11146162,expected,OPENED,27-09-2026 01:40,Ashvani Bhatt
27-09-2026,FMPC6531889167,YogiChowkTempHub_STV_PL,K Square +917990511672,58c0614061bc41ca,dispatched_to_mh,West,LMA,1.00E+11,#N/A,#N/A,MotherHub_STV,FM BRSNR,YogiChowkTempHub_STV_PL,PH-ZO-SURSUR-10950097,expected,OPENED,27-09-2026 01:52,Ashvani Bhatt
27-09-2026,FMPC6533163598,UdhnaHub_STV_PL,AHWN LIFESTYLE PRIVATE LIMITED +919909089853,d66dd8a7ed6e45cb,dispatched_to_mh,West,LMA,1.00E+11,Shree Hari Logistics,PathanIkbalkhan,MotherHub_STV,FM BRSNR,UdhnaHub_STV_PL,PH-B4-SURSUR-11183949,expected,OPENED,26-09-2026 23:03,Ashvani Bhatt
27-09-2026,FMPC6532476256,YogiChowkTempHub_STV_PL,SHREE INFOTECH +919484497698,ee75b2a652764e79,dispatched_to_mh,West,LMA,1.00E+11,#N/A,#N/A,MotherHub_STV,FM BRSNR,YogiChowkTempHub_STV_PL,PH-B4-SURSUR-11217415,expected,OPENED,27-09-2026 01:53,Ashvani Bhatt
27-09-2026,FMPC6532031313,YogiChowkTempHub_STV_PL,K Square +917990511672,58c0614061bc41ca,dispatched_to_mh,West,LMA,1.00E+11,#N/A,#N/A,MotherHub_STV,FM BRSNR,YogiChowkTempHub_STV_PL,PH-ZO-SURSUR-10950097,expected,OPENED,27-09-2026 01:52,Ashvani Bhatt
27-09-2026,FMPP4300096407,WelcomeHub_DEL_PL,SHRADHA ENTERPRISES +919205505901,aa99b1391e7741bd,dispatched_to_mh,North,LMA,1.00E+11,#N/A,#N/A,Motherhub_DIC,FM BRSNR,WelcomeHub_DEL_PL,PH-B1-DELDIC-42200932,expected,OPENED,27-09-2026 01:38,Arvind Bansal (DNCR)
27-09-2026,FMPP4299556667,WelcomeHub_DEL_PL,A.S.R ENTERP[RISES +919136397091,b8e88cd109eb46b8,received_at_mh,North,EKART,4240164,EKART,,Motherhub_DIC,FM BRSNR,WelcomeHub_DEL_PL,PH-B1-DELDIC-41763270,expected,OPENED,27-09-2026 01:15,Arvind Bansal (DNCR)
27-09-2026,FMPC6532237805,YogiChowkTempHub_STV_PL,SWASTIK CREATION +919727333311,d2abea3abc764822,dispatched_to_mh,West,LMA,1.00E+11,PROBITY LOGISTICS PRIVATE LIMITED,Sing RobinSunilsing,MotherHub_STV,FM BRSNR,YogiChowkTempHub_STV_PL,PH-B4-SURSUR-11163025,expected,OPENED,27-09-2026 02:06,Ashvani Bhatt
27-09-2026,FMPP4298928169,YogiChowkTempHub_STV_PL,KARMYOG +918128253214,9fa1a1bd98d641ef,dispatched_to_mh,West,LMA,1.00E+11,WERCATALYST VENTURES PVT LTD,RohitBaviskar,MotherHub_STV,FM BRSNR,YogiChowkTempHub_STV_PL,PH-ZO-SURSUR-10946694,expected,REACHED,27-09-2026 00:24,Ashvani Bhatt
27-09-2026,FMPC6532590584,UdhnaHub_STV_PL,NAINVISH LIFESTYLE +919265934060,37518b2ac7c84f96,dispatched_to_mh,West,LMA,1.00E+11,#N/A,#N/A,MotherHub_STV,FM BRSNR,UdhnaHub_STV_PL,PH-ZO-SURSUR-11173484,expected,OPENED,26-09-2026 23:16,Ashvani Bhatt
27-09-2026,FMPC6533202976,WelcomeHub_DEL_PL,SHRADHA ENTERPRISES +919205505901,aa99b1391e7741bd,dispatched_to_mh,North,LMA,1.00E+11,#N/A,#N/A,Motherhub_DIC,FM BRSNR,WelcomeHub_DEL_PL,PH-B4-DELDIC-42201091,expected,OPENED,27-09-2026 01:31,Arvind Bansal (DNCR)
27-09-2026,FMPP4297384481,WelcomeHub_DEL_PL,IND GRAM COMMERCE LIMITED +918595883766,226253a223a34214,dispatched_to_mh,North,TRUEFLEX,977101,TRUEFLEX,#N/A,Motherhub_DIC,FM BRSNR,WelcomeHub_DEL_PL,PH-B6-DELDIC-42060382,expected,OPENED,27-09-2026 01:06,Arvind Bansal (DNCR)
27-09-2026,FMPP4299078229,YogiChowkTempHub_STV_PL,Rajveer Enterprise +919016386809,e3e10a96da2f45eb,dispatched_to_mh,West,TRUEFLEX,589577,TRUEFLEX,Shaikh ZuberLatif,MotherHub_STV,FM BRSNR,YogiChowkTempHub_STV_PL,PH-ZO-SURSUR-11146951,expected,OPENED,26-09-2026 21:38,Ashvani Bhatt
27-09-2026,FMPC6530258277,WelcomeHub_DEL_PL,SHYAM SAWARIYA LUXEGRID +917982837738,b9738d5602af480b,dispatched_to_mh,North,LMA,1.00E+11,#N/A,#N/A,Motherhub_DIC,FM BRSNR,WelcomeHub_DEL_PL,PH-B6-DELDIC-40889614,expected,OPENED,27-09-2026 00:36,Arvind Bansal (DNCR)
27-09-2026,FMPC6529726004,WelcomeHub_DEL_PL,NAHIMTA IMPEX +918178769948,c2598a0bc9a64933,dispatched_to_mh,North,TRUEFLEX,977095,TRUEFLEX,#N/A,Motherhub_DIC,FM BRSNR,WelcomeHub_DEL_PL,PH-B6-DELDIC-42199002,expected,OPENED,27-09-2026 01:21,Arvind Bansal (DNCR)
27-09-2026,FMPC6532002303,YogiChowkTempHub_STV_PL,K Square +917990511672,58c0614061bc41ca,dispatched_to_mh,West,LMA,1.00E+11,#N/A,#N/A,MotherHub_STV,FM BRSNR,YogiChowkTempHub_STV_PL,PH-ZO-SURSUR-10950097,expected,OPENED,27-09-2026 01:52,Ashvani Bhatt
27-09-2026,FMPC6530217830,YogiChowkTempHub_STV_PL,GROW UP +919426524672,d93d03d120024d3e,dispatched_to_mh,West,LMA,1.00E+11,SHIVAM ENTERPRISE,Ahire PurushottamBhalchandra,MotherHub_STV,FM BRSNR,YogiChowkTempHub_STV_PL,PH-B4-SURSUR-11036011,expected,OPENED,27-09-2026 01:51,Ashvani Bhatt
27-09-2026,FMPP4300616755,UdhnaHub_STV_PL,JAY TECHNOLOGIES +919978631115,4a95fea5dc824caa,received_at_mh,West,TRUEFLEX,800040,TRUEFLEX,TusharKomalsing Girase,MotherHub_STV,FM BRSNR,UdhnaHub_STV_PL,PH-ZO-SURSUR-11202278,expected,OPENED,27-09-2026 01:13,Ashvani Bhatt
27-09-2026,FMPC6531984498,YogiChowkTempHub_STV_PL,ORCO LIFE +918849197589,6433dfa8695248ec,dispatched_to_mh,West,LMA,1.00E+11,#N/A,#N/A,MotherHub_STV,FM BRSNR,YogiChowkTempHub_STV_PL,PH-ZO-SURSUR-10950097,expected,OPENED,27-09-2026 01:52,Ashvani Bhatt
27-09-2026,FMPC6532011113,YogiChowkTempHub_STV_PL,SUPERNOVA ENTERPRISE 8347724990,742ad6d3ea0b4195,dispatched_to_mh,West,TRUEFLEX,590233,TRUEFLEX,BorseSachin,MotherHub_STV,FM BRSNR,YogiChowkTempHub_STV_PL,PH-ZO-SURSUR-11173907,expected,OPENED,27-09-2026 01:46,Ashvani Bhatt
27-09-2026,FMPP4300674817,UdhnaHub_STV_PL,AHWN LIFESTYLE PRIVATE LIMITED +919909089853,d66dd8a7ed6e45cb,dispatched_to_mh,West,LMA,1.00E+11,Shree Hari Logistics,PathanIkbalkhan,MotherHub_STV,FM BRSNR,UdhnaHub_STV_PL,PH-B4-SURSUR-11183949,expected,OPENED,26-09-2026 23:03,Ashvani Bhatt
27-09-2026,FMPC6530615949,YogiChowkTempHub_STV_PL,SUPERNOVA ENTERPRISE 8347724990,742ad6d3ea0b4195,dispatched_to_mh,West,TRUEFLEX,590233,TRUEFLEX,BorseSachin,MotherHub_STV,FM BRSNR,YogiChowkTempHub_STV_PL,PH-ZO-SURSUR-11173907,expected,OPENED,27-09-2026 01:46,Ashvani Bhatt
27-09-2026,FMPC6532457968,UdhnaHub_STV_PL,Royal Export +917878087430,23a8861b24a24a8f,dispatched_to_mh,West,LMA,1.00E+11,#N/A,#N/A,MotherHub_STV,FM BRSNR,UdhnaHub_STV_PL,PH-ZO-SURSUR-11153831,expected,OPENED,27-09-2026 01:29,Ashvani Bhatt
27-09-2026,FMPC6533267430,WelcomeHub_DEL_PL,Koetler +919560806438,5205a12ee9274dcc,dispatched_to_mh,North,TRUEFLEX,809562,TRUEFLEX,VIJAYKumar,Motherhub_DIC,FM BRSNR,WelcomeHub_DEL_PL,PH-B4-DELDIC-42194200,expected,OPENED,27-09-2026 00:30,Arvind Bansal (DNCR)
27-09-2026,FMPP4300813135,WelcomeHub_DEL_PL,RK ENTERPRISES +919810435358,53071651a9774a30,dispatched_to_mh,North,TRUEFLEX,867969,TRUEFLEX,BhoopSingh,Motherhub_DIC,FM BRSNR,WelcomeHub_DEL_PL,PH-B4-DELDIC-41850083,expected,OPENED,27-09-2026 01:17,Arvind Bansal (DNCR)
27-09-2026,FMPC6531485216,WelcomeHub_DEL_PL,DHANGURU NANAK ENTERPRISES +919891068571,e254d781430d4e5d,received_at_mh,North,TRUEFLEX,901908,TRUEFLEX,AqibAlvi,Motherhub_DIC,FM BRSNR,WelcomeHub_DEL_PL,PH-B1-DELDIC-42191427,expected,OPENED,27-09-2026 01:05,Arvind Bansal (DNCR)
27-09-2026,FMPP4299978955,UdhnaHub_STV_PL,CARZSPA AUTOFRESH PVT LTD +918866811370,c105b2e0fcdf419c,dispatched_to_mh,West,TRUEFLEX,980146,TRUEFLEX,#N/A,MotherHub_STV,FM BRSNR,UdhnaHub_STV_PL,PH-ZO-SURSUR-11206509,expected,OPENED,27-09-2026 01:20,Ashvani Bhatt
27-09-2026,FMPC6532142067,YogiChowkTempHub_STV_PL,KARMYOG +918128253214,9fa1a1bd98d641ef,dispatched_to_mh,West,LMA,1.00E+11,WERCATALYST VENTURES PVT LTD,RohitBaviskar,MotherHub_STV,FM BRSNR,YogiChowkTempHub_STV_PL,PH-ZO-SURSUR-10946694,expected,REACHED,27-09-2026 00:24,Ashvani Bhatt
27-09-2026,FMPC6531950847,YogiChowkTempHub_STV_PL,K Square +917990511672,58c0614061bc41ca,dispatched_to_mh,West,LMA,1.00E+11,#N/A,#N/A,MotherHub_STV,FM BRSNR,YogiChowkTempHub_STV_PL,PH-ZO-SURSUR-10950097,expected,OPENED,27-09-2026 01:52,Ashvani Bhatt
27-09-2026,FMPC6530912648,YogiChowkTempHub_STV_PL,M.D. ENTERPRISE +919016147662,c54f2dc380ad4ed2,received_at_mh,West,LMA,1.00E+11,PROBITY LOGISTICS PRIVATE LIMITED,Sing RobinSunilsing,MotherHub_STV,FM BRSNR,YogiChowkTempHub_STV_PL,PH-B4-SURSUR-11163027,expected,OPENED,26-09-2026 21:46,Ashvani Bhatt
27-09-2026,FMPC6530491071,WelcomeHub_DEL_PL,JAGAN NATH STORE +919711791060,10a61db344274241,dispatched_to_mh,North,EKART,4024248,EKART,,Motherhub_DIC,FM BRSNR,WelcomeHub_DEL_PL,PH-B6-DELDIC-42151948,expected,OPENED,27-09-2026 00:27,Arvind Bansal (DNCR)
27-09-2026,FMPC6530137733,YogiChowkTempHub_STV_PL,Radhe Enterprise +917990838912,b070b17cd41646c2,received_at_mh,West,LMA,1.00E+11,#N/A,#N/A,MotherHub_STV,FM BRSNR,YogiChowkTempHub_STV_PL,PH-ZO-SURSUR-11157090,expected,OPENED,26-09-2026 21:48,Ashvani Bhatt
27-09-2026,FMPP4299356603,WelcomeHub_DEL_PL,Vivek Enterprises +919718743731,243b7abc4c51462a,dispatched_to_mh,North,TRUEFLEX,809562,TRUEFLEX,VIJAYKumar,Motherhub_DIC,FM BRSNR,WelcomeHub_DEL_PL,PH-B4-DELDIC-42194191,expected,OPENED,27-09-2026 01:11,Arvind Bansal (DNCR)
27-09-2026,FMPP4299923472,YogiChowkTempHub_STV_PL,Ambe Enterprise +917600699752,b57a37b372f84fa3,dispatched_to_mh,West,TRUEFLEX,1088291,TRUEFLEX,NagrajDashrath Jadav,MotherHub_STV,FM BRSNR,YogiChowkTempHub_STV_PL,PH-ZO-SURSUR-11174532,expected,OPENED,26-09-2026 21:39,Ashvani Bhatt
27-09-2026,FMPC6530123239,YogiChowkTempHub_STV_PL,HIYAECOMM +919213596261,f1df9b99f51d43c0,dispatched_to_mh,West,TRUEFLEX,594540,TRUEFLEX,Shaikh Mo.Saeed,MotherHub_STV,FM BRSNR,YogiChowkTempHub_STV_PL,PH-ZO-SURSUR-11209806,expected,OPENED,26-09-2026 21:41,Ashvani Bhatt
27-09-2026,FMPP4300197625,YogiChowkTempHub_STV_PL,SHREE HARINARAYAN CREATION +919924132526,aff7d4ffcc0d494a,dispatched_to_mh,West,LMA,1.00E+11,Loadshare,RohitJadhav,MotherHub_STV,FM BRSNR,YogiChowkTempHub_STV_PL,PH-B4-SURSUR-11177324,expected,OPENED,26-09-2026 21:46,Ashvani Bhatt
27-09-2026,FMPC6533225745,UdhnaHub_STV_PL,AJ RETAIL +917874085310,5bc3752ad7dd4e0c,received_at_mh,West,LMA,1.00E+11,#N/A,#N/A,MotherHub_STV,FM BRSNR,UdhnaHub_STV_PL,PH-ZO-SURSUR-11210286,expected,OPENED,27-09-2026 01:53,Ashvani Bhatt
27-09-2026,FMPC6532244055,WelcomeHub_DEL_PL,NEERAJYOTI ENTERPRISES +919899588984,14bcf1ad405f4498,received_at_mh,North,TRUEFLEX,867969,TRUEFLEX,BhoopSingh,Motherhub_DIC,FM BRSNR,WelcomeHub_DEL_PL,PH-B1-DELDIC-41849985,expected,OPENED,27-09-2026 01:18,Arvind Bansal (DNCR)
27-09-2026,FMPC6532094397,YogiChowkTempHub_STV_PL,YASHODA ENTERPRISE +919773194465,b44e140761204152,dispatched_to_mh,West,TRUEFLEX,594540,TRUEFLEX,Shaikh Mo.Saeed,MotherHub_STV,FM BRSNR,YogiChowkTempHub_STV_PL,PH-ZO-SURSUR-11182241,expected,REACHED,26-09-2026 20:45,Ashvani Bhatt
27-09-2026,FMPC6530300543,YogiChowkTempHub_STV_PL,SHREE GELAMBE LACE HOUSE +919724070016,c4c60b6e163c4758,dispatched_to_mh,West,LMA,1.00E+11,SHIVAM ENTERPRISE,Ahire PurushottamBhalchandra,MotherHub_STV,FM BRSNR,YogiChowkTempHub_STV_PL,PH-ZO-SURSUR-11035798,expected,OPENED,27-09-2026 01:49,Ashvani Bhatt
27-09-2026,FMPC6532137910,YogiChowkTempHub_STV_PL,K Square +917990511672,58c0614061bc41ca,dispatched_to_mh,West,LMA,1.00E+11,#N/A,#N/A,MotherHub_STV,FM BRSNR,YogiChowkTempHub_STV_PL,PH-ZO-SURSUR-10950097,expected,OPENED,27-09-2026 01:52,Ashvani Bhatt
27-09-2026,FMPC6532174144,YogiChowkTempHub_STV_PL,KARMYOG +918128253214,9fa1a1bd98d641ef,dispatched_to_mh,West,LMA,1.00E+11,WERCATALYST VENTURES PVT LTD,RohitBaviskar,MotherHub_STV,FM BRSNR,YogiChowkTempHub_STV_PL,PH-ZO-SURSUR-10946694,expected,REACHED,27-09-2026 00:24,Ashvani Bhatt
27-09-2026,FMPC6531995352,WelcomeHub_DEL_PL,K.G.N ENTERPRISES +917827253481,b3e1c041c16242c5,dispatched_to_mh,North,LMA,1.00E+11,#N/A,#N/A,Motherhub_DIC,FM BRSNR,WelcomeHub_DEL_PL,PH-B4-DELDIC-41896683,expected,OPENED,27-09-2026 00:34,Arvind Bansal (DNCR)
27-09-2026,FMPC6531311800,WelcomeHub_DEL_PL,RIDHI SIDHI ENTERPRISE +919311148381,2ebe6065bce344f1,dispatched_to_mh,North,EKART,4024248,EKART,,Motherhub_DIC,FM BRSNR,WelcomeHub_DEL_PL,PH-B6-DELDIC-42151948,expected,OPENED,27-09-2026 00:27,Arvind Bansal (DNCR)
27-09-2026,FMPC6532038865,YogiChowkTempHub_STV_PL,HAORA FASHION +918849582170,1716a302f4e542ad,dispatched_to_mh,West,LMA,1.00E+11,SHIVAM ENTERPRISE,Ahire PurushottamBhalchandra,MotherHub_STV,FM BRSNR,YogiChowkTempHub_STV_PL,PH-ZO-SURSUR-11017890,expected,OPENED,27-09-2026 01:49,Ashvani Bhatt
27-09-2026,FMPC6526748190,WelcomeHub_DEL_PL,PARAS SALES CORPORATION 8076650058,6adc18bb9ed34ef3,dispatched_to_mh,North,TRUEFLEX,977101,TRUEFLEX,#N/A,Motherhub_DIC,FM BRSNR,WelcomeHub_DEL_PL,PH-B4-DELDIC-42060265,expected,OPENED,27-09-2026 00:30,Arvind Bansal (DNCR)
27-09-2026,FMPC6532051455,WelcomeHub_DEL_PL,Rk traders +919942983369,c4f39127c2b343ef,dispatched_to_mh,North,TRUEFLEX,1350739,TRUEFLEX,AbdulSalam,Motherhub_DIC,FM BRSNR,WelcomeHub_DEL_PL,PH-B6-DELDIC-42202801,expected,OPENED,27-09-2026 01:08,Arvind Bansal (DNCR)
27-09-2026,FMPC6532407424,YogiChowkTempHub_STV_PL,VARNI ENTERPRISE +919099270907,cb76047a89134fe3,dispatched_to_mh,West,LMA,1.00E+11,#N/A,#N/A,MotherHub_STV,FM BRSNR,YogiChowkTempHub_STV_PL,PH-ZO-SURSUR-11216257,expected,OPENED,27-09-2026 01:45,Ashvani Bhatt
27-09-2026,FMPC6533202109,WelcomeHub_DEL_PL,SHRADHA ENTERPRISES +919205505901,aa99b1391e7741bd,dispatched_to_mh,North,LMA,1.00E+11,#N/A,#N/A,Motherhub_DIC,FM BRSNR,WelcomeHub_DEL_PL,PH-B4-DELDIC-42201091,expected,OPENED,27-09-2026 01:31,Arvind Bansal (DNCR)
27-09-2026,FMPP4295162530,BhankrotaHub_JAI_PL,ELITE SUPPLY +919636577517,2cda32087a31462e,dispatched_to_mh,North,LMA,1.00E+11,Greenteck Logistics and Mobility Pvt Ltd,SachinDular,Motherhub_JAI_BTS,FM BRSNR,BhankrotaHub_JAI_PL,PH-ZO-JAIBTS-24012334,expected,OPENED,26-09-2026 23:17,Akash Sharma
27-09-2026,FMPC6507498314,Rohinihub_DEL_PL,GP PUBLICATION PRIVATE LIMITED +918802117189,f5dcf57b572d4567,dispatched_to_mh,North,TRUEFLEX,717877,TRUEFLEX,GauravKumar,MotherHub_YKB,FM BRSNR,Rohinihub_DEL_PL,PH-ZO-DELYKB-65669971,expected,OPENED,27-09-2026 09:23,Arvind Bansal (DNCR)
27-09-2026,FMPC6524847755,SaroliHub_STV_PL,LD CREATION +919979138797,80b776df855d4ad1,dispatched_to_mh,West,LMA,1.00E+11,WERCATALYST VENTURES PVT LTD,ReeteshSingh,MotherHub_STV_BTS,FM BRSNR,SaroliHub_STV_PL,PH-B3-SURBTS-25674520,expected,OPENED,26-09-2026 20:57,Ashvani Bhatt
27-09-2026,FMPC6531249040,SuratHub_STV_PL,KHUSHI FASHION +918469275026,9cee68ae654840b6,dispatched_to_mh,West,TRUEFLEX,786429,TRUEFLEX,GaneshPrakash Patil,MotherHub_STV_BTS,FM BRSNR,SuratHub_STV_PL,PH-B1-SURBTS-25586226,expected,OPENED,26-09-2026 22:38,Ashvani Bhatt
27-09-2026,FMPC6526386725,VKIAHub_JAI_PL,Everdecor Balaji Creations 9001000481,e6e9287e3f0847b5,dispatched_to_mh,North,LMA,1.00E+11,We Innovate Business Solutions Pvt Ltd,YogeshKumar,Motherhub_JAI_BTS,FM BRSNR,VKIAHub_JAI_PL,PH-B3-JAIBTS-24018464,expected,OPENED,27-09-2026 07:24,Akash Sharma
27-09-2026,FMPP4300992969,BelghariaHub_KOL_PL,RABIKO LIFESTYLE PRIVATE LIMITED +918583841968,6b67defec19e4fa7,dispatched_to_mh,East,LMA,1.00E+11,Vxpress,KaranKumar,Motherhub_AMT,FM BRSNR,BelghariaHub_KOL_PL,PH-B10-AMTCCU-57132,expected,OPENED,27-09-2026 01:37,Somnath G
27-09-2026,FMPP4295742037,BehalaHub_KOL_PL,SARIMS FASHION +916290234132,44226684296144a7,dispatched_to_mh,East,LMA,1.00E+11,WHEELEY,Saidul IslamJamadar,Motherhub_AMT,FM BRSNR,BehalaHub_KOL_PL,PH-B10-AMTCCU-28361,expected,OPENED,27-09-2026 00:31,Somnath G
27-09-2026,FMPC6531753310,BelghariaHub_KOL_PL,SAR APPARELS INDIA PRIVATE LIMITED +919735518068,1db6448b27b446b9,dispatched_to_mh,East,LMA,1.00E+11,#N/A,#N/A,Motherhub_AMT,FM BRSNR,BelghariaHub_KOL_PL,PH-B10-AMTCCU-27951,expected,OPENED,27-09-2026 01:28,Somnath G
27-09-2026,FMPC6534077424,BelghariaHub_KOL_PL,RAMIDOM +916291098337,6a9805264af84980,dispatched_to_mh,East,LMA,1.00E+11,#N/A,#N/A,Motherhub_AMT,FM BRSNR,BelghariaHub_KOL_PL,PH-B10-AMTCCU-34690,expected,OPENED,27-09-2026 01:02,Somnath G
27-09-2026,FMPC6527307673,BehalaHub_KOL_PL,SARIMS FASHION +916290234132,44226684296144a7,dispatched_to_mh,East,LMA,1.00E+11,WHEELEY,Saidul IslamJamadar,Motherhub_AMT,FM BRSNR,BehalaHub_KOL_PL,PH-B10-AMTCCU-28361,expected,OPENED,27-09-2026 00:31,Somnath G
27-09-2026,FMPC6531677003,BelghariaHub_KOL_PL,Puja Creations +917278789924,feefb59bef3a4ac5,dispatched_to_mh,East,LMA,1.00E+11,#N/A,#N/A,Motherhub_AMT,FM BRSNR,BelghariaHub_KOL_PL,PH-B10-AMTCCU-52863,expected,OPENED,27-09-2026 00:57,Somnath G
27-09-2026,FMPC6533660644,BelghariaHub_KOL_PL,CYBER SHOP +919083530777,f0f08b670e6d4aa4,dispatched_to_mh,East,LMA,1.00E+11,#N/A,#N/A,Motherhub_AMT,FM BRSNR,BelghariaHub_KOL_PL,PH-B10-AMTCCU-31248,expected,OPENED,27-09-2026 01:29,Somnath G
27-09-2026,FMPC6530008651,BehalaHub_KOL_PL,SAKHI FOOD PRODUCTS +918961121911,8203a0c2451d49a1,dispatched_to_mh,East,LMA,1.00E+11,#N/A,#N/A,Motherhub_AMT,FM BRSNR,BehalaHub_KOL_PL,PH-B10-AMTCCU-49799,expected,OPENED,27-09-2026 03:06,Somnath G
27-09-2026,FMPC6531359722,BelghariaHub_KOL_PL,SIFA ENTERPRISE +916289124432,365fb0ab6e294428,dispatched_to_mh,East,LMA,1.00E+11,#N/A,#N/A,Motherhub_AMT,FM BRSNR,BelghariaHub_KOL_PL,PH-B10-AMTCCU-31248,expected,OPENED,27-09-2026 01:29,Somnath G
27-09-2026,FMPC6533669952,BehalaHub_KOL_PL,SUBHAJIT ROY +916291912979,53761bf5563542fd,dispatched_to_mh,East,LMA,1.00E+11,#N/A,#N/A,Motherhub_AMT,FM BRSNR,BehalaHub_KOL_PL,PH-B10-AMTCCU-56656,expected,OPENED,27-09-2026 03:06,Somnath G
27-09-2026,FMPP4297656534,BehalaHub_KOL_PL,Bayt al-Barakah +919123840776,aa26a16596c54dd0,dispatched_to_mh,East,LMA,1.00E+11,WHEELEY,Tapan KumarDas,Motherhub_AMT,FM BRSNR,BehalaHub_KOL_PL,PH-B10-AMTCCU-55731,expected,OPENED,27-09-2026 03:09,Somnath G
27-09-2026,FMPC6530074212,BelghariaHub_KOL_PL,MUSICAL WORKS +919088145949,67c593b6799545dd,dispatched_to_mh,East,LMA,1.00E+11,#N/A,#N/A,Motherhub_AMT,FM BRSNR,BelghariaHub_KOL_PL,PH-B10-AMTCCU-27951,expected,OPENED,27-09-2026 01:28,Somnath G
27-09-2026,FMPC6527923810,BehalaHub_KOL_PL,SARIMS FASHION +916290234132,44226684296144a7,dispatched_to_mh,East,LMA,1.00E+11,WHEELEY,Saidul IslamJamadar,Motherhub_AMT,FM BRSNR,BehalaHub_KOL_PL,PH-B10-AMTCCU-28361,expected,OPENED,27-09-2026 00:31,Somnath G
27-09-2026,FMPC6530401170,DALHOUSIEHUB_KOL_PL,ELDORADO RETAILING +918967593264,5f1b8fd770dd466d,dispatched_to_mh,East,LMA,1.00E+11,WERCATALYST VENTURES PVT LTD,DebjitAdhikkary,Motherhub_AMT,FM BRSNR,DALHOUSIEHUB_KOL_PL,PH-B10-AMTCCU-57792,expected,OPENED,26-09-2026 23:33,Somnath G
27-09-2026,FMPP4299675107,DALHOUSIEHUB_KOL_PL,A SARKAR MAGIC SHOP +919836041952,22b274bd3f694d7f,dispatched_to_mh,East,LMA,1.00E+11,WERCATALYST VENTURES PVT LTD,KoushikDas,Motherhub_AMT,FM BRSNR,DALHOUSIEHUB_KOL_PL,PH-B10-AMTCCU-33283,expected,OPENED,27-09-2026 01:04,Somnath G
27-09-2026,FMPP4299139267,DALHOUSIEHUB_KOL_PL,AGRO POWER TOOLS +916291801246,4bf1b1240b814236,dispatched_to_mh,East,LMA,1.00E+11,Vxpress,Suraj KumarDas,Motherhub_AMT,FM BRSNR,DALHOUSIEHUB_KOL_PL,PH-B10-AMTCCU-57976,expected,OPENED,26-09-2026 23:33,Somnath G
27-09-2026,FMPC6530028931,DALHOUSIEHUB_KOL_PL,AGRO POWER TOOLS +916291801246,4bf1b1240b814236,dispatched_to_mh,East,LMA,1.00E+11,Vxpress,Suraj KumarDas,Motherhub_AMT,FM BRSNR,DALHOUSIEHUB_KOL_PL,PH-B10-AMTCCU-57976,expected,OPENED,26-09-2026 23:33,Somnath G
27-09-2026,FMPC6531430672,DALHOUSIEHUB_KOL_PL,AGRO POWER TOOLS +916291801246,4bf1b1240b814236,dispatched_to_mh,East,LMA,1.00E+11,Vxpress,Suraj KumarDas,Motherhub_AMT,FM BRSNR,DALHOUSIEHUB_KOL_PL,PH-B10-AMTCCU-57976,expected,OPENED,26-09-2026 23:33,Somnath G
27-09-2026,FMPC6531770220,DALHOUSIEHUB_KOL_PL,AGRO POWER TOOLS +916291801246,4bf1b1240b814236,dispatched_to_mh,East,LMA,1.00E+11,Vxpress,Suraj KumarDas,Motherhub_AMT,FM BRSNR,DALHOUSIEHUB_KOL_PL,PH-B10-AMTCCU-57976,expected,OPENED,26-09-2026 23:33,Somnath G
27-09-2026,FMPP4299657175,DALHOUSIEHUB_KOL_PL,ZK ENTERPRISE +919330513290,94ff26e79a364e15,dispatched_to_mh,East,LMA,1.00E+11,WERCATALYST VENTURES PVT LTD,NABINDAS,Motherhub_AMT,FM BRSNR,DALHOUSIEHUB_KOL_PL,PH-B10-AMTCCU-54909,expected,OPENED,27-09-2026 01:07,Somnath G
27-09-2026,FMPC6530394364,DALHOUSIEHUB_KOL_PL,ELDORADO RETAILING +918967593264,5f1b8fd770dd466d,dispatched_to_mh,East,LMA,1.00E+11,WERCATALYST VENTURES PVT LTD,DebjitAdhikkary,Motherhub_AMT,FM BRSNR,DALHOUSIEHUB_KOL_PL,PH-B10-AMTCCU-57792,expected,OPENED,26-09-2026 23:33,Somnath G
27-09-2026,FMPC6532998473,DALHOUSIEHUB_KOL_PL,AGRO POWER TOOLS +916291801246,4bf1b1240b814236,dispatched_to_mh,East,LMA,1.00E+11,Vxpress,Suraj KumarDas,Motherhub_AMT,FM BRSNR,DALHOUSIEHUB_KOL_PL,PH-B10-AMTCCU-57976,expected,OPENED,26-09-2026 23:33,Somnath G
27-09-2026,FMPP4300303915,DALHOUSIEHUB_KOL_PL,PRAKASH BOOKS INDIA PRIVATE LIMITED 8017027371,2a905740c7b2432d,dispatched_to_mh,East,LMA,1.00E+11,Vxpress,Suraj KumarDas,Motherhub_AMT,FM BRSNR,DALHOUSIEHUB_KOL_PL,PH-B10-AMTCCU-57978,expected,OPENED,26-09-2026 23:28,Somnath G
27-09-2026,FMPC6530713841,DALHOUSIEHUB_KOL_PL,AGRO POWER TOOLS +916291801246,4bf1b1240b814236,dispatched_to_mh,East,LMA,1.00E+11,Vxpress,Suraj KumarDas,Motherhub_AMT,FM BRSNR,DALHOUSIEHUB_KOL_PL,PH-B10-AMTCCU-57976,expected,OPENED,26-09-2026 23:33,Somnath G
27-09-2026,FMPP4300072478,DALHOUSIEHUB_KOL_PL,AGRO POWER TOOLS +916291801246,4bf1b1240b814236,dispatched_to_mh,East,LMA,1.00E+11,Vxpress,Suraj KumarDas,Motherhub_AMT,FM BRSNR,DALHOUSIEHUB_KOL_PL,PH-B10-AMTCCU-57976,expected,OPENED,26-09-2026 23:33,Somnath G
27-09-2026,FMPC6530561332,DALHOUSIEHUB_KOL_PL,AGRO POWER TOOLS +916291801246,4bf1b1240b814236,dispatched_to_mh,East,LMA,1.00E+11,Vxpress,Suraj KumarDas,Motherhub_AMT,FM BRSNR,DALHOUSIEHUB_KOL_PL,PH-B10-AMTCCU-57976,expected,OPENED,26-09-2026 23:33,Somnath G
27-09-2026,FMPC6532819168,DALHOUSIEHUB_KOL_PL,A SARKAR MAGIC SHOP +919836041952,22b274bd3f694d7f,dispatched_to_mh,East,LMA,1.00E+11,WERCATALYST VENTURES PVT LTD,KoushikDas,Motherhub_AMT,FM BRSNR,DALHOUSIEHUB_KOL_PL,PH-B10-AMTCCU-33283,expected,OPENED,27-09-2026 01:04,Somnath G
27-09-2026,FMPC6531526972,DALHOUSIEHUB_KOL_PL,M/S FASHION FLIX +917980374716,eb5e660026ab48db,received_at_mh,East,LMA,4234022,#N/A,#N/A,Motherhub_AMT,FM BRSNR,DALHOUSIEHUB_KOL_PL,PH-B10-AMTCCU-48624,expected,OPENED,26-09-2026 23:32,Somnath G
27-09-2026,FMPC6528459255,DALHOUSIEHUB_KOL_PL,KRISHNA TRADING +918777076970,e17c6f0585f34bc2,dispatched_to_mh,East,LMA,4234022,#N/A,#N/A,Motherhub_AMT,FM BRSNR,DALHOUSIEHUB_KOL_PL,PH-B10-AMTCCU-35858,expected,OPENED,26-09-2026 23:32,Somnath G
27-09-2026,FMPC6530436491,GariaHub_KOL_PL,Hike Haven +919433823882,cb5d0655ebc44b33,dispatched_to_mh,East,LMA,1.00E+11,WERCATALYST VENTURES PVT LTD,SumonDas,Motherhub_AMT,FM BRSNR,GariaHub_KOL_PL,PH-B10-AMTCCU-25276,expected,OPENED,27-09-2026 01:37,Somnath G
27-09-2026,FMPC6533560821,GariaHub_KOL_PL,M/S ALFARIYA FASHION ENTERPRISE +919804616015,b1149c50ca5a4b44,dispatched_to_mh,East,LMA,1.00E+11,WERCATALYST VENTURES PVT LTD,SumonDas,Motherhub_AMT,FM BRSNR,GariaHub_KOL_PL,PH-B10-AMTCCU-25276,expected,OPENED,27-09-2026 01:37,Somnath G
27-09-2026,FMPC6530553650,GariaHub_KOL_PL,M/S ALFARIYA FASHION ENTERPRISE +919804616015,b1149c50ca5a4b44,dispatched_to_mh,East,LMA,1.00E+11,WERCATALYST VENTURES PVT LTD,SumonDas,Motherhub_AMT,FM BRSNR,GariaHub_KOL_PL,PH-B10-AMTCCU-25276,expected,OPENED,27-09-2026 01:37,Somnath G
27-09-2026,FMPP4299073574,GariaHub_KOL_PL,BUTT BABY ENTERPRISE PRIVATE LIMITED +918777484276,a3eefa6102af44b8,dispatched_to_mh,East,LMA,1.00E+11,#N/A,#N/A,Motherhub_AMT,FM BRSNR,GariaHub_KOL_PL,PH-B10-AMTCCU-57780,expected,OPENED,27-09-2026 00:26,Somnath G
27-09-2026,FMPP4298180618,GariaHub_KOL_PL,FASHION WORLD +918336061387,77af2922fb2545fe,dispatched_to_mh,East,LMA,1.00E+11,WERCATALYST VENTURES PVT LTD,SumonDas,Motherhub_AMT,FM BRSNR,GariaHub_KOL_PL,PH-B10-AMTCCU-25276,expected,OPENED,27-09-2026 01:37,Somnath G
27-09-2026,FMPC6533588214,GariaHub_KOL_PL,Hike Haven +919433823882,cb5d0655ebc44b33,dispatched_to_mh,East,LMA,1.00E+11,WERCATALYST VENTURES PVT LTD,SumonDas,Motherhub_AMT,FM BRSNR,GariaHub_KOL_PL,PH-B10-AMTCCU-25276,expected,OPENED,27-09-2026 01:37,Somnath G
27-09-2026,FMPC6533560831,GariaHub_KOL_PL,M/S ALFARIYA FASHION ENTERPRISE +919804616015,b1149c50ca5a4b44,dispatched_to_mh,East,LMA,1.00E+11,WERCATALYST VENTURES PVT LTD,SumonDas,Motherhub_AMT,FM BRSNR,GariaHub_KOL_PL,PH-B10-AMTCCU-25276,expected,OPENED,27-09-2026 01:37,Somnath G
27-09-2026,FMPC6533082153,GariaHub_KOL_PL,M/S ALFARIYA FASHION ENTERPRISE +919804616015,b1149c50ca5a4b44,dispatched_to_mh,East,LMA,1.00E+11,WERCATALYST VENTURES PVT LTD,SumonDas,Motherhub_AMT,FM BRSNR,GariaHub_KOL_PL,PH-B10-AMTCCU-25276,expected,OPENED,27-09-2026 01:37,Somnath G
27-09-2026,FMPC6533560822,GariaHub_KOL_PL,M/S ALFARIYA FASHION ENTERPRISE +919804616015,b1149c50ca5a4b44,dispatched_to_mh,East,LMA,1.00E+11,WERCATALYST VENTURES PVT LTD,SumonDas,Motherhub_AMT,FM BRSNR,GariaHub_KOL_PL,PH-B10-AMTCCU-25276,expected,OPENED,27-09-2026 01:37,Somnath G
27-09-2026,FMPC6530149023,GariaHub_KOL_PL,Hike Haven +919433823882,cb5d0655ebc44b33,dispatched_to_mh,East,LMA,1.00E+11,WERCATALYST VENTURES PVT LTD,SumonDas,Motherhub_AMT,FM BRSNR,GariaHub_KOL_PL,PH-B10-AMTCCU-25276,expected,OPENED,27-09-2026 01:37,Somnath G
27-09-2026,FMPC6531484203,GariaHub_KOL_PL,M M LEATHER DESIGNS +919163236812,f0c4df82fa614f9d,dispatched_to_mh,East,LMA,1.00E+11,WERCATALYST VENTURES PVT LTD,SumonDas,Motherhub_AMT,FM BRSNR,GariaHub_KOL_PL,PH-B10-AMTCCU-25276,expected,OPENED,27-09-2026 01:37,Somnath G
27-09-2026,FMPC6531504096,GariaHub_KOL_PL,"MASOLIN HERBAL PVT. LTD., +917980108881",eecab6e72bde4c3e,dispatched_to_mh,East,LMA,1.00E+11,WERCATALYST VENTURES PVT LTD,RahulRouth,Motherhub_AMT,FM BRSNR,GariaHub_KOL_PL,PH-B10-AMTCCU-38549,expected,OPENED,27-09-2026 01:31,Somnath G
27-09-2026,FMPC6533560818,GariaHub_KOL_PL,M/S ALFARIYA FASHION ENTERPRISE +919804616015,b1149c50ca5a4b44,dispatched_to_mh,East,LMA,1.00E+11,WERCATALYST VENTURES PVT LTD,SumonDas,Motherhub_AMT,FM BRSNR,GariaHub_KOL_PL,PH-B10-AMTCCU-25276,expected,OPENED,27-09-2026 01:37,Somnath G
27-09-2026,FMPC6532929652,GariaHub_KOL_PL,PRABIR SARKAR +919168138106,4b0d00dc5d8e4008,received_at_mh,East,LMA,1.00E+11,WERCATALYST VENTURES PVT LTD,DebjitPurkait,Motherhub_AMT,FM BRSNR,GariaHub_KOL_PL,PH-B10-AMTCCU-42973,expected,OPENED,27-09-2026 07:59,Somnath G
27-09-2026,FMPP4299726001,GariaHub_KOL_PL,M/S ALFARIYA FASHION ENTERPRISE +919804616015,b1149c50ca5a4b44,dispatched_to_mh,East,LMA,1.00E+11,WERCATALYST VENTURES PVT LTD,SumonDas,Motherhub_AMT,FM BRSNR,GariaHub_KOL_PL,PH-B10-AMTCCU-25276,expected,OPENED,27-09-2026 01:37,Somnath G
27-09-2026,FMPC6529919777,GariaHub_KOL_PL,K.S. ENTERPRISE +918777429720,f7d500da972049f9,dispatched_to_mh,East,LMA,1.00E+11,#N/A,#N/A,Motherhub_AMT,FM BRSNR,GariaHub_KOL_PL,PH-B10-AMTCCU-30366,expected,OPENED,27-09-2026 02:09,Somnath G
27-09-2026,FMPC6531864635,GariaHub_KOL_PL,M/S ALFARIYA FASHION ENTERPRISE +919804616015,b1149c50ca5a4b44,dispatched_to_mh,East,LMA,1.00E+11,WERCATALYST VENTURES PVT LTD,SumonDas,Motherhub_AMT,FM BRSNR,GariaHub_KOL_PL,PH-B10-AMTCCU-25276,expected,OPENED,27-09-2026 01:37,Somnath G
27-09-2026,FMPP4298883106,GariaHub_KOL_PL,M/S ALFARIYA FASHION ENTERPRISE +919804616015,b1149c50ca5a4b44,dispatched_to_mh,East,LMA,1.00E+11,WERCATALYST VENTURES PVT LTD,SumonDas,Motherhub_AMT,FM BRSNR,GariaHub_KOL_PL,PH-B10-AMTCCU-25276,expected,OPENED,27-09-2026 01:37,Somnath G
27-09-2026,FMPC6531130053,GariaHub_KOL_PL,M/S ALFARIYA FASHION ENTERPRISE +919804616015,b1149c50ca5a4b44,dispatched_to_mh,East,LMA,1.00E+11,WERCATALYST VENTURES PVT LTD,SumonDas,Motherhub_AMT,FM BRSNR,GariaHub_KOL_PL,PH-B10-AMTCCU-25276,expected,OPENED,27-09-2026 01:37,Somnath G
27-09-2026,FMPC6532350581,GariaHub_KOL_PL,Hike Haven +919433823882,cb5d0655ebc44b33,dispatched_to_mh,East,LMA,1.00E+11,WERCATALYST VENTURES PVT LTD,SumonDas,Motherhub_AMT,FM BRSNR,GariaHub_KOL_PL,PH-B10-AMTCCU-25276,expected,OPENED,27-09-2026 01:37,Somnath G
27-09-2026,FMPC6531290570,GariaHub_KOL_PL,M/S ALFARIYA FASHION ENTERPRISE +919804616015,b1149c50ca5a4b44,dispatched_to_mh,East,LMA,1.00E+11,WERCATALYST VENTURES PVT LTD,SumonDas,Motherhub_AMT,FM BRSNR,GariaHub_KOL_PL,PH-B10-AMTCCU-25276,expected,OPENED,27-09-2026 01:37,Somnath G
27-09-2026,FMPC6531290379,GariaHub_KOL_PL,M/S ALFARIYA FASHION ENTERPRISE +919804616015,b1149c50ca5a4b44,dispatched_to_mh,East,LMA,1.00E+11,WERCATALYST VENTURES PVT LTD,SumonDas,Motherhub_AMT,FM BRSNR,GariaHub_KOL_PL,PH-B10-AMTCCU-25276,expected,OPENED,27-09-2026 01:37,Somnath G
27-09-2026,FMPC6532892285,GariaHub_KOL_PL,M/S ALFARIYA FASHION ENTERPRISE +919804616015,b1149c50ca5a4b44,dispatched_to_mh,East,LMA,1.00E+11,WERCATALYST VENTURES PVT LTD,SumonDas,Motherhub_AMT,FM BRSNR,GariaHub_KOL_PL,PH-B10-AMTCCU-25276,expected,OPENED,27-09-2026 01:37,Somnath G
27-09-2026,FMPC6531900854,GariaHub_KOL_PL,M/S ALFARIYA FASHION ENTERPRISE +919804616015,b1149c50ca5a4b44,dispatched_to_mh,East,LMA,1.00E+11,WERCATALYST VENTURES PVT LTD,SumonDas,Motherhub_AMT,FM BRSNR,GariaHub_KOL_PL,PH-B10-AMTCCU-25276,expected,OPENED,27-09-2026 01:37,Somnath G
27-09-2026,FMPC6531444229,GariaHub_KOL_PL,FASHION MANTRA +917439588426,284cb54a745c46ee,dispatched_to_mh,East,LMA,1.00E+11,WERCATALYST VENTURES PVT LTD,ShekhSamsul,Motherhub_AMT,FM BRSNR,GariaHub_KOL_PL,PH-B10-AMTCCU-25280,expected,OPENED,27-09-2026 01:37,Somnath G
27-09-2026,FMPC6530937101,GariaHub_KOL_PL,M/S ALFARIYA FASHION ENTERPRISE +919804616015,b1149c50ca5a4b44,dispatched_to_mh,East,LMA,1.00E+11,WERCATALYST VENTURES PVT LTD,SumonDas,Motherhub_AMT,FM BRSNR,GariaHub_KOL_PL,PH-B10-AMTCCU-25276,expected,OPENED,27-09-2026 01:37,Somnath G
27-09-2026,FMPC6531563232,GariaHub_KOL_PL,R.K.FASHION ACCESSORIES LIMITED +919339495593,otxlnn3rp9520mxm,dispatched_to_mh,East,LMA,1.00E+11,WERCATALYST VENTURES PVT LTD,Md SabirHossain,Motherhub_AMT,FM BRSNR,GariaHub_KOL_PL,PH-B10-AMTCCU-43071,expected,OPENED,27-09-2026 01:32,Somnath G
27-09-2026,FMPP4301526094,HowrahHub_KOL_PL,M/S S M FASHION +916289052530,87fe9a5480f841a9,dispatched_to_mh,East,LMA,1.00E+11,#N/A,#N/A,Motherhub_AMT,FM BRSNR,HowrahHub_KOL_PL,PH-B10-AMTCCU-51309,expected,OPENED,27-09-2026 07:29,Somnath G
27-09-2026,FMPP4301527803,HowrahHub_KOL_PL,M/S S M FASHION +916289052530,87fe9a5480f841a9,dispatched_to_mh,East,LMA,1.00E+11,#N/A,#N/A,Motherhub_AMT,FM BRSNR,HowrahHub_KOL_PL,PH-B10-AMTCCU-51309,expected,OPENED,27-09-2026 07:29,Somnath G
27-09-2026,FMPP4301159462,HowrahHub_KOL_PL,abhas fashion +919062888436,b2a291db76ca40de,dispatched_to_mh,East,LMA,1.00E+11,#N/A,#N/A,Motherhub_AMT,FM BRSNR,HowrahHub_KOL_PL,PH-B10-AMTCCU-46975,expected,OPENED,27-09-2026 04:48,Somnath G
27-09-2026,FMPC6531772222,HowrahHub_KOL_PL,Middya fashion +919330628600,9fd8663010e5403b,dispatched_to_mh,East,LMA,1.00E+11,#N/A,#N/A,Motherhub_AMT,FM BRSNR,HowrahHub_KOL_PL,PH-B10-AMTCCU-33759,expected,OPENED,27-09-2026 04:46,Somnath G
27-09-2026,FMPP4299195724,HowrahHub_KOL_PL,Maa Enterprises +919477939377,3df12cf0c1a74c8b,dispatched_to_mh,East,LMA,1.00E+11,#N/A,#N/A,Motherhub_AMT,FM BRSNR,HowrahHub_KOL_PL,PH-B10-AMTCCU-42653,expected,OPENED,26-09-2026 23:40,Somnath G
27-09-2026,FMPP4300276623,HowrahHub_KOL_PL,DOWARI ENTERPRISE +919163846717,6ee4d21fbec04dec,dispatched_to_mh,East,LMA,1.00E+11,#N/A,#N/A,Motherhub_AMT,FM BRSNR,HowrahHub_KOL_PL,PH-B10-AMTCCU-9776,expected,OPENED,26-09-2026 23:29,Somnath G
27-09-2026,FMPC6530824868,HowrahHub_KOL_PL,M/S TECHNO CARE +919830449361,2d8f273d6fc6409f,dispatched_to_mh,East,LMA,1.00E+11,#N/A,#N/A,Motherhub_AMT,FM BRSNR,HowrahHub_KOL_PL,PH-B10-AMTCCU-6383,expected,OPENED,26-09-2026 23:30,Somnath G
27-09-2026,FMPP4299884765,HowrahHub_KOL_PL,GESICA TRADERS +917890710662,dbbf405a5e9c4497,dispatched_to_mh,East,LMA,1.00E+11,#N/A,#N/A,Motherhub_AMT,FM BRSNR,HowrahHub_KOL_PL,PH-B10-AMTCCU-10742,expected,OPENED,27-09-2026 07:25,Somnath G
27-09-2026,FMPC6530535454,HowrahHub_KOL_PL,SAINA GARMENTS +918274837384,5dd6ab6ee18e4f4f,dispatched_to_mh,East,LMA,1.00E+11,#N/A,#N/A,Motherhub_AMT,FM BRSNR,HowrahHub_KOL_PL,PH-B10-AMTCCU-51608,expected,OPENED,26-09-2026 23:29,Somnath G
27-09-2026,FMPP4300889125,HowrahHub_KOL_PL,SURAVI ENTERPRISE +919830319781,99e1502a773b486c,dispatched_to_mh,East,LMA,1.00E+11,#N/A,#N/A,Motherhub_AMT,FM BRSNR,HowrahHub_KOL_PL,PH-B10-AMTCCU-51979,expected,OPENED,26-09-2026 23:30,Somnath G
27-09-2026,FMPC6530785832,HowrahHub_KOL_PL,HOWRAH BUTTOM STORE +919830090473,b78c28bf4e314cce,dispatched_to_mh,East,LMA,1.00E+11,SAS,DipankarShaw,Motherhub_AMT,FM BRSNR,HowrahHub_KOL_PL,PH-B10-AMTCCU-14609,expected,OPENED,27-09-2026 03:08,Somnath G
27-09-2026,FMPC6532237698,HowrahHub_KOL_PL,IFA FASHION +918420756664,09e9d352667a4040,dispatched_to_mh,East,LMA,1.00E+11,#N/A,#N/A,Motherhub_AMT,FM BRSNR,HowrahHub_KOL_PL,PH-B10-AMTCCU-36127,expected,OPENED,27-09-2026 07:24,Somnath G
27-09-2026,FMPP4298915465,HowrahHub_KOL_PL,Quick Kart +917980799054,8833afc7a8bf4ef2,dispatched_to_mh,East,LMA,1.00E+11,#N/A,#N/A,Motherhub_AMT,FM BRSNR,HowrahHub_KOL_PL,PH-B10-AMTCCU-6383,expected,OPENED,26-09-2026 23:30,Somnath G
27-09-2026,FMPC6531091454,HowrahHub_KOL_PL,RAFIJ GARMENTS +916289964377,5718452b5fc84e87,dispatched_to_mh,East,LMA,1.00E+11,#N/A,#N/A,Motherhub_AMT,FM BRSNR,HowrahHub_KOL_PL,PH-B10-AMTCCU-51981,expected,OPENED,26-09-2026 23:35,Somnath G
27-09-2026,FMPP4298957392,HowrahHub_KOL_PL,AP CREATION +916290991399,a6afe528fa134cde,dispatched_to_mh,East,LMA,1.00E+11,#N/A,#N/A,Motherhub_AMT,FM BRSNR,HowrahHub_KOL_PL,PH-B10-AMTCCU-6383,expected,OPENED,26-09-2026 23:30,Somnath G
27-09-2026,FMPC6530106429,HowrahHub_KOL_PL,Quick Kart +917980799054,8833afc7a8bf4ef2,dispatched_to_mh,East,LMA,1.00E+11,#N/A,#N/A,Motherhub_AMT,FM BRSNR,HowrahHub_KOL_PL,PH-B10-AMTCCU-6383,expected,OPENED,26-09-2026 23:30,Somnath G
27-09-2026,FMPC6532214323,HowrahHub_KOL_PL,DOWARI ENTERPRISE +919163846717,6ee4d21fbec04dec,dispatched_to_mh,East,LMA,1.00E+11,#N/A,#N/A,Motherhub_AMT,FM BRSNR,HowrahHub_KOL_PL,PH-B10-AMTCCU-9776,expected,OPENED,26-09-2026 23:29,Somnath G
27-09-2026,FMPC6530490855,SectorVHub_KOL_PL,JBS Creation +918100640898,b2eca02b2b334d2f,dispatched_to_mh,East,LMA,1.00E+11,WERCATALYST VENTURES PVT LTD,AjitJha,Motherhub_AMT,FM BRSNR,SectorVHub_KOL_PL,PH-B10-AMTCCU-38465,expected,OPENED,27-09-2026 04:04,Somnath G
27-09-2026,FMPP4299857809,SectorVHub_KOL_PL,Sun-Astrix +917003585512,0e4a49b06c2d48fc,dispatched_to_mh,East,LMA,1.00E+11,#N/A,#N/A,Motherhub_AMT,FM BRSNR,SectorVHub_KOL_PL,PH-B10-AMTCCU-44553,expected,OPENED,26-09-2026 23:49,Somnath G
27-09-2026,FMPC6533968169,SectorVHub_KOL_PL,H B TRADER +916289250530,4cfeef92257e47c8,dispatched_to_mh,East,LMA,1.00E+11,WERCATALYST VENTURES PVT LTD,Vishal KumarRam,Motherhub_AMT,FM BRSNR,SectorVHub_KOL_PL,PH-B10-AMTCCU-56357,expected,OPENED,26-09-2026 23:48,Somnath G
27-09-2026,FMPC6532002426,SectorVHub_KOL_PL,JBS Creation +918100640898,b2eca02b2b334d2f,dispatched_to_mh,East,LMA,1.00E+11,WERCATALYST VENTURES PVT LTD,AjitJha,Motherhub_AMT,FM BRSNR,SectorVHub_KOL_PL,PH-B10-AMTCCU-38465,expected,OPENED,27-09-2026 04:04,Somnath G
27-09-2026,FMPC6532292364,SectorVHub_KOL_PL,SHAKTI RETAIL +918274050080,0c94eb5b1d5d438f,dispatched_to_mh,East,LMA,4316343,#N/A,#N/A,Motherhub_AMT,FM BRSNR,SectorVHub_KOL_PL,PH-B10-AMTCCU-57881,expected,OPENED,27-09-2026 01:14,Somnath G
27-09-2026,FMPC6530158890,SectorVHub_KOL_PL,JBS Creation +918100640898,b2eca02b2b334d2f,dispatched_to_mh,East,LMA,1.00E+11,WERCATALYST VENTURES PVT LTD,AjitJha,Motherhub_AMT,FM BRSNR,SectorVHub_KOL_PL,PH-B10-AMTCCU-38465,expected,OPENED,27-09-2026 04:04,Somnath G
27-09-2026,FMPC6531098821,SectorVHub_KOL_PL,Mun fashion +918697525178,3f728aa55aa04f6a,dispatched_to_mh,East,LMA,4379457,#N/A,#N/A,Motherhub_AMT,FM BRSNR,SectorVHub_KOL_PL,PH-B10-AMTCCU-36724,expected,OPENED,27-09-2026 01:11,Somnath G
27-09-2026,FMPC6532933971,SectorVHub_KOL_PL,JBS Creation +918100640898,b2eca02b2b334d2f,dispatched_to_mh,East,LMA,1.00E+11,WERCATALYST VENTURES PVT LTD,AjitJha,Motherhub_AMT,FM BRSNR,SectorVHub_KOL_PL,PH-B10-AMTCCU-38465,expected,OPENED,27-09-2026 04:04,Somnath G
27-09-2026,FMPC6528644381,SectorVHub_KOL_PL,ARUSHI CREATION +918697337508,4f7daffa351a4db4,dispatched_to_mh,East,LMA,1.00E+11,WERCATALYST VENTURES PVT LTD,RajkumarSau,Motherhub_AMT,FM BRSNR,SectorVHub_KOL_PL,PH-B10-AMTCCU-43266,expected,OPENED,26-09-2026 23:47,Somnath G
27-09-2026,FMPP4301428303,BawanaHub_DEL_PL,A ONE ENTERPRISES +919812928190,e7126029844f4425,dispatched_to_mh,North,LMA,1.00E+11,WHEELEY,Ritik,MotherHub_NDC,FM BRSNR,BawanaHub_DEL_PL,PH-B3-NCRNDC-6100037,expected,OPENED,27-09-2026 03:08,Arvind Bansal (DNCR)
27-09-2026,FMPC6533831832,BawanaHub_DEL_PL,ALIGHT INTERNATIONAL +919625416080,fe0a2902665b4e45,dispatched_to_mh,North,TRUEFLEX,1268066,TRUEFLEX,VikashKumar,MotherHub_NDC,FM BRSNR,BawanaHub_DEL_PL,PH-B3-NCRNDC-6378419,expected,OPENED,27-09-2026 02:56,Arvind Bansal (DNCR)
27-09-2026,FMPC6533821684,BawanaHub_DEL_PL,RAMYA SANITARYWARE PRIVATE LIMITED +918130622185,c166efcebe094f95,dispatched_to_mh,North,LMA,1.00E+11,AADIYOGI LOGISTIC PRIVATE LIMITED,MANOJ,MotherHub_NDC,FM BRSNR,BawanaHub_DEL_PL,PH-B3-NCRNDC-6371374,expected,OPENED,27-09-2026 03:03,Arvind Bansal (DNCR)
27-09-2026,FMPC6527829210,BallabhgarhHub_Del_PL,MOTHER AND BABY CARE INC 8802195060,d7833c8b4d674b24,dispatched_to_mh,North,EKART,3940523,EKART,,MotherHub_NDC,FM BRSNR,BallabhgarhHub_Del_PL,PH-B3-NCRNDC-6383875,expected,OPENED,27-09-2026 00:55,Arvind Bansal (DNCR)
27-09-2026,FMPC6533416220,Alipur_DEL_PL,VISHAL ENTERPRISES +918287259143,f6ed591d6fd34bc0,dispatched_to_mh,North,LMA,1.00E+11,WHEELEY,AmarKumar,MotherHub_NDC,FM BRSNR,Alipur_DEL_PL,PH-B3-NCRNDC-6364183,expected,OPENED,27-09-2026 05:44,Arvind Bansal (DNCR)
27-09-2026,FMPP4299859831,Alipur_DEL_PL,VISHAL ENTERPRISES +918287259143,f6ed591d6fd34bc0,received_at_mh,North,LMA,1.00E+11,WHEELEY,AmarKumar,MotherHub_NDC,FM BRSNR,Alipur_DEL_PL,PH-B3-NCRNDC-6364183,expected,OPENED,27-09-2026 05:44,Arvind Bansal (DNCR)
27-09-2026,FMPP4300772715,Alipur_DEL_PL,JASVICAT +919210897885,31df2c87b6b746f7,dispatched_to_mh,North,LMA,1.00E+11,Loadshare,Yugraj,MotherHub_NDC,FM BRSNR,Alipur_DEL_PL,PH-B3-NCRNDC-6369020,expected,OPENED,27-09-2026 06:11,Arvind Bansal (DNCR)
27-09-2026,FMPP4301377405,Alipur_DEL_PL,SHIVANYA FASHION HUB +917289903430,b93d4c7177884d51,received_at_mh,North,TRUEFLEX,970686,TRUEFLEX,#N/A,MotherHub_NDC,FM BRSNR,Alipur_DEL_PL,PH-B3-NCRNDC-6364205,expected,OPENED,27-09-2026 02:02,Arvind Bansal (DNCR)
27-09-2026,FMPC6529019556,BawanaHub_DEL_PL,Republic Agro +919873879790,5c807772d74d4c4c,dispatched_to_mh,North,LMA,1.00E+11,Sitics,Ankit,MotherHub_NDC,FM BRSNR,BawanaHub_DEL_PL,PH-B3-NCRNDC-6295637,expected,OPENED,26-09-2026 23:54,Arvind Bansal (DNCR)
27-09-2026,FMPC6532986510,Alipur_DEL_PL,R&R Trading Company +917011091440,e0a60278f01d477e,dispatched_to_mh,North,LMA,1.00E+11,#N/A,#N/A,MotherHub_NDC,FM BRSNR,Alipur_DEL_PL,PH-B3-NCRNDC-6363940,expected,OPENED,27-09-2026 02:05,Arvind Bansal (DNCR)
27-09-2026,FMPP4299010837,BallabhgarhHub_Del_PL,PODDAR PETALS +918010029490,46a0ea239e8344d9,dispatched_to_mh,North,EKART,4303634,EKART,,MotherHub_NDC,FM BRSNR,BallabhgarhHub_Del_PL,PH-B3-NCRNDC-6378110,expected,OPENED,27-09-2026 01:32,Arvind Bansal (DNCR)
27-09-2026,FMPC6530928872,BawanaHub_DEL_PL,MAA SHARDA ENTERPRISES +918882225510,321bf60b458b4e21,dispatched_to_mh,North,LMA,1.00E+11,SHIFTWAY LOGISTICS PVT LTD,Akhilesh,MotherHub_NDC,FM BRSNR,BawanaHub_DEL_PL,PH-B3-NCRNDC-6330249,expected,OPENED,27-09-2026 02:39,Arvind Bansal (DNCR)
27-09-2026,FMPC6530709110,BallabhgarhHub_Del_PL,ADVIK ENTERPRISES +918810611799,ad648f3965b442bc,dispatched_to_mh,North,EKART,3238973,EKART,,MotherHub_NDC,FM BRSNR,BallabhgarhHub_Del_PL,PH-B3-NCRNDC-6368919,expected,OPENED,27-09-2026 00:56,Arvind Bansal (DNCR)
27-09-2026,FMPC6530875365,BallabhgarhHub_Del_PL,VASHISHTA ENTERPRISES +919871354687,febe596a334c4db1,received_at_mh,North,EKART,3238973,EKART,,MotherHub_NDC,FM BRSNR,BallabhgarhHub_Del_PL,PH-B3-NCRNDC-6368919,expected,OPENED,27-09-2026 00:56,Arvind Bansal (DNCR)
27-09-2026,FMPC6532392909,BallabhgarhHub_Del_PL,TRUCRAFT BRANDS PRIVATE LIMITED +919211327792,9f742e5d492b4115,dispatched_to_mh,North,EKART,4300608,EKART,,MotherHub_NDC,FM BRSNR,BallabhgarhHub_Del_PL,PH-B3-NCRNDC-6379713,expected,OPENED,27-09-2026 00:54,Arvind Bansal (DNCR)
27-09-2026,FMPP4298580025,Alipur_DEL_PL,SAGUN ENTERPRISES +917838590610,17cfa254a4af46ab,received_at_mh,North,LMA,1.00E+11,WHEELEY,AmarKumar,MotherHub_NDC,FM BRSNR,Alipur_DEL_PL,PH-B3-NCRNDC-6283851,expected,OPENED,27-09-2026 05:32,Arvind Bansal (DNCR)
27-09-2026,FMPP4298598720,BallabhgarhHub_Del_PL,MOTHER AND BABY CARE INC 8802195060,d7833c8b4d674b24,received_at_mh,North,EKART,3940523,EKART,,MotherHub_NDC,FM BRSNR,BallabhgarhHub_Del_PL,PH-B3-NCRNDC-6383897,expected,OPENED,27-09-2026 00:58,Arvind Bansal (DNCR)
27-09-2026,FMPP4298121422,BawanaHub_DEL_PL,Republic Agro +919873879790,5c807772d74d4c4c,dispatched_to_mh,North,LMA,1.00E+11,Sitics,Ankit,MotherHub_NDC,FM BRSNR,BawanaHub_DEL_PL,PH-B3-NCRNDC-6295637,expected,OPENED,26-09-2026 23:54,Arvind Bansal (DNCR)
27-09-2026,FMPC6530217396,BawanaHub_DEL_PL,MAA SHARDA ENTERPRISES +918882225510,321bf60b458b4e21,dispatched_to_mh,North,LMA,1.00E+11,SHIFTWAY LOGISTICS PVT LTD,Akhilesh,MotherHub_NDC,FM BRSNR,BawanaHub_DEL_PL,PH-B3-NCRNDC-6330249,expected,OPENED,27-09-2026 02:39,Arvind Bansal (DNCR)
27-09-2026,FMPC6533899896,Alipur_DEL_PL,SHIVANYA FASHION HUB +917289903430,b93d4c7177884d51,received_at_mh,North,TRUEFLEX,970686,TRUEFLEX,#N/A,MotherHub_NDC,FM BRSNR,Alipur_DEL_PL,PH-B3-NCRNDC-6364205,expected,OPENED,27-09-2026 02:02,Arvind Bansal (DNCR)
27-09-2026,FMPP4297628072,Alipur_DEL_PL,SHARMA ENTERPRISES STORE +917292005607,c318dede228f4276,dispatched_to_mh,North,LMA,1.00E+11,WHEELEY,AmarKumar,MotherHub_NDC,FM BRSNR,Alipur_DEL_PL,PH-B3-NCRNDC-6313739,expected,OPENED,27-09-2026 05:40,Arvind Bansal (DNCR)
27-09-2026,FMPC6533415838,BawanaHub_DEL_PL,ALIGHT INTERNATIONAL +919625416080,fe0a2902665b4e45,dispatched_to_mh,North,TRUEFLEX,1268066,TRUEFLEX,VikashKumar,MotherHub_NDC,FM BRSNR,BawanaHub_DEL_PL,PH-B3-NCRNDC-6378426,expected,OPENED,27-09-2026 03:11,Arvind Bansal (DNCR)
27-09-2026,FMPP4299437811,Alipur_DEL_PL,Unique Stores 8130617664,ee1d081efd374e5d,received_at_mh,North,LMA,1.00E+11,#N/A,#N/A,MotherHub_NDC,FM BRSNR,Alipur_DEL_PL,PH-B3-NCRNDC-6351723,expected,OPENED,27-09-2026 02:04,Arvind Bansal (DNCR)
27-09-2026,FMPC6533743006,Alipur_DEL_PL,M.H Industries 9934099390,1d81ea9ae3714e11,dispatched_to_mh,North,LMA,1.00E+11,#N/A,#N/A,MotherHub_NDC,FM BRSNR,Alipur_DEL_PL,PH-B3-NCRNDC-6363936,expected,OPENED,27-09-2026 05:47,Arvind Bansal (DNCR)
27-09-2026,FMPC6533355329,Alipur_DEL_PL,JASVICAT +919210897885,31df2c87b6b746f7,received_at_mh,North,LMA,1.00E+11,Loadshare,Yugraj,MotherHub_NDC,FM BRSNR,Alipur_DEL_PL,PH-B3-NCRNDC-6369020,expected,OPENED,27-09-2026 06:11,Arvind Bansal (DNCR)
27-09-2026,FMPC6533440583,BawanaHub_DEL_PL,ELITE TECHNOLOGIES +918076874431,6bac3aafb4f34b89,dispatched_to_mh,North,TRUEFLEX,1268066,TRUEFLEX,VikashKumar,MotherHub_NDC,FM BRSNR,BawanaHub_DEL_PL,PH-B3-NCRNDC-6378344,expected,OPENED,27-09-2026 03:03,Arvind Bansal (DNCR)
27-09-2026,FMPP4300134878,Alipur_DEL_PL,DALUCI ENTERPRISE PRIVATE LIMITED 7874564562,ff80b349fc484bf3,dispatched_to_mh,North,LMA,1.00E+11,SUSAH SUPPLY CHAIN AND NETWORK PRIVATE LIMITED,Vinay,MotherHub_NDC,FM BRSNR,Alipur_DEL_PL,PH-B3-NCRNDC-6384919,expected,OPENED,27-09-2026 05:12,Arvind Bansal (DNCR)
27-09-2026,FMPP4300666504,BallabhgarhHub_Del_PL,VIBRANT VOGUE +919953531480,94389fdd41794cc2,dispatched_to_mh,North,EKART,3940523,EKART,,MotherHub_NDC,FM BRSNR,BallabhgarhHub_Del_PL,PH-B3-NCRNDC-6280605,expected,OPENED,27-09-2026 01:41,Arvind Bansal (DNCR)
27-09-2026,FMPP4298314951,Alipur_DEL_PL,TATA CONSUMER PRODUCTS LIMITED 8920469903,4c604d76fe1f4f1a,dispatched_to_mh,North,TRUEFLEX,593662,TRUEFLEX,Rahul,MotherHub_NDC,FM BRSNR,Alipur_DEL_PL,PH-B3-NCRNDC-6376661,expected,OPENED,27-09-2026 05:58,Arvind Bansal (DNCR)
27-09-2026,FMPC6533248470,BawanaHub_DEL_PL,KDS HOSIERY +918287771546,862293a49fa94e30,dispatched_to_mh,North,TRUEFLEX,1268066,TRUEFLEX,VikashKumar,MotherHub_NDC,FM BRSNR,BawanaHub_DEL_PL,PH-B3-NCRNDC-6343941,expected,OPENED,27-09-2026 02:59,Arvind Bansal (DNCR)
27-09-2026,FMPC6533252847,BallabhgarhHub_Del_PL,DYNAMIC MEMORY PRIVATE LIMITED +919711353312,6ede5ae037fb4c9c,dispatched_to_mh,North,LMA,1.00E+11,Greenteck Logistics and Mobility Pvt Ltd,VijayRana,MotherHub_NDC,FM BRSNR,BallabhgarhHub_Del_PL,PH-B3-NCRNDC-6258319,expected,OPENED,27-09-2026 01:32,Arvind Bansal (DNCR)
27-09-2026,FMPC6533743031,Alipur_DEL_PL,M.H Industries 9934099390,1d81ea9ae3714e11,dispatched_to_mh,North,LMA,1.00E+11,#N/A,#N/A,MotherHub_NDC,FM BRSNR,Alipur_DEL_PL,PH-B3-NCRNDC-6363934,expected,OPENED,27-09-2026 05:49,Arvind Bansal (DNCR)
27-09-2026,FMPP4300847744,BawanaHub_DEL_PL,MINDESA PRIVATE LIMITED +917838700793,09221cc4bc9744fd,dispatched_to_mh,North,LMA,1.00E+11,WERCATALYST VENTURES PVT LTD,Himanshu,MotherHub_NDC,FM BRSNR,BawanaHub_DEL_PL,PH-B3-NCRNDC-6360624,expected,OPENED,27-09-2026 02:57,Arvind Bansal (DNCR)
27-09-2026,FMPP4300027707,Alipur_DEL_PL,RANJANA COSMO CHEM PRIVATE LIMITED +919205995456,cadb8bb5b73246c5,dispatched_to_mh,North,LMA,1.00E+11,WHEELEY,Rajnit,MotherHub_NDC,FM BRSNR,Alipur_DEL_PL,PH-B3-NCRNDC-6356975,expected,OPENED,27-09-2026 05:34,Arvind Bansal (DNCR)
27-09-2026,FMPC6533754485,BawanaHub_DEL_PL,A ONE ENTERPRISES +919812928190,e7126029844f4425,dispatched_to_mh,North,LMA,1.00E+11,WHEELEY,Ritik,MotherHub_NDC,FM BRSNR,BawanaHub_DEL_PL,PH-B3-NCRNDC-6100037,expected,OPENED,27-09-2026 03:08,Arvind Bansal (DNCR)
27-09-2026,FMPP4300959990,BawanaHub_DEL_PL,TO-YO LOVELY PRIVATE LIMITED +917683028803,1c700ea2c7264c9b,dispatched_to_mh,North,LMA,1.00E+11,MyBox Logistics,Himanshu,MotherHub_NDC,FM BRSNR,BawanaHub_DEL_PL,PH-B3-NCRNDC-6359423,expected,OPENED,27-09-2026 02:03,Arvind Bansal (DNCR)
27-09-2026,FMPC6530475153,BudhViharHub_DEL_PL,M/S SHREE KHATU SHYAM BAGS +918750944568,db7f3c16f3be4a42,dispatched_to_mh,North,LMA,1.00E+11,#N/A,#N/A,MotherHub_NDC,FM BRSNR,BudhViharHub_DEL_PL,PH-B3-NCRNDC-6327934,expected,OPENED,27-09-2026 00:15,Arvind Bansal (DNCR)
27-09-2026,FMPC6532764337,BudhViharHub_DEL_PL,HARSHIT ENTERPRISES +919267951681,77197a90937c4f7d,dispatched_to_mh,North,TRUEFLEX,873082,TRUEFLEX,NiteshKumar,MotherHub_NDC,FM BRSNR,BudhViharHub_DEL_PL,PH-B3-NCRNDC-6262976,expected,OPENED,27-09-2026 05:57,Arvind Bansal (DNCR)
27-09-2026,FMPP4299320344,Chhatarpur_DEL_PL,HKJ +918882102236,dd14e672f19e49f5,received_at_mh,North,LMA,4186973,#N/A,#N/A,MotherHub_NDC,FM BRSNR,Chhatarpur_DEL_PL,PH-B3-NCRNDC-6364078,expected,OPENED,27-09-2026 02:15,Arvind Bansal (DNCR)
27-09-2026,FMPC6533280918,BijwasanHub_DEL_PL,FRIXTY ACCESSORIES +919718216069,ff09848fbfc345fe,dispatched_to_mh,North,LMA,1.00E+11,Greenteck Logistics and Mobility Pvt Ltd,ANKIT,MotherHub_NDC,FM BRSNR,BijwasanHub_DEL_PL,PH-B3-NCRNDC-6011686,expected,OPENED,27-09-2026 05:58,Arvind Bansal (DNCR)
27-09-2026,FMPC6530381311,BudhViharHub_DEL_PL,S N ENTERPRISES +917210696807,6cb3a5bbfc014d90,dispatched_to_mh,North,LMA,1.00E+11,Loadshare,Manish,MotherHub_NDC,FM BRSNR,BudhViharHub_DEL_PL,PH-B3-NCRNDC-6382733,expected,OPENED,26-09-2026 23:32,Arvind Bansal (DNCR)
27-09-2026,FMPC6532964930,BudhViharHub_DEL_PL,Priyanka Decor +919318371452,5f8236e3155549fb,dispatched_to_mh,North,TRUEFLEX,873082,TRUEFLEX,NiteshKumar,MotherHub_NDC,FM BRSNR,BudhViharHub_DEL_PL,PH-B3-NCRNDC-6332027,expected,OPENED,27-09-2026 00:10,Arvind Bansal (DNCR)
27-09-2026,FMPP4299189674,BudhViharHub_DEL_PL,NAVEEN INTERNATIONAL +918750944560,d1ebed51a3154840,dispatched_to_mh,North,LMA,1.00E+11,#N/A,#N/A,MotherHub_NDC,FM BRSNR,BudhViharHub_DEL_PL,PH-B3-NCRNDC-6327934,expected,OPENED,27-09-2026 00:15,Arvind Bansal (DNCR)
27-09-2026,FMPC6531916708,BijwasanHub_DEL_PL,Chaudhary Traders +917011789966,9f4e1e9b8b304d32,dispatched_to_mh,North,LMA,1.00E+11,#N/A,#N/A,MotherHub_NDC,FM BRSNR,BijwasanHub_DEL_PL,PH-B3-NCRNDC-6320453,expected,OPENED,27-09-2026 06:05,Arvind Bansal (DNCR)
27-09-2026,FMPC6530521804,BijwasanHub_DEL_PL,GLAZR +919540122153,2ac24dbc1e524213,dispatched_to_mh,North,LMA,1.00E+11,Greenteck Logistics and Mobility Pvt Ltd,RohanKumar,MotherHub_NDC,FM BRSNR,BijwasanHub_DEL_PL,PH-B3-NCRNDC-6039144,expected,OPENED,27-09-2026 06:18,Arvind Bansal (DNCR)
27-09-2026,FMPC6530681873,BudhViharHub_DEL_PL,BARI BROTHERS & CO. +919810762173,197a9429f1864260,dispatched_to_mh,North,TRUEFLEX,890962,TRUEFLEX,MadanMadan,MotherHub_NDC,FM BRSNR,BudhViharHub_DEL_PL,PH-B3-NCRNDC-6169014,expected,OPENED,27-09-2026 05:34,Arvind Bansal (DNCR)
27-09-2026,FMPC6531408840,BudhViharHub_DEL_PL,AKKU ENTERPRISES +918447155503,42252dd61fc14eda,dispatched_to_mh,North,LMA,1.00E+11,RAMEZO ENTERPRISES,MohdYunus,MotherHub_NDC,FM BRSNR,BudhViharHub_DEL_PL,PH-B3-NCRNDC-6382399,expected,OPENED,26-09-2026 23:19,Arvind Bansal (DNCR)
27-09-2026,FMPP4300795279,BurariHub_DEL_PL,Kiran Publications Private Limited +919319328004,2ac1fb1b538d40c0,received_at_mh,North,LMA,1.00E+11,SUSAH SUPPLY CHAIN AND NETWORK PRIVATE LIMITED,Ashu,MotherHub_NDC,FM BRSNR,BurariHub_DEL_PL,PH-B3-NCRNDC-6237122,expected,OPENED,27-09-2026 02:54,Arvind Bansal (DNCR)
27-09-2026,FMPP4299239349,BudhViharHub_DEL_PL,A&B CREATIONS +919211223374,2eb5d83a94b84517,received_at_mh,North,LMA,1.00E+11,SHIFTWAY LOGISTICS PVT LTD,Shivam,MotherHub_NDC,FM BRSNR,BudhViharHub_DEL_PL,PH-B3-NCRNDC-4786533,expected,OPENED,26-09-2026 23:28,Arvind Bansal (DNCR)
27-09-2026,FMPC6531334517,Chhatarpur_DEL_PL,PREDIL ENTERPRISES +919682599080,b55b082ecaeb45f8,dispatched_to_mh,North,LMA,4186973,#N/A,#N/A,MotherHub_NDC,FM BRSNR,Chhatarpur_DEL_PL,PH-B3-NCRNDC-6364535,expected,OPENED,27-09-2026 01:50,Arvind Bansal (DNCR)
27-09-2026,FMPP4297220924,BudhViharHub_DEL_PL,AKKU ENTERPRISES +918447155503,42252dd61fc14eda,dispatched_to_mh,North,LMA,1.00E+11,RAMEZO ENTERPRISES,MohdYunus,MotherHub_NDC,FM BRSNR,BudhViharHub_DEL_PL,PH-B3-NCRNDC-6382399,expected,OPENED,26-09-2026 23:19,Arvind Bansal (DNCR)
27-09-2026,FMPC6531732711,BurariHub_DEL_PL,KRISHNA CREATION +917042668206,9ba1496a9a234a92,dispatched_to_mh,North,LMA,1.00E+11,#N/A,#N/A,MotherHub_NDC,FM BRSNR,BurariHub_DEL_PL,PH-B3-NCRNDC-5960644,expected,OPENED,27-09-2026 03:31,Arvind Bansal (DNCR)
27-09-2026,FMPP4301220253,BudhViharHub_DEL_PL,SHREE BANKEY BIHARI ENTERPRISES +918285905639,0981b09856534568,dispatched_to_mh,North,TRUEFLEX,918890,TRUEFLEX,MohitKumar,MotherHub_NDC,FM BRSNR,BudhViharHub_DEL_PL,PH-B3-NCRNDC-6317449,expected,OPENED,27-09-2026 00:12,Arvind Bansal (DNCR)
27-09-2026,FMPC6529934085,BudhViharHub_DEL_PL,KSINA CLOTHING +919958377250,e867c5ff8c4d488d,dispatched_to_mh,North,TRUEFLEX,873082,TRUEFLEX,NiteshKumar,MotherHub_NDC,FM BRSNR,BudhViharHub_DEL_PL,PH-B3-NCRNDC-5902440,expected,OPENED,27-09-2026 00:11,Arvind Bansal (DNCR)
27-09-2026,FMPC6528006813,BudhViharHub_DEL_PL,AKKU ENTERPRISES +918447155503,42252dd61fc14eda,dispatched_to_mh,North,LMA,1.00E+11,RAMEZO ENTERPRISES,MohdYunus,MotherHub_NDC,FM BRSNR,BudhViharHub_DEL_PL,PH-B3-NCRNDC-6382399,expected,OPENED,26-09-2026 23:19,Arvind Bansal (DNCR)
27-09-2026,FMPP4299238618,BudhViharHub_DEL_PL,VARSHA ENTERPRISES +919911582036,581c6925e9e747bf,received_at_mh,North,TRUEFLEX,607945,TRUEFLEX,Shivam,MotherHub_NDC,FM BRSNR,BudhViharHub_DEL_PL,PH-B3-NCRNDC-6372683,expected,OPENED,27-09-2026 00:08,Arvind Bansal (DNCR)
27-09-2026,FMPC6531239704,BijwasanHub_DEL_PL,SERPLEX TRADING PRIVATE LIMITED 7027277529,8d3871e8aa4c4d59,dispatched_to_mh,North,LMA,1.00E+11,RAMEZO ENTERPRISES,RajKumar,MotherHub_NDC,FM BRSNR,BijwasanHub_DEL_PL,PH-B3-NCRNDC-6155608,expected,OPENED,27-09-2026 05:58,Arvind Bansal (DNCR)
27-09-2026,FMPP4299828944,BudhViharHub_DEL_PL,ALCONTRADING +918285111220,8f63db6812d64b37,received_at_mh,North,LMA,1.00E+11,Loadshare,Manish,MotherHub_NDC,FM BRSNR,BudhViharHub_DEL_PL,PH-B3-NCRNDC-6382724,expected,OPENED,27-09-2026 06:06,Arvind Bansal (DNCR)
27-09-2026,FMPC6533867461,BudhViharHub_DEL_PL,M J ENTERPRISES +918076565537,9450eb040cbd4d01,dispatched_to_mh,North,TRUEFLEX,706346,TRUEFLEX,VivekKumar,MotherHub_NDC,FM BRSNR,BudhViharHub_DEL_PL,PH-B3-NCRNDC-6208346,expected,OPENED,26-09-2026 23:25,Arvind Bansal (DNCR)
27-09-2026,FMPC6532367368,BudhViharHub_DEL_PL,Global enterprises +917011082822,3ec00e0aa85a4f87,dispatched_to_mh,North,LMA,1.00E+11,#N/A,#N/A,MotherHub_NDC,FM BRSNR,BudhViharHub_DEL_PL,PH-B3-NCRNDC-6327934,expected,OPENED,27-09-2026 00:15,Arvind Bansal (DNCR)
27-09-2026,FMPC6531322100,BudhViharHub_DEL_PL,SHREE BANKEY BIHARI ENTERPRISES +918285905639,0981b09856534568,dispatched_to_mh,North,TRUEFLEX,918890,TRUEFLEX,MohitKumar,MotherHub_NDC,FM BRSNR,BudhViharHub_DEL_PL,PH-B3-NCRNDC-6317449,expected,OPENED,27-09-2026 00:12,Arvind Bansal (DNCR)
27-09-2026,FMPC6530344073,BijwasanHub_DEL_PL,GLAZR +919540122153,2ac24dbc1e524213,dispatched_to_mh,North,LMA,1.00E+11,Greenteck Logistics and Mobility Pvt Ltd,RohanKumar,MotherHub_NDC,FM BRSNR,BijwasanHub_DEL_PL,PH-B3-NCRNDC-6039145,expected,OPENED,27-09-2026 06:08,Arvind Bansal (DNCR)
27-09-2026,FMPC6528572814,Chhatarpur_DEL_PL,Firoz Khan +919871282230,619a9099164d4cc6,received_at_mh,North,EKART,4229320,EKART,,MotherHub_NDC,FM BRSNR,Chhatarpur_DEL_PL,PH-B3-NCRNDC-6361020,expected,OPENED,27-09-2026 02:11,Arvind Bansal (DNCR)
27-09-2026,FMPC6533556269,Chhatarpur_DEL_PL,ICC CHEMTEC PVT LTD +918448584203,89a6aa8634234402,received_at_mh,North,LMA,4186973,#N/A,#N/A,MotherHub_NDC,FM BRSNR,Chhatarpur_DEL_PL,PH-B3-NCRNDC-6362654,expected,OPENED,27-09-2026 02:01,Arvind Bansal (DNCR)
27-09-2026,FMPC6530357240,BudhViharHub_DEL_PL,TOKO FASHION +919560113610,5c769cd099944271,dispatched_to_mh,North,LMA,1.00E+11,SHIFTWAY LOGISTICS PVT LTD,Abdulla,MotherHub_NDC,FM BRSNR,BudhViharHub_DEL_PL,PH-B3-NCRNDC-6320021,expected,OPENED,27-09-2026 00:14,Arvind Bansal (DNCR)
27-09-2026,FMPP4299329277,BudhViharHub_DEL_PL,SARTHIK ENTERPRISES +919315961834,7eef874675d4474b,dispatched_to_mh,North,TRUEFLEX,918890,TRUEFLEX,MohitKumar,MotherHub_NDC,FM BRSNR,BudhViharHub_DEL_PL,PH-B3-NCRNDC-6318664,expected,OPENED,26-09-2026 23:36,Arvind Bansal (DNCR)
27-09-2026,FMPP4300816182,BudhViharHub_DEL_PL,THAKUR TRADERS +918447479800,a776187c314e4152,received_at_mh,North,LMA,1.00E+11,Loadshare,Manish,MotherHub_NDC,FM BRSNR,BudhViharHub_DEL_PL,PH-B3-NCRNDC-6382733,expected,OPENED,26-09-2026 23:32,Arvind Bansal (DNCR)
27-09-2026,FMPC6532891200,BijwasanHub_DEL_PL,Bhawna Enterprises +919667755335,ee51e71af833411c,dispatched_to_mh,North,LMA,1.00E+11,Loadshare,Pawan,MotherHub_NDC,FM BRSNR,BijwasanHub_DEL_PL,PH-B3-NCRNDC-6183255,expected,OPENED,27-09-2026 05:49,Arvind Bansal (DNCR)
27-09-2026,FMPC6533290568,Chhatarpur_DEL_PL,KAOMNI TRADING PRIVATE LIMITED 8423690998,51f0eaa12d3a475e,dispatched_to_mh,North,LMA,4186973,#N/A,#N/A,MotherHub_NDC,FM BRSNR,Chhatarpur_DEL_PL,PH-B3-NCRNDC-6363295,expected,OPENED,27-09-2026 02:08,Arvind Bansal (DNCR)
27-09-2026,FMPC6531572951,BudhViharHub_DEL_PL,M/S SHREE KHATU SHYAM BAGS +918750944568,db7f3c16f3be4a42,dispatched_to_mh,North,LMA,1.00E+11,#N/A,#N/A,MotherHub_NDC,FM BRSNR,BudhViharHub_DEL_PL,PH-B3-NCRNDC-6327934,expected,OPENED,27-09-2026 00:15,Arvind Bansal (DNCR)
27-09-2026,FMPC6533010433,Chhatarpur_DEL_PL,HKJ +918882102236,dd14e672f19e49f5,received_at_mh,North,LMA,4186973,#N/A,#N/A,MotherHub_NDC,FM BRSNR,Chhatarpur_DEL_PL,PH-B3-NCRNDC-6364078,expected,OPENED,27-09-2026 02:15,Arvind Bansal (DNCR)
27-09-2026,FMPC6530365101,BurariHub_DEL_PL,NS ENTERPRISES +919540655395,c5b0f0ed56d04a9f,dispatched_to_mh,North,TRUEFLEX,592378,TRUEFLEX,Abhishek,MotherHub_NDC,FM BRSNR,BurariHub_DEL_PL,PH-B3-NCRNDC-6320932,expected,OPENED,27-09-2026 04:55,Arvind Bansal (DNCR)
27-09-2026,FMPP4299805453,BijwasanHub_DEL_PL,DVMART ESHOP +918130705555,c26517e1186d4ad3,dispatched_to_mh,North,LMA,1.00E+11,Greenteck Logistics and Mobility Pvt Ltd,YogenderKumar,MotherHub_NDC,FM BRSNR,BijwasanHub_DEL_PL,PH-B3-NCRNDC-5768138,expected,OPENED,27-09-2026 05:57,Arvind Bansal (DNCR)
27-09-2026,FMPC6529925846,BudhViharHub_DEL_PL,AS TRADERS +918368478717,123a16eefe914aa8,received_at_mh,North,LMA,1.00E+11,RAMEZO ENTERPRISES,MohdYunus,MotherHub_NDC,FM BRSNR,BudhViharHub_DEL_PL,PH-B3-NCRNDC-6382399,expected,OPENED,26-09-2026 23:19,Arvind Bansal (DNCR)
27-09-2026,FMPP4300963783,Chhatarpur_DEL_PL,MINI FOOT PRINTS +918799798181,ca80c553baaf4a12,dispatched_to_mh,North,EKART,4186973,EKART,,MotherHub_NDC,FM BRSNR,Chhatarpur_DEL_PL,PH-B3-NCRNDC-6386379,expected,OPENED,27-09-2026 01:37,Arvind Bansal (DNCR)
27-09-2026,FMPP4299227833,BudhViharHub_DEL_PL,HARSHIT ENTERPRISES +919267951681,77197a90937c4f7d,dispatched_to_mh,North,TRUEFLEX,873082,TRUEFLEX,NiteshKumar,MotherHub_NDC,FM BRSNR,BudhViharHub_DEL_PL,PH-B3-NCRNDC-6262976,expected,OPENED,27-09-2026 05:57,Arvind Bansal (DNCR)
27-09-2026,FMPP4299806977,BurariHub_DEL_PL,P S ENTERPRISES +919565855706,548d012be7034bbf,received_at_mh,North,TRUEFLEX,1369490,TRUEFLEX,#N/A,MotherHub_NDC,FM BRSNR,BurariHub_DEL_PL,PH-B3-NCRNDC-6237125,expected,OPENED,27-09-2026 09:31,Arvind Bansal (DNCR)
27-09-2026,FMPC6531553373,BudhViharHub_DEL_PL,AKKU ENTERPRISES +918447155503,42252dd61fc14eda,dispatched_to_mh,North,LMA,1.00E+11,RAMEZO ENTERPRISES,MohdYunus,MotherHub_NDC,FM BRSNR,BudhViharHub_DEL_PL,PH-B3-NCRNDC-6382399,expected,OPENED,26-09-2026 23:19,Arvind Bansal (DNCR)
27-09-2026,FMPC6533018072,BudhViharHub_DEL_PL,JDS ENTERPRISES +917210605420,ab5bfcd64bc74a8c,dispatched_to_mh,North,TRUEFLEX,607945,TRUEFLEX,Shivam,MotherHub_NDC,FM BRSNR,BudhViharHub_DEL_PL,PH-B3-NCRNDC-6372671,expected,OPENED,27-09-2026 06:09,Arvind Bansal (DNCR)
27-09-2026,FMPC6530363238,Chhatarpur_DEL_PL,HKJ +918882102236,dd14e672f19e49f5,received_at_mh,North,LMA,4186973,#N/A,#N/A,MotherHub_NDC,FM BRSNR,Chhatarpur_DEL_PL,PH-B3-NCRNDC-6364078,expected,OPENED,27-09-2026 02:15,Arvind Bansal (DNCR)
27-09-2026,FMPP4299572148,BurariHub_DEL_PL,AANSHU TOYS +918700600089,84fe524a8aa64d81,received_at_mh,North,LMA,1.00E+11,#N/A,#N/A,MotherHub_NDC,FM BRSNR,BurariHub_DEL_PL,PH-B3-NCRNDC-6164020,expected,OPENED,27-09-2026 02:59,Arvind Bansal (DNCR)
27-09-2026,FMPC6530323074,BudhViharHub_DEL_PL,GULWAN INNOVATIONS +919319350860,7efad882218c4845,received_at_mh,North,TRUEFLEX,912382,TRUEFLEX,PratoshKumar,MotherHub_NDC,FM BRSNR,BudhViharHub_DEL_PL,PH-B3-NCRNDC-6198591,expected,OPENED,26-09-2026 23:36,Arvind Bansal (DNCR)
27-09-2026,FMPC6531512756,BudhViharHub_DEL_PL,LALITA CREATION +919990238154,12fd1fb95ef94682,dispatched_to_mh,North,TRUEFLEX,873082,TRUEFLEX,NiteshKumar,MotherHub_NDC,FM BRSNR,BudhViharHub_DEL_PL,PH-B3-NCRNDC-6379735,expected,OPENED,26-09-2026 23:40,Arvind Bansal (DNCR)
27-09-2026,FMPC6531465993,BudhViharHub_DEL_PL,Playfeel Enterprises +919667380574,444733b3c7da4b45,received_at_mh,North,TRUEFLEX,890962,TRUEFLEX,MadanMadan,MotherHub_NDC,FM BRSNR,BudhViharHub_DEL_PL,PH-B3-NCRNDC-6301831,expected,OPENED,27-09-2026 05:18,Arvind Bansal (DNCR)
27-09-2026,FMPC6531251296,Chhatarpur_DEL_PL,HKJ +918882102236,dd14e672f19e49f5,received_at_mh,North,LMA,4186973,#N/A,#N/A,MotherHub_NDC,FM BRSNR,Chhatarpur_DEL_PL,PH-B3-NCRNDC-6364078,expected,OPENED,27-09-2026 02:15,Arvind Bansal (DNCR)
27-09-2026,FMPP4299648805,BijwasanHub_DEL_PL,Diya Enterprises +919212099285,18d93ea6c6d54f8f,dispatched_to_mh,North,LMA,1.00E+11,Greenteck Logistics and Mobility Pvt Ltd,YogenderKumar,MotherHub_NDC,FM BRSNR,BijwasanHub_DEL_PL,PH-B3-NCRNDC-5768138,expected,OPENED,27-09-2026 05:57,Arvind Bansal (DNCR)
27-09-2026,FMPP4299459344,BijwasanHub_DEL_PL,SONIA COLLECTION +919213145279,92d23669e9634baa,dispatched_to_mh,North,LMA,1.00E+11,#N/A,#N/A,MotherHub_NDC,FM BRSNR,BijwasanHub_DEL_PL,PH-B3-NCRNDC-5741421,expected,OPENED,27-09-2026 05:47,Arvind Bansal (DNCR)
27-09-2026,FMPC6531972913,BijwasanHub_DEL_PL,Savi industries +919599619360,11b03f61bfc547a4,received_at_mh,North,LMA,1.00E+11,#N/A,#N/A,MotherHub_NDC,FM BRSNR,BijwasanHub_DEL_PL,PH-B3-NCRNDC-5830657,expected,OPENED,27-09-2026 05:53,Arvind Bansal (DNCR)
27-09-2026,FMPC6527098318,Chhatarpur_DEL_PL,Dhirsti Enterprises +918700274606,817f5938392341e1,dispatched_to_mh,North,LMA,4186973,#N/A,#N/A,MotherHub_NDC,FM BRSNR,Chhatarpur_DEL_PL,PH-B3-NCRNDC-6365873,expected,OPENED,27-09-2026 02:06,Arvind Bansal (DNCR)
27-09-2026,FMPP4300660309,BudhViharHub_DEL_PL,TRINETRA ENTERPRISES +919318421763,03957f289afa432d,dispatched_to_mh,North,TRUEFLEX,741972,TRUEFLEX,RitikJha,MotherHub_NDC,FM BRSNR,BudhViharHub_DEL_PL,PH-B3-NCRNDC-6165620,expected,OPENED,27-09-2026 00:10,Arvind Bansal (DNCR)
27-09-2026,FMPC6530322241,Chhatarpur_DEL_PL,HKJ +918882102236,dd14e672f19e49f5,received_at_mh,North,LMA,4186973,#N/A,#N/A,MotherHub_NDC,FM BRSNR,Chhatarpur_DEL_PL,PH-B3-NCRNDC-6364078,expected,OPENED,27-09-2026 02:15,Arvind Bansal (DNCR)
27-09-2026,FMPP4300342765,Chhatarpur_DEL_PL,Firoz Khan +919871282230,619a9099164d4cc6,received_at_mh,North,EKART,4229320,EKART,,MotherHub_NDC,FM BRSNR,Chhatarpur_DEL_PL,PH-B3-NCRNDC-6361020,expected,OPENED,27-09-2026 02:11,Arvind Bansal (DNCR)
27-09-2026,FMPP4299079993,BudhViharHub_DEL_PL,RAJ TOYS ENTERPRISES +919310794719,749001c49193493d,dispatched_to_mh,North,TRUEFLEX,873082,TRUEFLEX,NiteshKumar,MotherHub_NDC,FM BRSNR,BudhViharHub_DEL_PL,PH-B3-NCRNDC-6381127,expected,OPENED,27-09-2026 06:15,Arvind Bansal (DNCR)
27-09-2026,FMPC6530872413,BijwasanHub_DEL_PL,GLAZR +919540122153,2ac24dbc1e524213,dispatched_to_mh,North,LMA,1.00E+11,Greenteck Logistics and Mobility Pvt Ltd,RohanKumar,MotherHub_NDC,FM BRSNR,BijwasanHub_DEL_PL,PH-B3-NCRNDC-6039145,expected,OPENED,27-09-2026 06:08,Arvind Bansal (DNCR)
27-09-2026,FMPC6533089270,BudhViharHub_DEL_PL,Aaradhya Enterprise +918287815957,d0035a9958ed4189,dispatched_to_mh,North,TRUEFLEX,706346,TRUEFLEX,VivekKumar,MotherHub_NDC,FM BRSNR,BudhViharHub_DEL_PL,PH-B3-NCRNDC-6331173,expected,OPENED,27-09-2026 00:14,Arvind Bansal (DNCR)
27-09-2026,FMPC6531612329,BudhViharHub_DEL_PL,SHRI RAM TRADERS +919315428445,4989602ff752454a,received_at_mh,North,TRUEFLEX,873082,TRUEFLEX,NiteshKumar,MotherHub_NDC,FM BRSNR,BudhViharHub_DEL_PL,PH-B3-NCRNDC-6262976,expected,OPENED,27-09-2026 05:57,Arvind Bansal (DNCR)
27-09-2026,FMPC6530869879,BudhViharHub_DEL_PL,J.K. TOYS +918368338430,11b820b3e8df435e,dispatched_to_mh,North,TRUEFLEX,873082,TRUEFLEX,NiteshKumar,MotherHub_NDC,FM BRSNR,BudhViharHub_DEL_PL,PH-B3-NCRNDC-6381127,expected,OPENED,27-09-2026 06:15,Arvind Bansal (DNCR)
27-09-2026,FMPP4301336647,BijwasanHub_DEL_PL,VINOD TRADER +916390304130,e7c4fbc2afb24bc3,dispatched_to_mh,North,LMA,1.00E+11,Greenteck Logistics and Mobility Pvt Ltd,YogenderKumar,MotherHub_NDC,FM BRSNR,BijwasanHub_DEL_PL,PH-B3-NCRNDC-6315713,expected,OPENED,27-09-2026 06:16,Arvind Bansal (DNCR)
27-09-2026,FMPC6528680131,Chhatarpur_DEL_PL,Dhirsti Enterprises +918700274606,817f5938392341e1,dispatched_to_mh,North,LMA,4186973,#N/A,#N/A,MotherHub_NDC,FM BRSNR,Chhatarpur_DEL_PL,PH-B3-NCRNDC-6365873,expected,OPENED,27-09-2026 02:06,Arvind Bansal (DNCR)
27-09-2026,FMPC6533655828,BijwasanHub_DEL_PL,BESTOR INDIA PRIVATE LIMITED +917982617730,6fea31888cfd4207,dispatched_to_mh,North,LMA,4224407,#N/A,#N/A,MotherHub_NDC,FM BRSNR,BijwasanHub_DEL_PL,PH-B3-NCRNDC-6138938,expected,OPENED,27-09-2026 05:54,Arvind Bansal (DNCR)
27-09-2026,FMPP4299263108,BudhViharHub_DEL_PL,NAVEEN INTERNATIONAL +918750944560,d1ebed51a3154840,dispatched_to_mh,North,LMA,1.00E+11,#N/A,#N/A,MotherHub_NDC,FM BRSNR,BudhViharHub_DEL_PL,PH-B3-NCRNDC-6327934,expected,OPENED,27-09-2026 00:15,Arvind Bansal (DNCR)
27-09-2026,FMPP4300139638,BudhViharHub_DEL_PL,AS TRADERS +918368478717,123a16eefe914aa8,received_at_mh,North,LMA,1.00E+11,RAMEZO ENTERPRISES,MohdYunus,MotherHub_NDC,FM BRSNR,BudhViharHub_DEL_PL,PH-B3-NCRNDC-6382399,expected,OPENED,26-09-2026 23:19,Arvind Bansal (DNCR)
27-09-2026,FMPC6533492445,BurariHub_DEL_PL,MAURYA ENTERPRISES +919711325950,d7533c6280d44cba,dispatched_to_mh,North,TRUEFLEX,1241637,TRUEFLEX,PrinceKumar,MotherHub_NDC,FM BRSNR,BurariHub_DEL_PL,PH-B3-NCRNDC-6365549,expected,OPENED,27-09-2026 05:43,Arvind Bansal (DNCR)
27-09-2026,FMPC6530731947,BudhViharHub_DEL_PL,GARDENING WALA +917678122987,f364a48b44b948d7,received_at_mh,North,TRUEFLEX,912382,TRUEFLEX,PratoshKumar,MotherHub_NDC,FM BRSNR,BudhViharHub_DEL_PL,PH-B3-NCRNDC-6376261,expected,OPENED,26-09-2026 23:29,Arvind Bansal (DNCR)
27-09-2026,FMPC6532549973,BurariHub_DEL_PL,SAMAR ENTERPRISES +917053505957,9702a692ba034ef9,dispatched_to_mh,North,TRUEFLEX,592378,TRUEFLEX,Abhishek,MotherHub_NDC,FM BRSNR,BurariHub_DEL_PL,PH-B3-NCRNDC-6320932,expected,OPENED,27-09-2026 04:55,Arvind Bansal (DNCR)
27-09-2026,FMPC6532665468,BijwasanHub_DEL_PL,Retail Kart +919582961095,fe77aad41a75478f,dispatched_to_mh,North,LMA,1.00E+11,Greenteck Logistics and Mobility Pvt Ltd,ANKIT,MotherHub_NDC,FM BRSNR,BijwasanHub_DEL_PL,PH-B3-NCRNDC-6327628,expected,OPENED,27-09-2026 06:06,Arvind Bansal (DNCR)
27-09-2026,FMPC6533468223,BudhViharHub_DEL_PL,Sinha Enterprise +919310324081,3b8d96b53e1d4a19,dispatched_to_mh,North,TRUEFLEX,741972,TRUEFLEX,RitikJha,MotherHub_NDC,FM BRSNR,BudhViharHub_DEL_PL,PH-B3-NCRNDC-6353537,expected,OPENED,27-09-2026 04:58,Arvind Bansal (DNCR)
27-09-2026,FMPC6533613614,BijwasanHub_DEL_PL,DECORZONE +917011098443,bbc742741fd74818,dispatched_to_mh,North,LMA,1.00E+11,Greenteck Logistics and Mobility Pvt Ltd,ANKIT,MotherHub_NDC,FM BRSNR,BijwasanHub_DEL_PL,PH-B3-NCRNDC-6011686,expected,OPENED,27-09-2026 05:58,Arvind Bansal (DNCR)
27-09-2026,FMPC6531313092,BudhViharHub_DEL_PL,Aggarwal traders +918076115819,bd99418e879b47cb,dispatched_to_mh,North,TRUEFLEX,918890,TRUEFLEX,MohitKumar,MotherHub_NDC,FM BRSNR,BudhViharHub_DEL_PL,PH-B3-NCRNDC-6208120,expected,OPENED,27-09-2026 00:13,Arvind Bansal (DNCR)
27-09-2026,FMPC6533601874,BudhViharHub_DEL_PL,SHREE BANKEY BIHARI ENTERPRISES +918285905639,0981b09856534568,dispatched_to_mh,North,TRUEFLEX,918890,TRUEFLEX,MohitKumar,MotherHub_NDC,FM BRSNR,BudhViharHub_DEL_PL,PH-B3-NCRNDC-6317449,expected,OPENED,27-09-2026 00:12,Arvind Bansal (DNCR)
27-09-2026,FMPC6533601881,BudhViharHub_DEL_PL,SHREE BANKEY BIHARI ENTERPRISES +918285905639,0981b09856534568,dispatched_to_mh,North,TRUEFLEX,918890,TRUEFLEX,MohitKumar,MotherHub_NDC,FM BRSNR,BudhViharHub_DEL_PL,PH-B3-NCRNDC-6317449,expected,OPENED,27-09-2026 00:12,Arvind Bansal (DNCR)
27-09-2026,FMPC6533471768,BurariHub_DEL_PL,HRH ENTERPRISES +918595609793,9da3dd3a85f84f2b,dispatched_to_mh,North,LMA,1.00E+11,SUSAH SUPPLY CHAIN AND NETWORK PRIVATE LIMITED,Ashu,MotherHub_NDC,FM BRSNR,BurariHub_DEL_PL,PH-B3-NCRNDC-6296336,expected,OPENED,27-09-2026 03:15,Arvind Bansal (DNCR)
27-09-2026,FMPC6530756884,BudhViharHub_DEL_PL,AS TRADERS +918368478717,123a16eefe914aa8,received_at_mh,North,LMA,1.00E+11,RAMEZO ENTERPRISES,MohdYunus,MotherHub_NDC,FM BRSNR,BudhViharHub_DEL_PL,PH-B3-NCRNDC-6382399,expected,OPENED,26-09-2026 23:19,Arvind Bansal (DNCR)
27-09-2026,FMPC6529934335,GurgaonHub_DEL_PL,FIRST MAINTENANCE AND SERVICE SOLUTION +919319631691,bf163323193846d4,dispatched_to_mh,North,LMA,3143363,#N/A,#N/A,MotherHub_NDC,FM BRSNR,GurgaonHub_DEL_PL,PH-B3-NCRNDC-6243887,expected,OPENED,26-09-2026 23:39,Arvind Bansal (DNCR)
27-09-2026,FMPC6532890867,GandhinagarHub_DEL_PL,HASSIN INTERNATIONAL +918010260896,fddb8bce58b3421d,received_at_mh,North,LMA,1.00E+11,Greenteck Logistics and Mobility Pvt Ltd,AvinashKumar,MotherHub_NDC,FM BRSNR,GandhinagarHub_DEL_PL,PH-B3-NCRNDC-6355199,expected,OPENED,27-09-2026 03:50,Arvind Bansal (DNCR)
27-09-2026,FMPC6531908746,GurgaonHub_DEL_PL,OJASH WELLNESS AND SURGICALS +918796444578,8efca9792db44540,received_at_mh,North,LMA,1.00E+11,#N/A,#N/A,MotherHub_NDC,FM BRSNR,GurgaonHub_DEL_PL,PH-B3-NCRNDC-6358541,expected,OPENED,27-09-2026 00:00,Arvind Bansal (DNCR)
27-09-2026,FMPC6530453837,GandhinagarHub_DEL_PL,SV GLOBAL APPARELS +918588806197,75471ce053c0457d,received_at_mh,North,LMA,1.00E+11,#N/A,#N/A,MotherHub_NDC,FM BRSNR,GandhinagarHub_DEL_PL,PH-B3-NCRNDC-6364118,expected,OPENED,27-09-2026 04:26,Arvind Bansal (DNCR)
27-09-2026,FMPC6533839489,GandhinagarHub_DEL_PL,PAVIKA APPARELS INDIA PRIVATE LIMITED +919870317788,162e2b01ea9a44c0,dispatched_to_mh,North,LMA,1.00E+11,#N/A,#N/A,MotherHub_NDC,FM BRSNR,GandhinagarHub_DEL_PL,PH-B3-NCRNDC-6364114,expected,OPENED,27-09-2026 04:32,Arvind Bansal (DNCR)
27-09-2026,FMPP4300029320,GurgaonHub_DEL_PL,NAYVEAU PRIVATE LIMITED +919871011070,a08bb09698374ffc,dispatched_to_mh,North,LMA,3143363,#N/A,#N/A,MotherHub_NDC,FM BRSNR,GurgaonHub_DEL_PL,PH-B3-NCRNDC-6276758,expected,OPENED,27-09-2026 00:02,Arvind Bansal (DNCR)
27-09-2026,FMPP4299023365,GurgaonHub_DEL_PL,SOUNDSCAPE SOLUTIONS PRIVATE LIMITED +917982913130,3f2b64c027234d4d,dispatched_to_mh,North,LMA,1.00E+11,#N/A,#N/A,MotherHub_NDC,FM BRSNR,GurgaonHub_DEL_PL,PH-B3-NCRNDC-6276689,expected,OPENED,27-09-2026 00:31,Arvind Bansal (DNCR)
27-09-2026,FMPC6532946272,GurgaonHub_DEL_PL,BeyondSneak +919818866684,5d4fa8f20af6454c,received_at_mh,North,LMA,3143363,#N/A,#N/A,MotherHub_NDC,FM BRSNR,GurgaonHub_DEL_PL,PH-B3-NCRNDC-6238249,expected,OPENED,26-09-2026 23:59,Arvind Bansal (DNCR)
27-09-2026,FMPC6533457190,GurgaonHub_DEL_PL,BeyondSneak +919818866684,5d4fa8f20af6454c,received_at_mh,North,LMA,3143363,#N/A,#N/A,MotherHub_NDC,FM BRSNR,GurgaonHub_DEL_PL,PH-B3-NCRNDC-6238249,expected,OPENED,26-09-2026 23:59,Arvind Bansal (DNCR)
27-09-2026,FMPC6531493561,GurgaonHub_DEL_PL,Mother Tree Products +919310627263,c428d1d06d8647b8,dispatched_to_mh,North,EKART,3690531,EKART,,MotherHub_NDC,FM BRSNR,GurgaonHub_DEL_PL,PH-B3-NCRNDC-6276409,expected,OPENED,26-09-2026 23:43,Arvind Bansal (DNCR)
27-09-2026,FMPC6530478872,GurgaonHub_DEL_PL,Savi Trading Co. +918377972923,2acf0120882a403d,dispatched_to_mh,North,LMA,3143363,#N/A,#N/A,MotherHub_NDC,FM BRSNR,GurgaonHub_DEL_PL,PH-B3-NCRNDC-6251675,expected,OPENED,26-09-2026 23:58,Arvind Bansal (DNCR)
27-09-2026,FMPP4300090206,GurgaonHub_DEL_PL,BeyondSneak +919818866684,5d4fa8f20af6454c,received_at_mh,North,LMA,3143363,#N/A,#N/A,MotherHub_NDC,FM BRSNR,GurgaonHub_DEL_PL,PH-B3-NCRNDC-6238249,expected,OPENED,26-09-2026 23:59,Arvind Bansal (DNCR)
27-09-2026,FMPC6531942309,GandhinagarHub_DEL_PL,ITALIAN FASHION STUDIO +919675885901,001e31fcb2b94996,dispatched_to_mh,North,LMA,1.00E+11,Transwide Express,TONI,MotherHub_NDC,FM BRSNR,GandhinagarHub_DEL_PL,PH-B3-NCRNDC-6356552,expected,OPENED,27-09-2026 04:36,Arvind Bansal (DNCR)
27-09-2026,FMPC6531806882,GandhinagarHub_DEL_PL,A S TRADING +919654840937,d421eca946f84e1a,dispatched_to_mh,North,LMA,1.00E+11,#N/A,#N/A,MotherHub_NDC,FM BRSNR,GandhinagarHub_DEL_PL,PH-B3-NCRNDC-6316976,expected,OPENED,27-09-2026 04:30,Arvind Bansal (DNCR)
27-09-2026,FMPC6530323493,FaridabadHub_DEL_PL,BUDGET MART +917011387931,3cd5a43f3c664742,received_at_mh,North,LMA,1.00E+11,#N/A,#N/A,MotherHub_NDC,FM BRSNR,FaridabadHub_DEL_PL,PH-B3-NCRNDC-6366504,expected,OPENED,27-09-2026 01:36,Arvind Bansal (DNCR)
27-09-2026,FMPC6533776641,GurgaonHub_DEL_PL,KHUSHI EXPORT +919664299000,20e71949ff314700,dispatched_to_mh,North,LMA,3143363,#N/A,#N/A,MotherHub_NDC,FM BRSNR,GurgaonHub_DEL_PL,PH-B3-NCRNDC-6228090,expected,OPENED,26-09-2026 23:33,Arvind Bansal (DNCR)
27-09-2026,FMPC6531860533,FaridabadHub_DEL_PL,YUVAN DECORATORS +918750683928,e27054342eff404d,dispatched_to_mh,North,EKART,1281930,EKART,,MotherHub_NDC,FM BRSNR,FaridabadHub_DEL_PL,PH-B3-NCRNDC-6357677,expected,OPENED,27-09-2026 00:55,Arvind Bansal (DNCR)
27-09-2026,FMPC6530491808,GurgaonHub_DEL_PL,Casotec E-Retail Private Limited 9818991551,531025795c9b4e95,received_at_mh,North,LMA,3143363,#N/A,#N/A,MotherHub_NDC,FM BRSNR,GurgaonHub_DEL_PL,PH-B3-NCRNDC-6243439,expected,OPENED,26-09-2026 23:52,Arvind Bansal (DNCR)
27-09-2026,FMPC6531651747,HoodiHub_BLR_PL,House Of Psycho +919663746608,f0c1c3a349fa443f,received_at_mh,South,LMA,1.00E+11,WERCATALYST VENTURES PVT LTD,GopiN,Motherhub_BLR_Flex,FM BRSNR,HoodiHub_BLR_PL,PH-B2-BLRBLX-681977,expected,OPENED,26-09-2026 23:40,Anwar Babu Maldar
27-09-2026,FMPP4301176571,GurgaonHub_DEL_PL,BeyondSneak +919818866684,5d4fa8f20af6454c,received_at_mh,North,LMA,3143363,#N/A,#N/A,MotherHub_NDC,FM BRSNR,GurgaonHub_DEL_PL,PH-B3-NCRNDC-6238249,expected,OPENED,26-09-2026 23:59,Arvind Bansal (DNCR)
27-09-2026,FMPC6530818689,GandhinagarHub_DEL_PL,zaid enterprises +917806048038,9045a0d634fe4dd0,dispatched_to_mh,North,TRUEFLEX,590128,TRUEFLEX,KapilMuni,MotherHub_NDC,FM BRSNR,GandhinagarHub_DEL_PL,PH-B3-NCRNDC-6209915,expected,OPENED,27-09-2026 04:35,Arvind Bansal (DNCR)
27-09-2026,FMPP4301564510,GurgaonHub_DEL_PL,Sujeet Kumar +919354383969,6bfce293929d430b,dispatched_to_mh,North,LMA,3143363,#N/A,#N/A,MotherHub_NDC,FM BRSNR,GurgaonHub_DEL_PL,PH-B3-NCRNDC-6243439,expected,OPENED,26-09-2026 23:52,Arvind Bansal (DNCR)
27-09-2026,FMPC6531992218,GurgaonHub_DEL_PL,STEPX +916295053443,d5f5fa8022524dbc,dispatched_to_mh,North,LMA,3143363,#N/A,#N/A,MotherHub_NDC,FM BRSNR,GurgaonHub_DEL_PL,PH-B3-NCRNDC-6358946,expected,OPENED,26-09-2026 23:45,Arvind Bansal (DNCR)
27-09-2026,FMPP4299200155,GandhinagarHub_DEL_PL,RamsitaStore +918527985821,7226d04048ef49a2,dispatched_to_mh,North,LMA,1.00E+11,Transwide Express,TONI,MotherHub_NDC,FM BRSNR,GandhinagarHub_DEL_PL,PH-B3-NCRNDC-6356550,expected,OPENED,27-09-2026 04:28,Arvind Bansal (DNCR)
27-09-2026,FMPC6533362225,HoodiHub_BLR_PL,Khanal Foods Pvt Ltd +917205271866,f1e82ee7d26d4efe,dispatched_to_mh,South,LMA,1.00E+11,WERCATALYST VENTURES PVT LTD,SureshC,Motherhub_BLR_Flex,FM BRSNR,HoodiHub_BLR_PL,PH-B4-BLRBLX-691228,expected,OPENED,26-09-2026 23:50,Anwar Babu Maldar
27-09-2026,FMPP4298628319,HoodiHub_BLR_PL,COSMO FIRST LIMITED 9667001211,53d0354a115048d2,received_at_mh,South,LMA,1.00E+11,#N/A,#N/A,Motherhub_BLR_Flex,FM BRSNR,HoodiHub_BLR_PL,PH-B4-BLRBLX-731643,expected,OPENED,26-09-2026 23:51,Anwar Babu Maldar
27-09-2026,FMPC6532476722,GandhinagarHub_DEL_PL,PM FASHION PARADISE +917838413915,302b7b66ffa54710,dispatched_to_mh,North,LMA,1.00E+11,#N/A,#N/A,MotherHub_NDC,FM BRSNR,GandhinagarHub_DEL_PL,PH-B3-NCRNDC-6364114,expected,OPENED,27-09-2026 04:32,Arvind Bansal (DNCR)
27-09-2026,FMPC6532240474,GandhinagarHub_DEL_PL,Definite Enterprises +918800856780,2dad5fd21ef54316,dispatched_to_mh,North,TRUEFLEX,622565,TRUEFLEX,YashBhatia,MotherHub_NDC,FM BRSNR,GandhinagarHub_DEL_PL,PH-B3-NCRNDC-6356397,expected,OPENED,27-09-2026 04:36,Arvind Bansal (DNCR)
27-09-2026,FMPP4300679321,HoodiHub_BLR_PL,Khanal Foods Pvt Ltd +917205271866,f1e82ee7d26d4efe,dispatched_to_mh,South,LMA,1.00E+11,WERCATALYST VENTURES PVT LTD,SureshC,Motherhub_BLR_Flex,FM BRSNR,HoodiHub_BLR_PL,PH-B4-BLRBLX-691228,expected,OPENED,26-09-2026 23:50,Anwar Babu Maldar
27-09-2026,FMPC6531929214,FaridabadHub_DEL_PL,Lakshmi Prints +918700615423,587bce6c1a434b8c,dispatched_to_mh,North,EKART,4397109,EKART,,MotherHub_NDC,FM BRSNR,FaridabadHub_DEL_PL,PH-B3-NCRNDC-6358086,expected,OPENED,27-09-2026 01:52,Arvind Bansal (DNCR)
27-09-2026,FMPP4299934210,HoodiHub_BLR_PL,House Of Psycho +919663746608,f0c1c3a349fa443f,received_at_mh,South,LMA,1.00E+11,WERCATALYST VENTURES PVT LTD,GopiN,Motherhub_BLR_Flex,FM BRSNR,HoodiHub_BLR_PL,PH-B2-BLRBLX-681977,expected,OPENED,26-09-2026 23:40,Anwar Babu Maldar
27-09-2026,FMPC6530635316,GurgaonHub_DEL_PL,Casotec E-Retail Private Limited 9818991551,531025795c9b4e95,dispatched_to_mh,North,LMA,3143363,#N/A,#N/A,MotherHub_NDC,FM BRSNR,GurgaonHub_DEL_PL,PH-B3-NCRNDC-6243439,expected,OPENED,26-09-2026 23:52,Arvind Bansal (DNCR)
27-09-2026,FMPP4301072115,GandhinagarHub_DEL_PL,zaid enterprises +917806048038,9045a0d634fe4dd0,received_at_mh,North,TRUEFLEX,590128,TRUEFLEX,KapilMuni,MotherHub_NDC,FM BRSNR,GandhinagarHub_DEL_PL,PH-B3-NCRNDC-6130358,expected,OPENED,27-09-2026 04:26,Arvind Bansal (DNCR)
27-09-2026,FMPC6533984531,GurgaonHub_DEL_PL,Sujeet Kumar +919354383969,6bfce293929d430b,dispatched_to_mh,North,LMA,3143363,#N/A,#N/A,MotherHub_NDC,FM BRSNR,GurgaonHub_DEL_PL,PH-B3-NCRNDC-6243439,expected,OPENED,26-09-2026 23:52,Arvind Bansal (DNCR)
27-09-2026,FMPC6525564510,GandhinagarHub_DEL_PL,SIDDHANT FASHION +918076391338,5e76254131924f44,dispatched_to_mh,North,LMA,1.00E+11,#N/A,#N/A,MotherHub_NDC,FM BRSNR,GandhinagarHub_DEL_PL,PH-B3-NCRNDC-6096253,expected,OPENED,27-09-2026 03:52,Arvind Bansal (DNCR)
27-09-2026,FMPP4299646902,GurgaonHub_DEL_PL,BeyondSneak +919818866684,5d4fa8f20af6454c,received_at_mh,North,LMA,3143363,#N/A,#N/A,MotherHub_NDC,FM BRSNR,GurgaonHub_DEL_PL,PH-B3-NCRNDC-6238249,expected,OPENED,26-09-2026 23:59,Arvind Bansal (DNCR)
27-09-2026,FMPC6531336808,GandhinagarHub_DEL_PL,FAB TECH INDIA +919953127850,68d8fc89d9f6449c,dispatched_to_mh,North,LMA,1.00E+11,WHEELEY,NikhilGaud,MotherHub_NDC,FM BRSNR,GandhinagarHub_DEL_PL,PH-B3-NCRNDC-6355356,expected,OPENED,27-09-2026 03:40,Arvind Bansal (DNCR)
27-09-2026,FMPP4301176554,GurgaonHub_DEL_PL,BeyondSneak +919818866684,5d4fa8f20af6454c,received_at_mh,North,LMA,3143363,#N/A,#N/A,MotherHub_NDC,FM BRSNR,GurgaonHub_DEL_PL,PH-B3-NCRNDC-6238249,expected,OPENED,26-09-2026 23:59,Arvind Bansal (DNCR)
27-09-2026,FMPC6531161374,GandhinagarHub_DEL_PL,hitanshi traders +919319450631,08de431c76ca4990,received_at_mh,North,TRUEFLEX,1324287,TRUEFLEX,SandeepYadav,MotherHub_NDC,FM BRSNR,GandhinagarHub_DEL_PL,PH-B3-NCRNDC-4782939,expected,OPENED,27-09-2026 04:33,Arvind Bansal (DNCR)
27-09-2026,FMPC6530489457,GandhinagarHub_DEL_PL,SHREE KRISHNA ENTERPRISES +919910814190,9444d9178738470c,dispatched_to_mh,North,LMA,1.00E+11,#N/A,#N/A,MotherHub_NDC,FM BRSNR,GandhinagarHub_DEL_PL,PH-B3-NCRNDC-6355799,expected,OPENED,27-09-2026 04:41,Arvind Bansal (DNCR)
27-09-2026,FMPC6531484015,GandhinagarHub_DEL_PL,Shambhu Enterprises +919315222373,c00f62153fac4f61,dispatched_to_mh,North,TRUEFLEX,1398630,TRUEFLEX,#N/A,MotherHub_NDC,FM BRSNR,GandhinagarHub_DEL_PL,PH-B3-NCRNDC-6210281,expected,OPENED,27-09-2026 04:39,Arvind Bansal (DNCR)
27-09-2026,FMPP4301398075,GurgaonHub_DEL_PL,GROOM TOWN PRIVATE LIMITED +917428980180,143a6180c82045c3,received_at_mh,North,LMA,3143363,#N/A,#N/A,MotherHub_NDC,FM BRSNR,GurgaonHub_DEL_PL,PH-B3-NCRNDC-6318924,expected,OPENED,27-09-2026 00:31,Arvind Bansal (DNCR)
27-09-2026,FMPP4299529086,GurgaonHub_DEL_PL,Adret Retail Private Limited 9869149321,d085aea960d84aa1,received_at_mh,North,EKART,4387317,EKART,,MotherHub_NDC,FM BRSNR,GurgaonHub_DEL_PL,PH-B3-NCRNDC-6314242,expected,OPENED,26-09-2026 23:52,Arvind Bansal (DNCR)
27-09-2026,FMPP4300469877,GandhinagarHub_DEL_PL,Fashion Global +918287460829,b5dc58b3ec224015,dispatched_to_mh,North,LMA,1.00E+11,#N/A,#N/A,MotherHub_NDC,FM BRSNR,GandhinagarHub_DEL_PL,PH-B3-NCRNDC-6391391,expected,OPENED,27-09-2026 04:59,Arvind Bansal (DNCR)
27-09-2026,FMPC6532890127,GandhinagarHub_DEL_PL,MA ENTERPRISES +917827271022,24d878aa8c2c4cac,dispatched_to_mh,North,LMA,1.00E+11,#N/A,#N/A,MotherHub_NDC,FM BRSNR,GandhinagarHub_DEL_PL,PH-B3-NCRNDC-6355799,expected,OPENED,27-09-2026 04:41,Arvind Bansal (DNCR)
27-09-2026,FMPC6531045531,GandhinagarHub_DEL_PL,SHREE KRISHNA ENTERPRISES +919910814190,9444d9178738470c,dispatched_to_mh,North,LMA,1.00E+11,#N/A,#N/A,MotherHub_NDC,FM BRSNR,GandhinagarHub_DEL_PL,PH-B3-NCRNDC-6355799,expected,OPENED,27-09-2026 04:41,Arvind Bansal (DNCR)
27-09-2026,FMPC6531574514,GurgaonHub_DEL_PL,BeyondSneak +919818866684,5d4fa8f20af6454c,dispatched_to_mh,North,LMA,3143363,#N/A,#N/A,MotherHub_NDC,FM BRSNR,GurgaonHub_DEL_PL,PH-B3-NCRNDC-6238249,expected,OPENED,26-09-2026 23:59,Arvind Bansal (DNCR)
27-09-2026,FMPC6531678765,GurgaonHub_DEL_PL,SUPRLIFE VENTURES PRIVATE LIMITED +918053943172,bfc9e33d578041a0,dispatched_to_mh,North,LMA,3143363,#N/A,#N/A,MotherHub_NDC,FM BRSNR,GurgaonHub_DEL_PL,PH-B3-NCRNDC-6361422,expected,OPENED,26-09-2026 23:22,Arvind Bansal (DNCR)
27-09-2026,FMPC6533569801,GurgaonHub_DEL_PL,Casotec E-Retail Private Limited 9818991551,531025795c9b4e95,received_at_mh,North,LMA,3143363,#N/A,#N/A,MotherHub_NDC,FM BRSNR,GurgaonHub_DEL_PL,PH-B3-NCRNDC-6243437,expected,OPENED,26-09-2026 23:59,Arvind Bansal (DNCR)
27-09-2026,FMPC6531053633,FaridabadHub_DEL_PL,Softek Surya India Pvt Ltd +919643812153,6d78a91947f846cf,received_at_mh,North,LMA,1.00E+11,#N/A,#N/A,MotherHub_NDC,FM BRSNR,FaridabadHub_DEL_PL,PH-B3-NCRNDC-6368281,expected,OPENED,27-09-2026 01:41,Arvind Bansal (DNCR)
27-09-2026,FMPC6532987016,GurgaonHub_DEL_PL,BeyondSneak +919818866684,5d4fa8f20af6454c,received_at_mh,North,LMA,3143363,#N/A,#N/A,MotherHub_NDC,FM BRSNR,GurgaonHub_DEL_PL,PH-B3-NCRNDC-6238249,expected,OPENED,26-09-2026 23:59,Arvind Bansal (DNCR)
27-09-2026,FMPP4300417429,GandhinagarHub_DEL_PL,PM FASHION PARADISE +917838413915,302b7b66ffa54710,dispatched_to_mh,North,LMA,1.00E+11,#N/A,#N/A,MotherHub_NDC,FM BRSNR,GandhinagarHub_DEL_PL,PH-B3-NCRNDC-6364114,expected,OPENED,27-09-2026 04:32,Arvind Bansal (DNCR)
27-09-2026,FMPP4300798016,GurgaonHub_DEL_PL,BeyondSneak +919818866684,5d4fa8f20af6454c,received_at_mh,North,LMA,3143363,#N/A,#N/A,MotherHub_NDC,FM BRSNR,GurgaonHub_DEL_PL,PH-B3-NCRNDC-6238249,expected,OPENED,26-09-2026 23:59,Arvind Bansal (DNCR)
27-09-2026,FMPC6533095004,GandhinagarHub_DEL_PL,Shambhu Enterprises +919315222373,c00f62153fac4f61,dispatched_to_mh,North,TRUEFLEX,1398630,TRUEFLEX,#N/A,MotherHub_NDC,FM BRSNR,GandhinagarHub_DEL_PL,PH-B3-NCRNDC-6210281,expected,OPENED,27-09-2026 04:39,Arvind Bansal (DNCR)
27-09-2026,FMPC6530265739,FaridabadHub_DEL_PL,BEAUTY HERBOTECH +918505803892,92f4ca8cfbc448da,dispatched_to_mh,North,EKART,3698207,EKART,,MotherHub_NDC,FM BRSNR,FaridabadHub_DEL_PL,PH-B3-NCRNDC-6215870,expected,OPENED,27-09-2026 00:51,Arvind Bansal (DNCR)
27-09-2026,FMPC6530742555,GandhinagarHub_DEL_PL,DFO India LLP +918076983336,5419bf7615934be2,dispatched_to_mh,North,LMA,1.00E+11,Greenteck Logistics and Mobility Pvt Ltd,AvinashKumar,MotherHub_NDC,FM BRSNR,GandhinagarHub_DEL_PL,PH-B3-NCRNDC-6372466,expected,OPENED,27-09-2026 03:40,Arvind Bansal (DNCR)
27-09-2026,FMPP4299635231,GandhinagarHub_DEL_PL,LX ENTERPRISES +919315053243,afabce0a573244bd,dispatched_to_mh,North,TRUEFLEX,1398630,TRUEFLEX,#N/A,MotherHub_NDC,FM BRSNR,GandhinagarHub_DEL_PL,PH-B3-NCRNDC-6174741,expected,OPENED,27-09-2026 04:39,Arvind Bansal (DNCR)
27-09-2026,FMPP4301416468,FaridabadHub_DEL_PL,LUXIFY +918860214212,efb8937fcbaf4f9d,received_at_mh,North,LMA,1.00E+11,Vxpress,MdIntaf,MotherHub_NDC,FM BRSNR,FaridabadHub_DEL_PL,PH-B3-NCRNDC-5690212,expected,OPENED,27-09-2026 00:54,Arvind Bansal (DNCR)
27-09-2026,FMPP4299145201,GandhinagarHub_DEL_PL,JAIPUR DYERS +918851034317,926ccad21f674c6d,received_at_mh,North,TRUEFLEX,1398630,TRUEFLEX,#N/A,MotherHub_NDC,FM BRSNR,GandhinagarHub_DEL_PL,PH-B3-NCRNDC-6210278,expected,OPENED,27-09-2026 04:24,Arvind Bansal (DNCR)
27-09-2026,FMPP4299455116,GandhinagarHub_DEL_PL,PRIYANSHU ENTERPRISES +919811365993,52e404c7239b4f83,dispatched_to_mh,North,LMA,1.00E+11,#N/A,#N/A,MotherHub_NDC,FM BRSNR,GandhinagarHub_DEL_PL,PH-B3-NCRNDC-6275729,expected,OPENED,27-09-2026 04:28,Arvind Bansal (DNCR)
27-09-2026,FMPP4299829629,FaridabadHub_DEL_PL,KOTTY LIFESTYLE PVT LTD 8510022244,qsm29nukm5dhxgl9,received_at_mh,North,TRUEFLEX,600195,TRUEFLEX,VikashYadav,MotherHub_NDC,FM BRSNR,FaridabadHub_DEL_PL,PH-B3-NCRNDC-6360302,expected,OPENED,27-09-2026 01:58,Arvind Bansal (DNCR)
27-09-2026,FMPC6530392930,FaridabadHub_DEL_PL,Wallpaperworldwidee +919871277879,128c811d8e2f42b3,received_at_mh,North,EKART,2800199,EKART,,MotherHub_NDC,FM BRSNR,FaridabadHub_DEL_PL,PH-B3-NCRNDC-6317365,expected,OPENED,27-09-2026 01:35,Arvind Bansal (DNCR)
27-09-2026,FMPP4300650409,KanjhawalaHub_DEL_PL,FSJ CREATION +919643229786,f7de538c2cc14a91,dispatched_to_mh,North,LMA,1.00E+11,#N/A,#N/A,MotherHub_NDC,FM BRSNR,KanjhawalaHub_DEL_PL,PH-B3-NCRNDC-6339164,expected,OPENED,27-09-2026 03:41,Arvind Bansal (DNCR)
27-09-2026,FMPP4299133641,KanakpuraRdHub_BLR_PL,IndiaFarm Foods Pvt LTD +919964306430,38026737a6cd401f,dispatched_to_mh,South,LMA,1.00E+11,#N/A,#N/A,Motherhub_BLR_Flex,FM BRSNR,KanakpuraRdHub_BLR_PL,PH-B4-BLRBLX-703720,expected,OPENED,27-09-2026 00:51,Anwar Babu Maldar
27-09-2026,FMPP4301264415,KanjhawalaHub_DEL_PL,AK TRADER +919268184441,c1041e40ab11416e,dispatched_to_mh,North,LMA,1.00E+11,WHEELEY,Md Ali RajHussain,MotherHub_NDC,FM BRSNR,KanjhawalaHub_DEL_PL,PH-B3-NCRNDC-6379871,expected,OPENED,27-09-2026 03:49,Arvind Bansal (DNCR)
27-09-2026,FMPC6531329443,KanjhawalaHub_DEL_PL,RK Cody Traders +919717896115,f7cc57838c9f42d3,dispatched_to_mh,North,LMA,1.00E+11,#N/A,#N/A,MotherHub_NDC,FM BRSNR,KanjhawalaHub_DEL_PL,PH-B3-NCRNDC-6373124,expected,OPENED,27-09-2026 10:04,Arvind Bansal (DNCR)
27-09-2026,FMPC6530246400,JasolaHub_DEL_PL,FURNISH ME +918744090265,934f603b84114db3,received_at_mh,North,EKART,4201566,EKART,,MotherHub_NDC,FM BRSNR,JasolaHub_DEL_PL,PH-B3-NCRNDC-6163901,expected,OPENED,27-09-2026 00:55,Arvind Bansal (DNCR)
27-09-2026,FMPC6527751232,KanjhawalaHub_DEL_PL,AKKI CREATIONS +918853029968,fc035bcfc15b4304,dispatched_to_mh,North,TRUEFLEX,633567,TRUEFLEX,Rajesh,MotherHub_NDC,FM BRSNR,KanjhawalaHub_DEL_PL,PH-B3-NCRNDC-6365515,expected,OPENED,27-09-2026 03:33,Arvind Bansal (DNCR)
27-09-2026,FMPC6531619577,KanjhawalaHub_DEL_PL,RUKSAR FASHION +918076527687,1f1c00673ed54064,received_at_mh,North,LMA,1.00E+11,#N/A,#N/A,MotherHub_NDC,FM BRSNR,KanjhawalaHub_DEL_PL,PH-B3-NCRNDC-6339159,expected,OPENED,27-09-2026 04:20,Arvind Bansal (DNCR)
27-09-2026,FMPC6533252957,KanjhawalaHub_DEL_PL,KIDZFUN +918527546696,8b20af49cae049f6,dispatched_to_mh,North,TRUEFLEX,1414611,TRUEFLEX,#N/A,MotherHub_NDC,FM BRSNR,KanjhawalaHub_DEL_PL,PH-B3-NCRNDC-6374301,expected,OPENED,27-09-2026 03:31,Arvind Bansal (DNCR)
27-09-2026,FMPP4300821341,KanjhawalaHub_DEL_PL,SHRI KANT ENTERPRISES +918587880675,f1d29657b22b4961,dispatched_to_mh,North,LMA,1.00E+11,Watsoo,AwanKhan,MotherHub_NDC,FM BRSNR,KanjhawalaHub_DEL_PL,PH-B3-NCRNDC-6326444,expected,OPENED,27-09-2026 03:31,Arvind Bansal (DNCR)
27-09-2026,FMPC6530912893,KanjhawalaHub_DEL_PL,KRISHNA ENTERPRISES +919939547652,a2ea59f0a182470d,received_at_mh,North,LMA,1.00E+11,#N/A,#N/A,MotherHub_NDC,FM BRSNR,KanjhawalaHub_DEL_PL,PH-B3-NCRNDC-6382287,expected,OPENED,27-09-2026 03:33,Arvind Bansal (DNCR)
27-09-2026,FMPC6531520838,KanjhawalaHub_DEL_PL,A2Z CREATIONS +919953465120,40204aaa19e14f22,dispatched_to_mh,North,LMA,1.00E+11,#N/A,#N/A,MotherHub_NDC,FM BRSNR,KanjhawalaHub_DEL_PL,PH-B3-NCRNDC-6371013,expected,OPENED,27-09-2026 04:14,Arvind Bansal (DNCR)
27-09-2026,FMPP4299509862,KanjhawalaHub_DEL_PL,Mamnoon Enterprises +918010355474,28a84ba01ea548a8,dispatched_to_mh,North,LMA,1.00E+11,Watsoo,AwanKhan,MotherHub_NDC,FM BRSNR,KanjhawalaHub_DEL_PL,PH-B3-NCRNDC-6366862,expected,OPENED,27-09-2026 03:49,Arvind Bansal (DNCR)
27-09-2026,FMPC6533713632,KanjhawalaHub_DEL_PL,S A TRADERS +919654966896,76c42a759fb44acf,dispatched_to_mh,North,LMA,1.00E+11,#N/A,#N/A,MotherHub_NDC,FM BRSNR,KanjhawalaHub_DEL_PL,PH-B3-NCRNDC-6296929,expected,OPENED,27-09-2026 04:22,Arvind Bansal (DNCR)
27-09-2026,FMPC6530773598,KanjhawalaHub_DEL_PL,A2Z CREATIONS +919953465120,40204aaa19e14f22,received_at_mh,North,LMA,1.00E+11,#N/A,#N/A,MotherHub_NDC,FM BRSNR,KanjhawalaHub_DEL_PL,PH-B3-NCRNDC-6371013,expected,OPENED,27-09-2026 04:14,Arvind Bansal (DNCR)
27-09-2026,FMPC6531349800,KanjhawalaHub_DEL_PL,AARAV ENTERPRISES +918882684648,74a1f4443ad847ae,dispatched_to_mh,North,LMA,1.00E+11,#N/A,#N/A,MotherHub_NDC,FM BRSNR,KanjhawalaHub_DEL_PL,PH-B3-NCRNDC-6339536,expected,OPENED,27-09-2026 03:41,Arvind Bansal (DNCR)
27-09-2026,FMPC6533682567,JasolaHub_DEL_PL,SGL Enterprises +917678545716,11455a1dfcf74769,received_at_mh,North,TRUEFLEX,884069,TRUEFLEX,KuldeepBhadana,MotherHub_NDC,FM BRSNR,JasolaHub_DEL_PL,PH-B3-NCRNDC-6365401,expected,OPENED,27-09-2026 01:40,Arvind Bansal (DNCR)
27-09-2026,FMPC6532678159,KanjhawalaHub_DEL_PL,FSJ CREATION +919643229786,f7de538c2cc14a91,dispatched_to_mh,North,LMA,1.00E+11,#N/A,#N/A,MotherHub_NDC,FM BRSNR,KanjhawalaHub_DEL_PL,PH-B3-NCRNDC-6371013,expected,OPENED,27-09-2026 04:14,Arvind Bansal (DNCR)
27-09-2026,FMPC6533686292,KanjhawalaHub_DEL_PL,R.K.H ENTERPRISES +918076403250,82165a2192fe45a6,received_at_mh,North,LMA,1.00E+11,Fastbeetle service,GulzarHusain,MotherHub_NDC,FM BRSNR,KanjhawalaHub_DEL_PL,PH-B3-NCRNDC-6376637,expected,OPENED,27-09-2026 03:48,Arvind Bansal (DNCR)
27-09-2026,FMPP4300874296,KanjhawalaHub_DEL_PL,MIINA CREATION +917240914227,1be900b78ccb4d89,received_at_mh,North,TRUEFLEX,905102,TRUEFLEX,SanjeshRajput,MotherHub_NDC,FM BRSNR,KanjhawalaHub_DEL_PL,PH-B3-NCRNDC-6351406,expected,OPENED,27-09-2026 03:24,Arvind Bansal (DNCR)
27-09-2026,FMPC6531619581,KanjhawalaHub_DEL_PL,RUKSAR FASHION +918076527687,1f1c00673ed54064,received_at_mh,North,LMA,1.00E+11,#N/A,#N/A,MotherHub_NDC,FM BRSNR,KanjhawalaHub_DEL_PL,PH-B3-NCRNDC-6339159,expected,OPENED,27-09-2026 04:20,Arvind Bansal (DNCR)
27-09-2026,FMPC6533849452,KanjhawalaHub_DEL_PL,S A TRADERS +919654966896,76c42a759fb44acf,dispatched_to_mh,North,LMA,1.00E+11,#N/A,#N/A,MotherHub_NDC,FM BRSNR,KanjhawalaHub_DEL_PL,PH-B3-NCRNDC-6296932,expected,OPENED,27-09-2026 09:31,Arvind Bansal (DNCR)
27-09-2026,FMPC6532478653,KanjhawalaHub_DEL_PL,Roshni Collection +918882241273,063aa8a68f1f4f7d,dispatched_to_mh,North,LMA,1.00E+11,#N/A,#N/A,MotherHub_NDC,FM BRSNR,KanjhawalaHub_DEL_PL,PH-B3-NCRNDC-6365733,expected,OPENED,27-09-2026 03:33,Arvind Bansal (DNCR)
27-09-2026,FMPC6527601145,KanjhawalaHub_DEL_PL,SHREE MORVINANDAN TILES +919891168118,d7d3c22d0bfd4111,received_at_mh,North,TRUEFLEX,1414611,TRUEFLEX,#N/A,MotherHub_NDC,FM BRSNR,KanjhawalaHub_DEL_PL,PH-B3-NCRNDC-6374292,expected,OPENED,27-09-2026 04:56,Arvind Bansal (DNCR)
27-09-2026,FMPC6530949945,IPextension_DEL_PL,ANAS ENTERPRISES +918595317781,3be9191deb134398,dispatched_to_mh,North,LMA,1.00E+11,AADIYOGI LOGISTIC PRIVATE LIMITED,Shivam,MotherHub_NDC,FM BRSNR,IPextension_DEL_PL,PH-B3-NCRNDC-6375465,expected,OPENED,27-09-2026 01:42,Arvind Bansal (DNCR)
27-09-2026,FMPP4299912264,KanjhawalaHub_DEL_PL,ARMAN COLLECTION +919971707364,ef96761d9e2f4e66,received_at_mh,North,LMA,1.00E+11,#N/A,#N/A,MotherHub_NDC,FM BRSNR,KanjhawalaHub_DEL_PL,PH-B3-NCRNDC-6339159,expected,OPENED,27-09-2026 04:20,Arvind Bansal (DNCR)
27-09-2026,FMPC6532919100,KanjhawalaHub_DEL_PL,S A TRADERS +919654966896,76c42a759fb44acf,dispatched_to_mh,North,LMA,1.00E+11,#N/A,#N/A,MotherHub_NDC,FM BRSNR,KanjhawalaHub_DEL_PL,PH-B3-NCRNDC-6296932,expected,OPENED,27-09-2026 09:31,Arvind Bansal (DNCR)
27-09-2026,FMPC6532839743,KanjhawalaHub_DEL_PL,ARFA ENTERPRISES +919899364438,30d73d896210434b,dispatched_to_mh,North,LMA,1.00E+11,Fastbeetle service,AvinashKumar,MotherHub_NDC,FM BRSNR,KanjhawalaHub_DEL_PL,PH-B3-NCRNDC-6377759,expected,OPENED,27-09-2026 03:34,Arvind Bansal (DNCR)
27-09-2026,FMPC6531499718,KalyanNagarHub_BLR_PL,AN TRADE MART +919886498074,bb02039d67d149f2,dispatched_to_mh,South,EKART,4245934,EKART,,Motherhub_BLR_Flex,FM BRSNR,KalyanNagarHub_BLR_PL,PH-B4-BLRBLX-728657,expected,OPENED,27-09-2026 01:13,Anwar Babu Maldar
27-09-2026,FMPP4300548788,KanjhawalaHub_DEL_PL,AN ENTERPRISES +918595304410,e10c5a8c772e45d6,dispatched_to_mh,North,LMA,1.00E+11,#N/A,#N/A,MotherHub_NDC,FM BRSNR,KanjhawalaHub_DEL_PL,PH-B3-NCRNDC-6365733,expected,OPENED,27-09-2026 03:33,Arvind Bansal (DNCR)
27-09-2026,FMPP4300061673,KanjhawalaHub_DEL_PL,Hercraft +919354637330,6916662c13974fe7,received_at_mh,North,LMA,1.00E+11,#N/A,#N/A,MotherHub_NDC,FM BRSNR,KanjhawalaHub_DEL_PL,PH-B3-NCRNDC-6365738,expected,OPENED,27-09-2026 03:22,Arvind Bansal (DNCR)
27-09-2026,FMPC6531520728,KanjhawalaHub_DEL_PL,A2Z CREATIONS +919953465120,40204aaa19e14f22,dispatched_to_mh,North,LMA,1.00E+11,#N/A,#N/A,MotherHub_NDC,FM BRSNR,KanjhawalaHub_DEL_PL,PH-B3-NCRNDC-6371013,expected,OPENED,27-09-2026 04:14,Arvind Bansal (DNCR)
27-09-2026,FMPC6531619578,KanjhawalaHub_DEL_PL,RUKSAR FASHION +918076527687,1f1c00673ed54064,received_at_mh,North,LMA,1.00E+11,#N/A,#N/A,MotherHub_NDC,FM BRSNR,KanjhawalaHub_DEL_PL,PH-B3-NCRNDC-6339159,expected,OPENED,27-09-2026 04:20,Arvind Bansal (DNCR)
27-09-2026,FMPC6533845484,KanjhawalaHub_DEL_PL,S L ELECTRICALS +918882929799,fd3ae347827643db,dispatched_to_mh,North,LMA,1.00E+11,We Innovate Business Solutions Pvt Ltd,Gaurav,MotherHub_NDC,FM BRSNR,KanjhawalaHub_DEL_PL,PH-B3-NCRNDC-6366582,expected,OPENED,27-09-2026 04:02,Arvind Bansal (DNCR)
27-09-2026,FMPC6524764464,KanjhawalaHub_DEL_PL,STITCHCRAFT +919236857985,8ec7a5fddba24aef,dispatched_to_mh,North,LMA,1.00E+11,#N/A,#N/A,MotherHub_NDC,FM BRSNR,KanjhawalaHub_DEL_PL,PH-B3-NCRNDC-6373141,expected,OPENED,27-09-2026 03:53,Arvind Bansal (DNCR)
27-09-2026,FMPP4299830822,KanjhawalaHub_DEL_PL,A2Z CREATIONS +919953465120,40204aaa19e14f22,dispatched_to_mh,North,LMA,1.00E+11,#N/A,#N/A,MotherHub_NDC,FM BRSNR,KanjhawalaHub_DEL_PL,PH-B3-NCRNDC-6371013,expected,OPENED,27-09-2026 04:14,Arvind Bansal (DNCR)
27-09-2026,FMPC6531112639,KanjhawalaHub_DEL_PL,A2Z CREATIONS +919953465120,40204aaa19e14f22,dispatched_to_mh,North,LMA,1.00E+11,#N/A,#N/A,MotherHub_NDC,FM BRSNR,KanjhawalaHub_DEL_PL,PH-B3-NCRNDC-6371013,expected,OPENED,27-09-2026 04:14,Arvind Bansal (DNCR)
27-09-2026,FMPP4299537729,KanjhawalaHub_DEL_PL,KESRI SAI ENTERPRISES +919891001796,68aadb9c74554978,received_at_mh,North,LMA,1.00E+11,#N/A,#N/A,MotherHub_NDC,FM BRSNR,KanjhawalaHub_DEL_PL,PH-B3-NCRNDC-6382273,expected,OPENED,27-09-2026 03:41,Arvind Bansal (DNCR)
27-09-2026,FMPP4299770816,KanjhawalaHub_DEL_PL,umang enterprises +917503749850,06d1106a43594d04,dispatched_to_mh,North,LMA,1.00E+11,Watsoo,AwanKhan,MotherHub_NDC,FM BRSNR,KanjhawalaHub_DEL_PL,PH-B3-NCRNDC-6326444,expected,OPENED,27-09-2026 03:31,Arvind Bansal (DNCR)
27-09-2026,FMPC6530540326,JasolaHub_DEL_PL,THE FREEDOM STORE +917011898771,3399387189c74ba2,received_at_mh,North,LMA,1.00E+11,Fastbeetle service,MohdArsalan,MotherHub_NDC,FM BRSNR,JasolaHub_DEL_PL,PH-B3-NCRNDC-6078101,expected,OPENED,27-09-2026 00:54,Arvind Bansal (DNCR)
27-09-2026,FMPC6532999829,KanjhawalaHub_DEL_PL,Nooruddin +918920575451,a544f63c4c1e4740,received_at_mh,North,LMA,1.00E+11,#N/A,#N/A,MotherHub_NDC,FM BRSNR,KanjhawalaHub_DEL_PL,PH-B3-NCRNDC-6294107,expected,OPENED,27-09-2026 03:47,Arvind Bansal (DNCR)
27-09-2026,FMPC6530919943,KanjhawalaHub_DEL_PL,KIDZFUN +918527546696,8b20af49cae049f6,dispatched_to_mh,North,TRUEFLEX,1414611,TRUEFLEX,#N/A,MotherHub_NDC,FM BRSNR,KanjhawalaHub_DEL_PL,PH-B3-NCRNDC-6374301,expected,OPENED,27-09-2026 03:31,Arvind Bansal (DNCR)
27-09-2026,FMPC6533581015,KanjhawalaHub_DEL_PL,MSM ENTERPRISES +919910823167,1ebd00c1cdb24cb5,dispatched_to_mh,North,LMA,1.00E+11,#N/A,#N/A,MotherHub_NDC,FM BRSNR,KanjhawalaHub_DEL_PL,PH-B3-NCRNDC-6365719,expected,OPENED,27-09-2026 04:58,Arvind Bansal (DNCR)
27-09-2026,FMPP4299691328,KanjhawalaHub_DEL_PL,ZAHRA ENTERPRISES +919910512219,7cb26cabc4df404d,dispatched_to_mh,North,LMA,1.00E+11,#N/A,#N/A,MotherHub_NDC,FM BRSNR,KanjhawalaHub_DEL_PL,PH-B3-NCRNDC-5544989,expected,OPENED,27-09-2026 03:44,Arvind Bansal (DNCR)
27-09-2026,FMPC6531619566,KanjhawalaHub_DEL_PL,RUKSAR FASHION +918076527687,1f1c00673ed54064,received_at_mh,North,LMA,1.00E+11,#N/A,#N/A,MotherHub_NDC,FM BRSNR,KanjhawalaHub_DEL_PL,PH-B3-NCRNDC-6339159,expected,OPENED,27-09-2026 04:20,Arvind Bansal (DNCR)
27-09-2026,FMPP4297978020,KanjhawalaHub_DEL_PL,FSJ CREATION +919643229786,f7de538c2cc14a91,dispatched_to_mh,North,LMA,1.00E+11,#N/A,#N/A,MotherHub_NDC,FM BRSNR,KanjhawalaHub_DEL_PL,PH-B3-NCRNDC-6339164,expected,OPENED,27-09-2026 03:41,Arvind Bansal (DNCR)
27-09-2026,FMPP4299737008,KanjhawalaHub_DEL_PL,TK TRADERS +919953624602,81fc63de50504e20,dispatched_to_mh,North,TRUEFLEX,1414611,TRUEFLEX,#N/A,MotherHub_NDC,FM BRSNR,KanjhawalaHub_DEL_PL,PH-B3-NCRNDC-6374297,expected,OPENED,27-09-2026 03:33,Arvind Bansal (DNCR)
27-09-2026,FMPC6531365368,KanjhawalaHub_DEL_PL,A2Z CREATIONS +919953465120,40204aaa19e14f22,dispatched_to_mh,North,LMA,1.00E+11,#N/A,#N/A,MotherHub_NDC,FM BRSNR,KanjhawalaHub_DEL_PL,PH-B3-NCRNDC-6371013,expected,OPENED,27-09-2026 04:14,Arvind Bansal (DNCR)
27-09-2026,FMPC6531780301,KanjhawalaHub_DEL_PL,RUKSAR FASHION +918076527687,1f1c00673ed54064,received_at_mh,North,LMA,1.00E+11,#N/A,#N/A,MotherHub_NDC,FM BRSNR,KanjhawalaHub_DEL_PL,PH-B3-NCRNDC-6339159,expected,OPENED,27-09-2026 04:20,Arvind Bansal (DNCR)
27-09-2026,FMPP4299787727,KanjhawalaHub_DEL_PL,UMANG CREATION 8920793362,b75831bd9e544724,received_at_mh,North,TRUEFLEX,905102,TRUEFLEX,SanjeshRajput,MotherHub_NDC,FM BRSNR,KanjhawalaHub_DEL_PL,PH-B3-NCRNDC-6351406,expected,OPENED,27-09-2026 03:24,Arvind Bansal (DNCR)
27-09-2026,FMPC6533047972,IPextension_DEL_PL,NARAYANI TRADERS +918383041559,6118d3490f18499c,dispatched_to_mh,North,EKART,4232064,EKART,,MotherHub_NDC,FM BRSNR,IPextension_DEL_PL,PH-B3-NCRNDC-6373369,expected,OPENED,27-09-2026 01:32,Arvind Bansal (DNCR)
27-09-2026,FMPC6527157929,KanjhawalaHub_DEL_PL,MANNU ENTERPRISES +919891590706,5f77ac66b9ec4648,dispatched_to_mh,North,LMA,1.00E+11,#N/A,#N/A,MotherHub_NDC,FM BRSNR,KanjhawalaHub_DEL_PL,PH-B3-NCRNDC-6371024,expected,OPENED,27-09-2026 03:34,Arvind Bansal (DNCR)
27-09-2026,FMPC6533028872,KanjhawalaHub_DEL_PL,S A TRADERS +919654966896,76c42a759fb44acf,dispatched_to_mh,North,LMA,1.00E+11,#N/A,#N/A,MotherHub_NDC,FM BRSNR,KanjhawalaHub_DEL_PL,PH-B3-NCRNDC-6296932,expected,OPENED,27-09-2026 09:31,Arvind Bansal (DNCR)
27-09-2026,FMPC6531520753,KanjhawalaHub_DEL_PL,A2Z CREATIONS +919953465120,40204aaa19e14f22,dispatched_to_mh,North,LMA,1.00E+11,#N/A,#N/A,MotherHub_NDC,FM BRSNR,KanjhawalaHub_DEL_PL,PH-B3-NCRNDC-6371013,expected,OPENED,27-09-2026 04:14,Arvind Bansal (DNCR)
27-09-2026,FMPC6531520801,KanjhawalaHub_DEL_PL,A2Z CREATIONS +919953465120,40204aaa19e14f22,dispatched_to_mh,North,LMA,1.00E+11,#N/A,#N/A,MotherHub_NDC,FM BRSNR,KanjhawalaHub_DEL_PL,PH-B3-NCRNDC-6371013,expected,OPENED,27-09-2026 04:14,Arvind Bansal (DNCR)
27-09-2026,FMPC6530252537,KanjhawalaHub_DEL_PL,KRISHNA +919350060204,3636db419d204715,dispatched_to_mh,North,TRUEFLEX,1414611,TRUEFLEX,#N/A,MotherHub_NDC,FM BRSNR,KanjhawalaHub_DEL_PL,PH-B3-NCRNDC-6374301,expected,OPENED,27-09-2026 03:31,Arvind Bansal (DNCR)
27-09-2026,FMPP4300315481,KanjhawalaHub_DEL_PL,ENAYA FASHION +919560271474,2cd085a33bb0407a,dispatched_to_mh,North,LMA,1.00E+11,#N/A,#N/A,MotherHub_NDC,FM BRSNR,KanjhawalaHub_DEL_PL,PH-B3-NCRNDC-6365733,expected,OPENED,27-09-2026 03:33,Arvind Bansal (DNCR)
27-09-2026,FMPC6530476703,KanjhawalaHub_DEL_PL,GRACEFUL STEPS +919716935523,e64fa73d23444e6f,dispatched_to_mh,North,LMA,1.00E+11,#N/A,#N/A,MotherHub_NDC,FM BRSNR,KanjhawalaHub_DEL_PL,PH-B3-NCRNDC-6371024,expected,OPENED,27-09-2026 03:34,Arvind Bansal (DNCR)
27-09-2026,FMPC6532700814,KanjhawalaHub_DEL_PL,ENAYA FASHION +919560271474,2cd085a33bb0407a,dispatched_to_mh,North,LMA,1.00E+11,#N/A,#N/A,MotherHub_NDC,FM BRSNR,KanjhawalaHub_DEL_PL,PH-B3-NCRNDC-6365733,expected,OPENED,27-09-2026 03:33,Arvind Bansal (DNCR)
27-09-2026,FMPC6530369507,KanakpuraRdHub_BLR_PL,IndiaFarm Foods Pvt LTD +919964306430,38026737a6cd401f,dispatched_to_mh,South,LMA,1.00E+11,#N/A,#N/A,Motherhub_BLR_Flex,FM BRSNR,KanakpuraRdHub_BLR_PL,PH-B4-BLRBLX-703720,expected,OPENED,27-09-2026 00:51,Anwar Babu Maldar
27-09-2026,FMPC6532807562,KanjhawalaHub_DEL_PL,S A TRADERS +919654966896,76c42a759fb44acf,dispatched_to_mh,North,LMA,1.00E+11,#N/A,#N/A,MotherHub_NDC,FM BRSNR,KanjhawalaHub_DEL_PL,PH-B3-NCRNDC-6296929,expected,OPENED,27-09-2026 04:22,Arvind Bansal (DNCR)
27-09-2026,FMPC6533055528,KanjhawalaHub_DEL_PL,A2Z CREATIONS +919953465120,40204aaa19e14f22,dispatched_to_mh,North,LMA,1.00E+11,#N/A,#N/A,MotherHub_NDC,FM BRSNR,KanjhawalaHub_DEL_PL,PH-B3-NCRNDC-6371013,expected,OPENED,27-09-2026 04:14,Arvind Bansal (DNCR)
27-09-2026,FMPC6531520666,KanjhawalaHub_DEL_PL,A2Z CREATIONS +919953465120,40204aaa19e14f22,dispatched_to_mh,North,LMA,1.00E+11,#N/A,#N/A,MotherHub_NDC,FM BRSNR,KanjhawalaHub_DEL_PL,PH-B3-NCRNDC-6371013,expected,OPENED,27-09-2026 04:14,Arvind Bansal (DNCR)
27-09-2026,FMPC6533119750,IPextension_DEL_PL,Arham Fashion +918527097570,d8d9f50e76f3463d,dispatched_to_mh,North,LMA,1.00E+11,Greenteck Logistics and Mobility Pvt Ltd,MohdHilal,MotherHub_NDC,FM BRSNR,IPextension_DEL_PL,PH-B3-NCRNDC-6326801,expected,OPENED,27-09-2026 01:59,Arvind Bansal (DNCR)
27-09-2026,FMPC6530793799,KanjhawalaHub_DEL_PL,RABECCA ENTERPRISES +919599634613,f65304847c89400a,dispatched_to_mh,North,LMA,1.00E+11,#N/A,#N/A,MotherHub_NDC,FM BRSNR,KanjhawalaHub_DEL_PL,PH-B3-NCRNDC-6371024,expected,OPENED,27-09-2026 03:34,Arvind Bansal (DNCR)
27-09-2026,FMPP4300307851,KalyanNagarHub_BLR_PL,Lusive's fashion store +916375305116,83b1ac3160dd4ddf,dispatched_to_mh,South,EKART,4245848,EKART,,Motherhub_BLR_Flex,FM BRSNR,KalyanNagarHub_BLR_PL,PH-B4-BLRBLX-697183,expected,OPENED,27-09-2026 01:30,Anwar Babu Maldar
27-09-2026,FMPC6532700194,KanjhawalaHub_DEL_PL,S A TRADERS +919654966896,76c42a759fb44acf,dispatched_to_mh,North,LMA,1.00E+11,#N/A,#N/A,MotherHub_NDC,FM BRSNR,KanjhawalaHub_DEL_PL,PH-B3-NCRNDC-6296932,expected,OPENED,27-09-2026 09:31,Arvind Bansal (DNCR)
27-09-2026,FMPP4299362823,KanakpuraRdHub_BLR_PL,Pipkart +919900843799,2adf5e477a844432,dispatched_to_mh,South,LMA,1.00E+11,WERCATALYST VENTURES PVT LTD,B NChiranjivi,Motherhub_BLR_Flex,FM BRSNR,KanakpuraRdHub_BLR_PL,PH-B4-BLRBLX-714325,expected,OPENED,27-09-2026 00:31,Anwar Babu Maldar
27-09-2026,FMPP4299288837,KanjhawalaHub_DEL_PL,S A TRADERS +919654966896,76c42a759fb44acf,dispatched_to_mh,North,LMA,1.00E+11,#N/A,#N/A,MotherHub_NDC,FM BRSNR,KanjhawalaHub_DEL_PL,PH-B3-NCRNDC-6296932,expected,OPENED,27-09-2026 09:31,Arvind Bansal (DNCR)
27-09-2026,FMPC6532547026,JasolaHub_DEL_PL,CHILD PLAY +919717252706,7ed6f2188fc5453c,received_at_mh,North,TRUEFLEX,756594,TRUEFLEX,AMANKhatana,MotherHub_NDC,FM BRSNR,JasolaHub_DEL_PL,PH-B3-NCRNDC-6352606,expected,OPENED,27-09-2026 00:59,Arvind Bansal (DNCR)
27-09-2026,FMPC6532179356,KanjhawalaHub_DEL_PL,SHAWEZ ENTERPRISES +917982070771,0314ce6c1c0e4341,received_at_mh,North,LMA,1.00E+11,#N/A,#N/A,MotherHub_NDC,FM BRSNR,KanjhawalaHub_DEL_PL,PH-B3-NCRNDC-6294107,expected,OPENED,27-09-2026 03:47,Arvind Bansal (DNCR)
27-09-2026,FMPP4299666369,KanjhawalaHub_DEL_PL,ZAHRA ENTERPRISES +919910512219,7cb26cabc4df404d,dispatched_to_mh,North,LMA,1.00E+11,#N/A,#N/A,MotherHub_NDC,FM BRSNR,KanjhawalaHub_DEL_PL,PH-B3-NCRNDC-5544989,expected,OPENED,27-09-2026 03:44,Arvind Bansal (DNCR)
27-09-2026,FMPP4301003745,KanjhawalaHub_DEL_PL,KIDDERY BABYWORKS +919818198086,cb5f1beb9a6b4c21,received_at_ph,North,TRUEFLEX,861542,TRUEFLEX,IliyasKhan,MotherHub_NDC,FM BRSNR,KanjhawalaHub_DEL_PL,PH-B3-NCRNDC-6331662,expected,OPENED,27-09-2026 04:00,Arvind Bansal (DNCR)
27-09-2026,FMPP4300194534,KanakpuraRdHub_BLR_PL,Pipkart +919900843799,2adf5e477a844432,dispatched_to_mh,South,LMA,1.00E+11,WERCATALYST VENTURES PVT LTD,B NChiranjivi,Motherhub_BLR_Flex,FM BRSNR,KanakpuraRdHub_BLR_PL,PH-B2-BLRBLX-726480,expected,OPENED,27-09-2026 00:32,Anwar Babu Maldar
27-09-2026,FMPC6532600452,KanjhawalaHub_DEL_PL,S A TRADERS +919654966896,76c42a759fb44acf,received_at_mh,North,LMA,1.00E+11,#N/A,#N/A,MotherHub_NDC,FM BRSNR,KanjhawalaHub_DEL_PL,PH-B3-NCRNDC-6296929,expected,OPENED,27-09-2026 04:22,Arvind Bansal (DNCR)
27-09-2026,FMPC6533669917,KanjhawalaHub_DEL_PL,SHYAMA CREATIONS +919220662022,de545c0220a045f6,dispatched_to_mh,North,TRUEFLEX,905102,TRUEFLEX,SanjeshRajput,MotherHub_NDC,FM BRSNR,KanjhawalaHub_DEL_PL,PH-B3-NCRNDC-6351406,expected,OPENED,27-09-2026 03:24,Arvind Bansal (DNCR)
27-09-2026,FMPC6532643389,KanjhawalaHub_DEL_PL,ARFA ENTERPRISES +919899364438,30d73d896210434b,dispatched_to_mh,North,LMA,1.00E+11,Fastbeetle service,AvinashKumar,MotherHub_NDC,FM BRSNR,KanjhawalaHub_DEL_PL,PH-B3-NCRNDC-6377759,expected,OPENED,27-09-2026 03:34,Arvind Bansal (DNCR)
27-09-2026,FMPP4299266913,KanakpuraRdHub_BLR_PL,Pipkart +919900843799,2adf5e477a844432,dispatched_to_mh,South,LMA,1.00E+11,WERCATALYST VENTURES PVT LTD,B NChiranjivi,Motherhub_BLR_Flex,FM BRSNR,KanakpuraRdHub_BLR_PL,PH-B4-BLRBLX-714325,expected,OPENED,27-09-2026 00:31,Anwar Babu Maldar
27-09-2026,FMPC6530842848,KanjhawalaHub_DEL_PL,RK Cody Traders +919717896115,f7cc57838c9f42d3,dispatched_to_mh,North,LMA,1.00E+11,#N/A,#N/A,MotherHub_NDC,FM BRSNR,KanjhawalaHub_DEL_PL,PH-B3-NCRNDC-6373124,expected,OPENED,27-09-2026 10:04,Arvind Bansal (DNCR)
27-09-2026,FMPC6533667465,IPextension_DEL_PL,Wardrobe collections +919555696737,b9c29e76e8a64e39,received_at_mh,North,TRUEFLEX,756688,TRUEFLEX,SauravThakur,MotherHub_NDC,FM BRSNR,IPextension_DEL_PL,PH-B3-NCRNDC-6374187,expected,OPENED,27-09-2026 01:45,Arvind Bansal (DNCR)
27-09-2026,FMPC6533307412,IPextension_DEL_PL,Wardrobe collections +919555696737,b9c29e76e8a64e39,received_at_mh,North,TRUEFLEX,756688,TRUEFLEX,SauravThakur,MotherHub_NDC,FM BRSNR,IPextension_DEL_PL,PH-B3-NCRNDC-6374187,expected,OPENED,27-09-2026 01:45,Arvind Bansal (DNCR)
27-09-2026,FMPC6532662756,JasolaHub_DEL_PL,UNISTUFF TRADERS +919999901376,rkzssut538idpmhq,dispatched_to_mh,North,LMA,1.00E+11,#N/A,#N/A,MotherHub_NDC,FM BRSNR,JasolaHub_DEL_PL,PH-B3-NCRNDC-6380159,expected,OPENED,27-09-2026 01:37,Arvind Bansal (DNCR)
27-09-2026,FMPP4300576200,KanjhawalaHub_DEL_PL,FSJ CREATION +919643229786,f7de538c2cc14a91,dispatched_to_mh,North,LMA,1.00E+11,#N/A,#N/A,MotherHub_NDC,FM BRSNR,KanjhawalaHub_DEL_PL,PH-B3-NCRNDC-6339164,expected,OPENED,27-09-2026 03:41,Arvind Bansal (DNCR)
27-09-2026,FMPP4299297341,KanjhawalaHub_DEL_PL,KIDZFUN +918527546696,8b20af49cae049f6,dispatched_to_mh,North,TRUEFLEX,1414611,TRUEFLEX,#N/A,MotherHub_NDC,FM BRSNR,KanjhawalaHub_DEL_PL,PH-B3-NCRNDC-6374301,expected,OPENED,27-09-2026 03:31,Arvind Bansal (DNCR)
27-09-2026,FMPP4300642545,KanjhawalaHub_DEL_PL,S A TRADERS +919654966896,76c42a759fb44acf,dispatched_to_mh,North,LMA,1.00E+11,#N/A,#N/A,MotherHub_NDC,FM BRSNR,KanjhawalaHub_DEL_PL,PH-B3-NCRNDC-6296932,expected,OPENED,27-09-2026 09:31,Arvind Bansal (DNCR)
27-09-2026,FMPC6528083670,KanjhawalaHub_DEL_PL,Customize Gift Corporation +919310684605,7b376b61a60f41e7,dispatched_to_mh,North,LMA,1.00E+11,#N/A,#N/A,MotherHub_NDC,FM BRSNR,KanjhawalaHub_DEL_PL,PH-B3-FRKFRK-12863504,expected,OPENED,27-09-2026 04:02,Arvind Bansal (DNCR)
27-09-2026,FMPC6532682172,KanjhawalaHub_DEL_PL,VIP BROTHERS +919716079622,83f4e65262134a39,dispatched_to_mh,North,LMA,1.00E+11,#N/A,#N/A,MotherHub_NDC,FM BRSNR,KanjhawalaHub_DEL_PL,PH-B3-NCRNDC-6366119,expected,OPENED,27-09-2026 03:52,Arvind Bansal (DNCR)
27-09-2026,FMPC6532245416,KanjhawalaHub_DEL_PL,Roshni Collection +918882241273,063aa8a68f1f4f7d,dispatched_to_mh,North,LMA,1.00E+11,#N/A,#N/A,MotherHub_NDC,FM BRSNR,KanjhawalaHub_DEL_PL,PH-B3-NCRNDC-6365733,expected,OPENED,27-09-2026 03:33,Arvind Bansal (DNCR)
27-09-2026,FMPP4296735143,KanjhawalaHub_DEL_PL,STITCHCRAFT +919236857985,8ec7a5fddba24aef,dispatched_to_mh,North,LMA,1.00E+11,#N/A,#N/A,MotherHub_NDC,FM BRSNR,KanjhawalaHub_DEL_PL,PH-B3-NCRNDC-6373141,expected,OPENED,27-09-2026 03:53,Arvind Bansal (DNCR)
27-09-2026,FMPC6533004609,KanjhawalaHub_DEL_PL,S A TRADERS +919654966896,76c42a759fb44acf,dispatched_to_mh,North,LMA,1.00E+11,#N/A,#N/A,MotherHub_NDC,FM BRSNR,KanjhawalaHub_DEL_PL,PH-B3-NCRNDC-6296932,expected,OPENED,27-09-2026 09:31,Arvind Bansal (DNCR)
27-09-2026,FMPP4299078441,IPextension_DEL_PL,Wardrobe collections +919555696737,b9c29e76e8a64e39,dispatched_to_mh,North,TRUEFLEX,756688,TRUEFLEX,SauravThakur,MotherHub_NDC,FM BRSNR,IPextension_DEL_PL,PH-B3-NCRNDC-6374187,expected,OPENED,27-09-2026 01:45,Arvind Bansal (DNCR)
27-09-2026,FMPC6533832201,KanjhawalaHub_DEL_PL,S A TRADERS +919654966896,76c42a759fb44acf,dispatched_to_mh,North,LMA,1.00E+11,#N/A,#N/A,MotherHub_NDC,FM BRSNR,KanjhawalaHub_DEL_PL,PH-B3-NCRNDC-6296929,expected,OPENED,27-09-2026 04:22,Arvind Bansal (DNCR)
27-09-2026,FMPC6533451318,KanjhawalaHub_DEL_PL,ARMAN COLLECTION +919971707364,ef96761d9e2f4e66,received_at_mh,North,LMA,1.00E+11,#N/A,#N/A,MotherHub_NDC,FM BRSNR,KanjhawalaHub_DEL_PL,PH-B3-NCRNDC-6339159,expected,OPENED,27-09-2026 04:20,Arvind Bansal (DNCR)
27-09-2026,FMPC6533397990,JasolaHub_DEL_PL,Aim Emporium +919654132303,0983fb0538dd4447,dispatched_to_mh,North,TRUEFLEX,1202119,TRUEFLEX,MohammadZaid,MotherHub_NDC,FM BRSNR,JasolaHub_DEL_PL,PH-B3-NCRNDC-6362074,expected,OPENED,27-09-2026 00:54,Arvind Bansal (DNCR)
27-09-2026,FMPC6531577205,KanjhawalaHub_DEL_PL,ARMAN COLLECTION +919971707364,ef96761d9e2f4e66,received_at_mh,North,LMA,1.00E+11,#N/A,#N/A,MotherHub_NDC,FM BRSNR,KanjhawalaHub_DEL_PL,PH-B3-NCRNDC-6339159,expected,OPENED,27-09-2026 04:20,Arvind Bansal (DNCR)
27-09-2026,FMPC6530614265,KanjhawalaHub_DEL_PL,Famit Group of Company +919990600877,0d119168734f4fae,dispatched_to_mh,North,LMA,1.00E+11,WHEELEY,Md Ali RajHussain,MotherHub_NDC,FM BRSNR,KanjhawalaHub_DEL_PL,PH-B3-NCRNDC-6379868,expected,OPENED,27-09-2026 03:52,Arvind Bansal (DNCR)
27-09-2026,FMPC6531269342,KanjhawalaHub_DEL_PL,Roshni Collection +918882241273,063aa8a68f1f4f7d,dispatched_to_mh,North,LMA,1.00E+11,#N/A,#N/A,MotherHub_NDC,FM BRSNR,KanjhawalaHub_DEL_PL,PH-B3-NCRNDC-6365733,expected,OPENED,27-09-2026 03:33,Arvind Bansal (DNCR)
27-09-2026,FMPC6531577184,KanjhawalaHub_DEL_PL,ARMAN COLLECTION +919971707364,ef96761d9e2f4e66,received_at_mh,North,LMA,1.00E+11,#N/A,#N/A,MotherHub_NDC,FM BRSNR,KanjhawalaHub_DEL_PL,PH-B3-NCRNDC-6339159,expected,OPENED,27-09-2026 04:20,Arvind Bansal (DNCR)
27-09-2026,FMPC6531577186,KanjhawalaHub_DEL_PL,ARMAN COLLECTION +919971707364,ef96761d9e2f4e66,received_at_mh,North,LMA,1.00E+11,#N/A,#N/A,MotherHub_NDC,FM BRSNR,KanjhawalaHub_DEL_PL,PH-B3-NCRNDC-6339159,expected,OPENED,27-09-2026 04:20,Arvind Bansal (DNCR)
27-09-2026,FMPC6531347015,KanjhawalaHub_DEL_PL,S A TRADERS +919654966896,76c42a759fb44acf,dispatched_to_mh,North,LMA,1.00E+11,#N/A,#N/A,MotherHub_NDC,FM BRSNR,KanjhawalaHub_DEL_PL,PH-B3-NCRNDC-6296929,expected,OPENED,27-09-2026 04:22,Arvind Bansal (DNCR)
27-09-2026,FMPP4300561418,JasolaHub_DEL_PL,Rising Retail +919069482393,018fced538114c85,dispatched_to_mh,North,LMA,1.00E+11,Greenteck Logistics and Mobility Pvt Ltd,Asim,MotherHub_NDC,FM BRSNR,JasolaHub_DEL_PL,PH-B3-NCRNDC-6364685,expected,OPENED,27-09-2026 00:53,Arvind Bansal (DNCR)
27-09-2026,FMPP4300029510,KanjhawalaHub_DEL_PL,BE FIT +919953816282,2ce352504dfc4a79,dispatched_to_mh,North,TRUEFLEX,1153887,TRUEFLEX,HarshHarsh,MotherHub_NDC,FM BRSNR,KanjhawalaHub_DEL_PL,PH-B3-NCRNDC-6379396,expected,OPENED,27-09-2026 03:25,Arvind Bansal (DNCR)
27-09-2026,FMPC6531423567,KanjhawalaHub_DEL_PL,A2Z CREATIONS +919953465120,40204aaa19e14f22,dispatched_to_mh,North,LMA,1.00E+11,#N/A,#N/A,MotherHub_NDC,FM BRSNR,KanjhawalaHub_DEL_PL,PH-B3-NCRNDC-6371013,expected,OPENED,27-09-2026 04:14,Arvind Bansal (DNCR)
27-09-2026,FMPC6529119824,KanjhawalaHub_DEL_PL,MRA enterprises +918700097458,98019d00faab416e,received_at_mh,North,LMA,1.00E+11,#N/A,#N/A,MotherHub_NDC,FM BRSNR,KanjhawalaHub_DEL_PL,PH-B3-NCRNDC-5681824,expected,OPENED,27-09-2026 04:02,Arvind Bansal (DNCR)
27-09-2026,FMPP4299826145,KanjhawalaHub_DEL_PL,A2Z CREATIONS +919953465120,40204aaa19e14f22,dispatched_to_mh,North,LMA,1.00E+11,#N/A,#N/A,MotherHub_NDC,FM BRSNR,KanjhawalaHub_DEL_PL,PH-B3-NCRNDC-6371013,expected,OPENED,27-09-2026 04:14,Arvind Bansal (DNCR)
27-09-2026,FMPC6533645811,KanjhawalaHub_DEL_PL,ENAYA FASHION +919560271474,2cd085a33bb0407a,dispatched_to_mh,North,LMA,1.00E+11,#N/A,#N/A,MotherHub_NDC,FM BRSNR,KanjhawalaHub_DEL_PL,PH-B3-NCRNDC-6365733,expected,OPENED,27-09-2026 03:33,Arvind Bansal (DNCR)
27-09-2026,FMPC6531786044,KanjhawalaHub_DEL_PL,BE FIT +919953816282,2ce352504dfc4a79,dispatched_to_mh,North,TRUEFLEX,1153887,TRUEFLEX,HarshHarsh,MotherHub_NDC,FM BRSNR,KanjhawalaHub_DEL_PL,PH-B3-NCRNDC-6379396,expected,OPENED,27-09-2026 03:25,Arvind Bansal (DNCR)
27-09-2026,FMPC6530834969,KanjhawalaHub_DEL_PL,S A TRADERS +919654966896,76c42a759fb44acf,dispatched_to_mh,North,LMA,1.00E+11,#N/A,#N/A,MotherHub_NDC,FM BRSNR,KanjhawalaHub_DEL_PL,PH-B3-NCRNDC-6296932,expected,OPENED,27-09-2026 09:31,Arvind Bansal (DNCR)
27-09-2026,FMPC6533849682,KanjhawalaHub_DEL_PL,S A TRADERS +919654966896,76c42a759fb44acf,dispatched_to_mh,North,LMA,1.00E+11,#N/A,#N/A,MotherHub_NDC,FM BRSNR,KanjhawalaHub_DEL_PL,PH-B3-NCRNDC-6296932,expected,OPENED,27-09-2026 09:31,Arvind Bansal (DNCR)
27-09-2026,FMPC6533832225,KanjhawalaHub_DEL_PL,S A TRADERS +919654966896,76c42a759fb44acf,dispatched_to_mh,North,LMA,1.00E+11,#N/A,#N/A,MotherHub_NDC,FM BRSNR,KanjhawalaHub_DEL_PL,PH-B3-NCRNDC-6296929,expected,OPENED,27-09-2026 04:22,Arvind Bansal (DNCR)
27-09-2026,FMPC6531491763,KanjhawalaHub_DEL_PL,KSY ENTERPRISES +918979482416,b08331bbea3f4f04,received_at_mh,North,LMA,1.00E+11,We Innovate Business Solutions Pvt Ltd,Gaurav,MotherHub_NDC,FM BRSNR,KanjhawalaHub_DEL_PL,PH-B3-NCRNDC-6328773,expected,OPENED,27-09-2026 04:45,Arvind Bansal (DNCR)
27-09-2026,FMPP4298599422,KanjhawalaHub_DEL_PL,ARFA ENTERPRISES +919899364438,30d73d896210434b,received_at_mh,North,LMA,1.00E+11,Fastbeetle service,AvinashKumar,MotherHub_NDC,FM BRSNR,KanjhawalaHub_DEL_PL,PH-B3-NCRNDC-6377759,expected,OPENED,27-09-2026 03:34,Arvind Bansal (DNCR)
27-09-2026,FMPC6531479878,IPextension_DEL_PL,singhal enterprises +918527081666,fcca1f08e4c84b2c,dispatched_to_mh,North,TRUEFLEX,594581,TRUEFLEX,AmitKumar,MotherHub_NDC,FM BRSNR,IPextension_DEL_PL,PH-B3-NCRNDC-6325172,expected,OPENED,27-09-2026 01:45,Arvind Bansal (DNCR)
27-09-2026,FMPP4300066765,JasolaHub_DEL_PL,PAREEZA INDUSTRIES +919525471345,a8677547f9e3428d,received_at_mh,North,TRUEFLEX,884069,TRUEFLEX,KuldeepBhadana,MotherHub_NDC,FM BRSNR,JasolaHub_DEL_PL,PH-B3-NCRNDC-6365401,expected,OPENED,27-09-2026 01:40,Arvind Bansal (DNCR)
27-09-2026,FMPP4299826157,KanjhawalaHub_DEL_PL,A2Z CREATIONS +919953465120,40204aaa19e14f22,dispatched_to_mh,North,LMA,1.00E+11,#N/A,#N/A,MotherHub_NDC,FM BRSNR,KanjhawalaHub_DEL_PL,PH-B3-NCRNDC-6371013,expected,OPENED,27-09-2026 04:14,Arvind Bansal (DNCR)
27-09-2026,FMPP4299635894,JasolaHub_DEL_PL,BLARY FASHION PLANET +919540281504,f793aef642854ac9,dispatched_to_mh,North,TRUEFLEX,884069,TRUEFLEX,KuldeepBhadana,MotherHub_NDC,FM BRSNR,JasolaHub_DEL_PL,PH-B3-NCRNDC-6365401,expected,OPENED,27-09-2026 01:40,Arvind Bansal (DNCR)
27-09-2026,FMPP4298550322,KanjhawalaHub_DEL_PL,ARFA ENTERPRISES +919899364438,30d73d896210434b,dispatched_to_mh,North,LMA,1.00E+11,Fastbeetle service,AvinashKumar,MotherHub_NDC,FM BRSNR,KanjhawalaHub_DEL_PL,PH-B3-NCRNDC-6377759,expected,OPENED,27-09-2026 03:34,Arvind Bansal (DNCR)
27-09-2026,FMPC6530751303,KanjhawalaHub_DEL_PL,KIDZFUN +918527546696,8b20af49cae049f6,dispatched_to_mh,North,TRUEFLEX,1414611,TRUEFLEX,#N/A,MotherHub_NDC,FM BRSNR,KanjhawalaHub_DEL_PL,PH-B3-NCRNDC-6374301,expected,OPENED,27-09-2026 03:31,Arvind Bansal (DNCR)
27-09-2026,FMPC6530475266,MangolpuriHub_DEL_PL,SAP RETAILCART PRIVATE LIMITED +918384022956,ce0977c1839149ae,received_at_mh,North,LMA,1.00E+11,SHIFTWAY LOGISTICS PVT LTD,KUNAL,MotherHub_NDC,FM BRSNR,MangolpuriHub_DEL_PL,PH-B3-NCRNDC-6349909,expected,OPENED,27-09-2026 02:05,Arvind Bansal (DNCR)
27-09-2026,FMPP4300466354,MangolpuriHub_DEL_PL,Aaradhya Trading Co +917982619751,92525237bc554336,dispatched_to_mh,North,LMA,1.00E+11,SHIFTWAY LOGISTICS PVT LTD,KUNAL,MotherHub_NDC,FM BRSNR,MangolpuriHub_DEL_PL,PH-B3-NCRNDC-6288454,expected,OPENED,27-09-2026 06:13,Arvind Bansal (DNCR)
27-09-2026,FMPC6530436900,MangolpuriHub_DEL_PL,GINNI ENTERPRISES +918588083504,7d4ce64b864a473b,dispatched_to_mh,North,TRUEFLEX,592424,TRUEFLEX,ChotuKumar,MotherHub_NDC,FM BRSNR,MangolpuriHub_DEL_PL,PH-B3-NCRNDC-6290692,expected,OPENED,27-09-2026 05:26,Arvind Bansal (DNCR)
27-09-2026,FMPP4299810371,MangolpuriHub_DEL_PL,Hupshy Designs Sales LLP +919958224100,63fc887d31d54867,received_at_mh,North,TRUEFLEX,977169,TRUEFLEX,#N/A,MotherHub_NDC,FM BRSNR,MangolpuriHub_DEL_PL,PH-B3-NCRNDC-6370599,expected,OPENED,27-09-2026 05:36,Arvind Bansal (DNCR)
27-09-2026,FMPP4296692953,MangolpuriHub_DEL_PL,BLUE PETAL STUDIOS +919625932267,30ab185ae18a4c3f,dispatched_to_mh,North,LMA,1.00E+11,SHIFTWAY LOGISTICS PVT LTD,Aman,MotherHub_NDC,FM BRSNR,MangolpuriHub_DEL_PL,PH-B3-NCRNDC-6331943,expected,OPENED,27-09-2026 05:49,Arvind Bansal (DNCR)
27-09-2026,FMPC6531108000,MangolpuriHub_DEL_PL,GURU HEELS +919810212940,a289c578f4084d59,received_at_mh,North,TRUEFLEX,749416,TRUEFLEX,SachinHarijan,MotherHub_NDC,FM BRSNR,MangolpuriHub_DEL_PL,PH-B3-NCRNDC-5503986,expected,OPENED,27-09-2026 06:22,Arvind Bansal (DNCR)
27-09-2026,FMPC6532569402,MangolpuriHub_DEL_PL,DPG Marketing Pvt. Ltd. +919971835845,23f07087db06423e,received_at_mh,North,TRUEFLEX,977169,TRUEFLEX,#N/A,MotherHub_NDC,FM BRSNR,MangolpuriHub_DEL_PL,PH-B3-NCRNDC-6370600,expected,OPENED,27-09-2026 05:28,Arvind Bansal (DNCR)
27-09-2026,FMPC6530050621,PaharganjHub_DEL_PL,REPRO BOOKS LIMITED 7059900370,f3e39eb8c6f44b41,dispatched_to_mh,North,LMA,1.00E+11,Fastbeetle service,TusharKumar,MotherHub_NDC,FM BRSNR,PaharganjHub_DEL_PL,PH-B3-NCRNDC-6284587,expected,OPENED,27-09-2026 04:01,Arvind Bansal (DNCR)
27-09-2026,FMPC6531338682,Motibaghhub_DEL_PL,VINOD ELECTRICAL & HARDWARE +918586961980,970cf57aff8843cd,received_at_mh,North,TRUEFLEX,981845,TRUEFLEX,#N/A,MotherHub_NDC,FM BRSNR,Motibaghhub_DEL_PL,PH-B3-NCRNDC-6365796,expected,OPENED,27-09-2026 02:15,Arvind Bansal (DNCR)
27-09-2026,FMPC6530846965,Motibaghhub_DEL_PL,Vishnu Versa Enterprises +919971401438,7e82d0282c1b4156,dispatched_to_mh,North,LMA,1.00E+11,Fastbeetle service,MdShamim,MotherHub_NDC,FM BRSNR,Motibaghhub_DEL_PL,PH-B3-NCRNDC-6248377,expected,OPENED,27-09-2026 02:21,Arvind Bansal (DNCR)
27-09-2026,FMPP4299746221,Motibaghhub_DEL_PL,Sitara by Simar +919212522071,3e2285b7ba184562,received_at_mh,North,TRUEFLEX,981845,TRUEFLEX,#N/A,MotherHub_NDC,FM BRSNR,Motibaghhub_DEL_PL,PH-B3-NCRNDC-6365796,expected,OPENED,27-09-2026 02:15,Arvind Bansal (DNCR)
27-09-2026,FMPC6533560940,PaharganjHub_DEL_PL,P.R.N.S. TRADERS +919560274180,e79c873857394129,received_at_mh,North,LMA,1.00E+11,We Innovate Business Solutions Pvt Ltd,Randheer,MotherHub_NDC,FM BRSNR,PaharganjHub_DEL_PL,PH-B3-NCRNDC-5142640,expected,OPENED,27-09-2026 04:18,Arvind Bansal (DNCR)
27-09-2026,FMPP4301317863,MundkaHub_DEL_PL,Rosevestla Enterprises +917827391088,2f6e99e6babe4fb3,received_at_mh,North,TRUEFLEX,932381,TRUEFLEX,DildarHusain,MotherHub_NDC,FM BRSNR,MundkaHub_DEL_PL,PH-B3-NCRNDC-6365050,expected,OPENED,27-09-2026 01:53,Arvind Bansal (DNCR)
27-09-2026,FMPP4301161228,PaharganjHub_DEL_PL,ATOM MEDTECH +919211502979,80a53c9ade07480b,received_at_mh,North,LMA,1.00E+11,We Innovate Business Solutions Pvt Ltd,GauravKumar,MotherHub_NDC,FM BRSNR,PaharganjHub_DEL_PL,PH-B3-NCRNDC-6373559,expected,OPENED,27-09-2026 04:40,Arvind Bansal (DNCR)
27-09-2026,FMPC6531257905,NajafgarhHub_DEL_PL,R Enterprises +917053532376,f01c165f07284b9c,received_at_mh,North,LMA,1.00E+11,Sitics,MdChand,MotherHub_NDC,FM BRSNR,NajafgarhHub_DEL_PL,PH-B3-NCRNDC-6359079,expected,OPENED,27-09-2026 02:00,Arvind Bansal (DNCR)
27-09-2026,FMPP4300072505,MundkaHub_DEL_PL,R.K. ENTERPRISES +919999596082,a6a9c7acf7744c81,received_at_mh,North,TRUEFLEX,932381,TRUEFLEX,DildarHusain,MotherHub_NDC,FM BRSNR,MundkaHub_DEL_PL,PH-B3-NCRNDC-6215982,expected,OPENED,27-09-2026 00:32,Arvind Bansal (DNCR)
27-09-2026,FMPC6530767050,MundkaHub_DEL_PL,HELLISH SURGE +919217966804,0e269913f72c46b2,received_at_mh,North,LMA,1.00E+11,#N/A,#N/A,MotherHub_NDC,FM BRSNR,MundkaHub_DEL_PL,PH-B3-NCRNDC-6375569,expected,OPENED,27-09-2026 01:00,Arvind Bansal (DNCR)
27-09-2026,FMPP4301080073,Motibaghhub_DEL_PL,SAVIA TOYS +919811909559,5132454e48ca461b,received_at_mh,North,TRUEFLEX,981845,TRUEFLEX,#N/A,MotherHub_NDC,FM BRSNR,Motibaghhub_DEL_PL,PH-B3-NCRNDC-6365796,expected,OPENED,27-09-2026 02:15,Arvind Bansal (DNCR)
27-09-2026,FMPP4300852907,MundkaHub_DEL_PL,R.K. ENTERPRISES +919999596082,a6a9c7acf7744c81,received_at_mh,North,TRUEFLEX,932381,TRUEFLEX,DildarHusain,MotherHub_NDC,FM BRSNR,MundkaHub_DEL_PL,PH-B3-NCRNDC-6215982,expected,OPENED,27-09-2026 00:32,Arvind Bansal (DNCR)
27-09-2026,FMPC6532629149,NajafgarhHub_DEL_PL,S & K ENTERPRISES +918700551523,1004d438cc4e45b1,received_at_mh,North,TRUEFLEX,1314847,TRUEFLEX,SudheerSingh,MotherHub_NDC,FM BRSNR,NajafgarhHub_DEL_PL,PH-B3-NCRNDC-6372043,expected,OPENED,27-09-2026 02:41,Arvind Bansal (DNCR)
27-09-2026,FMPC6530839075,PaharganjHub_DEL_PL,HAMMAD GARMENTS +919211557765,791450fc144d4d27,received_at_mh,North,TRUEFLEX,840114,TRUEFLEX,MohammadSameer,MotherHub_NDC,FM BRSNR,PaharganjHub_DEL_PL,PH-B3-NCRNDC-6360394,expected,OPENED,27-09-2026 01:58,Arvind Bansal (DNCR)
27-09-2026,FMPC6532973665,MundkaHub_DEL_PL,DK ENTERPRISES +919870433593,5682521c5ee4427a,received_at_mh,North,TRUEFLEX,932381,TRUEFLEX,DildarHusain,MotherHub_NDC,FM BRSNR,MundkaHub_DEL_PL,PH-B3-NCRNDC-6365050,expected,OPENED,27-09-2026 01:53,Arvind Bansal (DNCR)
27-09-2026,FMPP4299585381,Motibaghhub_DEL_PL,LIFE LINE COMMUNICATION +919958080789,d33565950ded4f3e,received_at_mh,North,LMA,1.00E+11,Fastbeetle service,MdShamim,MotherHub_NDC,FM BRSNR,Motibaghhub_DEL_PL,PH-B3-NCRNDC-6248379,expected,OPENED,27-09-2026 02:16,Arvind Bansal (DNCR)
27-09-2026,FMPC6531034892,Motibaghhub_DEL_PL,SAVIA TOYS +919811909559,5132454e48ca461b,received_at_mh,North,TRUEFLEX,981845,TRUEFLEX,#N/A,MotherHub_NDC,FM BRSNR,Motibaghhub_DEL_PL,PH-B3-NCRNDC-6365796,expected,OPENED,27-09-2026 02:15,Arvind Bansal (DNCR)
27-09-2026,FMPP4301061332,MundkaHub_DEL_PL,NAVKAR ENTERPRISES +918506914094,8a0cb82d14a9469f,dispatched_to_mh,North,LMA,1.00E+11,We Innovate Business Solutions Pvt Ltd,Kishan,MotherHub_NDC,FM BRSNR,MundkaHub_DEL_PL,PH-B3-NCRNDC-6376054,expected,OPENED,26-09-2026 23:39,Arvind Bansal (DNCR)
27-09-2026,FMPC6533785266,MundkaHub_DEL_PL,FASHION POINT +919711073420,72f805bfe2b54e8b,received_at_mh,North,LMA,1.00E+11,Watsoo,AmanKumar,MotherHub_NDC,FM BRSNR,MundkaHub_DEL_PL,PH-B3-NCRNDC-6281129,expected,OPENED,27-09-2026 03:19,Arvind Bansal (DNCR)
27-09-2026,FMPC6533905316,PaharganjHub_DEL_PL,ALLSEASONS IMPEX +919958925152,959aa9c89a7342ec,dispatched_to_mh,North,TRUEFLEX,886670,TRUEFLEX,Ajay,MotherHub_NDC,FM BRSNR,PaharganjHub_DEL_PL,PH-B3-NCRNDC-6383264,expected,OPENED,27-09-2026 02:02,Arvind Bansal (DNCR)
27-09-2026,FMPC6531904969,MundkaHub_DEL_PL,R.K. ENTERPRISES +919999596082,a6a9c7acf7744c81,received_at_mh,North,TRUEFLEX,932381,TRUEFLEX,DildarHusain,MotherHub_NDC,FM BRSNR,MundkaHub_DEL_PL,PH-B3-NCRNDC-6215982,expected,OPENED,27-09-2026 00:32,Arvind Bansal (DNCR)
27-09-2026,FMPC6533643872,MundkaHub_DEL_PL,Tail Mart Enterprises 8595198820,e1e2e1a3124345c0,dispatched_to_mh,North,LMA,1.00E+11,E2E LOGISTIC SOLUTION,Md.Annu,MotherHub_NDC,FM BRSNR,MundkaHub_DEL_PL,PH-B3-NCRNDC-6381213,expected,OPENED,27-09-2026 02:01,Arvind Bansal (DNCR)
27-09-2026,FMPC6530050786,NehruPlaceHub_DEL_PL,Rivaan Fabrications +919211560456,4415a43df106498f,dispatched_to_mh,North,LMA,1.00E+11,Fastbeetle service,MujibAnsari,MotherHub_NDC,FM BRSNR,NehruPlaceHub_DEL_PL,PH-B3-NCRNDC-6331878,expected,OPENED,27-09-2026 02:15,Arvind Bansal (DNCR)
27-09-2026,FMPC6531675259,Motibaghhub_DEL_PL,GLOBAL SALES CORPORATION +917678198313,4a73edfb8bac42dd,received_at_mh,North,TRUEFLEX,981845,TRUEFLEX,#N/A,MotherHub_NDC,FM BRSNR,Motibaghhub_DEL_PL,PH-B3-NCRNDC-6365777,expected,OPENED,27-09-2026 03:15,Arvind Bansal (DNCR)
27-09-2026,FMPC6531378156,NajafgarhHub_DEL_PL,pikkme +919717531363,ac5abb1c93cd48aa,dispatched_to_mh,North,LMA,1.00E+11,Greenteck Logistics and Mobility Pvt Ltd,Sangam SinghBhadauria,MotherHub_NDC,FM BRSNR,NajafgarhHub_DEL_PL,PH-B3-NCRNDC-6356345,expected,OPENED,27-09-2026 02:44,Arvind Bansal (DNCR)
27-09-2026,FMPP4299240920,Motibaghhub_DEL_PL,LIFE LINE COMMUNICATION +919958080789,d33565950ded4f3e,received_at_mh,North,LMA,1.00E+11,Fastbeetle service,MdShamim,MotherHub_NDC,FM BRSNR,Motibaghhub_DEL_PL,PH-B3-NCRNDC-6248379,expected,OPENED,27-09-2026 02:16,Arvind Bansal (DNCR)
27-09-2026,FMPC6533503481,MundkaHub_DEL_PL,SHRI G NATION +919718760220,f00f1696a5bd4853,received_at_mh,North,TRUEFLEX,594226,TRUEFLEX,BabluKumar,MotherHub_NDC,FM BRSNR,MundkaHub_DEL_PL,PH-B3-NCRNDC-6375363,expected,OPENED,27-09-2026 01:03,Arvind Bansal (DNCR)
27-09-2026,FMPC6533117727,NehruPlaceHub_DEL_PL,TIARA +917795091950,bf2c0f19476c4c03,received_at_mh,North,TRUEFLEX,908487,TRUEFLEX,MdArman,MotherHub_NDC,FM BRSNR,NehruPlaceHub_DEL_PL,PH-B3-NCRNDC-6365649,expected,OPENED,27-09-2026 02:24,Arvind Bansal (DNCR)
27-09-2026,FMPC6531246293,NajafgarhHub_DEL_PL,R & K Enterprises +918448740427,436fb4bea6e241d0,received_at_mh,North,TRUEFLEX,1314847,TRUEFLEX,SudheerSingh,MotherHub_NDC,FM BRSNR,NajafgarhHub_DEL_PL,PH-B3-NCRNDC-6372043,expected,OPENED,27-09-2026 02:41,Arvind Bansal (DNCR)
27-09-2026,FMPC6531875957,MundkaHub_DEL_PL,R.K. ENTERPRISES +919999596082,a6a9c7acf7744c81,received_at_mh,North,TRUEFLEX,932381,TRUEFLEX,DildarHusain,MotherHub_NDC,FM BRSNR,MundkaHub_DEL_PL,PH-B3-NCRNDC-6215982,expected,OPENED,27-09-2026 00:32,Arvind Bansal (DNCR)
27-09-2026,FMPC6531595360,PaharganjHub_DEL_PL,Exuberant Traders +919818708738,5a02ec1ca69b48fb,dispatched_to_mh,North,LMA,1.00E+11,#N/A,#N/A,MotherHub_NDC,FM BRSNR,PaharganjHub_DEL_PL,PH-B3-NCRNDC-6366026,expected,OPENED,27-09-2026 03:50,Arvind Bansal (DNCR)
27-09-2026,FMPP4301211364,Motibaghhub_DEL_PL,Hitesh Enterprises +917011355439,8ccb27a0f28a4378,dispatched_to_mh,North,LMA,1.00E+11,#N/A,#N/A,MotherHub_NDC,FM BRSNR,Motibaghhub_DEL_PL,PH-B3-NCRNDC-6308681,expected,OPENED,27-09-2026 03:20,Arvind Bansal (DNCR)
27-09-2026,FMPC6532545148,PaharganjHub_DEL_PL,VEGANIC +919810331221,5fcc6b2d48cb453c,dispatched_to_mh,North,LMA,1.00E+11,#N/A,#N/A,MotherHub_NDC,FM BRSNR,PaharganjHub_DEL_PL,PH-B3-NCRNDC-6392179,expected,OPENED,27-09-2026 03:48,Arvind Bansal (DNCR)
27-09-2026,FMPP4300249336,Motibaghhub_DEL_PL,S.K.ENTERPRISES +919953697837,df2241071e64471d,dispatched_to_mh,North,TRUEFLEX,731272,TRUEFLEX,RajaMehto,MotherHub_NDC,FM BRSNR,Motibaghhub_DEL_PL,PH-B3-NCRNDC-6367258,expected,OPENED,26-09-2026 23:29,Arvind Bansal (DNCR)
27-09-2026,FMPC6532220246,MundkaHub_DEL_PL,KRISHNA TRADERS +919971807854,a63b1afba8d744d1,dispatched_to_mh,North,LMA,1.00E+11,Watsoo,AnilKumar,MotherHub_NDC,FM BRSNR,MundkaHub_DEL_PL,PH-B3-NCRNDC-6330754,expected,OPENED,27-09-2026 03:16,Arvind Bansal (DNCR)
27-09-2026,FMPC6533543966,MundkaHub_DEL_PL,KARAN TRADER +918920489283,979cd16a16654b8b,dispatched_to_mh,North,LMA,1.00E+11,Watsoo,AnilKumar,MotherHub_NDC,FM BRSNR,MundkaHub_DEL_PL,PH-B3-NCRNDC-5814333,expected,OPENED,27-09-2026 02:12,Arvind Bansal (DNCR)
27-09-2026,FMPC6532882880,Motibaghhub_DEL_PL,VELOCITY MARKETING +917011824340,010ce42e546b458e,received_at_mh,North,LMA,1.00E+11,#N/A,#N/A,MotherHub_NDC,FM BRSNR,Motibaghhub_DEL_PL,PH-B3-NCRNDC-6363661,expected,OPENED,27-09-2026 02:58,Arvind Bansal (DNCR)
27-09-2026,FMPC6531161532,MundkaHub_DEL_PL,AKSHAJ TOOLS LLP +918287106386,4ecd33604d584e7f,dispatched_to_mh,North,TRUEFLEX,594226,TRUEFLEX,BabluKumar,MotherHub_NDC,FM BRSNR,MundkaHub_DEL_PL,PH-B3-NCRNDC-6375363,expected,OPENED,27-09-2026 01:03,Arvind Bansal (DNCR)
27-09-2026,FMPC6531746467,MundkaHub_DEL_PL,R.K. ENTERPRISES +919999596082,a6a9c7acf7744c81,received_at_mh,North,TRUEFLEX,932381,TRUEFLEX,DildarHusain,MotherHub_NDC,FM BRSNR,MundkaHub_DEL_PL,PH-B3-NCRNDC-6215982,expected,OPENED,27-09-2026 00:32,Arvind Bansal (DNCR)
27-09-2026,FMPC6532838574,NajafgarhHub_DEL_PL,TOMBIK +917827231099,3d5fd123b4e8425a,dispatched_to_mh,North,TRUEFLEX,590115,TRUEFLEX,DeepakKumar,MotherHub_NDC,FM BRSNR,NajafgarhHub_DEL_PL,PH-B3-NCRNDC-6227649,expected,OPENED,27-09-2026 02:59,Arvind Bansal (DNCR)
27-09-2026,FMPC6532590997,Motibaghhub_DEL_PL,Dthakar Online Enterprises +919891807082,95b40f58b3434a90,received_at_mh,North,LMA,1.00E+11,Loadshare,Raj,MotherHub_NDC,FM BRSNR,Motibaghhub_DEL_PL,PH-B3-NCRNDC-6214196,expected,OPENED,27-09-2026 03:12,Arvind Bansal (DNCR)
27-09-2026,FMPC6533734614,PaharganjHub_DEL_PL,Krishna Enterprises +919716224332,7b1963ebd2184b9b,dispatched_to_mh,North,TRUEFLEX,690928,TRUEFLEX,SunilKumar,MotherHub_NDC,FM BRSNR,PaharganjHub_DEL_PL,PH-B3-NCRNDC-6332872,expected,OPENED,27-09-2026 04:10,Arvind Bansal (DNCR)
27-09-2026,FMPP4299264445,MundkaHub_DEL_PL,NUTS DELISH PRIVATE LIMITED 8076377692,1913d3fb00b741b3,dispatched_to_mh,North,TRUEFLEX,985603,TRUEFLEX,#N/A,MotherHub_NDC,FM BRSNR,MundkaHub_DEL_PL,PH-B3-NCRNDC-6379777,expected,OPENED,27-09-2026 00:49,Arvind Bansal (DNCR)
27-09-2026,FMPC6531426860,Motibaghhub_DEL_PL,VINOD ELECTRICAL & HARDWARE +918586961980,970cf57aff8843cd,received_at_mh,North,TRUEFLEX,981845,TRUEFLEX,#N/A,MotherHub_NDC,FM BRSNR,Motibaghhub_DEL_PL,PH-B3-NCRNDC-6365796,expected,OPENED,27-09-2026 02:15,Arvind Bansal (DNCR)
27-09-2026,FMPP4299228452,Motibaghhub_DEL_PL,LIFE LINE COMMUNICATION +919958080789,d33565950ded4f3e,received_at_mh,North,LMA,1.00E+11,Fastbeetle service,MdShamim,MotherHub_NDC,FM BRSNR,Motibaghhub_DEL_PL,PH-B3-NCRNDC-6248379,expected,OPENED,27-09-2026 02:16,Arvind Bansal (DNCR)
27-09-2026,FMPC6530682180,MundkaHub_DEL_PL,KAVYA ASSOCIATES +919310465200,ce7d590142374109,dispatched_to_mh,North,LMA,1.00E+11,We Innovate Business Solutions Pvt Ltd,Kishan,MotherHub_NDC,FM BRSNR,MundkaHub_DEL_PL,PH-B3-NCRNDC-6376054,expected,OPENED,26-09-2026 23:39,Arvind Bansal (DNCR)
27-09-2026,FMPP4299002218,NehruPlaceHub_DEL_PL,STOREVIX +919939464255,96f26f387d9749ef,dispatched_to_mh,North,LMA,1.00E+11,#N/A,#N/A,MotherHub_NDC,FM BRSNR,NehruPlaceHub_DEL_PL,PH-B3-NCRNDC-6363607,expected,OPENED,27-09-2026 02:26,Arvind Bansal (DNCR)
27-09-2026,FMPC6531978128,PaharganjHub_DEL_PL,PACKAGING SOLUTION TRADING CO. +918168261701,ce4d5c5847c14921,received_at_mh,North,TRUEFLEX,591438,TRUEFLEX,RAHUL KUMARMEHTO,MotherHub_NDC,FM BRSNR,PaharganjHub_DEL_PL,PH-B3-NCRNDC-6369048,expected,OPENED,27-09-2026 04:11,Arvind Bansal (DNCR)
27-09-2026,FMPC6531468561,Motibaghhub_DEL_PL,VINOD ELECTRICAL & HARDWARE +918586961980,970cf57aff8843cd,received_at_mh,North,TRUEFLEX,981845,TRUEFLEX,#N/A,MotherHub_NDC,FM BRSNR,Motibaghhub_DEL_PL,PH-B3-NCRNDC-6365796,expected,OPENED,27-09-2026 02:15,Arvind Bansal (DNCR)
27-09-2026,FMPC6531979954,MundkaHub_DEL_PL,R.K. ENTERPRISES +919999596082,a6a9c7acf7744c81,received_at_mh,North,TRUEFLEX,932381,TRUEFLEX,DildarHusain,MotherHub_NDC,FM BRSNR,MundkaHub_DEL_PL,PH-B3-NCRNDC-6215982,expected,OPENED,27-09-2026 00:32,Arvind Bansal (DNCR)
27-09-2026,FMPP4295601340,Motibaghhub_DEL_PL,House of tbh +918755213307,29d9fd43c2ad43b0,dispatched_to_mh,North,LMA,1.00E+11,We Innovate Business Solutions Pvt Ltd,Abhishek,MotherHub_NDC,FM BRSNR,Motibaghhub_DEL_PL,PH-B3-NCRNDC-5961671,expected,OPENED,26-09-2026 23:21,Arvind Bansal (DNCR)
27-09-2026,FMPP4299310348,Motibaghhub_DEL_PL,LIFE LINE COMMUNICATION +919958080789,d33565950ded4f3e,received_at_mh,North,LMA,1.00E+11,Fastbeetle service,MdShamim,MotherHub_NDC,FM BRSNR,Motibaghhub_DEL_PL,PH-B3-NCRNDC-6248379,expected,OPENED,27-09-2026 02:16,Arvind Bansal (DNCR)
27-09-2026,FMPC6531862619,Motibaghhub_DEL_PL,KG ENTERPRISES +919310296907,9e75cb561d374571,dispatched_to_mh,North,TRUEFLEX,731272,TRUEFLEX,RajaMehto,MotherHub_NDC,FM BRSNR,Motibaghhub_DEL_PL,PH-B3-NCRNDC-6367255,expected,OPENED,26-09-2026 23:29,Arvind Bansal (DNCR)
27-09-2026,FMPC6532938671,NajafgarhHub_DEL_PL,HANS ENTERPRISE +918799755060,8dc6254afc5b4d37,received_at_mh,North,LMA,1.00E+11,Sitics,MdChand,MotherHub_NDC,FM BRSNR,NajafgarhHub_DEL_PL,PH-B3-NCRNDC-6359079,expected,OPENED,27-09-2026 02:00,Arvind Bansal (DNCR)
27-09-2026,FMPC6532143434,Motibaghhub_DEL_PL,SABIRAT E CREATIONS +918860577403,7cc66aa6b6a94344,received_at_mh,North,TRUEFLEX,981845,TRUEFLEX,#N/A,MotherHub_NDC,FM BRSNR,Motibaghhub_DEL_PL,PH-B3-NCRNDC-6365796,expected,OPENED,27-09-2026 02:15,Arvind Bansal (DNCR)
27-09-2026,FMPC6531146580,NajafgarhHub_DEL_PL,pikkme +919717531363,ac5abb1c93cd48aa,dispatched_to_mh,North,LMA,1.00E+11,Greenteck Logistics and Mobility Pvt Ltd,Sangam SinghBhadauria,MotherHub_NDC,FM BRSNR,NajafgarhHub_DEL_PL,PH-B3-NCRNDC-6356345,expected,OPENED,27-09-2026 02:44,Arvind Bansal (DNCR)
27-09-2026,FMPP4299490704,MundkaHub_DEL_PL,RedroomTechnology Pvt Ltd +918810391796,df43ce87add54605,received_at_mh,North,LMA,1.00E+11,E2E LOGISTIC SOLUTION,Krishna,MotherHub_NDC,FM BRSNR,MundkaHub_DEL_PL,PH-B3-NCRNDC-6299605,expected,OPENED,27-09-2026 01:56,Arvind Bansal (DNCR)
27-09-2026,FMPC6532075957,Motibaghhub_DEL_PL,RISHABH BOOK COARPORTAION +918505859701,08da786df9fb4a84,received_at_mh,North,TRUEFLEX,981845,TRUEFLEX,#N/A,MotherHub_NDC,FM BRSNR,Motibaghhub_DEL_PL,PH-B3-NCRNDC-6365796,expected,OPENED,27-09-2026 02:15,Arvind Bansal (DNCR)
27-09-2026,FMPC6533753639,Motibaghhub_DEL_PL,Katyani traders +919557814232,c7982e1617834f26,received_at_mh,North,TRUEFLEX,890271,TRUEFLEX,AnshulKumar,MotherHub_NDC,FM BRSNR,Motibaghhub_DEL_PL,PH-B3-NCRNDC-6195365,expected,OPENED,27-09-2026 02:08,Arvind Bansal (DNCR)
27-09-2026,FMPC6533541898,Motibaghhub_DEL_PL,GnV Group +919211359784,148fafd985f84fce,received_at_mh,North,LMA,1.00E+11,#N/A,#N/A,MotherHub_NDC,FM BRSNR,Motibaghhub_DEL_PL,PH-B3-NCRNDC-6363659,expected,OPENED,27-09-2026 02:31,Arvind Bansal (DNCR)
27-09-2026,FMPC6532525025,NajafgarhHub_DEL_PL,NILESH ENTERPRISES +919910441783,59d4a39ad5ec4e68,received_at_mh,North,TRUEFLEX,637550,TRUEFLEX,DeepakNaithani,MotherHub_NDC,FM BRSNR,NajafgarhHub_DEL_PL,PH-B3-NCRNDC-6366206,expected,OPENED,27-09-2026 02:33,Arvind Bansal (DNCR)
27-09-2026,FMPC6530955834,PaharganjHub_DEL_PL,Krishna Enterprises +919716224332,7b1963ebd2184b9b,dispatched_to_mh,North,TRUEFLEX,690928,TRUEFLEX,SunilKumar,MotherHub_NDC,FM BRSNR,PaharganjHub_DEL_PL,PH-B3-NCRNDC-6332872,expected,OPENED,27-09-2026 04:10,Arvind Bansal (DNCR)
27-09-2026,FMPC6531785451,Motibaghhub_DEL_PL,RISHABH BOOK COARPORTAION +918505859701,08da786df9fb4a84,received_at_mh,North,TRUEFLEX,981845,TRUEFLEX,#N/A,MotherHub_NDC,FM BRSNR,Motibaghhub_DEL_PL,PH-B3-NCRNDC-6365796,expected,OPENED,27-09-2026 02:15,Arvind Bansal (DNCR)
27-09-2026,FMPP4298884688,Motibaghhub_DEL_PL,LIFE LINE COMMUNICATION +919958080789,d33565950ded4f3e,received_at_mh,North,LMA,1.00E+11,Fastbeetle service,MdShamim,MotherHub_NDC,FM BRSNR,Motibaghhub_DEL_PL,PH-B3-NCRNDC-6248379,expected,OPENED,27-09-2026 02:16,Arvind Bansal (DNCR)
27-09-2026,FMPC6532220254,MundkaHub_DEL_PL,KRISHNA TRADERS +919971807854,a63b1afba8d744d1,dispatched_to_mh,North,LMA,1.00E+11,Watsoo,AnilKumar,MotherHub_NDC,FM BRSNR,MundkaHub_DEL_PL,PH-B3-NCRNDC-6330754,expected,OPENED,27-09-2026 03:16,Arvind Bansal (DNCR)
27-09-2026,FMPC6532904252,NajafgarhHub_DEL_PL,R Enterprises +917053532376,f01c165f07284b9c,dispatched_to_mh,North,LMA,1.00E+11,Sitics,MdChand,MotherHub_NDC,FM BRSNR,NajafgarhHub_DEL_PL,PH-B3-NCRNDC-6359079,expected,OPENED,27-09-2026 02:00,Arvind Bansal (DNCR)
27-09-2026,FMPC6531352978,PaharganjHub_DEL_PL,Hindustan origin minimalistic timepieces +918002080880,17e683758bf843fd,dispatched_to_mh,North,LMA,1.00E+11,Fastbeetle service,TusharKumar,MotherHub_NDC,FM BRSNR,PaharganjHub_DEL_PL,PH-B3-NCRNDC-6132175,expected,OPENED,27-09-2026 04:03,Arvind Bansal (DNCR)
27-09-2026,FMPC6533274408,NehruPlaceHub_DEL_PL,AZ Infinity +919650529006,f30bdb5eb74448f6,dispatched_to_mh,North,EKART,4213650,EKART,,MotherHub_NDC,FM BRSNR,NehruPlaceHub_DEL_PL,PH-B3-NCRNDC-6308715,expected,OPENED,27-09-2026 02:24,Arvind Bansal (DNCR)
27-09-2026,FMPC6532842272,NajafgarhHub_DEL_PL,SANEHA IT SOLUTIONS +919818620371,67276c2721b44f6f,received_at_mh,North,TRUEFLEX,637550,TRUEFLEX,DeepakNaithani,MotherHub_NDC,FM BRSNR,NajafgarhHub_DEL_PL,PH-B3-NCRNDC-6366206,expected,OPENED,27-09-2026 02:33,Arvind Bansal (DNCR)
27-09-2026,FMPP4299786832,Motibaghhub_DEL_PL,VINOD ELECTRICAL & HARDWARE +918586961980,970cf57aff8843cd,received_at_mh,North,TRUEFLEX,981845,TRUEFLEX,#N/A,MotherHub_NDC,FM BRSNR,Motibaghhub_DEL_PL,PH-B3-NCRNDC-6365796,expected,OPENED,27-09-2026 02:15,Arvind Bansal (DNCR)
27-09-2026,FMPC6531444745,PaharganjHub_DEL_PL,ANSH CREATION +919217102202,892b410c4cee40ea,received_at_mh,North,LMA,1.00E+11,Fastbeetle service,JaiHind,MotherHub_NDC,FM BRSNR,PaharganjHub_DEL_PL,PH-B3-NCRNDC-6177713,expected,OPENED,27-09-2026 04:43,Arvind Bansal (DNCR)
27-09-2026,FMPP4301389593,Motibaghhub_DEL_PL,ADHAYAN ENTERPRISES +917027701400,617a78108d3949be,dispatched_to_mh,North,TRUEFLEX,890271,TRUEFLEX,AnshulKumar,MotherHub_NDC,FM BRSNR,Motibaghhub_DEL_PL,PH-B3-NCRNDC-5595436,expected,OPENED,26-09-2026 23:19,Arvind Bansal (DNCR)
27-09-2026,FMPC6532510068,NajafgarhHub_DEL_PL,SMOOTH LIFE MAKER +918860116630,c4434b9887624016,received_at_mh,North,TRUEFLEX,1294389,TRUEFLEX,AdityaJha,MotherHub_NDC,FM BRSNR,NajafgarhHub_DEL_PL,PH-B3-NCRNDC-6362971,expected,OPENED,27-09-2026 02:43,Arvind Bansal (DNCR)
27-09-2026,FMPP4299110258,Motibaghhub_DEL_PL,KATYANI RETAILS AND ONLINE SOLUTIONS PRIVATE LIMITED +919870599302,65480afe4f0e4af1,received_at_mh,North,TRUEFLEX,890271,TRUEFLEX,AnshulKumar,MotherHub_NDC,FM BRSNR,Motibaghhub_DEL_PL,PH-B3-NCRNDC-6195400,expected,OPENED,26-09-2026 23:29,Arvind Bansal (DNCR)
27-09-2026,FMPP4300321180,MundkaHub_DEL_PL,A ONE ENTERPRISES +918810610250,44615a0eef7b47da,received_at_mh,North,LMA,1.00E+11,We Innovate Business Solutions Pvt Ltd,Kishan,MotherHub_NDC,FM BRSNR,MundkaHub_DEL_PL,PH-B3-NCRNDC-6376070,expected,OPENED,26-09-2026 23:33,Arvind Bansal (DNCR)
27-09-2026,FMPC6533009148,NehruPlaceHub_DEL_PL,KJ SKY IMPEX +919310958263,bc56a0cb303a4da9,dispatched_to_mh,North,LMA,1.00E+11,#N/A,#N/A,MotherHub_NDC,FM BRSNR,NehruPlaceHub_DEL_PL,PH-B3-NCRNDC-6363606,expected,OPENED,27-09-2026 02:20,Arvind Bansal (DNCR)
27-09-2026,FMPP4299782209,Motibaghhub_DEL_PL,VINOD ELECTRICAL & HARDWARE +918586961980,970cf57aff8843cd,received_at_mh,North,TRUEFLEX,981845,TRUEFLEX,#N/A,MotherHub_NDC,FM BRSNR,Motibaghhub_DEL_PL,PH-B3-NCRNDC-6365796,expected,OPENED,27-09-2026 02:15,Arvind Bansal (DNCR)
27-09-2026,FMPC6531065184,Motibaghhub_DEL_PL,Hitesh Enterprises +917011355439,8ccb27a0f28a4378,dispatched_to_mh,North,LMA,1.00E+11,#N/A,#N/A,MotherHub_NDC,FM BRSNR,Motibaghhub_DEL_PL,PH-B3-NCRNDC-6308681,expected,OPENED,27-09-2026 03:20,Arvind Bansal (DNCR)
27-09-2026,FMPC6532475031,PaharganjHub_DEL_PL,Minsha Exports +918130755640,0478d228ba7a48c2,dispatched_to_mh,North,LMA,1.00E+11,RAMEZO ENTERPRISES,Sahil,MotherHub_NDC,FM BRSNR,PaharganjHub_DEL_PL,PH-B3-NCRNDC-6369323,expected,OPENED,27-09-2026 03:55,Arvind Bansal (DNCR)
27-09-2026,FMPC6533673157,NehruPlaceHub_DEL_PL,DR ENTERPRISES +918505949506,6803973d54bd482e,dispatched_to_mh,North,TRUEFLEX,982214,TRUEFLEX,#N/A,MotherHub_NDC,FM BRSNR,NehruPlaceHub_DEL_PL,PH-B3-NCRNDC-6372309,expected,OPENED,27-09-2026 00:34,Arvind Bansal (DNCR)
27-09-2026,FMPC6533040879,NajafgarhHub_DEL_PL,R & K Enterprises +918448740427,436fb4bea6e241d0,received_at_mh,North,TRUEFLEX,1314847,TRUEFLEX,SudheerSingh,MotherHub_NDC,FM BRSNR,NajafgarhHub_DEL_PL,PH-B3-NCRNDC-6372043,expected,OPENED,27-09-2026 02:41,Arvind Bansal (DNCR)
27-09-2026,FMPP4299803330,MundkaHub_DEL_PL,Tail Mart Enterprises 8595198820,e1e2e1a3124345c0,dispatched_to_mh,North,LMA,1.00E+11,E2E LOGISTIC SOLUTION,Md.Annu,MotherHub_NDC,FM BRSNR,MundkaHub_DEL_PL,PH-B3-NCRNDC-6381213,expected,OPENED,27-09-2026 02:01,Arvind Bansal (DNCR)
27-09-2026,FMPC6533070780,MundkaHub_DEL_PL,R.K. ENTERPRISES +919999596082,a6a9c7acf7744c81,received_at_mh,North,TRUEFLEX,932381,TRUEFLEX,DildarHusain,MotherHub_NDC,FM BRSNR,MundkaHub_DEL_PL,PH-B3-NCRNDC-6215982,expected,OPENED,27-09-2026 00:32,Arvind Bansal (DNCR)
27-09-2026,FMPC6530713278,PaharganjHub_DEL_PL,IAMSAM MART +917838117415,291f12bc36fc4191,dispatched_to_mh,North,LMA,1.00E+11,RAMEZO ENTERPRISES,Sahil,MotherHub_NDC,FM BRSNR,PaharganjHub_DEL_PL,PH-B3-NCRNDC-6369323,expected,OPENED,27-09-2026 03:55,Arvind Bansal (DNCR)
27-09-2026,FMPC6533069892,MundkaHub_DEL_PL,R.K. METAL CRAFTS +918700822811,48900da8aa3d4945,dispatched_to_mh,North,TRUEFLEX,932381,TRUEFLEX,DildarHusain,MotherHub_NDC,FM BRSNR,MundkaHub_DEL_PL,PH-B3-NCRNDC-6365064,expected,OPENED,26-09-2026 23:50,Arvind Bansal (DNCR)
27-09-2026,FMPC6531222471,PaharganjHub_DEL_PL,ART IFACT +919599712274,762935c276bd4fab,received_at_mh,North,LMA,1.00E+11,Fastbeetle service,Ghanshyam KumarMandal,MotherHub_NDC,FM BRSNR,PaharganjHub_DEL_PL,PH-B3-NCRNDC-6132174,expected,OPENED,27-09-2026 03:54,Arvind Bansal (DNCR)
27-09-2026,FMPP4299551516,Motibaghhub_DEL_PL,SHREE ALAKH IMPEX RAM SINGH +918053378248,b954d88c93084de0,dispatched_to_mh,North,TRUEFLEX,893213,TRUEFLEX,AmitKumar,MotherHub_NDC,FM BRSNR,Motibaghhub_DEL_PL,PH-B3-NCRNDC-6038065,expected,OPENED,27-09-2026 02:04,Arvind Bansal (DNCR)
27-09-2026,FMPC6533192176,Motibaghhub_DEL_PL,S.K.ENTERPRISES +919953697837,df2241071e64471d,dispatched_to_mh,North,TRUEFLEX,731272,TRUEFLEX,RajaMehto,MotherHub_NDC,FM BRSNR,Motibaghhub_DEL_PL,PH-B3-NCRNDC-6367258,expected,OPENED,26-09-2026 23:29,Arvind Bansal (DNCR)
27-09-2026,FMPC6530721231,MundkaHub_DEL_PL,KENSTTO FOOTWEAR +919311750693,8cf31d83b0244ac9,dispatched_to_mh,North,LMA,1.00E+11,E2E LOGISTIC SOLUTION,Md.Annu,MotherHub_NDC,FM BRSNR,MundkaHub_DEL_PL,PH-B3-NCRNDC-6381214,expected,OPENED,27-09-2026 02:00,Arvind Bansal (DNCR)
27-09-2026,FMPC6530944303,PaharganjHub_DEL_PL,VEGANIC +919810331221,5fcc6b2d48cb453c,dispatched_to_mh,North,LMA,1.00E+11,#N/A,#N/A,MotherHub_NDC,FM BRSNR,PaharganjHub_DEL_PL,PH-B3-NCRNDC-6366682,expected,OPENED,27-09-2026 02:21,Arvind Bansal (DNCR)
27-09-2026,FMPP4299859227,Motibaghhub_DEL_PL,SAVIA TOYS +919811909559,5132454e48ca461b,received_at_mh,North,TRUEFLEX,981845,TRUEFLEX,#N/A,MotherHub_NDC,FM BRSNR,Motibaghhub_DEL_PL,PH-B3-NCRNDC-6365796,expected,OPENED,27-09-2026 02:15,Arvind Bansal (DNCR)
27-09-2026,FMPP4299395368,PaharganjHub_DEL_PL,ss art emporium +919716666662,1bbebaf0d3cd4044,dispatched_to_mh,North,LMA,1.00E+11,#N/A,#N/A,MotherHub_NDC,FM BRSNR,PaharganjHub_DEL_PL,PH-B3-NCRNDC-6364675,expected,OPENED,27-09-2026 03:51,Arvind Bansal (DNCR)
27-09-2026,FMPC6531493880,Motibaghhub_DEL_PL,Galaxy of Web +919899998237,cd00eaac3004441b,dispatched_to_mh,North,LMA,1.00E+11,#N/A,#N/A,MotherHub_NDC,FM BRSNR,Motibaghhub_DEL_PL,PH-B3-NCRNDC-6368905,expected,OPENED,27-09-2026 02:31,Arvind Bansal (DNCR)
27-09-2026,FMPC6533433328,Motibaghhub_DEL_PL,Darshan Globals +919582803020,3b85f20fa952472e,dispatched_to_mh,North,LMA,1.00E+11,WERCATALYST VENTURES PVT LTD,Deepak,MotherHub_NDC,FM BRSNR,Motibaghhub_DEL_PL,PH-B3-NCRNDC-6371194,expected,OPENED,27-09-2026 03:06,Arvind Bansal (DNCR)
27-09-2026,FMPC6532766089,NajafgarhHub_DEL_PL,pikkme +919717531363,ac5abb1c93cd48aa,dispatched_to_mh,North,LMA,1.00E+11,Greenteck Logistics and Mobility Pvt Ltd,Sangam SinghBhadauria,MotherHub_NDC,FM BRSNR,NajafgarhHub_DEL_PL,PH-B3-NCRNDC-6356343,expected,OPENED,27-09-2026 02:40,Arvind Bansal (DNCR)
27-09-2026,FMPC6532984617,Motibaghhub_DEL_PL,A-ONE ENTERPRISES +918744064024,bd9b89b3b53a4eac,dispatched_to_mh,North,TRUEFLEX,893213,TRUEFLEX,AmitKumar,MotherHub_NDC,FM BRSNR,Motibaghhub_DEL_PL,PH-B3-NCRNDC-6362629,expected,OPENED,26-09-2026 23:28,Arvind Bansal (DNCR)
27-09-2026,FMPP4301109047,Motibaghhub_DEL_PL,SHOPBUCKET +919999030008,8b0c205cb3be407e,received_at_mh,North,LMA,1.00E+11,Loadshare,Raj,MotherHub_NDC,FM BRSNR,Motibaghhub_DEL_PL,PH-B3-NCRNDC-6368313,expected,OPENED,27-09-2026 02:19,Arvind Bansal (DNCR)
27-09-2026,FMPC6531354805,NajafgarhHub_DEL_PL,BM Enterprises +918700141568,d911cdc61c3a4262,received_at_mh,North,TRUEFLEX,952762,TRUEFLEX,#N/A,MotherHub_NDC,FM BRSNR,NajafgarhHub_DEL_PL,PH-B3-NCRNDC-6363951,expected,OPENED,27-09-2026 02:35,Arvind Bansal (DNCR)
27-09-2026,FMPP4299791259,MundkaHub_DEL_PL,KAVYA ASSOCIATES +919310465200,ce7d590142374109,dispatched_to_mh,North,LMA,1.00E+11,We Innovate Business Solutions Pvt Ltd,Kishan,MotherHub_NDC,FM BRSNR,MundkaHub_DEL_PL,PH-B3-NCRNDC-6376054,expected,OPENED,26-09-2026 23:39,Arvind Bansal (DNCR)
27-09-2026,FMPC6532095699,MundkaHub_DEL_PL,KAVYA ASSOCIATES +919310465200,ce7d590142374109,dispatched_to_mh,North,LMA,1.00E+11,We Innovate Business Solutions Pvt Ltd,Kishan,MotherHub_NDC,FM BRSNR,MundkaHub_DEL_PL,PH-B3-NCRNDC-6376054,expected,OPENED,26-09-2026 23:39,Arvind Bansal (DNCR)
27-09-2026,FMPC6531422534,Motibaghhub_DEL_PL,Vishnu Versa Enterprises +919971401438,7e82d0282c1b4156,received_at_mh,North,LMA,1.00E+11,Fastbeetle service,MdShamim,MotherHub_NDC,FM BRSNR,Motibaghhub_DEL_PL,PH-B3-NCRNDC-6248377,expected,OPENED,27-09-2026 02:21,Arvind Bansal (DNCR)
27-09-2026,FMPC6533026042,Motibaghhub_DEL_PL,LIFE LINE COMMUNICATION +919958080789,d33565950ded4f3e,received_at_mh,North,LMA,1.00E+11,Fastbeetle service,MdShamim,MotherHub_NDC,FM BRSNR,Motibaghhub_DEL_PL,PH-B3-NCRNDC-6248379,expected,OPENED,27-09-2026 02:16,Arvind Bansal (DNCR)
27-09-2026,FMPP4299830982,NehruPlaceHub_DEL_PL,Rivaan Fabrications +919211560456,4415a43df106498f,dispatched_to_mh,North,LMA,1.00E+11,Fastbeetle service,MujibAnsari,MotherHub_NDC,FM BRSNR,NehruPlaceHub_DEL_PL,PH-B3-NCRNDC-6331878,expected,OPENED,27-09-2026 02:15,Arvind Bansal (DNCR)
27-09-2026,FMPC6533528812,PaharganjHub_DEL_PL,NeuStar Enterprises +917838909447,44c356d7ce5742b6,received_at_mh,North,LMA,1.00E+11,#N/A,#N/A,MotherHub_NDC,FM BRSNR,PaharganjHub_DEL_PL,PH-B3-NCRNDC-6364419,expected,OPENED,27-09-2026 02:28,Arvind Bansal (DNCR)
27-09-2026,FMPC6533447929,MundkaHub_DEL_PL,DEV TRADERS +918745916105,a00a65ece49646f6,dispatched_to_mh,North,LMA,1.00E+11,Watsoo,AnilKumar,MotherHub_NDC,FM BRSNR,MundkaHub_DEL_PL,PH-B3-NCRNDC-6330734,expected,OPENED,27-09-2026 00:32,Arvind Bansal (DNCR)
27-09-2026,FMPC6532197433,Motibaghhub_DEL_PL,SAVIA TOYS +919811909559,5132454e48ca461b,received_at_mh,North,TRUEFLEX,981845,TRUEFLEX,#N/A,MotherHub_NDC,FM BRSNR,Motibaghhub_DEL_PL,PH-B3-NCRNDC-6365796,expected,OPENED,27-09-2026 02:15,Arvind Bansal (DNCR)
27-09-2026,FMPC6531899397,Motibaghhub_DEL_PL,Polish Palettee +919654336512,30c11bc75cad4563,received_at_mh,North,TRUEFLEX,981845,TRUEFLEX,#N/A,MotherHub_NDC,FM BRSNR,Motibaghhub_DEL_PL,PH-B3-NCRNDC-6365796,expected,OPENED,27-09-2026 02:15,Arvind Bansal (DNCR)
27-09-2026,FMPP4300852733,MundkaHub_DEL_PL,R.K. ENTERPRISES +919999596082,a6a9c7acf7744c81,received_at_mh,North,TRUEFLEX,932381,TRUEFLEX,DildarHusain,MotherHub_NDC,FM BRSNR,MundkaHub_DEL_PL,PH-B3-NCRNDC-6215982,expected,OPENED,27-09-2026 00:32,Arvind Bansal (DNCR)
27-09-2026,FMPP4298903841,NehruPlaceHub_DEL_PL,Rivaan Fabrications +919211560456,4415a43df106498f,dispatched_to_mh,North,LMA,1.00E+11,Fastbeetle service,MujibAnsari,MotherHub_NDC,FM BRSNR,NehruPlaceHub_DEL_PL,PH-B3-NCRNDC-6331878,expected,OPENED,27-09-2026 02:15,Arvind Bansal (DNCR)
27-09-2026,FMPC6533813390,NajafgarhHub_DEL_PL,R & K Enterprises +918448740427,436fb4bea6e241d0,received_at_mh,North,TRUEFLEX,1314847,TRUEFLEX,SudheerSingh,MotherHub_NDC,FM BRSNR,NajafgarhHub_DEL_PL,PH-B3-NCRNDC-6372043,expected,OPENED,27-09-2026 02:41,Arvind Bansal (DNCR)
27-09-2026,FMPP4299734485,Motibaghhub_DEL_PL,VINOD ELECTRICAL & HARDWARE +918586961980,970cf57aff8843cd,received_at_mh,North,TRUEFLEX,981845,TRUEFLEX,#N/A,MotherHub_NDC,FM BRSNR,Motibaghhub_DEL_PL,PH-B3-NCRNDC-6365796,expected,OPENED,27-09-2026 02:15,Arvind Bansal (DNCR)
27-09-2026,FMPC6529917667,Motibaghhub_DEL_PL,MADHAV ENTERPRISES +919811520553,27cda37d36fa426c,received_at_mh,North,LMA,1.00E+11,Fastbeetle service,MdShamim,MotherHub_NDC,FM BRSNR,Motibaghhub_DEL_PL,PH-B3-NCRNDC-6248377,expected,OPENED,27-09-2026 02:21,Arvind Bansal (DNCR)
27-09-2026,FMPP4300852792,MundkaHub_DEL_PL,R.K. ENTERPRISES +919999596082,a6a9c7acf7744c81,received_at_mh,North,TRUEFLEX,932381,TRUEFLEX,DildarHusain,MotherHub_NDC,FM BRSNR,MundkaHub_DEL_PL,PH-B3-NCRNDC-6215982,expected,OPENED,27-09-2026 00:32,Arvind Bansal (DNCR)
27-09-2026,FMPP4300221586,MundkaHub_DEL_PL,R.K. ENTERPRISES +919999596082,a6a9c7acf7744c81,received_at_mh,North,TRUEFLEX,932381,TRUEFLEX,DildarHusain,MotherHub_NDC,FM BRSNR,MundkaHub_DEL_PL,PH-B3-NCRNDC-6215982,expected,OPENED,27-09-2026 00:32,Arvind Bansal (DNCR)
27-09-2026,FMPP4301096170,Motibaghhub_DEL_PL,SG ENTERPRISES +918585981402,909f307bb8054aa2,dispatched_to_mh,North,LMA,1.00E+11,Greenteck Logistics and Mobility Pvt Ltd,Vikas,MotherHub_NDC,FM BRSNR,Motibaghhub_DEL_PL,PH-B3-NCRNDC-6286854,expected,OPENED,27-09-2026 03:17,Arvind Bansal (DNCR)
27-09-2026,FMPP4297129829,MundkaHub_DEL_PL,MAA RAMWATI GLOBAL +918010110603,b7fd780de3b845a3,dispatched_to_mh,North,LMA,1.00E+11,Watsoo,AnilKumar,MotherHub_NDC,FM BRSNR,MundkaHub_DEL_PL,PH-B3-NCRNDC-6376588,expected,OPENED,27-09-2026 00:40,Arvind Bansal (DNCR)
27-09-2026,FMPC6531500447,NajafgarhHub_DEL_PL,R & K Enterprises +918448740427,436fb4bea6e241d0,received_at_mh,North,TRUEFLEX,1314847,TRUEFLEX,SudheerSingh,MotherHub_NDC,FM BRSNR,NajafgarhHub_DEL_PL,PH-B3-NCRNDC-6372043,expected,OPENED,27-09-2026 02:41,Arvind Bansal (DNCR)
27-09-2026,FMPC6533706549,Motibaghhub_DEL_PL,SHRI BANKEY BIHARI JEWELLERS +919354310942,726990a5dc72460e,dispatched_to_mh,North,LMA,1.00E+11,#N/A,#N/A,MotherHub_NDC,FM BRSNR,Motibaghhub_DEL_PL,PH-B3-NCRNDC-6308681,expected,OPENED,27-09-2026 03:20,Arvind Bansal (DNCR)
27-09-2026,FMPC6530908481,NehruPlaceHub_DEL_PL,nutribite +919599504025,fdfd146f86804b2f,dispatched_to_mh,North,TRUEFLEX,606372,TRUEFLEX,MongalHaldar,MotherHub_NDC,FM BRSNR,NehruPlaceHub_DEL_PL,PH-B3-NCRNDC-5737635,expected,OPENED,27-09-2026 00:32,Arvind Bansal (DNCR)
27-09-2026,FMPC6530586049,MundkaHub_DEL_PL,AGRO LAND +919211390985,983c288664ba4e41,dispatched_to_mh,North,LMA,1.00E+11,We Innovate Business Solutions Pvt Ltd,Kishan,MotherHub_NDC,FM BRSNR,MundkaHub_DEL_PL,PH-B3-NCRNDC-6376054,expected,OPENED,26-09-2026 23:39,Arvind Bansal (DNCR)
27-09-2026,FMPP4300795765,Motibaghhub_DEL_PL,GOURAV ENTERPRISES +919953499992,be1bf54a4a1d4bdd,dispatched_to_mh,North,TRUEFLEX,981845,TRUEFLEX,#N/A,MotherHub_NDC,FM BRSNR,Motibaghhub_DEL_PL,PH-B3-NCRNDC-6365774,expected,OPENED,27-09-2026 03:12,Arvind Bansal (DNCR)
27-09-2026,FMPC6533544396,MundkaHub_DEL_PL,KARAN TRADER +918920489283,979cd16a16654b8b,received_at_mh,North,LMA,1.00E+11,Watsoo,AnilKumar,MotherHub_NDC,FM BRSNR,MundkaHub_DEL_PL,PH-B3-NCRNDC-5814333,expected,OPENED,27-09-2026 02:12,Arvind Bansal (DNCR)
27-09-2026,FMPC6531915365,Motibaghhub_DEL_PL,RISHABH BOOK COARPORTAION +918505859701,08da786df9fb4a84,received_at_mh,North,TRUEFLEX,981845,TRUEFLEX,#N/A,MotherHub_NDC,FM BRSNR,Motibaghhub_DEL_PL,PH-B3-NCRNDC-6365796,expected,OPENED,27-09-2026 02:15,Arvind Bansal (DNCR)
27-09-2026,FMPC6533376445,Motibaghhub_DEL_PL,K TRADERS +919310747067,b134b2f9bef541f1,received_at_mh,North,TRUEFLEX,981845,TRUEFLEX,#N/A,MotherHub_NDC,FM BRSNR,Motibaghhub_DEL_PL,PH-B3-NCRNDC-6329108,expected,OPENED,27-09-2026 02:21,Arvind Bansal (DNCR)
27-09-2026,FMPC6532010897,MundkaHub_DEL_PL,KAVYA ASSOCIATES +919310465200,ce7d590142374109,dispatched_to_mh,North,LMA,1.00E+11,We Innovate Business Solutions Pvt Ltd,Kishan,MotherHub_NDC,FM BRSNR,MundkaHub_DEL_PL,PH-B3-NCRNDC-6376054,expected,OPENED,26-09-2026 23:39,Arvind Bansal (DNCR)
27-09-2026,FMPC6533409461,MundkaHub_DEL_PL,KARAN ENTERPRISES +918447955408,ad587fd1efcb4489,dispatched_to_mh,North,TRUEFLEX,929707,TRUEFLEX,AnukalpModanwal,MotherHub_NDC,FM BRSNR,MundkaHub_DEL_PL,PH-B3-NCRNDC-6377510,expected,OPENED,27-09-2026 02:12,Arvind Bansal (DNCR)
27-09-2026,FMPP4299041699,Motibaghhub_DEL_PL,LIFE LINE COMMUNICATION +919958080789,d33565950ded4f3e,received_at_mh,North,LMA,1.00E+11,Fastbeetle service,MdShamim,MotherHub_NDC,FM BRSNR,Motibaghhub_DEL_PL,PH-B3-NCRNDC-6248379,expected,OPENED,27-09-2026 02:16,Arvind Bansal (DNCR)
27-09-2026,FMPC6532603128,PaharganjHub_DEL_PL,M Z S ENTERPRISES +919899707981,557471d2239f42e8,received_at_mh,North,TRUEFLEX,886670,TRUEFLEX,Ajay,MotherHub_NDC,FM BRSNR,PaharganjHub_DEL_PL,PH-B3-NCRNDC-6370258,expected,OPENED,27-09-2026 02:52,Arvind Bansal (DNCR)
27-09-2026,FMPP4300086302,Motibaghhub_DEL_PL,RISHABH BOOK COARPORTAION +918505859701,08da786df9fb4a84,received_at_mh,North,TRUEFLEX,981845,TRUEFLEX,#N/A,MotherHub_NDC,FM BRSNR,Motibaghhub_DEL_PL,PH-B3-NCRNDC-6365796,expected,OPENED,27-09-2026 02:15,Arvind Bansal (DNCR)
27-09-2026,FMPP4296916062,Motibaghhub_DEL_PL,Sitaram Traders +919217454813,461e1ec07b924c38,received_at_mh,North,TRUEFLEX,981845,TRUEFLEX,#N/A,MotherHub_NDC,FM BRSNR,Motibaghhub_DEL_PL,PH-B3-NCRNDC-6365796,expected,OPENED,27-09-2026 02:15,Arvind Bansal (DNCR)
27-09-2026,FMPC6533192380,MundkaHub_DEL_PL,NUTS DELISH PRIVATE LIMITED 8076377692,1913d3fb00b741b3,dispatched_to_mh,North,TRUEFLEX,985603,TRUEFLEX,#N/A,MotherHub_NDC,FM BRSNR,MundkaHub_DEL_PL,PH-B3-NCRNDC-6379777,expected,OPENED,27-09-2026 00:49,Arvind Bansal (DNCR)
27-09-2026,FMPC6533805520,PaharganjHub_DEL_PL,Hindustan origin minimalistic timepieces +918002080880,17e683758bf843fd,dispatched_to_mh,North,LMA,1.00E+11,Fastbeetle service,TusharKumar,MotherHub_NDC,FM BRSNR,PaharganjHub_DEL_PL,PH-B3-NCRNDC-6123402,expected,OPENED,27-09-2026 04:03,Arvind Bansal (DNCR)
27-09-2026,FMPP4299783733,Motibaghhub_DEL_PL,VINOD ELECTRICAL & HARDWARE +918586961980,970cf57aff8843cd,received_at_mh,North,TRUEFLEX,981845,TRUEFLEX,#N/A,MotherHub_NDC,FM BRSNR,Motibaghhub_DEL_PL,PH-B3-NCRNDC-6365796,expected,OPENED,27-09-2026 02:15,Arvind Bansal (DNCR)
27-09-2026,FMPC6532460701,PaharganjHub_DEL_PL,MA ENTERPRISES +918700909246,080730499e194afc,dispatched_to_mh,North,LMA,1.00E+11,Fastbeetle service,Anand KumarSrivastava,MotherHub_NDC,FM BRSNR,PaharganjHub_DEL_PL,PH-B3-NCRNDC-6365274,expected,OPENED,27-09-2026 04:19,Arvind Bansal (DNCR)
27-09-2026,FMPC6530277511,Motibaghhub_DEL_PL,LIFE LINE COMMUNICATION +919958080789,d33565950ded4f3e,received_at_mh,North,LMA,1.00E+11,Fastbeetle service,MdShamim,MotherHub_NDC,FM BRSNR,Motibaghhub_DEL_PL,PH-B3-NCRNDC-6248379,expected,OPENED,27-09-2026 02:16,Arvind Bansal (DNCR)
27-09-2026,FMPP4299437230,Motibaghhub_DEL_PL,THREE ELEMENTS +919654459414,c92ffd6c4fea4da7,received_at_mh,North,EKART,4131840,EKART,,MotherHub_NDC,FM BRSNR,Motibaghhub_DEL_PL,PH-B3-NCRNDC-6137384,expected,OPENED,27-09-2026 02:28,Arvind Bansal (DNCR)
27-09-2026,FMPP4300191284,Motibaghhub_DEL_PL,MADHAV ENTERPRISES +919811520553,27cda37d36fa426c,dispatched_to_mh,North,LMA,1.00E+11,Fastbeetle service,MdShamim,MotherHub_NDC,FM BRSNR,Motibaghhub_DEL_PL,PH-B3-NCRNDC-6248377,expected,OPENED,27-09-2026 02:21,Arvind Bansal (DNCR)
27-09-2026,FMPC6533042527,MundkaHub_DEL_PL,PhoshakMandir +919971974867,ea67da1728bd4412,dispatched_to_mh,North,LMA,1.00E+11,#N/A,#N/A,MotherHub_NDC,FM BRSNR,MundkaHub_DEL_PL,PH-B3-NCRNDC-6375571,expected,OPENED,27-09-2026 00:28,Arvind Bansal (DNCR)
27-09-2026,FMPP4301105719,Motibaghhub_DEL_PL,LIFE LINE COMMUNICATION +919958080789,d33565950ded4f3e,received_at_mh,North,LMA,1.00E+11,Fastbeetle service,MdShamim,MotherHub_NDC,FM BRSNR,Motibaghhub_DEL_PL,PH-B3-NCRNDC-6248379,expected,OPENED,27-09-2026 02:16,Arvind Bansal (DNCR)
27-09-2026,FMPC6533767910,Motibaghhub_DEL_PL,MEDONINT LLP +919999116862,54be13851f244ae0,dispatched_to_mh,North,LMA,1.00E+11,#N/A,#N/A,MotherHub_NDC,FM BRSNR,Motibaghhub_DEL_PL,PH-B3-NCRNDC-6352740,expected,OPENED,27-09-2026 02:59,Arvind Bansal (DNCR)
27-09-2026,FMPC6531241430,NajafgarhHub_DEL_PL,HANS ENTERPRISE +918799755060,8dc6254afc5b4d37,received_at_mh,North,LMA,1.00E+11,Sitics,MdChand,MotherHub_NDC,FM BRSNR,NajafgarhHub_DEL_PL,PH-B3-NCRNDC-6359079,expected,OPENED,27-09-2026 02:00,Arvind Bansal (DNCR)
27-09-2026,FMPP4299613905,Motibaghhub_DEL_PL,BINNY ENTERPRISES +919560131313,698cbe39705b40ce,dispatched_to_mh,North,LMA,1.00E+11,WERCATALYST VENTURES PVT LTD,Deepak,MotherHub_NDC,FM BRSNR,Motibaghhub_DEL_PL,PH-B3-NCRNDC-6243658,expected,OPENED,27-09-2026 02:36,Arvind Bansal (DNCR)
27-09-2026,FMPP4300510262,Motibaghhub_DEL_PL,Divine souvenirs +918595686992,c7a17b83c16c430c,dispatched_to_mh,North,LMA,1.00E+11,#N/A,#N/A,MotherHub_NDC,FM BRSNR,Motibaghhub_DEL_PL,PH-B3-NCRNDC-6308681,expected,OPENED,27-09-2026 03:20,Arvind Bansal (DNCR)
27-09-2026,FMPP4300669225,Motibaghhub_DEL_PL,GREEN INTERNET TECHNOLOGIES +919899477433,b12aae91d4db42cd,dispatched_to_mh,North,TRUEFLEX,981845,TRUEFLEX,#N/A,MotherHub_NDC,FM BRSNR,Motibaghhub_DEL_PL,PH-B3-NCRNDC-6365774,expected,OPENED,27-09-2026 03:12,Arvind Bansal (DNCR)
27-09-2026,FMPP4299787017,Motibaghhub_DEL_PL,VINOD ELECTRICAL & HARDWARE +918586961980,970cf57aff8843cd,received_at_mh,North,TRUEFLEX,981845,TRUEFLEX,#N/A,MotherHub_NDC,FM BRSNR,Motibaghhub_DEL_PL,PH-B3-NCRNDC-6365796,expected,OPENED,27-09-2026 02:15,Arvind Bansal (DNCR)
27-09-2026,FMPC6533054159,MundkaHub_DEL_PL,SHIV SHAKTI ENTERPRISES +918796139508,d8b3f1f86cd846c5,received_at_mh,North,LMA,1.00E+11,We Innovate Business Solutions Pvt Ltd,Kishan,MotherHub_NDC,FM BRSNR,MundkaHub_DEL_PL,PH-B3-NCRNDC-6089881,expected,OPENED,27-09-2026 02:09,Arvind Bansal (DNCR)
27-09-2026,FMPP4299761838,Motibaghhub_DEL_PL,VINOD ELECTRICAL & HARDWARE +918586961980,970cf57aff8843cd,received_at_mh,North,TRUEFLEX,981845,TRUEFLEX,#N/A,MotherHub_NDC,FM BRSNR,Motibaghhub_DEL_PL,PH-B3-NCRNDC-6365796,expected,OPENED,27-09-2026 02:15,Arvind Bansal (DNCR)
27-09-2026,FMPP4300621245,Motibaghhub_DEL_PL,WOWSTORES ENTERPRISES +919818146409,1233880a23704cf5,dispatched_to_mh,North,TRUEFLEX,725822,TRUEFLEX,ROHITGUPTA,MotherHub_NDC,FM BRSNR,Motibaghhub_DEL_PL,PH-B3-NCRNDC-6314884,expected,OPENED,27-09-2026 03:03,Arvind Bansal (DNCR)
27-09-2026,FMPC6530273682,Motibaghhub_DEL_PL,LIFE LINE COMMUNICATION +919958080789,d33565950ded4f3e,received_at_mh,North,LMA,1.00E+11,Fastbeetle service,MdShamim,MotherHub_NDC,FM BRSNR,Motibaghhub_DEL_PL,PH-B3-NCRNDC-6248379,expected,OPENED,27-09-2026 02:16,Arvind Bansal (DNCR)
27-09-2026,FMPP4301114573,MundkaHub_DEL_PL,VIRTUAL TRADE +919315600137,251eb36e657b45e3,dispatched_to_mh,North,LMA,1.00E+11,Watsoo,AnilKumar,MotherHub_NDC,FM BRSNR,MundkaHub_DEL_PL,PH-B3-NCRNDC-6330730,expected,OPENED,27-09-2026 00:29,Arvind Bansal (DNCR)
27-09-2026,FMPC6531399680,Motibaghhub_DEL_PL,ANGEL STORE +919599512026,d5096c665480414d,dispatched_to_mh,North,LMA,1.00E+11,We Innovate Business Solutions Pvt Ltd,Abhishek,MotherHub_NDC,FM BRSNR,Motibaghhub_DEL_PL,PH-B3-NCRNDC-6245256,expected,OPENED,27-09-2026 02:37,Arvind Bansal (DNCR)
27-09-2026,FMPC6532588160,NehruPlaceHub_DEL_PL,SYS ONLINE STORE +919711877772,c3758f32641b47dc,dispatched_to_mh,North,TRUEFLEX,798046,TRUEFLEX,VikeshKaneriya,MotherHub_NDC,FM BRSNR,NehruPlaceHub_DEL_PL,PH-B3-NCRNDC-6362405,expected,OPENED,27-09-2026 02:16,Arvind Bansal (DNCR)
27-09-2026,FMPC6533745568,NajafgarhHub_DEL_PL,MM Enterprises +919205851751,b791d16922654c80,dispatched_to_mh,North,LMA,1.00E+11,Fastbeetle service,VivekRaj,MotherHub_NDC,FM BRSNR,NajafgarhHub_DEL_PL,PH-B3-NCRNDC-6386972,expected,OPENED,27-09-2026 02:45,Arvind Bansal (DNCR)
27-09-2026,FMPP4300640673,Motibaghhub_DEL_PL,GnV Group +919211359784,148fafd985f84fce,received_at_mh,North,LMA,1.00E+11,#N/A,#N/A,MotherHub_NDC,FM BRSNR,Motibaghhub_DEL_PL,PH-B3-NCRNDC-6363659,expected,OPENED,27-09-2026 02:31,Arvind Bansal (DNCR)
27-09-2026,FMPC6533533160,MysorerdHub_BLR_PL,ROYAL BIKE POINT +917483615102,8401bfe4e64840e4,dispatched_to_mh,South,LMA,1.00E+11,WERCATALYST VENTURES PVT LTD,Praveen KumarE,Motherhub_BLR_Flex,FM BRSNR,MysorerdHub_BLR_PL,PH-B4-BLRBLX-731323,expected,OPENED,26-09-2026 23:35,Anwar Babu Maldar
27-09-2026,FMPC6533223331,MundkaHub_DEL_PL,ADITYA STORE +918851502020,7b25b51cabf54d30,dispatched_to_mh,North,TRUEFLEX,932381,TRUEFLEX,DildarHusain,MotherHub_NDC,FM BRSNR,MundkaHub_DEL_PL,PH-B3-NCRNDC-6365050,expected,OPENED,27-09-2026 01:53,Arvind Bansal (DNCR)
27-09-2026,FMPP4299783813,Motibaghhub_DEL_PL,VINOD ELECTRICAL & HARDWARE +918586961980,970cf57aff8843cd,received_at_mh,North,TRUEFLEX,981845,TRUEFLEX,#N/A,MotherHub_NDC,FM BRSNR,Motibaghhub_DEL_PL,PH-B3-NCRNDC-6365796,expected,OPENED,27-09-2026 02:15,Arvind Bansal (DNCR)
27-09-2026,FMPC6531426620,MundkaHub_DEL_PL,RADHE ENTERPRISES +918595147028,9fbe637b65d74768,dispatched_to_mh,North,LMA,1.00E+11,Watsoo,AmanKumar,MotherHub_NDC,FM BRSNR,MundkaHub_DEL_PL,PH-B3-NCRNDC-6365948,expected,OPENED,27-09-2026 03:32,Arvind Bansal (DNCR)
27-09-2026,FMPC6532670634,Motibaghhub_DEL_PL,Super Aim Industries +918377916118,fa3a343b55fe486b,dispatched_to_mh,North,LMA,1.00E+11,Greenteck Logistics and Mobility Pvt Ltd,Abhijeet KumarRay,MotherHub_NDC,FM BRSNR,Motibaghhub_DEL_PL,PH-B3-NCRNDC-6286778,expected,OPENED,27-09-2026 03:16,Arvind Bansal (DNCR)
27-09-2026,FMPC6531432721,Motibaghhub_DEL_PL,VINOD ELECTRICAL & HARDWARE +918586961980,970cf57aff8843cd,received_at_mh,North,TRUEFLEX,981845,TRUEFLEX,#N/A,MotherHub_NDC,FM BRSNR,Motibaghhub_DEL_PL,PH-B3-NCRNDC-6365796,expected,OPENED,27-09-2026 02:15,Arvind Bansal (DNCR)
27-09-2026,FMPC6531570700,NajafgarhHub_DEL_PL,PAL ENTERPRISES +919369507928,a75864d91be9455f,received_at_mh,North,LMA,1.00E+11,Greenteck Logistics and Mobility Pvt Ltd,HimanshuPrajapati,MotherHub_NDC,FM BRSNR,NajafgarhHub_DEL_PL,PH-B3-NCRNDC-4685555,expected,OPENED,27-09-2026 00:56,Arvind Bansal (DNCR)
27-09-2026,FMPC6531432220,Motibaghhub_DEL_PL,VINOD ELECTRICAL & HARDWARE +918586961980,970cf57aff8843cd,received_at_mh,North,TRUEFLEX,981845,TRUEFLEX,#N/A,MotherHub_NDC,FM BRSNR,Motibaghhub_DEL_PL,PH-B3-NCRNDC-6365796,expected,OPENED,27-09-2026 02:15,Arvind Bansal (DNCR)
27-09-2026,FMPC6530610975,Motibaghhub_DEL_PL,SHIVAAY ENTERPRISES +919354092279,ccd64c6f4f904e33,dispatched_to_mh,North,TRUEFLEX,725822,TRUEFLEX,ROHITGUPTA,MotherHub_NDC,FM BRSNR,Motibaghhub_DEL_PL,PH-B3-NCRNDC-6367261,expected,OPENED,27-09-2026 02:42,Arvind Bansal (DNCR)
27-09-2026,FMPP4299734332,Motibaghhub_DEL_PL,VINOD ELECTRICAL & HARDWARE +918586961980,970cf57aff8843cd,received_at_mh,North,TRUEFLEX,981845,TRUEFLEX,#N/A,MotherHub_NDC,FM BRSNR,Motibaghhub_DEL_PL,PH-B3-NCRNDC-6365796,expected,OPENED,27-09-2026 02:15,Arvind Bansal (DNCR)
27-09-2026,FMPP4299041788,Motibaghhub_DEL_PL,LIFE LINE COMMUNICATION +919958080789,d33565950ded4f3e,received_at_mh,North,LMA,1.00E+11,Fastbeetle service,MdShamim,MotherHub_NDC,FM BRSNR,Motibaghhub_DEL_PL,PH-B3-NCRNDC-6248379,expected,OPENED,27-09-2026 02:16,Arvind Bansal (DNCR)
27-09-2026,FMPP4300508271,MundkaHub_DEL_PL,Tail Mart Enterprises 8595198820,e1e2e1a3124345c0,dispatched_to_mh,North,LMA,1.00E+11,E2E LOGISTIC SOLUTION,Md.Annu,MotherHub_NDC,FM BRSNR,MundkaHub_DEL_PL,PH-B3-NCRNDC-6381214,expected,OPENED,27-09-2026 02:00,Arvind Bansal (DNCR)
27-09-2026,FMPP4299761576,Motibaghhub_DEL_PL,VINOD ELECTRICAL & HARDWARE +918586961980,970cf57aff8843cd,received_at_mh,North,TRUEFLEX,981845,TRUEFLEX,#N/A,MotherHub_NDC,FM BRSNR,Motibaghhub_DEL_PL,PH-B3-NCRNDC-6365796,expected,OPENED,27-09-2026 02:15,Arvind Bansal (DNCR)
27-09-2026,FMPP4300811266,NajafgarhHub_DEL_PL,pikkme +919717531363,ac5abb1c93cd48aa,dispatched_to_mh,North,LMA,1.00E+11,Greenteck Logistics and Mobility Pvt Ltd,Sangam SinghBhadauria,MotherHub_NDC,FM BRSNR,NajafgarhHub_DEL_PL,PH-B3-NCRNDC-6356346,expected,OPENED,27-09-2026 02:02,Arvind Bansal (DNCR)
27-09-2026,FMPP4299583631,Rohinihub_DEL_PL,Akshay Sharma Enterprises +918860055904,8996841e94844d8f,received_at_mh,North,TRUEFLEX,598572,TRUEFLEX,Ramesh,MotherHub_NDC,FM BRSNR,Rohinihub_DEL_PL,PH-B3-NCRNDC-6370354,expected,OPENED,27-09-2026 02:17,Arvind Bansal (DNCR)
27-09-2026,FMPC6531632934,SahibabadHub_DEL_PL,lp enterprise +918868811976,6bb7a40711d74cf8,dispatched_to_mh,North,TRUEFLEX,593567,TRUEFLEX,Sheetal,MotherHub_NDC,FM BRSNR,SahibabadHub_DEL_PL,PH-B3-NCRNDC-6373311,expected,OPENED,27-09-2026 05:19,Arvind Bansal (DNCR)
27-09-2026,FMPC6533618501,Rohinihub_DEL_PL,YASH ENTERPRISES +919910472671,62491e4bb91c4c6e,dispatched_to_mh,North,LMA,1.00E+11,#N/A,#N/A,MotherHub_NDC,FM BRSNR,Rohinihub_DEL_PL,PH-B3-NCRNDC-6339724,expected,OPENED,27-09-2026 02:15,Arvind Bansal (DNCR)
27-09-2026,FMPP4299478250,SahibabadHub_DEL_PL,VILRO ENTERPRISES +919999088005,5d9e720730214a32,dispatched_to_mh,North,LMA,1.00E+11,Vxpress,NiteshKumar,MotherHub_NDC,FM BRSNR,SahibabadHub_DEL_PL,PH-B3-NCRNDC-6132463,expected,OPENED,27-09-2026 05:01,Arvind Bansal (DNCR)
27-09-2026,FMPC6533485482,Pitampurahub_DEL_PL,TRIKUTA ENTERPRISES +919205451193,21507ac57c374930,received_at_mh,North,LMA,1.00E+11,WHEELEY,RahulKumar,MotherHub_NDC,FM BRSNR,Pitampurahub_DEL_PL,PH-B3-NCRNDC-5809178,expected,OPENED,26-09-2026 23:39,Arvind Bansal (DNCR)
27-09-2026,FMPC6530430521,PrahladPur_DEL_PL,DREAM TOUCH +917895401946,29b42c09156a4bbe,dispatched_to_mh,North,LMA,1.00E+11,Fastbeetle service,GopalKumar,MotherHub_NDC,FM BRSNR,PrahladPur_DEL_PL,PH-B3-NCRNDC-6343105,expected,OPENED,27-09-2026 02:58,Arvind Bansal (DNCR)
27-09-2026,FMPC6530586237,Pitampurahub_DEL_PL,MANGALAM ENTERPRISES +919355444989,6c56aa05d04f4650,received_at_mh,North,TRUEFLEX,593499,TRUEFLEX,VishalTyagi,MotherHub_NDC,FM BRSNR,Pitampurahub_DEL_PL,PH-B3-NCRNDC-6348139,expected,OPENED,26-09-2026 23:24,Arvind Bansal (DNCR)
27-09-2026,FMPC6530089524,Pitampurahub_DEL_PL,Anvi Group co. +917838774994,cd2ff520c13348e4,dispatched_to_mh,North,LMA,1.00E+11,WHEELEY,Faizal,MotherHub_NDC,FM BRSNR,Pitampurahub_DEL_PL,PH-B3-NCRNDC-6260637,expected,OPENED,27-09-2026 00:07,Arvind Bansal (DNCR)
27-09-2026,FMPC6531759865,Rohinihub_DEL_PL,KAVYA ENTERPRISES +918383066043,6c155d83bc4343c9,received_at_mh,North,TRUEFLEX,717877,TRUEFLEX,GauravKumar,MotherHub_NDC,FM BRSNR,Rohinihub_DEL_PL,PH-B3-NCRNDC-6349151,expected,OPENED,27-09-2026 02:26,Arvind Bansal (DNCR)
27-09-2026,FMPP4300870357,Pitampurahub_DEL_PL,MEHRA BROS +919891812397,cc3f811cc27047fa,dispatched_to_mh,North,LMA,1.00E+11,#N/A,#N/A,MotherHub_NDC,FM BRSNR,Pitampurahub_DEL_PL,PH-B3-NCRNDC-6306455,expected,OPENED,27-09-2026 04:12,Arvind Bansal (DNCR)
27-09-2026,FMPC6531274009,Rohinihub_DEL_PL,SHYAMA ENTERPRISES +919811440397,bdae8893cd274430,dispatched_to_mh,North,TRUEFLEX,717877,TRUEFLEX,GauravKumar,MotherHub_NDC,FM BRSNR,Rohinihub_DEL_PL,PH-B3-NCRNDC-6349153,expected,OPENED,27-09-2026 02:27,Arvind Bansal (DNCR)
27-09-2026,FMPC6533091641,Pitampurahub_DEL_PL,A H Enterprises +919718422523,f6909afa4dce4fc2,dispatched_to_mh,North,LMA,1.00E+11,#N/A,#N/A,MotherHub_NDC,FM BRSNR,Pitampurahub_DEL_PL,PH-B3-NCRNDC-6306417,expected,OPENED,26-09-2026 23:39,Arvind Bansal (DNCR)
27-09-2026,FMPC6532699366,Rohinihub_DEL_PL,Rampal Enterprises +919319531774,a80a2ad13ac54e4c,dispatched_to_mh,North,TRUEFLEX,590045,TRUEFLEX,Manish,MotherHub_NDC,FM BRSNR,Rohinihub_DEL_PL,PH-B3-NCRNDC-6149538,expected,OPENED,27-09-2026 01:40,Arvind Bansal (DNCR)
27-09-2026,FMPC6533100889,Pitampurahub_DEL_PL,J's Store +917982334026,5705b576f47c4252,dispatched_to_mh,North,TRUEFLEX,803355,TRUEFLEX,ManishKumar,MotherHub_NDC,FM BRSNR,Pitampurahub_DEL_PL,PH-B3-NCRNDC-6348054,expected,OPENED,27-09-2026 04:02,Arvind Bansal (DNCR)
27-09-2026,FMPP4300756904,PrahladPur_DEL_PL,sunshopping +919205318857,cd2d583da3ed4da0,dispatched_to_mh,North,LMA,1.00E+11,Sitics,Umang,MotherHub_NDC,FM BRSNR,PrahladPur_DEL_PL,PH-B3-NCRNDC-6193153,expected,OPENED,27-09-2026 02:47,Arvind Bansal (DNCR)
27-09-2026,FMPC6530302493,SahibabadHub_DEL_PL,POOJA ENTERPRISES +919958689213,4502f340315a4767,received_at_mh,North,LMA,1.00E+11,Greenteck Logistics and Mobility Pvt Ltd,Maneesh,MotherHub_NDC,FM BRSNR,SahibabadHub_DEL_PL,PH-B3-NCRNDC-5036114,expected,OPENED,27-09-2026 05:17,Arvind Bansal (DNCR)
27-09-2026,FMPC6533021423,PrahladPur_DEL_PL,Kiran Enterprises +917838097303,73405be884b64569,dispatched_to_mh,North,LMA,1.00E+11,WHEELEY,AnishKumar,MotherHub_NDC,FM BRSNR,PrahladPur_DEL_PL,PH-B3-NCRNDC-5760915,expected,OPENED,27-09-2026 03:53,Arvind Bansal (DNCR)
27-09-2026,FMPC6531111539,SahibabadHub_DEL_PL,PRO EDGE E-RETAIL +917827662727,78be50c7c5284885,dispatched_to_mh,North,LMA,1.00E+11,Greenteck Logistics and Mobility Pvt Ltd,SawanKumar,MotherHub_NDC,FM BRSNR,SahibabadHub_DEL_PL,PH-B3-NCRNDC-6368419,expected,OPENED,27-09-2026 06:10,Arvind Bansal (DNCR)
27-09-2026,FMPP4300090647,PrahladPur_DEL_PL,Shri Bankebihari Collections +919999246479,c7340913b6264f59,received_at_mh,North,LMA,1.00E+11,WERCATALYST VENTURES PVT LTD,HarishKumar,MotherHub_NDC,FM BRSNR,PrahladPur_DEL_PL,PH-B3-NCRNDC-6296898,expected,OPENED,27-09-2026 03:23,Arvind Bansal (DNCR)
27-09-2026,FMPC6533650326,SahibabadHub_DEL_PL,lp enterprise +918868811976,6bb7a40711d74cf8,received_at_mh,North,TRUEFLEX,593567,TRUEFLEX,Sheetal,MotherHub_NDC,FM BRSNR,SahibabadHub_DEL_PL,PH-B3-NCRNDC-6373311,expected,OPENED,27-09-2026 05:19,Arvind Bansal (DNCR)
27-09-2026,FMPP4301048131,PrahladPur_DEL_PL,Manchanda Traders +919910356261,34172f7a3d684e33,dispatched_to_mh,North,LMA,1.00E+11,Greenteck Logistics and Mobility Pvt Ltd,MohdAtik,MotherHub_NDC,FM BRSNR,PrahladPur_DEL_PL,PH-B3-NCRNDC-6352243,expected,OPENED,27-09-2026 03:50,Arvind Bansal (DNCR)
27-09-2026,FMPC6532653847,Ramaroadhub_DEL_PL,JANJIVA AYURVEDA +918877163706,922910423f7e4812,received_at_mh,North,LMA,1.00E+11,WHEELEY,ShivamKumar,MotherHub_NDC,FM BRSNR,Ramaroadhub_DEL_PL,PH-B3-NCRNDC-6355542,expected,OPENED,27-09-2026 02:28,Arvind Bansal (DNCR)
27-09-2026,FMPC6530050752,PrahladPur_DEL_PL,FABWE ENTERPRISES +918287306502,878a47784f414d73,dispatched_to_mh,North,LMA,1.00E+11,WHEELEY,AnishKumar,MotherHub_NDC,FM BRSNR,PrahladPur_DEL_PL,PH-B3-NCRNDC-5760915,expected,OPENED,27-09-2026 03:53,Arvind Bansal (DNCR)
27-09-2026,FMPC6532829854,SahibabadHub_DEL_PL,lp enterprise +918868811976,6bb7a40711d74cf8,received_at_mh,North,TRUEFLEX,593567,TRUEFLEX,Sheetal,MotherHub_NDC,FM BRSNR,SahibabadHub_DEL_PL,PH-B3-NCRNDC-6373311,expected,OPENED,27-09-2026 05:19,Arvind Bansal (DNCR)
27-09-2026,FMPC6530573557,PrahladPur_DEL_PL,Smart Gadgets World +918750329717,573e1c2f860f42d8,received_at_mh,North,EKART,4313306,EKART,,MotherHub_NDC,FM BRSNR,PrahladPur_DEL_PL,PH-B3-NCRNDC-5534765,expected,OPENED,27-09-2026 02:46,Arvind Bansal (DNCR)
27-09-2026,FMPP4300514240,Ramaroadhub_DEL_PL,INAYA CREATIONS +919873504043,af73e98ee861402d,dispatched_to_mh,North,LMA,1.00E+11,AADIYOGI LOGISTIC PRIVATE LIMITED,Prince KumarRam,MotherHub_NDC,FM BRSNR,Ramaroadhub_DEL_PL,PH-B3-NCRNDC-6356508,expected,OPENED,27-09-2026 02:31,Arvind Bansal (DNCR)
27-09-2026,FMPC6530092796,PrahladPur_DEL_PL,Kiran Enterprises +917838097303,73405be884b64569,dispatched_to_mh,North,LMA,1.00E+11,WHEELEY,AnishKumar,MotherHub_NDC,FM BRSNR,PrahladPur_DEL_PL,PH-B3-NCRNDC-5760915,expected,OPENED,27-09-2026 03:53,Arvind Bansal (DNCR)
27-09-2026,FMPC6533602531,Pitampurahub_DEL_PL,Himanshi Enterprises +919310445884,02fd1d7104e64024,dispatched_to_mh,North,LMA,1.00E+11,#N/A,#N/A,MotherHub_NDC,FM BRSNR,Pitampurahub_DEL_PL,PH-B3-NCRNDC-6006157,expected,OPENED,27-09-2026 04:02,Arvind Bansal (DNCR)
27-09-2026,FMPP4301218781,PrahladPur_DEL_PL,Sunshine Ecom Solutions +918851570382,2290990f7fdb4c43,dispatched_to_mh,North,LMA,1.00E+11,Fastbeetle service,SumitSharma,MotherHub_NDC,FM BRSNR,PrahladPur_DEL_PL,PH-B3-NCRNDC-6377960,expected,OPENED,27-09-2026 02:46,Arvind Bansal (DNCR)
27-09-2026,FMPC6530589200,Ramaroadhub_DEL_PL,RAJPUT ENTERPRISES +919958308796,234cac61404241db,dispatched_to_mh,North,LMA,1.00E+11,WHEELEY,ShivamKumar,MotherHub_NDC,FM BRSNR,Ramaroadhub_DEL_PL,PH-B3-NCRNDC-6388535,expected,OPENED,27-09-2026 02:30,Arvind Bansal (DNCR)
27-09-2026,FMPP4300586472,SahibabadHub_DEL_PL,lp enterprise +918868811976,6bb7a40711d74cf8,received_at_mh,North,TRUEFLEX,593567,TRUEFLEX,Sheetal,MotherHub_NDC,FM BRSNR,SahibabadHub_DEL_PL,PH-B3-NCRNDC-6373311,expected,OPENED,27-09-2026 05:19,Arvind Bansal (DNCR)
27-09-2026,FMPP4300319926,Ramaroadhub_DEL_PL,NANAK FOOTWEAR +919953615103,ac3a6319a59546e2,received_at_mh,North,LMA,1.00E+11,#N/A,#N/A,MotherHub_NDC,FM BRSNR,Ramaroadhub_DEL_PL,PH-B3-NCRNDC-6359984,expected,OPENED,27-09-2026 02:18,Arvind Bansal (DNCR)
27-09-2026,FMPC6532528561,PrahladPur_DEL_PL,A N S Fashion +918826055545,8c7ea5466321443f,dispatched_to_mh,North,LMA,1.00E+11,Fastbeetle service,FarmanMalik,MotherHub_NDC,FM BRSNR,PrahladPur_DEL_PL,PH-B3-NCRNDC-5811174,expected,OPENED,27-09-2026 02:47,Arvind Bansal (DNCR)
27-09-2026,FMPC6526867687,PrahladPur_DEL_PL,WK LIFESTYLE INDIA PRIVATE LIMITED +919319844252,620424f0a7344e44,dispatched_to_mh,North,TRUEFLEX,593501,TRUEFLEX,Manish,MotherHub_NDC,FM BRSNR,PrahladPur_DEL_PL,PH-B3-NCRNDC-6352240,expected,OPENED,27-09-2026 03:58,Arvind Bansal (DNCR)
27-09-2026,FMPC6532572882,Rohinihub_DEL_PL,BR Enterprises +917743875519,38fda53dc24342b7,dispatched_to_mh,North,TRUEFLEX,618668,TRUEFLEX,Naim,MotherHub_NDC,FM BRSNR,Rohinihub_DEL_PL,PH-B3-NCRNDC-5361406,expected,OPENED,27-09-2026 01:35,Arvind Bansal (DNCR)
27-09-2026,FMPC6532461720,Rohinihub_DEL_PL,NYRA STORE'S +918700704993,1ac94d7a7f0046fb,dispatched_to_mh,North,TRUEFLEX,717877,TRUEFLEX,GauravKumar,MotherHub_NDC,FM BRSNR,Rohinihub_DEL_PL,PH-B3-NCRNDC-6349151,expected,OPENED,27-09-2026 02:26,Arvind Bansal (DNCR)
27-09-2026,FMPC6530875023,Pitampurahub_DEL_PL,MEHRA BROS +919891812397,cc3f811cc27047fa,received_at_mh,North,LMA,1.00E+11,#N/A,#N/A,MotherHub_NDC,FM BRSNR,Pitampurahub_DEL_PL,PH-B3-NCRNDC-6306455,expected,OPENED,27-09-2026 04:12,Arvind Bansal (DNCR)
27-09-2026,FMPP4301022418,Pitampurahub_DEL_PL,NANHI ENTERPRISES +918800847205,af0fa9caa9604f2c,received_at_mh,North,LMA,1.00E+11,#N/A,#N/A,MotherHub_NDC,FM BRSNR,Pitampurahub_DEL_PL,PH-B3-NCRNDC-6306451,expected,OPENED,27-09-2026 04:01,Arvind Bansal (DNCR)
27-09-2026,FMPP4300008242,SahibabadHub_DEL_PL,Raavsun Enterprises +918826787176,2bcf90e2e1524be8,dispatched_to_mh,North,TRUEFLEX,593567,TRUEFLEX,Sheetal,MotherHub_NDC,FM BRSNR,SahibabadHub_DEL_PL,PH-B3-NCRNDC-6373311,expected,OPENED,27-09-2026 05:19,Arvind Bansal (DNCR)
27-09-2026,FMPC6530950706,SahibabadHub_DEL_PL,lp enterprise +918868811976,6bb7a40711d74cf8,received_at_mh,North,TRUEFLEX,593567,TRUEFLEX,Sheetal,MotherHub_NDC,FM BRSNR,SahibabadHub_DEL_PL,PH-B3-NCRNDC-6373311,expected,OPENED,27-09-2026 05:19,Arvind Bansal (DNCR)
27-09-2026,FMPC6533650335,SahibabadHub_DEL_PL,lp enterprise +918868811976,6bb7a40711d74cf8,received_at_mh,North,TRUEFLEX,593567,TRUEFLEX,Sheetal,MotherHub_NDC,FM BRSNR,SahibabadHub_DEL_PL,PH-B3-NCRNDC-6373311,expected,OPENED,27-09-2026 05:19,Arvind Bansal (DNCR)
27-09-2026,FMPC6530146632,SahibabadHub_DEL_PL,M/S NAAV ENTERPRISES +918979201946,b1d553b2d8da40e5,received_at_mh,North,EKART,3288203,EKART,,MotherHub_NDC,FM BRSNR,SahibabadHub_DEL_PL,PH-B3-NCRNDC-5551061,expected,OPENED,27-09-2026 05:18,Arvind Bansal (DNCR)
27-09-2026,FMPC6530031918,Rohinihub_DEL_PL,CHANDRA ENTERPRISES +919560327368,aed0aba2762345c9,dispatched_to_mh,North,LMA,1.00E+11,We Innovate Business Solutions Pvt Ltd,Bharat,MotherHub_NDC,FM BRSNR,Rohinihub_DEL_PL,PH-B3-NCRNDC-6334443,expected,OPENED,27-09-2026 02:27,Arvind Bansal (DNCR)
27-09-2026,FMPC6530984079,SahibabadHub_DEL_PL,Bachat Bazzar +918700861605,dbe98cbd9be0444d,dispatched_to_mh,North,EKART,2668831,EKART,,MotherHub_NDC,FM BRSNR,SahibabadHub_DEL_PL,PH-B3-NCRNDC-6284410,expected,OPENED,27-09-2026 05:42,Arvind Bansal (DNCR)
27-09-2026,FMPC6530483392,Ramaroadhub_DEL_PL,Mk Traders 7042388362,ed7416a901614b82,dispatched_to_mh,North,LMA,1.00E+11,AADIYOGI LOGISTIC PRIVATE LIMITED,RajKumar,MotherHub_NDC,FM BRSNR,Ramaroadhub_DEL_PL,PH-B3-NCRNDC-6193084,expected,OPENED,27-09-2026 02:22,Arvind Bansal (DNCR)
27-09-2026,FMPC6532974770,PrahladPur_DEL_PL,DEV ENTERPRISES +919354243949,aca59337cb1243b1,dispatched_to_mh,North,LMA,1.00E+11,#N/A,#N/A,MotherHub_NDC,FM BRSNR,PrahladPur_DEL_PL,PH-B3-NCRNDC-6343682,expected,OPENED,27-09-2026 02:56,Arvind Bansal (DNCR)
27-09-2026,FMPC6530844620,Rohinihub_DEL_PL,SUNSHINE ENTERPRISES +919999610151,c50d00b24cca4488,dispatched_to_mh,North,LMA,1.00E+11,#N/A,#N/A,MotherHub_NDC,FM BRSNR,Rohinihub_DEL_PL,PH-B3-NCRNDC-0666091,expected,OPENED,27-09-2026 04:31,Arvind Bansal (DNCR)
27-09-2026,FMPP4299695947,Rohinihub_DEL_PL,BR Enterprises +917743875519,38fda53dc24342b7,dispatched_to_mh,North,TRUEFLEX,618668,TRUEFLEX,Naim,MotherHub_NDC,FM BRSNR,Rohinihub_DEL_PL,PH-B3-NCRNDC-5361406,expected,OPENED,27-09-2026 01:35,Arvind Bansal (DNCR)
27-09-2026,FMPP4299156572,PrahladPur_DEL_PL,MAANVI FASHION +919999969071,ec9ffcffb1ed49e2,dispatched_to_mh,North,LMA,1.00E+11,Fastbeetle service,SumitSharma,MotherHub_NDC,FM BRSNR,PrahladPur_DEL_PL,PH-B3-NCRNDC-6377960,expected,OPENED,27-09-2026 02:46,Arvind Bansal (DNCR)
27-09-2026,FMPC6530050373,PrahladPur_DEL_PL,FABWE ENTERPRISES +918287306502,878a47784f414d73,received_at_mh,North,LMA,1.00E+11,WHEELEY,AnishKumar,MotherHub_NDC,FM BRSNR,PrahladPur_DEL_PL,PH-B3-NCRNDC-5760915,expected,OPENED,27-09-2026 03:53,Arvind Bansal (DNCR)
27-09-2026,FMPP4299738315,Ramaroadhub_DEL_PL,JAYANT ENTERPRISES +919643600575,8475056953b54791,dispatched_to_mh,North,LMA,1.00E+11,WHEELEY,Tafik,MotherHub_NDC,FM BRSNR,Ramaroadhub_DEL_PL,PH-B3-NCRNDC-6355682,expected,OPENED,27-09-2026 02:11,Arvind Bansal (DNCR)
27-09-2026,FMPP4300558971,SahibabadHub_DEL_PL,lp enterprise +918868811976,6bb7a40711d74cf8,received_at_mh,North,TRUEFLEX,593567,TRUEFLEX,Sheetal,MotherHub_NDC,FM BRSNR,SahibabadHub_DEL_PL,PH-B3-NCRNDC-6373311,expected,OPENED,27-09-2026 05:19,Arvind Bansal (DNCR)
27-09-2026,FMPC6530018812,SahibabadHub_DEL_PL,Raavsun Enterprises +918826787176,2bcf90e2e1524be8,dispatched_to_mh,North,TRUEFLEX,593567,TRUEFLEX,Sheetal,MotherHub_NDC,FM BRSNR,SahibabadHub_DEL_PL,PH-B3-NCRNDC-6373311,expected,OPENED,27-09-2026 05:19,Arvind Bansal (DNCR)
27-09-2026,FMPC6530853609,SahibabadHub_DEL_PL,Shivam Enterprises +919540337639,cb22b1946d9241d7,dispatched_to_mh,North,EKART,4370669,EKART,,MotherHub_NDC,FM BRSNR,SahibabadHub_DEL_PL,PH-B3-NCRNDC-6328755,expected,OPENED,27-09-2026 04:59,Arvind Bansal (DNCR)
27-09-2026,FMPC6531406273,Rohinihub_DEL_PL,BRINGS LIGHT +919540408897,8706a82084fe4297,dispatched_to_mh,North,TRUEFLEX,598572,TRUEFLEX,Ramesh,MotherHub_NDC,FM BRSNR,Rohinihub_DEL_PL,PH-B3-NCRNDC-4937902,expected,OPENED,27-09-2026 01:38,Arvind Bansal (DNCR)
27-09-2026,FMPP4299465032,PrahladPur_DEL_PL,RA WORLD +919311108165,8032c0ca737b45dd,dispatched_to_mh,North,LMA,1.00E+11,Greenteck Logistics and Mobility Pvt Ltd,MohdAtik,MotherHub_NDC,FM BRSNR,PrahladPur_DEL_PL,PH-B3-NCRNDC-6342567,expected,OPENED,27-09-2026 03:55,Arvind Bansal (DNCR)
27-09-2026,FMPC6531174081,SahibabadHub_DEL_PL,lp enterprise +918868811976,6bb7a40711d74cf8,received_at_mh,North,TRUEFLEX,593567,TRUEFLEX,Sheetal,MotherHub_NDC,FM BRSNR,SahibabadHub_DEL_PL,PH-B3-NCRNDC-6373311,expected,OPENED,27-09-2026 05:19,Arvind Bansal (DNCR)
27-09-2026,FMPP4300650831,SahibabadHub_DEL_PL,lp enterprise +918868811976,6bb7a40711d74cf8,received_at_mh,North,TRUEFLEX,593567,TRUEFLEX,Sheetal,MotherHub_NDC,FM BRSNR,SahibabadHub_DEL_PL,PH-B3-NCRNDC-6373311,expected,OPENED,27-09-2026 05:19,Arvind Bansal (DNCR)
27-09-2026,FMPP4301399446,PrahladPur_DEL_PL,IMPERIO TECHNOLOGY +917706037706,747e795a911b4ebd,dispatched_to_mh,North,LMA,1.00E+11,Fastbeetle service,GopalKumar,MotherHub_NDC,FM BRSNR,PrahladPur_DEL_PL,PH-B3-NCRNDC-6343104,expected,OPENED,27-09-2026 02:52,Arvind Bansal (DNCR)
27-09-2026,FMPC6530478451,Rohinihub_DEL_PL,CHANDRA ENTERPRISES +919560327368,aed0aba2762345c9,dispatched_to_mh,North,LMA,1.00E+11,We Innovate Business Solutions Pvt Ltd,Bharat,MotherHub_NDC,FM BRSNR,Rohinihub_DEL_PL,PH-B3-NCRNDC-6334443,expected,OPENED,27-09-2026 02:27,Arvind Bansal (DNCR)
27-09-2026,FMPC6529133601,SahibabadHub_DEL_PL,WELLPURE DISTRIBUTION +917696529936,462efebfea9f4f05,received_at_mh,North,LMA,1.00E+11,Vxpress,AmanYadav,MotherHub_NDC,FM BRSNR,SahibabadHub_DEL_PL,PH-B3-NCRNDC-6279395,expected,OPENED,27-09-2026 04:47,Arvind Bansal (DNCR)
27-09-2026,FMPC6533156143,SahibabadHub_DEL_PL,CHANDEL ENTERPRISES +918076963331,b9b9a445e7574544,dispatched_to_mh,North,TRUEFLEX,593567,TRUEFLEX,Sheetal,MotherHub_NDC,FM BRSNR,SahibabadHub_DEL_PL,PH-B3-NCRNDC-6373311,expected,OPENED,27-09-2026 05:19,Arvind Bansal (DNCR)
27-09-2026,FMPC6530872829,Pitampurahub_DEL_PL,Sakshi Ventures +917048928422,9140fd459b3b44d5,dispatched_to_mh,North,TRUEFLEX,593735,TRUEFLEX,RahulKumar,MotherHub_NDC,FM BRSNR,Pitampurahub_DEL_PL,PH-B3-NCRNDC-6291796,expected,OPENED,26-09-2026 23:25,Arvind Bansal (DNCR)
27-09-2026,FMPC6530204361,PrahladPur_DEL_PL,S.K.ENTERPRISES +919288010525,15e2adfa30ba4e4b,dispatched_to_mh,North,EKART,4122806,EKART,,MotherHub_NDC,FM BRSNR,PrahladPur_DEL_PL,PH-B3-NCRNDC-6278201,expected,OPENED,27-09-2026 04:08,Arvind Bansal (DNCR)
27-09-2026,FMPP4300493706,Ramaroadhub_DEL_PL,MOBIXA GLOBETECH PRIVATE LIMITED +919289529422,57d7e7a4e9184d40,dispatched_to_mh,North,LMA,1.00E+11,SUSAH SUPPLY CHAIN AND NETWORK PRIVATE LIMITED,Jeetender,MotherHub_NDC,FM BRSNR,Ramaroadhub_DEL_PL,PH-B3-NCRNDC-6357350,expected,OPENED,27-09-2026 02:20,Arvind Bansal (DNCR)
27-09-2026,FMPP4300741726,Ramaroadhub_DEL_PL,Nova Electricals +918076418130,cd85e64b9b4e4926,dispatched_to_mh,North,LMA,1.00E+11,#N/A,#N/A,MotherHub_NDC,FM BRSNR,Ramaroadhub_DEL_PL,PH-B3-NCRNDC-6364103,expected,OPENED,27-09-2026 02:18,Arvind Bansal (DNCR)
27-09-2026,FMPP4297377656,PrahladPur_DEL_PL,KGN ENTERPRISES +919012138578,466a163270174f8f,dispatched_to_mh,North,LMA,1.00E+11,Greenteck Logistics and Mobility Pvt Ltd,MohdAtik,MotherHub_NDC,FM BRSNR,PrahladPur_DEL_PL,PH-B3-NCRNDC-6378860,expected,OPENED,27-09-2026 03:23,Arvind Bansal (DNCR)
27-09-2026,FMPC6532607223,SahibabadHub_DEL_PL,lp enterprise +918868811976,6bb7a40711d74cf8,received_at_mh,North,TRUEFLEX,593567,TRUEFLEX,Sheetal,MotherHub_NDC,FM BRSNR,SahibabadHub_DEL_PL,PH-B3-NCRNDC-6373311,expected,OPENED,27-09-2026 05:19,Arvind Bansal (DNCR)
27-09-2026,FMPC6531614246,Pitampurahub_DEL_PL,Sakshi Ventures +917048928422,9140fd459b3b44d5,dispatched_to_mh,North,TRUEFLEX,593735,TRUEFLEX,RahulKumar,MotherHub_NDC,FM BRSNR,Pitampurahub_DEL_PL,PH-B3-NCRNDC-6291796,expected,OPENED,26-09-2026 23:25,Arvind Bansal (DNCR)
27-09-2026,FMPC6531388894,PrahladPur_DEL_PL,MR. GAGAN DEV SAH +916203404114,dee456bc6a524231,dispatched_to_mh,North,LMA,3876274,#N/A,#N/A,MotherHub_NDC,FM BRSNR,PrahladPur_DEL_PL,PH-B3-NCRNDC-6380897,expected,OPENED,27-09-2026 04:11,Arvind Bansal (DNCR)
27-09-2026,FMPP4298885751,PrahladPur_DEL_PL,Kiran Enterprises +917838097303,73405be884b64569,dispatched_to_mh,North,LMA,1.00E+11,WHEELEY,AnishKumar,MotherHub_NDC,FM BRSNR,PrahladPur_DEL_PL,PH-B3-NCRNDC-5760915,expected,OPENED,27-09-2026 03:53,Arvind Bansal (DNCR)
27-09-2026,FMPC6530519302,PrahladPur_DEL_PL,UMA ENTERPRISES +918800673993,fc92e7466202425c,dispatched_to_mh,North,LMA,1.00E+11,WHEELEY,SameerPatra,MotherHub_NDC,FM BRSNR,PrahladPur_DEL_PL,PH-B3-NCRNDC-6114863,expected,OPENED,27-09-2026 04:07,Arvind Bansal (DNCR)
27-09-2026,FMPC6533412102,Rohinihub_DEL_PL,Yadav Associates +918368047985,33311783c01a4ca8,dispatched_to_mh,North,TRUEFLEX,590045,TRUEFLEX,Manish,MotherHub_NDC,FM BRSNR,Rohinihub_DEL_PL,PH-B3-NCRNDC-6352693,expected,OPENED,27-09-2026 02:27,Arvind Bansal (DNCR)
27-09-2026,FMPC6532702641,SahibabadHub_DEL_PL,lp enterprise +918868811976,6bb7a40711d74cf8,received_at_mh,North,TRUEFLEX,593567,TRUEFLEX,Sheetal,MotherHub_NDC,FM BRSNR,SahibabadHub_DEL_PL,PH-B3-NCRNDC-6373311,expected,OPENED,27-09-2026 05:19,Arvind Bansal (DNCR)
27-09-2026,FMPP4301432651,SahibabadHub_DEL_PL,lp enterprise +918868811976,6bb7a40711d74cf8,received_at_mh,North,TRUEFLEX,593567,TRUEFLEX,Sheetal,MotherHub_NDC,FM BRSNR,SahibabadHub_DEL_PL,PH-B3-NCRNDC-6373311,expected,OPENED,27-09-2026 05:19,Arvind Bansal (DNCR)
27-09-2026,FMPC6533080658,SahibabadHub_DEL_PL,VILRO ENTERPRISES +919999088005,5d9e720730214a32,dispatched_to_mh,North,LMA,1.00E+11,Vxpress,NiteshKumar,MotherHub_NDC,FM BRSNR,SahibabadHub_DEL_PL,PH-B3-NCRNDC-6132463,expected,OPENED,27-09-2026 05:01,Arvind Bansal (DNCR)
27-09-2026,FMPP4301204222,Rohinihub_DEL_PL,Damish attire +919220694002,c8a07465bfba4e7e,dispatched_to_mh,North,LMA,1.00E+11,We Innovate Business Solutions Pvt Ltd,Bharat,MotherHub_NDC,FM BRSNR,Rohinihub_DEL_PL,PH-B3-NCRNDC-6334931,expected,OPENED,27-09-2026 01:43,Arvind Bansal (DNCR)
27-09-2026,FMPC6532699886,Pitampurahub_DEL_PL,KALRA AUTO TRADERS +918527371381,7f339bfda66c41ff,dispatched_to_mh,North,LMA,1.00E+11,Greenteck Logistics and Mobility Pvt Ltd,AyushKumar,MotherHub_NDC,FM BRSNR,Pitampurahub_DEL_PL,PH-B3-NCRNDC-6179650,expected,OPENED,27-09-2026 03:47,Arvind Bansal (DNCR)
27-09-2026,FMPC6531115905,SahibabadHub_DEL_PL,Miss Highness +918700036944,c7576bfa139d4c11,received_at_mh,North,LMA,1.00E+11,Greenteck Logistics and Mobility Pvt Ltd,Maneesh,MotherHub_NDC,FM BRSNR,SahibabadHub_DEL_PL,PH-B3-NCRNDC-5036114,expected,OPENED,27-09-2026 05:17,Arvind Bansal (DNCR)
27-09-2026,FMPC6531146088,SahibabadHub_DEL_PL,lp enterprise +918868811976,6bb7a40711d74cf8,received_at_mh,North,TRUEFLEX,593567,TRUEFLEX,Sheetal,MotherHub_NDC,FM BRSNR,SahibabadHub_DEL_PL,PH-B3-NCRNDC-6373311,expected,OPENED,27-09-2026 05:19,Arvind Bansal (DNCR)
27-09-2026,FMPC6532827318,Rohinihub_DEL_PL,KAHNA ENTERPRISES +919911117086,72117dc40fbf4db9,dispatched_to_mh,North,LMA,1.00E+11,#N/A,#N/A,MotherHub_NDC,FM BRSNR,Rohinihub_DEL_PL,PH-B3-NCRNDC-0666091,expected,OPENED,27-09-2026 04:31,Arvind Bansal (DNCR)
27-09-2026,FMPP4301351996,BallabhgarhHub_Del_PL,BHAGWATI ENTERPRISES +919212546991,938c19b5fc3b4992,dispatched_to_mh,North,EKART,4300608,EKART,,MotherHub_YKB,FM BRSNR,BallabhgarhHub_Del_PL,PH-ZO-DELYKB-65645524,expected,OPENED,27-09-2026 01:12,Arvind Bansal (DNCR)
27-09-2026,FMPC6533114575,Alipur_DEL_PL,SANCHI IMPEX +917428324585,36238a28835744d6,dispatched_to_mh,North,LMA,1.00E+11,Loadshare,Yugraj,MotherHub_YKB,FM BRSNR,Alipur_DEL_PL,PH-ZO-DELYKB-65962797,expected,OPENED,26-09-2026 23:23,Arvind Bansal (DNCR)
27-09-2026,FMPP4301310465,Alipur_DEL_PL,M.H Industries 9934099390,1d81ea9ae3714e11,dispatched_to_mh,North,LMA,1.00E+11,#N/A,#N/A,MotherHub_YKB,FM BRSNR,Alipur_DEL_PL,PH-ZO-DELYKB-65962731,expected,OPENED,26-09-2026 23:16,Arvind Bansal (DNCR)
27-09-2026,FMPC6533209793,Alipur_DEL_PL,WAISPRO TECHNOLOGIES PRIVATE LIMITED +917678698110,8053b236b9e14910,dispatched_to_mh,North,LMA,1.00E+11,WHEELEY,AmarKumar,MotherHub_YKB,FM BRSNR,Alipur_DEL_PL,PH-ZO-DELYKB-65962744,expected,OPENED,26-09-2026 23:08,Arvind Bansal (DNCR)
27-09-2026,FMPC6531791311,Alipur_DEL_PL,VISHAL ENTERPRISES +918287259143,f6ed591d6fd34bc0,received_at_mh,North,LMA,1.00E+11,WHEELEY,AmarKumar,MotherHub_YKB,FM BRSNR,Alipur_DEL_PL,PH-ZO-DELYKB-65962753,expected,OPENED,26-09-2026 23:08,Arvind Bansal (DNCR)
27-09-2026,FMPP4300643779,BallabhgarhHub_Del_PL,BHAGWATI ENTERPRISES +919212546991,938c19b5fc3b4992,dispatched_to_mh,North,EKART,4300608,EKART,,MotherHub_YKB,FM BRSNR,BallabhgarhHub_Del_PL,PH-ZO-DELYKB-65946708,expected,OPENED,27-09-2026 01:03,Arvind Bansal (DNCR)
27-09-2026,FMPP4301370936,BawanaHub_DEL_PL,RAMYA SANITARYWARE PRIVATE LIMITED +918130622185,c166efcebe094f95,dispatched_to_mh,North,LMA,1.00E+11,AADIYOGI LOGISTIC PRIVATE LIMITED,MANOJ,MotherHub_YKB,FM BRSNR,BawanaHub_DEL_PL,PH-ZO-DELYKB-65867374,expected,OPENED,26-09-2026 22:42,Arvind Bansal (DNCR)
27-09-2026,FMPP4300948243,BallabhgarhHub_Del_PL,GOPAL KRISHNA ENTERPRISES +919136143160,41b0608e520a423c,received_at_mh,North,EKART,4303634,EKART,,MotherHub_YKB,FM BRSNR,BallabhgarhHub_Del_PL,PH-ZO-DELYKB-65990960,expected,OPENED,27-09-2026 01:23,Arvind Bansal (DNCR)
27-09-2026,FMPC6533320035,Alipur_DEL_PL,R S Enterprise +917042638024,23fbe387d90f4d8e,received_at_mh,North,LMA,1.00E+11,WHEELEY,AmarKumar,MotherHub_YKB,FM BRSNR,Alipur_DEL_PL,PH-ZO-DELYKB-65962793,expected,OPENED,26-09-2026 23:07,Arvind Bansal (DNCR)
27-09-2026,FMPC6529994564,Alipur_DEL_PL,SHRI RAM TRADERS +917291986155,4333bca85a564030,dispatched_to_mh,North,LMA,1.00E+11,WHEELEY,AmarKumar,MotherHub_YKB,FM BRSNR,Alipur_DEL_PL,PH-ZO-DELYKB-65962756,expected,OPENED,26-09-2026 23:09,Arvind Bansal (DNCR)
27-09-2026,FMPC6529869499,BallabhgarhHub_Del_PL,azzurra pharmACONUTRITION +919540709993,3f99fa81715c49ea,received_at_mh,North,LMA,1.00E+11,Greenteck Logistics and Mobility Pvt Ltd,Tarun,MotherHub_YKB,FM BRSNR,BallabhgarhHub_Del_PL,PH-ZO-DELYKB-65990756,expected,OPENED,27-09-2026 01:22,Arvind Bansal (DNCR)
27-09-2026,FMPC6533738271,BawanaHub_DEL_PL,PREM PLAST INDUSTRIES +917838222178,d9373de3d8264f92,dispatched_to_mh,North,LMA,1.00E+11,WHEELEY,ANKUSH,MotherHub_YKB,FM BRSNR,BawanaHub_DEL_PL,PH-ZO-DELYKB-65983017,expected,OPENED,26-09-2026 23:09,Arvind Bansal (DNCR)
27-09-2026,FMPP4300989874,Alipur_DEL_PL,SHRUTI ENTERPRISES 8527840633,4dc5631563e34d96,received_at_mh,North,LMA,1.00E+11,#N/A,#N/A,MotherHub_YKB,FM BRSNR,Alipur_DEL_PL,PH-ZO-DELYKB-65493373,expected,OPENED,26-09-2026 23:18,Arvind Bansal (DNCR)
27-09-2026,FMPC6532301326,Alipur_DEL_PL,HAMILTON SCIENCES PRIVATE LIMITED +919205658383,dcb3b526e1d34a21,dispatched_to_mh,North,LMA,1.00E+11,Loadshare,SachinKumar,MotherHub_YKB,FM BRSNR,Alipur_DEL_PL,PH-ZO-DELYKB-65960681,expected,OPENED,27-09-2026 02:28,Arvind Bansal (DNCR)
27-09-2026,FMPP4297100451,BallabhgarhHub_Del_PL,MOTHER AND BABY CARE INC 8802195060,d7833c8b4d674b24,received_at_mh,North,EKART,3940523,EKART,,MotherHub_YKB,FM BRSNR,BallabhgarhHub_Del_PL,PH-ZO-DELYKB-65990755,expected,OPENED,27-09-2026 01:22,Arvind Bansal (DNCR)
27-09-2026,FMPP4299676572,BawanaHub_DEL_PL,MAXOTECHINDIA +919058200522,57fb4222f2784274,dispatched_to_mh,North,LMA,1.00E+11,SHIFTWAY LOGISTICS PVT LTD,Akhilesh,MotherHub_YKB,FM BRSNR,BawanaHub_DEL_PL,PH-ZO-DELYKB-65963562,expected,OPENED,26-09-2026 23:32,Arvind Bansal (DNCR)
27-09-2026,FMPP4299233162,Alipur_DEL_PL,HAMILTON SCIENCES PRIVATE LIMITED +919205658383,dcb3b526e1d34a21,dispatched_to_mh,North,LMA,1.00E+11,Loadshare,SachinKumar,MotherHub_YKB,FM BRSNR,Alipur_DEL_PL,PH-ZO-DELYKB-65922993,expected,OPENED,27-09-2026 02:35,Arvind Bansal (DNCR)
27-09-2026,FMPP4299564788,Alipur_DEL_PL,VISHAL ENTERPRISES +918287259143,f6ed591d6fd34bc0,dispatched_to_mh,North,LMA,1.00E+11,WHEELEY,AmarKumar,MotherHub_YKB,FM BRSNR,Alipur_DEL_PL,PH-ZO-DELYKB-65962754,expected,OPENED,26-09-2026 23:08,Arvind Bansal (DNCR)
27-09-2026,FMPC6531332481,Alipur_DEL_PL,M.H Industries 9934099390,1d81ea9ae3714e11,dispatched_to_mh,North,LMA,1.00E+11,#N/A,#N/A,MotherHub_YKB,FM BRSNR,Alipur_DEL_PL,PH-ZO-DELYKB-65962731,expected,OPENED,26-09-2026 23:16,Arvind Bansal (DNCR)
27-09-2026,FMPC6533200256,BawanaHub_DEL_PL,KDS Sales +917827955103,7d580ac124e6447e,dispatched_to_mh,North,TRUEFLEX,1268066,TRUEFLEX,VikashKumar,MotherHub_YKB,FM BRSNR,BawanaHub_DEL_PL,PH-ZO-DELYKB-65950900,expected,OPENED,26-09-2026 23:12,Arvind Bansal (DNCR)
27-09-2026,FMPP4299524732,BallabhgarhHub_Del_PL,NANDANI MOBLIE ACCESSORIES 2 +919625042248,51364412110e4dc3,dispatched_to_mh,North,EKART,2397920,EKART,,MotherHub_YKB,FM BRSNR,BallabhgarhHub_Del_PL,PH-ZO-DELYKB-65974305,expected,OPENED,27-09-2026 01:12,Arvind Bansal (DNCR)
27-09-2026,FMPC6533251455,BawanaHub_DEL_PL,MAXOTECHINDIA +919058200522,57fb4222f2784274,dispatched_to_mh,North,LMA,1.00E+11,SHIFTWAY LOGISTICS PVT LTD,Akhilesh,MotherHub_YKB,FM BRSNR,BawanaHub_DEL_PL,PH-ZO-DELYKB-65963562,expected,OPENED,26-09-2026 23:32,Arvind Bansal (DNCR)
27-09-2026,FMPP4299354969,Alipur_DEL_PL,SHRUTI ENTERPRISE +919212282661,ba334ed20d084d6c,dispatched_to_mh,North,LMA,1.00E+11,WHEELEY,AmarKumar,MotherHub_YKB,FM BRSNR,Alipur_DEL_PL,PH-ZO-DELYKB-65957356,expected,OPENED,27-09-2026 02:22,Arvind Bansal (DNCR)
27-09-2026,FMPP4301200633,BawanaHub_DEL_PL,HOME CRAFTS +917678454404,5471c30d965d45e3,dispatched_to_mh,North,LMA,3682804,#N/A,#N/A,MotherHub_YKB,FM BRSNR,BawanaHub_DEL_PL,PH-ZO-DELYKB-65987569,expected,OPENED,27-09-2026 01:45,Arvind Bansal (DNCR)
27-09-2026,FMPC6533875298,BallabhgarhHub_Del_PL,HINDMED 8076518175,5655ad1f79804f79,dispatched_to_mh,North,LMA,1.00E+11,Greenteck Logistics and Mobility Pvt Ltd,VijayRana,MotherHub_YKB,FM BRSNR,BallabhgarhHub_Del_PL,PH-ZO-DELYKB-65871219,expected,OPENED,27-09-2026 01:25,Arvind Bansal (DNCR)
27-09-2026,FMPC6531909509,BawanaHub_DEL_PL,INTERBIX NATURE PLUS PRIVATE LIMITED +917206600661,41056b23df37460d,dispatched_to_mh,North,LMA,1.00E+11,SHIFTWAY LOGISTICS PVT LTD,Akhilesh,MotherHub_YKB,FM BRSNR,BawanaHub_DEL_PL,PH-ZO-DELYKB-65963561,expected,OPENED,26-09-2026 23:11,Arvind Bansal (DNCR)
27-09-2026,FMPC6531883637,Alipur_DEL_PL,KUNAL ENTERPRISES +919667699406,fcb74d8f01cc426e,dispatched_to_mh,North,LMA,1.00E+11,WHEELEY,AmarKumar,MotherHub_YKB,FM BRSNR,Alipur_DEL_PL,PH-ZO-DELYKB-65962750,expected,OPENED,27-09-2026 02:36,Arvind Bansal (DNCR)
27-09-2026,FMPP4299959109,Alipur_DEL_PL,Aditya Chouhan Enterprises +919205570579,decc14c03bc849ce,dispatched_to_mh,North,LMA,1.00E+11,Loadshare,SachinKumar,MotherHub_YKB,FM BRSNR,Alipur_DEL_PL,PH-ZO-DELYKB-65962659,expected,OPENED,26-09-2026 23:05,Arvind Bansal (DNCR)
27-09-2026,FMPC6533355294,Alipur_DEL_PL,JASVICAT +919210897885,31df2c87b6b746f7,received_at_mh,North,LMA,1.00E+11,Loadshare,Yugraj,MotherHub_YKB,FM BRSNR,Alipur_DEL_PL,PH-ZO-DELYKB-65962797,expected,OPENED,26-09-2026 23:23,Arvind Bansal (DNCR)
27-09-2026,FMPC6531760085,Alipur_DEL_PL,SHREYANSH CREATION +919122337697,c32f30ddfbee4a0e,received_at_mh,North,LMA,1.00E+11,Loadshare,SachinKumar,MotherHub_YKB,FM BRSNR,Alipur_DEL_PL,PH-ZO-DELYKB-65962659,expected,OPENED,26-09-2026 23:05,Arvind Bansal (DNCR)
27-09-2026,FMPP4299602619,Alipur_DEL_PL,JASVICAT +919210897885,31df2c87b6b746f7,dispatched_to_mh,North,LMA,1.00E+11,Loadshare,Yugraj,MotherHub_YKB,FM BRSNR,Alipur_DEL_PL,PH-ZO-DELYKB-65962797,expected,OPENED,26-09-2026 23:23,Arvind Bansal (DNCR)
27-09-2026,FMPC6531770990,BallabhgarhHub_Del_PL,Mahima Electronics +919988772286,1300e57d832945d1,received_at_mh,North,EKART,2949685,EKART,,MotherHub_YKB,FM BRSNR,BallabhgarhHub_Del_PL,PH-ZO-DELYKB-65990773,expected,OPENED,27-09-2026 01:07,Arvind Bansal (DNCR)
27-09-2026,FMPP4294066012,BudhViharHub_DEL_PL,AKKU ENTERPRISES +918447155503,42252dd61fc14eda,dispatched_to_mh,North,LMA,1.00E+11,RAMEZO ENTERPRISES,MohdYunus,MotherHub_YKB,FM BRSNR,BudhViharHub_DEL_PL,PH-ZO-DELYKB-65990115,expected,OPENED,26-09-2026 23:41,Arvind Bansal (DNCR)
27-09-2026,FMPP4300049921,BudhViharHub_DEL_PL,ASHREADS +917011067692,33cd460f76e84f45,dispatched_to_mh,North,LMA,1.00E+11,#N/A,#N/A,MotherHub_YKB,FM BRSNR,BudhViharHub_DEL_PL,PH-ZO-DELYKB-65943800,expected,OPENED,26-09-2026 23:49,Arvind Bansal (DNCR)
27-09-2026,FMPP4296880185,BudhViharHub_DEL_PL,AKKU ENTERPRISES +918447155503,42252dd61fc14eda,dispatched_to_mh,North,LMA,1.00E+11,RAMEZO ENTERPRISES,MohdYunus,MotherHub_YKB,FM BRSNR,BudhViharHub_DEL_PL,PH-ZO-DELYKB-65990115,expected,OPENED,26-09-2026 23:41,Arvind Bansal (DNCR)
27-09-2026,FMPP4299837116,BudhViharHub_DEL_PL,Payal Enterprises +918744920597,091b2492b3ca435d,dispatched_to_mh,North,LMA,1.00E+11,#N/A,#N/A,MotherHub_YKB,FM BRSNR,BudhViharHub_DEL_PL,PH-ZO-DELYKB-65960658,expected,OPENED,27-09-2026 01:44,Arvind Bansal (DNCR)
27-09-2026,FMPC6531778757,BudhViharHub_DEL_PL,Unique Bags +918920958285,0002ba441cb6469a,dispatched_to_mh,North,LMA,1.00E+11,#N/A,#N/A,MotherHub_YKB,FM BRSNR,BudhViharHub_DEL_PL,PH-ZO-DELYKB-65988703,expected,OPENED,27-09-2026 01:30,Arvind Bansal (DNCR)
27-09-2026,FMPC6532846226,BijwasanHub_DEL_PL,CHAUDHARY BROTHERS +919717695432,6c124f16cce14b48,dispatched_to_mh,North,LMA,1.00E+11,#N/A,#N/A,MotherHub_YKB,FM BRSNR,BijwasanHub_DEL_PL,PH-ZO-DELYKB-65929780,expected,OPENED,27-09-2026 01:03,Arvind Bansal (DNCR)
27-09-2026,FMPC6530884667,BudhViharHub_DEL_PL,Raj fashion style +919582973206,4df757aff0844d23,dispatched_to_mh,North,TRUEFLEX,741972,TRUEFLEX,RitikJha,MotherHub_YKB,FM BRSNR,BudhViharHub_DEL_PL,PH-ZO-DELYKB-65960620,expected,OPENED,27-09-2026 00:14,Arvind Bansal (DNCR)
27-09-2026,FMPC6533318026,BudhViharHub_DEL_PL,Hindustan Enterprises +919882726287,2cc35880f7154f5f,received_at_mh,North,LMA,1.00E+11,#N/A,#N/A,MotherHub_YKB,FM BRSNR,BudhViharHub_DEL_PL,PH-ZO-DELYKB-65720107,expected,OPENED,27-09-2026 01:22,Arvind Bansal (DNCR)
27-09-2026,FMPC6530931635,BurariHub_DEL_PL,SUNSINE TRADERS +918766315903,87d5184d3a4e4908,received_at_mh,North,TRUEFLEX,613465,TRUEFLEX,Ravinder,MotherHub_YKB,FM BRSNR,BurariHub_DEL_PL,PH-ZO-DELYKB-65934998,expected,OPENED,27-09-2026 06:32,Arvind Bansal (DNCR)
27-09-2026,FMPC6533318057,BudhViharHub_DEL_PL,Hindustan Enterprises +919882726287,2cc35880f7154f5f,received_at_mh,North,LMA,1.00E+11,#N/A,#N/A,MotherHub_YKB,FM BRSNR,BudhViharHub_DEL_PL,PH-ZO-DELYKB-65720107,expected,OPENED,27-09-2026 01:22,Arvind Bansal (DNCR)
27-09-2026,FMPP4301160422,BurariHub_DEL_PL,TPT SECURE +919643890992,1f5ff4e4a3ee4f55,dispatched_to_mh,North,TRUEFLEX,592378,TRUEFLEX,Abhishek,MotherHub_YKB,FM BRSNR,BurariHub_DEL_PL,PH-ZO-DELYKB-65931273,expected,OPENED,27-09-2026 02:55,Arvind Bansal (DNCR)
27-09-2026,FMPP4298881080,Chhatarpur_DEL_PL,HKJ +918882102236,dd14e672f19e49f5,dispatched_to_mh,North,LMA,4186973,#N/A,#N/A,MotherHub_YKB,FM BRSNR,Chhatarpur_DEL_PL,PH-ZO-DELYKB-65970795,expected,OPENED,26-09-2026 23:21,Arvind Bansal (DNCR)
27-09-2026,FMPP4299308458,BijwasanHub_DEL_PL,Bhawna Enterprises +919667755335,ee51e71af833411c,dispatched_to_mh,North,LMA,1.00E+11,Loadshare,Pawan,MotherHub_YKB,FM BRSNR,BijwasanHub_DEL_PL,PH-ZO-DELYKB-65561165,expected,OPENED,27-09-2026 00:45,Arvind Bansal (DNCR)
27-09-2026,FMPC6532746117,BurariHub_DEL_PL,Sunita Enterprises +918920636406,99e9231a1c4541e2,dispatched_to_mh,North,TRUEFLEX,688405,TRUEFLEX,ShivamShivam,MotherHub_YKB,FM BRSNR,BurariHub_DEL_PL,PH-ZO-DELYKB-65936751,expected,OPENED,27-09-2026 09:45,Arvind Bansal (DNCR)
27-09-2026,FMPP4301401513,BurariHub_DEL_PL,SUPER MARKET +917303467151,c5c2ef2e02214c10,dispatched_to_mh,North,TRUEFLEX,1369490,TRUEFLEX,#N/A,MotherHub_YKB,FM BRSNR,BurariHub_DEL_PL,PH-ZO-DELYKB-65370130,expected,OPENED,27-09-2026 05:30,Arvind Bansal (DNCR)
27-09-2026,FMPP4299187573,Chhatarpur_DEL_PL,DLiDR +917668161617,ab04d2af35834b20,dispatched_to_mh,North,LMA,4186973,#N/A,#N/A,MotherHub_YKB,FM BRSNR,Chhatarpur_DEL_PL,PH-ZO-DELYKB-65970794,expected,OPENED,26-09-2026 23:20,Arvind Bansal (DNCR)
27-09-2026,FMPP4299780447,BudhViharHub_DEL_PL,DEVANSH CREATION +919958583940,fe1e5909fd394166,dispatched_to_mh,North,TRUEFLEX,706346,TRUEFLEX,VivekKumar,MotherHub_YKB,FM BRSNR,BudhViharHub_DEL_PL,PH-ZO-DELYKB-65907642,expected,OPENED,26-09-2026 23:00,Arvind Bansal (DNCR)
27-09-2026,FMPP4299348589,BudhViharHub_DEL_PL,Riddhi Siddhi Enterprises +917011732332,3b378b99a86d4b8e,dispatched_to_mh,North,TRUEFLEX,873082,TRUEFLEX,NiteshKumar,MotherHub_YKB,FM BRSNR,BudhViharHub_DEL_PL,PH-ZO-DELYKB-65986747,expected,OPENED,27-09-2026 01:23,Arvind Bansal (DNCR)
27-09-2026,FMPC6532480785,Chhatarpur_DEL_PL,M/S DSNS +918527863837,1167d919901e4217,dispatched_to_mh,North,EKART,4344508,EKART,,MotherHub_YKB,FM BRSNR,Chhatarpur_DEL_PL,PH-ZO-DELYKB-65976390,expected,OPENED,26-09-2026 23:34,Arvind Bansal (DNCR)
27-09-2026,FMPC6531685310,BurariHub_DEL_PL,NS ENTERPRISES +919540655395,c5b0f0ed56d04a9f,dispatched_to_mh,North,TRUEFLEX,592378,TRUEFLEX,Abhishek,MotherHub_YKB,FM BRSNR,BurariHub_DEL_PL,PH-ZO-DELYKB-65931288,expected,OPENED,27-09-2026 02:56,Arvind Bansal (DNCR)
27-09-2026,FMPC6530711426,BijwasanHub_DEL_PL,ROYAL KHWAAB 8851812059,d37f5c509df44cdb,dispatched_to_mh,North,LMA,1.00E+11,Loadshare,Pawan,MotherHub_YKB,FM BRSNR,BijwasanHub_DEL_PL,PH-ZO-DELYKB-65709280,expected,OPENED,27-09-2026 00:43,Arvind Bansal (DNCR)
27-09-2026,FMPC6532767009,BijwasanHub_DEL_PL,Retail Kart +919582961095,fe77aad41a75478f,dispatched_to_mh,North,LMA,1.00E+11,Greenteck Logistics and Mobility Pvt Ltd,ANKIT,MotherHub_YKB,FM BRSNR,BijwasanHub_DEL_PL,PH-ZO-DELYKB-65936641,expected,OPENED,27-09-2026 00:52,Arvind Bansal (DNCR)
27-09-2026,FMPC6531535323,BudhViharHub_DEL_PL,GARDENING WALA +917678122987,f364a48b44b948d7,dispatched_to_mh,North,TRUEFLEX,912382,TRUEFLEX,PratoshKumar,MotherHub_YKB,FM BRSNR,BudhViharHub_DEL_PL,PH-ZO-DELYKB-65983274,expected,OPENED,26-09-2026 22:42,Arvind Bansal (DNCR)
27-09-2026,FMPC6531442681,BurariHub_DEL_PL,P S ENTERPRISES +919565855706,548d012be7034bbf,received_at_mh,North,TRUEFLEX,1369490,TRUEFLEX,#N/A,MotherHub_YKB,FM BRSNR,BurariHub_DEL_PL,PH-ZO-DELYKB-65370130,expected,OPENED,27-09-2026 05:30,Arvind Bansal (DNCR)
27-09-2026,FMPC6530713866,BudhViharHub_DEL_PL,HARSHIT ENTERPRISES +919267951681,77197a90937c4f7d,dispatched_to_mh,North,TRUEFLEX,873082,TRUEFLEX,NiteshKumar,MotherHub_YKB,FM BRSNR,BudhViharHub_DEL_PL,PH-ZO-DELYKB-65870196,expected,OPENED,27-09-2026 01:31,Arvind Bansal (DNCR)
27-09-2026,FMPC6533444762,BudhViharHub_DEL_PL,ANANT SALES ENTERPRISE +917503880639,f10348c50e704a84,dispatched_to_mh,North,TRUEFLEX,918890,TRUEFLEX,MohitKumar,MotherHub_YKB,FM BRSNR,BudhViharHub_DEL_PL,PH-ZO-DELYKB-65927791,expected,OPENED,26-09-2026 23:49,Arvind Bansal (DNCR)
27-09-2026,FMPC6529903203,BurariHub_DEL_PL,Devik Collection +917678131800,0a891802dbd8429f,dispatched_to_mh,North,TRUEFLEX,592378,TRUEFLEX,Abhishek,MotherHub_YKB,FM BRSNR,BurariHub_DEL_PL,PH-ZO-DELYKB-65931288,expected,OPENED,27-09-2026 02:56,Arvind Bansal (DNCR)
27-09-2026,FMPC6533911151,BudhViharHub_DEL_PL,My Fragrance Corporation +917827700700,051b6883df8644ff,dispatched_to_mh,North,TRUEFLEX,873082,TRUEFLEX,NiteshKumar,MotherHub_YKB,FM BRSNR,BudhViharHub_DEL_PL,PH-ZO-DELYKB-65508648,expected,OPENED,27-09-2026 01:33,Arvind Bansal (DNCR)
27-09-2026,FMPC6527313520,BurariHub_DEL_PL,Devik Collection +917678131800,0a891802dbd8429f,received_at_mh,North,TRUEFLEX,592378,TRUEFLEX,Abhishek,MotherHub_YKB,FM BRSNR,BurariHub_DEL_PL,PH-ZO-DELYKB-65931288,expected,OPENED,27-09-2026 02:56,Arvind Bansal (DNCR)
27-09-2026,FMPC6530621175,BijwasanHub_DEL_PL,GK MEGA MART +917982981102,2e982132b0434bae,dispatched_to_mh,North,LMA,4224407,#N/A,#N/A,MotherHub_YKB,FM BRSNR,BijwasanHub_DEL_PL,PH-ZO-DELYKB-65974769,expected,OPENED,27-09-2026 00:41,Arvind Bansal (DNCR)
27-09-2026,FMPP4300595093,BudhViharHub_DEL_PL,Raj fashion style +919582973206,4df757aff0844d23,dispatched_to_mh,North,TRUEFLEX,741972,TRUEFLEX,RitikJha,MotherHub_YKB,FM BRSNR,BudhViharHub_DEL_PL,PH-ZO-DELYKB-65960620,expected,OPENED,27-09-2026 00:14,Arvind Bansal (DNCR)
27-09-2026,FMPC6533689072,BudhViharHub_DEL_PL,Gupta Enterprises +918447182985,787261f466374a70,dispatched_to_mh,North,TRUEFLEX,722561,TRUEFLEX,NikhilKumar,MotherHub_YKB,FM BRSNR,BudhViharHub_DEL_PL,PH-ZO-DELYKB-65986993,expected,OPENED,26-09-2026 23:40,Arvind Bansal (DNCR)
27-09-2026,FMPC6534075694,BudhViharHub_DEL_PL,HARSHIT ENTERPRISES +919267951681,77197a90937c4f7d,dispatched_to_mh,North,TRUEFLEX,873082,TRUEFLEX,NiteshKumar,MotherHub_YKB,FM BRSNR,BudhViharHub_DEL_PL,PH-ZO-DELYKB-65870196,expected,OPENED,27-09-2026 01:31,Arvind Bansal (DNCR)
27-09-2026,FMPP4300258251,BudhViharHub_DEL_PL,M.S. INDIA +919582374540,3f11f9929bc84c6b,received_at_mh,North,LMA,1.00E+11,WHEELEY,AryanKumar,MotherHub_YKB,FM BRSNR,BudhViharHub_DEL_PL,PH-ZO-DELYKB-65363113,expected,OPENED,27-09-2026 01:51,Arvind Bansal (DNCR)
27-09-2026,FMPC6531366681,BijwasanHub_DEL_PL,SONIA COLLECTION +919213145279,92d23669e9634baa,dispatched_to_mh,North,LMA,1.00E+11,#N/A,#N/A,MotherHub_YKB,FM BRSNR,BijwasanHub_DEL_PL,PH-ZO-DELYKB-65347097,expected,OPENED,27-09-2026 00:40,Arvind Bansal (DNCR)
27-09-2026,FMPC6533613780,BijwasanHub_DEL_PL,DECORZONE +917011098443,bbc742741fd74818,dispatched_to_mh,North,LMA,1.00E+11,Greenteck Logistics and Mobility Pvt Ltd,ANKIT,MotherHub_YKB,FM BRSNR,BijwasanHub_DEL_PL,PH-ZO-DELYKB-65754988,expected,OPENED,27-09-2026 01:00,Arvind Bansal (DNCR)
27-09-2026,FMPC6528392742,BurariHub_DEL_PL,ASHANI CREATION +919555565253,99062e5138c54e8b,dispatched_to_mh,North,TRUEFLEX,592319,TRUEFLEX,Tushar,MotherHub_YKB,FM BRSNR,BurariHub_DEL_PL,PH-ZO-DELYKB-65970410,expected,OPENED,27-09-2026 02:53,Arvind Bansal (DNCR)
27-09-2026,FMPP4300796132,BijwasanHub_DEL_PL,ROYAL KHWAAB 8851812059,d37f5c509df44cdb,dispatched_to_mh,North,LMA,1.00E+11,Loadshare,Pawan,MotherHub_YKB,FM BRSNR,BijwasanHub_DEL_PL,PH-ZO-DELYKB-65709280,expected,OPENED,27-09-2026 00:43,Arvind Bansal (DNCR)
27-09-2026,FMPC6531412059,BudhViharHub_DEL_PL,A K ENTERPRISES +918700254902,ca23533107a94026,dispatched_to_mh,North,TRUEFLEX,706346,TRUEFLEX,VivekKumar,MotherHub_YKB,FM BRSNR,BudhViharHub_DEL_PL,PH-ZO-DELYKB-65997042,expected,OPENED,27-09-2026 01:48,Arvind Bansal (DNCR)
27-09-2026,FMPC6531924658,BurariHub_DEL_PL,NS ENTERPRISES +919540655395,c5b0f0ed56d04a9f,dispatched_to_mh,North,TRUEFLEX,592378,TRUEFLEX,Abhishek,MotherHub_YKB,FM BRSNR,BurariHub_DEL_PL,PH-ZO-DELYKB-65931288,expected,OPENED,27-09-2026 02:56,Arvind Bansal (DNCR)
27-09-2026,FMPP4300997253,BudhViharHub_DEL_PL,GARDENING WALA +917678122987,f364a48b44b948d7,received_at_mh,North,TRUEFLEX,912382,TRUEFLEX,PratoshKumar,MotherHub_YKB,FM BRSNR,BudhViharHub_DEL_PL,PH-ZO-DELYKB-65983271,expected,OPENED,27-09-2026 01:22,Arvind Bansal (DNCR)
27-09-2026,FMPC6532737789,BurariHub_DEL_PL,SAMAR ENTERPRISES +917053505957,9702a692ba034ef9,dispatched_to_mh,North,TRUEFLEX,592378,TRUEFLEX,Abhishek,MotherHub_YKB,FM BRSNR,BurariHub_DEL_PL,PH-ZO-DELYKB-65931288,expected,OPENED,27-09-2026 02:56,Arvind Bansal (DNCR)
27-09-2026,FMPC6531129455,BudhViharHub_DEL_PL,Hindustan Enterprises +919882726287,2cc35880f7154f5f,received_at_mh,North,LMA,1.00E+11,#N/A,#N/A,MotherHub_YKB,FM BRSNR,BudhViharHub_DEL_PL,PH-ZO-DELYKB-65720107,expected,OPENED,27-09-2026 01:22,Arvind Bansal (DNCR)
27-09-2026,FMPC6530960161,BijwasanHub_DEL_PL,ECONETING E-COMMERCE PRIVATE LIMITED +919354116277,6c574540fd564eaf,dispatched_to_mh,North,LMA,1.00E+11,Loadshare,RanuSingh,MotherHub_YKB,FM BRSNR,BijwasanHub_DEL_PL,PH-ZO-DELYKB-65921063,expected,OPENED,27-09-2026 01:00,Arvind Bansal (DNCR)
27-09-2026,FMPC6530573481,BudhViharHub_DEL_PL,Gupta Enterprises +918447182985,787261f466374a70,dispatched_to_mh,North,TRUEFLEX,722561,TRUEFLEX,NikhilKumar,MotherHub_YKB,FM BRSNR,BudhViharHub_DEL_PL,PH-ZO-DELYKB-65986993,expected,OPENED,26-09-2026 23:40,Arvind Bansal (DNCR)
27-09-2026,FMPC6531746347,BurariHub_DEL_PL,NS ENTERPRISES +919540655395,c5b0f0ed56d04a9f,dispatched_to_mh,North,TRUEFLEX,592378,TRUEFLEX,Abhishek,MotherHub_YKB,FM BRSNR,BurariHub_DEL_PL,PH-ZO-DELYKB-65931288,expected,OPENED,27-09-2026 02:56,Arvind Bansal (DNCR)
27-09-2026,FMPP4301022676,BurariHub_DEL_PL,OIL ELIXIR +918810282627,2aba63a7910d41cb,dispatched_to_mh,North,TRUEFLEX,688405,TRUEFLEX,ShivamShivam,MotherHub_YKB,FM BRSNR,BurariHub_DEL_PL,PH-ZO-DELYKB-65936746,expected,OPENED,27-09-2026 05:26,Arvind Bansal (DNCR)
27-09-2026,FMPP4300810976,BudhViharHub_DEL_PL,Hindustan Enterprises +919882726287,2cc35880f7154f5f,received_at_mh,North,LMA,1.00E+11,#N/A,#N/A,MotherHub_YKB,FM BRSNR,BudhViharHub_DEL_PL,PH-ZO-DELYKB-65720107,expected,OPENED,27-09-2026 01:22,Arvind Bansal (DNCR)
27-09-2026,FMPP4300902458,BurariHub_DEL_PL,SKYLINE ENTERPRISES +919310961137,a7a9eb40fe54447c,dispatched_to_mh,North,TRUEFLEX,1369490,TRUEFLEX,#N/A,MotherHub_YKB,FM BRSNR,BurariHub_DEL_PL,PH-ZO-DELYKB-65890428,expected,OPENED,27-09-2026 04:50,Arvind Bansal (DNCR)
27-09-2026,FMPC6531951883,BurariHub_DEL_PL,KRISHNA CREATION +917042668206,9ba1496a9a234a92,dispatched_to_mh,North,LMA,1.00E+11,#N/A,#N/A,MotherHub_YKB,FM BRSNR,BurariHub_DEL_PL,PH-ZO-DELYKB-65811213,expected,OPENED,27-09-2026 04:37,Arvind Bansal (DNCR)
27-09-2026,FMPC6531368272,BijwasanHub_DEL_PL,BESTOR INDIA PRIVATE LIMITED +917982617730,6fea31888cfd4207,dispatched_to_mh,North,LMA,4224407,#N/A,#N/A,MotherHub_YKB,FM BRSNR,BijwasanHub_DEL_PL,PH-ZO-DELYKB-65752857,expected,OPENED,27-09-2026 00:34,Arvind Bansal (DNCR)
27-09-2026,FMPP4301220336,BudhViharHub_DEL_PL,SHREE BANKEY BIHARI ENTERPRISES +918285905639,0981b09856534568,dispatched_to_mh,North,TRUEFLEX,918890,TRUEFLEX,MohitKumar,MotherHub_YKB,FM BRSNR,BudhViharHub_DEL_PL,PH-ZO-DELYKB-65927796,expected,OPENED,26-09-2026 23:46,Arvind Bansal (DNCR)
27-09-2026,FMPP4300054783,BurariHub_DEL_PL,Lucylove +918700301829,e1535a4b17034085,dispatched_to_mh,North,TRUEFLEX,863480,TRUEFLEX,PrinceKumar,MotherHub_YKB,FM BRSNR,BurariHub_DEL_PL,PH-ZO-DELYKB-65973161,expected,OPENED,27-09-2026 05:29,Arvind Bansal (DNCR)
27-09-2026,FMPC6533559035,BurariHub_DEL_PL,SAMAR ENTERPRISES +917053505957,9702a692ba034ef9,dispatched_to_mh,North,TRUEFLEX,592378,TRUEFLEX,Abhishek,MotherHub_YKB,FM BRSNR,BurariHub_DEL_PL,PH-ZO-DELYKB-65931288,expected,OPENED,27-09-2026 02:56,Arvind Bansal (DNCR)
27-09-2026,FMPC6531448136,BurariHub_DEL_PL,AANSHU TOYS +918700600089,84fe524a8aa64d81,dispatched_to_mh,North,LMA,1.00E+11,#N/A,#N/A,MotherHub_YKB,FM BRSNR,BurariHub_DEL_PL,PH-ZO-DELYKB-65781799,expected,OPENED,27-09-2026 05:00,Arvind Bansal (DNCR)
27-09-2026,FMPP4301242854,BudhViharHub_DEL_PL,Hindustan Enterprises +919882726287,2cc35880f7154f5f,received_at_mh,North,LMA,1.00E+11,#N/A,#N/A,MotherHub_YKB,FM BRSNR,BudhViharHub_DEL_PL,PH-ZO-DELYKB-65720107,expected,OPENED,27-09-2026 01:22,Arvind Bansal (DNCR)
27-09-2026,FMPP4300063579,BudhViharHub_DEL_PL,DEVI NARAYAN ENTERPRISES +917303586811,d3d2acbaee4b4d27,dispatched_to_mh,North,LMA,1.00E+11,KDKN LOGISTICS SERVICES PVT LTD,PraveenSharma,MotherHub_YKB,FM BRSNR,BudhViharHub_DEL_PL,PH-ZO-DELYKB-65979675,expected,OPENED,27-09-2026 00:11,Arvind Bansal (DNCR)
27-09-2026,FMPC6533558974,BurariHub_DEL_PL,SAMAR ENTERPRISES +917053505957,9702a692ba034ef9,dispatched_to_mh,North,TRUEFLEX,592378,TRUEFLEX,Abhishek,MotherHub_YKB,FM BRSNR,BurariHub_DEL_PL,PH-ZO-DELYKB-65931288,expected,OPENED,27-09-2026 02:56,Arvind Bansal (DNCR)
27-09-2026,FMPC6533368064,BudhViharHub_DEL_PL,A1 LED & ELECTRICALS +917463868496,1b99cccc6d0e4c36,received_at_mh,North,TRUEFLEX,706346,TRUEFLEX,VivekKumar,MotherHub_YKB,FM BRSNR,BudhViharHub_DEL_PL,PH-ZO-DELYKB-65824757,expected,OPENED,27-09-2026 00:02,Arvind Bansal (DNCR)
27-09-2026,FMPP4300497076,BurariHub_DEL_PL,OIL ELIXIR PRIVATE LIMITED +917982842225,0648071c8e4f46e5,dispatched_to_mh,North,TRUEFLEX,688405,TRUEFLEX,ShivamShivam,MotherHub_YKB,FM BRSNR,BurariHub_DEL_PL,PH-ZO-DELYKB-65936746,expected,OPENED,27-09-2026 05:26,Arvind Bansal (DNCR)
27-09-2026,FMPC6531308068,BurariHub_DEL_PL,AANSHU TOYS +918700600089,84fe524a8aa64d81,dispatched_to_mh,North,LMA,1.00E+11,#N/A,#N/A,MotherHub_YKB,FM BRSNR,BurariHub_DEL_PL,PH-ZO-DELYKB-65781799,expected,OPENED,27-09-2026 05:00,Arvind Bansal (DNCR)
27-09-2026,FMPC6530431619,BudhViharHub_DEL_PL,AKKU ENTERPRISES +918447155503,42252dd61fc14eda,dispatched_to_mh,North,LMA,1.00E+11,RAMEZO ENTERPRISES,MohdYunus,MotherHub_YKB,FM BRSNR,BudhViharHub_DEL_PL,PH-ZO-DELYKB-65990115,expected,OPENED,26-09-2026 23:41,Arvind Bansal (DNCR)
27-09-2026,FMPP4299600940,BijwasanHub_DEL_PL,DVMART ESHOP +918130705555,c26517e1186d4ad3,dispatched_to_mh,North,LMA,1.00E+11,Greenteck Logistics and Mobility Pvt Ltd,YogenderKumar,MotherHub_YKB,FM BRSNR,BijwasanHub_DEL_PL,PH-ZO-DELYKB-65974580,expected,OPENED,27-09-2026 00:58,Arvind Bansal (DNCR)
27-09-2026,FMPC6533711065,BudhViharHub_DEL_PL,RAJ ENTERPRISES +919971901108,9498a4488cab4d3a,dispatched_to_mh,North,LMA,1.00E+11,SHIFTWAY LOGISTICS PVT LTD,Shivam,MotherHub_YKB,FM BRSNR,BudhViharHub_DEL_PL,PH-ZO-DELYKB-65929346,expected,OPENED,27-09-2026 05:19,Arvind Bansal (DNCR)
27-09-2026,FMPP4299018124,BudhViharHub_DEL_PL,PURPLE BEAUTY +919990653174,872c755ed0aa4172,dispatched_to_mh,North,LMA,1.00E+11,Loadshare,Manish,MotherHub_YKB,FM BRSNR,BudhViharHub_DEL_PL,PH-ZO-DELYKB-65990151,expected,OPENED,26-09-2026 23:59,Arvind Bansal (DNCR)
27-09-2026,FMPC6530380914,BudhViharHub_DEL_PL,Crossfit +919555472738,8ae1a5f2545b4404,dispatched_to_mh,North,TRUEFLEX,918890,TRUEFLEX,MohitKumar,MotherHub_YKB,FM BRSNR,BudhViharHub_DEL_PL,PH-ZO-DELYKB-65824455,expected,OPENED,27-09-2026 00:05,Arvind Bansal (DNCR)
27-09-2026,FMPC6532959666,BurariHub_DEL_PL,flipon india +919013340894,c80969b73cb84e77,dispatched_to_mh,North,TRUEFLEX,604202,TRUEFLEX,Ajit KumarYadav,MotherHub_YKB,FM BRSNR,BurariHub_DEL_PL,PH-ZO-DELYKB-65932342,expected,OPENED,27-09-2026 02:56,Arvind Bansal (DNCR)
27-09-2026,FMPC6532804673,BudhViharHub_DEL_PL,E-Shopping Sales Corporation +919311077010,95cc192c52e64559,dispatched_to_mh,North,TRUEFLEX,722561,TRUEFLEX,NikhilKumar,MotherHub_YKB,FM BRSNR,BudhViharHub_DEL_PL,PH-ZO-DELYKB-65960658,expected,OPENED,27-09-2026 01:44,Arvind Bansal (DNCR)
27-09-2026,FMPP4301187741,BurariHub_DEL_PL,FIRST WAVE ENTERPRISES +919318471023,8d7e588d1b12498d,dispatched_to_mh,North,TRUEFLEX,863480,TRUEFLEX,PrinceKumar,MotherHub_YKB,FM BRSNR,BurariHub_DEL_PL,PH-ZO-DELYKB-65973161,expected,OPENED,27-09-2026 05:29,Arvind Bansal (DNCR)
27-09-2026,FMPC6531463989,BurariHub_DEL_PL,Gowoo +919205981829,b8283fd4bcef4a43,dispatched_to_mh,North,TRUEFLEX,592378,TRUEFLEX,Abhishek,MotherHub_YKB,FM BRSNR,BurariHub_DEL_PL,PH-ZO-DELYKB-65970978,expected,OPENED,27-09-2026 05:17,Arvind Bansal (DNCR)
27-09-2026,FMPP4299355043,BudhViharHub_DEL_PL,Hindustan Enterprises +919882726287,2cc35880f7154f5f,received_at_mh,North,LMA,1.00E+11,#N/A,#N/A,MotherHub_YKB,FM BRSNR,BudhViharHub_DEL_PL,PH-ZO-DELYKB-65720107,expected,OPENED,27-09-2026 01:22,Arvind Bansal (DNCR)
27-09-2026,FMPC6532933122,GurgaonHub_DEL_PL,Chaman Lal Setia Exports Ltd. +918595853349,2a996e78c575440a,dispatched_to_mh,North,LMA,1.00E+11,#N/A,#N/A,MotherHub_YKB,FM BRSNR,GurgaonHub_DEL_PL,PH-ZO-DELYKB-65857866,expected,OPENED,27-09-2026 01:58,Arvind Bansal (DNCR)
27-09-2026,FMPP4299574702,GurgaonHub_DEL_PL,ADI CREATIONS +919910940046,1943cb81da3a4c33,dispatched_to_mh,North,LMA,3143363,#N/A,#N/A,MotherHub_YKB,FM BRSNR,GurgaonHub_DEL_PL,PH-ZO-DELYKB-65890016,expected,OPENED,27-09-2026 01:01,Arvind Bansal (DNCR)
27-09-2026,FMPC6530712414,GurgaonHub_DEL_PL,GOLKI COVERS +919958900459,91324a479ae44959,dispatched_to_mh,North,LMA,3143363,#N/A,#N/A,MotherHub_YKB,FM BRSNR,GurgaonHub_DEL_PL,PH-ZO-DELYKB-65967147,expected,OPENED,27-09-2026 01:01,Arvind Bansal (DNCR)
27-09-2026,FMPP4299724033,GurgaonHub_DEL_PL,Sujeet Kumar +919354383969,6bfce293929d430b,dispatched_to_mh,North,LMA,3143363,#N/A,#N/A,MotherHub_YKB,FM BRSNR,GurgaonHub_DEL_PL,PH-ZO-DELYKB-65857843,expected,OPENED,27-09-2026 01:04,Arvind Bansal (DNCR)
27-09-2026,FMPP4300796935,GandhinagarHub_DEL_PL,MA ENTERPRISES +917827271022,24d878aa8c2c4cac,dispatched_to_mh,North,LMA,1.00E+11,#N/A,#N/A,MotherHub_YKB,FM BRSNR,GandhinagarHub_DEL_PL,PH-ZO-DELYKB-65962969,expected,OPENED,27-09-2026 03:19,Arvind Bansal (DNCR)
27-09-2026,FMPC6532892435,GandhinagarHub_DEL_PL,ITALIAN FASHION STUDIO +919675885901,001e31fcb2b94996,dispatched_to_mh,North,LMA,1.00E+11,Transwide Express,TONI,MotherHub_YKB,FM BRSNR,GandhinagarHub_DEL_PL,PH-ZO-DELYKB-65964037,expected,OPENED,27-09-2026 03:09,Arvind Bansal (DNCR)
27-09-2026,FMPC6533076646,GandhinagarHub_DEL_PL,Shree Vistaar Enterprises +918527922841,b2ff2420a959471a,dispatched_to_mh,North,LMA,1.00E+11,Greenteck Logistics and Mobility Pvt Ltd,AvinashKumar,MotherHub_YKB,FM BRSNR,GandhinagarHub_DEL_PL,PH-ZO-DELYKB-65979004,expected,OPENED,27-09-2026 03:33,Arvind Bansal (DNCR)
27-09-2026,FMPP4300494632,GurgaonHub_DEL_PL,KAKU ENTERPRISES +918059266873,dbb3a4f20c0c4979,dispatched_to_mh,North,LMA,1.00E+11,Vxpress,AdeshKumar,MotherHub_YKB,FM BRSNR,GurgaonHub_DEL_PL,PH-ZO-DELYKB-65752435,expected,OPENED,26-09-2026 23:28,Arvind Bansal (DNCR)
27-09-2026,FMPC6533378271,GandhinagarHub_DEL_PL,Fashion Global +918287460829,b5dc58b3ec224015,dispatched_to_mh,North,LMA,1.00E+11,#N/A,#N/A,MotherHub_YKB,FM BRSNR,GandhinagarHub_DEL_PL,PH-ZO-DELYKB-65745283,expected,OPENED,27-09-2026 02:52,Arvind Bansal (DNCR)
27-09-2026,FMPC6530537307,GurgaonHub_DEL_PL,GOLKI COVERS +919958900459,91324a479ae44959,dispatched_to_mh,North,LMA,3143363,#N/A,#N/A,MotherHub_YKB,FM BRSNR,GurgaonHub_DEL_PL,PH-ZO-DELYKB-65967147,expected,OPENED,27-09-2026 01:01,Arvind Bansal (DNCR)
27-09-2026,FMPC6533366311,GurgaonHub_DEL_PL,KAKU ENTERPRISES +918059266873,dbb3a4f20c0c4979,dispatched_to_mh,North,LMA,1.00E+11,Vxpress,AdeshKumar,MotherHub_YKB,FM BRSNR,GurgaonHub_DEL_PL,PH-ZO-DELYKB-65489116,expected,OPENED,26-09-2026 23:28,Arvind Bansal (DNCR)
27-09-2026,FMPC6531415993,FaridabadHub_DEL_PL,HG INTERNATIONAL +918882102422,fec018a5d16a4788,dispatched_to_mh,North,LMA,1.00E+11,Watsoo,AdarshBhardwaj,MotherHub_YKB,FM BRSNR,FaridabadHub_DEL_PL,PH-ZO-DELYKB-65457921,expected,OPENED,27-09-2026 00:05,Arvind Bansal (DNCR)
27-09-2026,FMPP4301344008,GurgaonHub_DEL_PL,SHRI RAM SERVICES +918800023916,18f71b41fc534b0b,dispatched_to_mh,North,LMA,3143363,#N/A,#N/A,MotherHub_YKB,FM BRSNR,GurgaonHub_DEL_PL,PH-ZO-DELYKB-65793547,expected,OPENED,26-09-2026 23:29,Arvind Bansal (DNCR)
27-09-2026,FMPP4299207118,GandhinagarHub_DEL_PL,MISTY COLLECTION +917906267147,d7dc493bc69c42c6,dispatched_to_mh,North,TRUEFLEX,606194,TRUEFLEX,Subham,MotherHub_YKB,FM BRSNR,GandhinagarHub_DEL_PL,PH-ZO-DELYKB-65934760,expected,OPENED,27-09-2026 02:52,Arvind Bansal (DNCR)
27-09-2026,FMPC6533998547,GurgaonHub_DEL_PL,YASH TRADING CO. +917988768088,2286d97c706d4fe9,dispatched_to_mh,North,LMA,1.00E+11,#N/A,#N/A,MotherHub_YKB,FM BRSNR,GurgaonHub_DEL_PL,PH-ZO-DELYKB-65927001,expected,OPENED,26-09-2026 23:30,Arvind Bansal (DNCR)
27-09-2026,FMPC6533797349,GandhinagarHub_DEL_PL,SV GLOBAL APPARELS +918588806197,75471ce053c0457d,dispatched_to_mh,North,LMA,1.00E+11,#N/A,#N/A,MotherHub_YKB,FM BRSNR,GandhinagarHub_DEL_PL,PH-ZO-DELYKB-65466630,expected,OPENED,27-09-2026 02:56,Arvind Bansal (DNCR)
27-09-2026,FMPC6533714966,GurgaonHub_DEL_PL,SAUBHAGYE CREATIONS +919958158646,f8d81e96ff424de5,dispatched_to_mh,North,LMA,3143363,#N/A,#N/A,MotherHub_YKB,FM BRSNR,GurgaonHub_DEL_PL,PH-ZO-DELYKB-65715338,expected,OPENED,26-09-2026 23:31,Arvind Bansal (DNCR)
27-09-2026,FMPP4298970256,GandhinagarHub_DEL_PL,VIDMAX INDIA (OPC) PRIVATE LIMITED +919266898750,4bfb506b2d8d487e,dispatched_to_mh,North,LMA,1.00E+11,AADIYOGI LOGISTIC PRIVATE LIMITED,VikasKumar,MotherHub_YKB,FM BRSNR,GandhinagarHub_DEL_PL,PH-ZO-DELYKB-65927533,expected,OPENED,27-09-2026 03:13,Arvind Bansal (DNCR)
27-09-2026,FMPC6532952299,GandhinagarHub_DEL_PL,Walkers Technologies LLP 7703888460,8f84fa7ae6ad4e88,received_at_mh,North,LMA,1.00E+11,Greenteck Logistics and Mobility Pvt Ltd,AvinashKumar,MotherHub_YKB,FM BRSNR,GandhinagarHub_DEL_PL,PH-ZO-DELYKB-65995808,expected,OPENED,27-09-2026 03:08,Arvind Bansal (DNCR)
27-09-2026,FMPC6532892213,GandhinagarHub_DEL_PL,ITALIAN FASHION STUDIO +919675885901,001e31fcb2b94996,dispatched_to_mh,North,LMA,1.00E+11,Transwide Express,TONI,MotherHub_YKB,FM BRSNR,GandhinagarHub_DEL_PL,PH-ZO-DELYKB-65964032,expected,OPENED,27-09-2026 03:13,Arvind Bansal (DNCR)
27-09-2026,FMPP4297349546,GandhinagarHub_DEL_PL,DEEPSUNG(DS ) GROUP +919161331213,095be11ad7e74797,dispatched_to_mh,North,LMA,1.00E+11,WHEELEY,RohitGautam,MotherHub_YKB,FM BRSNR,GandhinagarHub_DEL_PL,PH-ZO-DELYKB-65962969,expected,OPENED,27-09-2026 03:19,Arvind Bansal (DNCR)
27-09-2026,FMPC6531479999,GandhinagarHub_DEL_PL,SHREE KRISHNA ENTERPRISES +919910814190,9444d9178738470c,dispatched_to_mh,North,LMA,1.00E+11,#N/A,#N/A,MotherHub_YKB,FM BRSNR,GandhinagarHub_DEL_PL,PH-ZO-DELYKB-65962969,expected,OPENED,27-09-2026 03:19,Arvind Bansal (DNCR)
27-09-2026,FMPC6533009918,GandhinagarHub_DEL_PL,KIRAN ENTERPRISES +918287769653,c2cae3cdd4ec4760,dispatched_to_mh,North,TRUEFLEX,622565,TRUEFLEX,YashBhatia,MotherHub_YKB,FM BRSNR,GandhinagarHub_DEL_PL,PH-ZO-DELYKB-65970873,expected,OPENED,27-09-2026 03:24,Arvind Bansal (DNCR)
27-09-2026,FMPP4299200385,GandhinagarHub_DEL_PL,RamsitaStore +918527985821,7226d04048ef49a2,dispatched_to_mh,North,LMA,1.00E+11,Transwide Express,TONI,MotherHub_YKB,FM BRSNR,GandhinagarHub_DEL_PL,PH-ZO-DELYKB-65964031,expected,OPENED,27-09-2026 03:09,Arvind Bansal (DNCR)
27-09-2026,FMPC6533421289,FaridabadHub_DEL_PL,SHOPLEX RETAIL PRIVATE LIMITED 6202291960,b8516b7a330b4674,dispatched_to_mh,North,EKART,3870559,EKART,,MotherHub_YKB,FM BRSNR,FaridabadHub_DEL_PL,PH-ZO-DELYKB-65965739,expected,OPENED,26-09-2026 23:23,Arvind Bansal (DNCR)
27-09-2026,FMPC6531093943,GandhinagarHub_DEL_PL,PRIYANSHU ENTERPRISES +919811365993,52e404c7239b4f83,dispatched_to_mh,North,LMA,1.00E+11,#N/A,#N/A,MotherHub_YKB,FM BRSNR,GandhinagarHub_DEL_PL,PH-ZO-DELYKB-65970779,expected,OPENED,27-09-2026 03:23,Arvind Bansal (DNCR)
27-09-2026,FMPC6533595423,GandhinagarHub_DEL_PL,MISTY COLLECTION +917906267147,d7dc493bc69c42c6,dispatched_to_mh,North,TRUEFLEX,606194,TRUEFLEX,Subham,MotherHub_YKB,FM BRSNR,GandhinagarHub_DEL_PL,PH-ZO-DELYKB-65934760,expected,OPENED,27-09-2026 02:52,Arvind Bansal (DNCR)
27-09-2026,FMPP4300449974,GandhinagarHub_DEL_PL,SHYAM TRADING COMPANY +918802368135,3bf6ed05bf214280,dispatched_to_mh,North,LMA,1.00E+11,#N/A,#N/A,MotherHub_YKB,FM BRSNR,GandhinagarHub_DEL_PL,PH-ZO-DELYKB-65533480,expected,OPENED,27-09-2026 02:50,Arvind Bansal (DNCR)
27-09-2026,FMPC6533263311,GandhinagarHub_DEL_PL,SHYAM TRADING COMPANY +918802368135,3bf6ed05bf214280,dispatched_to_mh,North,LMA,1.00E+11,#N/A,#N/A,MotherHub_YKB,FM BRSNR,GandhinagarHub_DEL_PL,PH-ZO-DELYKB-65533480,expected,OPENED,27-09-2026 02:50,Arvind Bansal (DNCR)
27-09-2026,FMPC6533375032,GandhinagarHub_DEL_PL,Fashion Global +918287460829,b5dc58b3ec224015,dispatched_to_mh,North,LMA,1.00E+11,#N/A,#N/A,MotherHub_YKB,FM BRSNR,GandhinagarHub_DEL_PL,PH-ZO-DELYKB-65897019,expected,OPENED,27-09-2026 02:54,Arvind Bansal (DNCR)
27-09-2026,FMPC6532377093,GandhinagarHub_DEL_PL,PM FASHION PARADISE +917838413915,302b7b66ffa54710,dispatched_to_mh,North,LMA,1.00E+11,#N/A,#N/A,MotherHub_YKB,FM BRSNR,GandhinagarHub_DEL_PL,PH-ZO-DELYKB-65970782,expected,OPENED,27-09-2026 03:23,Arvind Bansal (DNCR)
27-09-2026,FMPC6530868077,GurgaonHub_DEL_PL,Sujeet Kumar +919354383969,6bfce293929d430b,dispatched_to_mh,North,LMA,3143363,#N/A,#N/A,MotherHub_YKB,FM BRSNR,GurgaonHub_DEL_PL,PH-ZO-DELYKB-65857843,expected,OPENED,27-09-2026 01:04,Arvind Bansal (DNCR)
27-09-2026,FMPC6531681783,GurgaonHub_DEL_PL,Sujeet Kumar +919354383969,6bfce293929d430b,dispatched_to_mh,North,LMA,3143363,#N/A,#N/A,MotherHub_YKB,FM BRSNR,GurgaonHub_DEL_PL,PH-ZO-DELYKB-65857843,expected,OPENED,27-09-2026 01:04,Arvind Bansal (DNCR)
27-09-2026,FMPP4299056036,GandhinagarHub_DEL_PL,Kewalson +919871550840,fdd23dee947545bb,received_at_mh,North,LMA,1.00E+11,Greenteck Logistics and Mobility Pvt Ltd,AvinashKumar,MotherHub_YKB,FM BRSNR,GandhinagarHub_DEL_PL,PH-ZO-DELYKB-65918505,expected,OPENED,27-09-2026 03:33,Arvind Bansal (DNCR)
27-09-2026,FMPC6531683368,GandhinagarHub_DEL_PL,ITALIAN FASHION STUDIO +919675885901,001e31fcb2b94996,dispatched_to_mh,North,LMA,1.00E+11,Transwide Express,TONI,MotherHub_YKB,FM BRSNR,GandhinagarHub_DEL_PL,PH-ZO-DELYKB-65964032,expected,OPENED,27-09-2026 03:13,Arvind Bansal (DNCR)
27-09-2026,FMPP4300820039,GurgaonHub_DEL_PL,SUPRLIFE VENTURES PRIVATE LIMITED +918053943172,bfc9e33d578041a0,dispatched_to_mh,North,LMA,3143363,#N/A,#N/A,MotherHub_YKB,FM BRSNR,GurgaonHub_DEL_PL,PH-ZO-DELYKB-65968084,expected,OPENED,27-09-2026 00:15,Arvind Bansal (DNCR)
27-09-2026,FMPP4299928868,GandhinagarHub_DEL_PL,ITALIAN FASHION STUDIO +919675885901,001e31fcb2b94996,dispatched_to_mh,North,LMA,1.00E+11,Transwide Express,TONI,MotherHub_YKB,FM BRSNR,GandhinagarHub_DEL_PL,PH-ZO-DELYKB-65964032,expected,OPENED,27-09-2026 03:13,Arvind Bansal (DNCR)
27-09-2026,FMPC6530251044,GurgaonHub_DEL_PL,BeyondSneak +919818866684,5d4fa8f20af6454c,dispatched_to_mh,North,LMA,3143363,#N/A,#N/A,MotherHub_YKB,FM BRSNR,GurgaonHub_DEL_PL,PH-ZO-DELYKB-65968469,expected,OPENED,26-09-2026 23:28,Arvind Bansal (DNCR)
27-09-2026,FMPP4299550401,GurgaonHub_DEL_PL,SAUBHAGYE CREATIONS +919958158646,f8d81e96ff424de5,dispatched_to_mh,North,LMA,3143363,#N/A,#N/A,MotherHub_YKB,FM BRSNR,GurgaonHub_DEL_PL,PH-ZO-DELYKB-65715338,expected,OPENED,26-09-2026 23:31,Arvind Bansal (DNCR)
27-09-2026,FMPC6530689050,IPextension_DEL_PL,PARUL TRADING COMPANY +919958947153,1ca736272b134214,dispatched_to_mh,North,TRUEFLEX,868596,TRUEFLEX,AslamChoudhary,MotherHub_YKB,FM BRSNR,IPextension_DEL_PL,PH-ZO-DELYKB-65977843,expected,OPENED,27-09-2026 04:45,Arvind Bansal (DNCR)
27-09-2026,FMPC6530641708,KanjhawalaHub_DEL_PL,Bismillah Traders +918929959022,efb5ff457e994870,dispatched_to_mh,North,LMA,1.00E+11,#N/A,#N/A,MotherHub_YKB,FM BRSNR,KanjhawalaHub_DEL_PL,PH-ZO-DELYKB-65940999,expected,OPENED,27-09-2026 03:14,Arvind Bansal (DNCR)
27-09-2026,FMPC6533845513,KanjhawalaHub_DEL_PL,S L ELECTRICALS +918882929799,fd3ae347827643db,dispatched_to_mh,North,LMA,1.00E+11,We Innovate Business Solutions Pvt Ltd,Gaurav,MotherHub_YKB,FM BRSNR,KanjhawalaHub_DEL_PL,PH-ZO-DELYKB-65972749,expected,OPENED,27-09-2026 01:20,Arvind Bansal (DNCR)
27-09-2026,FMPP4299799779,IPextension_DEL_PL,AFSHA ENTERPRISES +918409589340,07184b3166c84ae8,dispatched_to_mh,North,LMA,1.00E+11,We Innovate Business Solutions Pvt Ltd,Vijay KumarSharma,MotherHub_YKB,FM BRSNR,IPextension_DEL_PL,PH-ZO-DELYKB-65871301,expected,OPENED,27-09-2026 04:46,Arvind Bansal (DNCR)
27-09-2026,FMPP4299694937,KanjhawalaHub_DEL_PL,ABHISHEK ENTERPRISE +919625098843,686c654624c9419c,dispatched_to_mh,North,LMA,1.00E+11,WHEELEY,Md Ali RajHussain,MotherHub_YKB,FM BRSNR,KanjhawalaHub_DEL_PL,PH-ZO-DELYKB-65905567,expected,OPENED,27-09-2026 03:02,Arvind Bansal (DNCR)
27-09-2026,FMPP4299144356,KanjhawalaHub_DEL_PL,TrendingStyle +916289102580,0df4757a5d1c4eae,dispatched_to_mh,North,LMA,1.00E+11,Fastbeetle service,GulzarHusain,MotherHub_YKB,FM BRSNR,KanjhawalaHub_DEL_PL,PH-ZO-DELYKB-65983801,expected,OPENED,27-09-2026 06:33,Arvind Bansal (DNCR)
27-09-2026,FMPC6530575842,IPextension_DEL_PL,ANAS ENTERPRISES +918595317781,3be9191deb134398,dispatched_to_mh,North,LMA,1.00E+11,AADIYOGI LOGISTIC PRIVATE LIMITED,Shivam,MotherHub_YKB,FM BRSNR,IPextension_DEL_PL,PH-ZO-DELYKB-65982477,expected,OPENED,27-09-2026 04:49,Arvind Bansal (DNCR)
27-09-2026,FMPC6531601449,IPextension_DEL_PL,PARUL TRADING COMPANY +919958947153,1ca736272b134214,dispatched_to_mh,North,TRUEFLEX,868596,TRUEFLEX,AslamChoudhary,MotherHub_YKB,FM BRSNR,IPextension_DEL_PL,PH-ZO-DELYKB-65977843,expected,OPENED,27-09-2026 04:45,Arvind Bansal (DNCR)
27-09-2026,FMPC6532485147,JasolaHub_DEL_PL,CHILD PLAY +919717252706,7ed6f2188fc5453c,received_at_mh,North,TRUEFLEX,756594,TRUEFLEX,AMANKhatana,MotherHub_YKB,FM BRSNR,JasolaHub_DEL_PL,PH-ZO-DELYKB-65999914,expected,OPENED,27-09-2026 01:22,Arvind Bansal (DNCR)
27-09-2026,FMPC6533641502,KanjhawalaHub_DEL_PL,N G INTERNATIONAL +918368994864,87bfbc4b93e347af,dispatched_to_mh,North,TRUEFLEX,633567,TRUEFLEX,Rajesh,MotherHub_YKB,FM BRSNR,KanjhawalaHub_DEL_PL,PH-ZO-DELYKB-65971565,expected,OPENED,27-09-2026 03:33,Arvind Bansal (DNCR)
27-09-2026,FMPC6530741412,KanjhawalaHub_DEL_PL,KIDZFUN +918527546696,8b20af49cae049f6,dispatched_to_mh,North,TRUEFLEX,1414611,TRUEFLEX,#N/A,MotherHub_YKB,FM BRSNR,KanjhawalaHub_DEL_PL,PH-ZO-DELYKB-65980904,expected,OPENED,27-09-2026 03:01,Arvind Bansal (DNCR)
27-09-2026,FMPP4299368662,KanjhawalaHub_DEL_PL,RSA ENTERPRISES +918810330712,2921152086e8414c,dispatched_to_mh,North,LMA,1.00E+11,#N/A,#N/A,MotherHub_YKB,FM BRSNR,KanjhawalaHub_DEL_PL,PH-ZO-DELYKB-65325666,expected,OPENED,27-09-2026 02:31,Arvind Bansal (DNCR)
27-09-2026,FMPP4299092708,IPextension_DEL_PL,BUSHRA KHATOON +919692767838,7e5a5bd77a024290,dispatched_to_mh,North,LMA,1.00E+11,We Innovate Business Solutions Pvt Ltd,Vijay KumarSharma,MotherHub_YKB,FM BRSNR,IPextension_DEL_PL,PH-ZO-DELYKB-65871301,expected,OPENED,27-09-2026 04:46,Arvind Bansal (DNCR)
27-09-2026,FMPC6531205034,KanjhawalaHub_DEL_PL,BE FIT +919953816282,2ce352504dfc4a79,dispatched_to_mh,North,TRUEFLEX,1153887,TRUEFLEX,HarshHarsh,MotherHub_YKB,FM BRSNR,KanjhawalaHub_DEL_PL,PH-ZO-DELYKB-65986723,expected,OPENED,27-09-2026 02:57,Arvind Bansal (DNCR)
27-09-2026,FMPP4299703039,KanjhawalaHub_DEL_PL,SHIVAYE ENTERPRISES +918178785931,352f4e4ce9dd406a,dispatched_to_mh,North,TRUEFLEX,1153887,TRUEFLEX,HarshHarsh,MotherHub_YKB,FM BRSNR,KanjhawalaHub_DEL_PL,PH-ZO-DELYKB-65986723,expected,OPENED,27-09-2026 02:57,Arvind Bansal (DNCR)
27-09-2026,FMPC6532952682,KanjhawalaHub_DEL_PL,MOHINI KITCHEN EQUIPMENT +919310654494,36514c06a2394a59,dispatched_to_mh,North,TRUEFLEX,1153887,TRUEFLEX,HarshHarsh,MotherHub_YKB,FM BRSNR,KanjhawalaHub_DEL_PL,PH-ZO-DELYKB-65986716,expected,OPENED,27-09-2026 03:04,Arvind Bansal (DNCR)
27-09-2026,FMPC6531238162,KanjhawalaHub_DEL_PL,BE FIT +919953816282,2ce352504dfc4a79,dispatched_to_mh,North,TRUEFLEX,1153887,TRUEFLEX,HarshHarsh,MotherHub_YKB,FM BRSNR,KanjhawalaHub_DEL_PL,PH-ZO-DELYKB-65986723,expected,OPENED,27-09-2026 02:57,Arvind Bansal (DNCR)
27-09-2026,FMPC6530324722,KanjhawalaHub_DEL_PL,SHRI KANT ENTERPRISES +918587880675,f1d29657b22b4961,dispatched_to_mh,North,LMA,1.00E+11,Watsoo,AwanKhan,MotherHub_YKB,FM BRSNR,KanjhawalaHub_DEL_PL,PH-ZO-DELYKB-65935883,expected,OPENED,27-09-2026 00:43,Arvind Bansal (DNCR)
27-09-2026,FMPP4299866673,KanjhawalaHub_DEL_PL,BE FIT +919953816282,2ce352504dfc4a79,dispatched_to_mh,North,TRUEFLEX,1153887,TRUEFLEX,HarshHarsh,MotherHub_YKB,FM BRSNR,KanjhawalaHub_DEL_PL,PH-ZO-DELYKB-65986723,expected,OPENED,27-09-2026 02:57,Arvind Bansal (DNCR)
27-09-2026,FMPC6531564999,KanjhawalaHub_DEL_PL,FR ENTERPRISES +918882539304,9a8d4ff76fa34924,dispatched_to_mh,North,LMA,1.00E+11,Fastbeetle service,GulzarHusain,MotherHub_YKB,FM BRSNR,KanjhawalaHub_DEL_PL,PH-ZO-DELYKB-65148244,expected,OPENED,27-09-2026 03:30,Arvind Bansal (DNCR)
27-09-2026,FMPC6530617364,JasolaHub_DEL_PL,HURAINTA FASHION +919953935281,e3341d5665bb497c,received_at_mh,North,LMA,1.00E+11,Fastbeetle service,Ashutosh,MotherHub_YKB,FM BRSNR,JasolaHub_DEL_PL,PH-ZO-DELYKB-65974515,expected,OPENED,27-09-2026 00:10,Arvind Bansal (DNCR)
27-09-2026,FMPC6530412928,JasolaHub_DEL_PL,IDARA ISHAAT-E-DINIYAT PRIVATE LIMITED +919910003786,3e358e1e74874d29,dispatched_to_mh,North,LMA,1.00E+11,Greenteck Logistics and Mobility Pvt Ltd,Muzammilalam,MotherHub_YKB,FM BRSNR,JasolaHub_DEL_PL,PH-ZO-DELYKB-65981875,expected,OPENED,26-09-2026 23:53,Arvind Bansal (DNCR)
27-09-2026,FMPC6533381710,IPextension_DEL_PL,Pehal Fashion Apparel +919205445201,42214298d8f34b90,dispatched_to_mh,North,TRUEFLEX,868596,TRUEFLEX,AslamChoudhary,MotherHub_YKB,FM BRSNR,IPextension_DEL_PL,PH-ZO-DELYKB-65977843,expected,OPENED,27-09-2026 04:45,Arvind Bansal (DNCR)
27-09-2026,FMPC6531970046,KanjhawalaHub_DEL_PL,SIMK LABELS PRIVATE LIMITED 9808668866,c93860c8ca63492f,dispatched_to_mh,North,TRUEFLEX,661693,TRUEFLEX,AtulKumar,MotherHub_YKB,FM BRSNR,KanjhawalaHub_DEL_PL,PH-ZO-DELYKB-65979314,expected,OPENED,27-09-2026 03:02,Arvind Bansal (DNCR)
27-09-2026,FMPC6531613984,IPextension_DEL_PL,PARUL TRADING COMPANY +919958947153,1ca736272b134214,dispatched_to_mh,North,TRUEFLEX,868596,TRUEFLEX,AslamChoudhary,MotherHub_YKB,FM BRSNR,IPextension_DEL_PL,PH-ZO-DELYKB-65977843,expected,OPENED,27-09-2026 04:45,Arvind Bansal (DNCR)
27-09-2026,FMPP4299624314,KanjhawalaHub_DEL_PL,KIDZFUN +918527546696,8b20af49cae049f6,dispatched_to_mh,North,TRUEFLEX,1414611,TRUEFLEX,#N/A,MotherHub_YKB,FM BRSNR,KanjhawalaHub_DEL_PL,PH-ZO-DELYKB-65980904,expected,OPENED,27-09-2026 03:01,Arvind Bansal (DNCR)
27-09-2026,FMPP4300122116,IPextension_DEL_PL,DARSHIKA GARMENTS +918802509799,d2cb7bbc87e24152,dispatched_to_mh,North,LMA,1.00E+11,SUSAH SUPPLY CHAIN AND NETWORK PRIVATE LIMITED,WasimAnsari,MotherHub_YKB,FM BRSNR,IPextension_DEL_PL,PH-ZO-DELYKB-65979415,expected,OPENED,27-09-2026 02:32,Arvind Bansal (DNCR)
27-09-2026,FMPC6533037637,KanjhawalaHub_DEL_PL,Balaji Traders +918851743911,551a24bfb1144c21,dispatched_to_mh,North,TRUEFLEX,1414611,TRUEFLEX,#N/A,MotherHub_YKB,FM BRSNR,KanjhawalaHub_DEL_PL,PH-ZO-DELYKB-65980840,expected,OPENED,27-09-2026 01:02,Arvind Bansal (DNCR)
27-09-2026,FMPC6533097547,KanjhawalaHub_DEL_PL,BE FIT +919953816282,2ce352504dfc4a79,dispatched_to_mh,North,TRUEFLEX,1153887,TRUEFLEX,HarshHarsh,MotherHub_YKB,FM BRSNR,KanjhawalaHub_DEL_PL,PH-ZO-DELYKB-65986723,expected,OPENED,27-09-2026 02:57,Arvind Bansal (DNCR)
27-09-2026,FMPC6530492765,KanjhawalaHub_DEL_PL,KHATIJA COLLECTION +918287423099,e09f776467c34def,dispatched_to_mh,North,LMA,1.00E+11,Greenteck Logistics and Mobility Pvt Ltd,SarfayAlam,MotherHub_YKB,FM BRSNR,KanjhawalaHub_DEL_PL,PH-ZO-DELYKB-65977445,expected,OPENED,27-09-2026 02:58,Arvind Bansal (DNCR)
27-09-2026,FMPC6533576648,KanjhawalaHub_DEL_PL,PNP Decor & Gifts +918447286240,718843dede894b92,dispatched_to_mh,North,LMA,1.00E+11,We Innovate Business Solutions Pvt Ltd,Gaurav,MotherHub_YKB,FM BRSNR,KanjhawalaHub_DEL_PL,PH-ZO-DELYKB-65972768,expected,OPENED,27-09-2026 02:01,Arvind Bansal (DNCR)
27-09-2026,FMPC6532041611,KanjhawalaHub_DEL_PL,FR ENTERPRISES +918882539304,9a8d4ff76fa34924,dispatched_to_mh,North,LMA,1.00E+11,Fastbeetle service,GulzarHusain,MotherHub_YKB,FM BRSNR,KanjhawalaHub_DEL_PL,PH-ZO-DELYKB-65148244,expected,OPENED,27-09-2026 03:30,Arvind Bansal (DNCR)
27-09-2026,FMPP4299077962,KanjhawalaHub_DEL_PL,BE FIT +919953816282,2ce352504dfc4a79,dispatched_to_mh,North,TRUEFLEX,1153887,TRUEFLEX,HarshHarsh,MotherHub_YKB,FM BRSNR,KanjhawalaHub_DEL_PL,PH-ZO-DELYKB-65986723,expected,OPENED,27-09-2026 02:57,Arvind Bansal (DNCR)
27-09-2026,FMPC6530461733,IPextension_DEL_PL,Wardrobe collections +919555696737,b9c29e76e8a64e39,dispatched_to_mh,North,TRUEFLEX,756688,TRUEFLEX,SauravThakur,MotherHub_YKB,FM BRSNR,IPextension_DEL_PL,PH-ZO-DELYKB-65981038,expected,OPENED,27-09-2026 02:44,Arvind Bansal (DNCR)
27-09-2026,FMPP4300745341,KanjhawalaHub_DEL_PL,SHIVA ENTERPRISES +917836089614,2d7260c9290b414d,received_at_mh,North,LMA,1.00E+11,#N/A,#N/A,MotherHub_YKB,FM BRSNR,KanjhawalaHub_DEL_PL,PH-ZO-DELYKB-65989719,expected,OPENED,27-09-2026 02:51,Arvind Bansal (DNCR)
27-09-2026,FMPC6533402567,KanjhawalaHub_DEL_PL,NAZRAH TRENDZ +917292092671,faca2fbdb679478e,dispatched_to_mh,North,LMA,1.00E+11,#N/A,#N/A,MotherHub_YKB,FM BRSNR,KanjhawalaHub_DEL_PL,PH-ZO-DELYKB-65972387,expected,OPENED,27-09-2026 02:54,Arvind Bansal (DNCR)
27-09-2026,FMPC6533308964,IPextension_DEL_PL,PARUL TRADING COMPANY +919958947153,1ca736272b134214,dispatched_to_mh,North,TRUEFLEX,868596,TRUEFLEX,AslamChoudhary,MotherHub_YKB,FM BRSNR,IPextension_DEL_PL,PH-ZO-DELYKB-65977843,expected,OPENED,27-09-2026 04:45,Arvind Bansal (DNCR)
27-09-2026,FMPC6531601055,IPextension_DEL_PL,PARUL TRADING COMPANY +919958947153,1ca736272b134214,dispatched_to_mh,North,TRUEFLEX,868596,TRUEFLEX,AslamChoudhary,MotherHub_YKB,FM BRSNR,IPextension_DEL_PL,PH-ZO-DELYKB-65977843,expected,OPENED,27-09-2026 04:45,Arvind Bansal (DNCR)
27-09-2026,FMPP4300875744,KanjhawalaHub_DEL_PL,J K & SONS +918851604175,90a878fec7c34dec,dispatched_to_mh,North,TRUEFLEX,905102,TRUEFLEX,SanjeshRajput,MotherHub_YKB,FM BRSNR,KanjhawalaHub_DEL_PL,PH-ZO-DELYKB-65904625,expected,OPENED,27-09-2026 03:00,Arvind Bansal (DNCR)
27-09-2026,FMPC6530896045,KanjhawalaHub_DEL_PL,BE FIT +919953816282,2ce352504dfc4a79,dispatched_to_mh,North,TRUEFLEX,1153887,TRUEFLEX,HarshHarsh,MotherHub_YKB,FM BRSNR,KanjhawalaHub_DEL_PL,PH-ZO-DELYKB-65986723,expected,OPENED,27-09-2026 02:57,Arvind Bansal (DNCR)
27-09-2026,FMPC6530707707,KanjhawalaHub_DEL_PL,BE FIT +919953816282,2ce352504dfc4a79,dispatched_to_mh,North,TRUEFLEX,1153887,TRUEFLEX,HarshHarsh,MotherHub_YKB,FM BRSNR,KanjhawalaHub_DEL_PL,PH-ZO-DELYKB-65986723,expected,OPENED,27-09-2026 02:57,Arvind Bansal (DNCR)
27-09-2026,FMPP4299911270,KanjhawalaHub_DEL_PL,BE FIT +919953816282,2ce352504dfc4a79,dispatched_to_mh,North,TRUEFLEX,1153887,TRUEFLEX,HarshHarsh,MotherHub_YKB,FM BRSNR,KanjhawalaHub_DEL_PL,PH-ZO-DELYKB-65986723,expected,OPENED,27-09-2026 02:57,Arvind Bansal (DNCR)
27-09-2026,FMPP4299317888,KanjhawalaHub_DEL_PL,P&P Enterprises +918178868772,1bca8b3e4c5f4700,dispatched_to_mh,North,TRUEFLEX,1153887,TRUEFLEX,HarshHarsh,MotherHub_YKB,FM BRSNR,KanjhawalaHub_DEL_PL,PH-ZO-DELYKB-65986715,expected,OPENED,27-09-2026 03:17,Arvind Bansal (DNCR)
27-09-2026,FMPC6532142336,KanjhawalaHub_DEL_PL,AVNEEA +917289811649,a38715a82c0d4be7,dispatched_to_mh,North,LMA,1.00E+11,#N/A,#N/A,MotherHub_YKB,FM BRSNR,KanjhawalaHub_DEL_PL,PH-ZO-DELYKB-65935884,expected,OPENED,27-09-2026 03:35,Arvind Bansal (DNCR)
27-09-2026,FMPC6531520879,KanjhawalaHub_DEL_PL,A2Z CREATIONS +919953465120,40204aaa19e14f22,dispatched_to_mh,North,LMA,1.00E+11,#N/A,#N/A,MotherHub_YKB,FM BRSNR,KanjhawalaHub_DEL_PL,PH-ZO-DELYKB-65977761,expected,OPENED,27-09-2026 02:43,Arvind Bansal (DNCR)
27-09-2026,FMPC6530437870,IPextension_DEL_PL,ANAS ENTERPRISES +918595317781,3be9191deb134398,dispatched_to_mh,North,LMA,1.00E+11,AADIYOGI LOGISTIC PRIVATE LIMITED,Shivam,MotherHub_YKB,FM BRSNR,IPextension_DEL_PL,PH-ZO-DELYKB-65982477,expected,OPENED,27-09-2026 04:49,Arvind Bansal (DNCR)
27-09-2026,FMPP4299597002,KanjhawalaHub_DEL_PL,FUN PLAY ENTERPRISES +919821739875,4a53645315674fa1,received_at_mh,North,TRUEFLEX,905102,TRUEFLEX,SanjeshRajput,MotherHub_YKB,FM BRSNR,KanjhawalaHub_DEL_PL,PH-ZO-DELYKB-65958166,expected,OPENED,27-09-2026 03:09,Arvind Bansal (DNCR)
27-09-2026,FMPC6530210989,KanjhawalaHub_DEL_PL,RK Cody Traders +919717896115,f7cc57838c9f42d3,dispatched_to_mh,North,LMA,1.00E+11,#N/A,#N/A,MotherHub_YKB,FM BRSNR,KanjhawalaHub_DEL_PL,PH-ZO-DELYKB-65979520,expected,OPENED,27-09-2026 05:24,Arvind Bansal (DNCR)
27-09-2026,FMPC6531044947,KanjhawalaHub_DEL_PL,SHRI KANT ENTERPRISES +918587880675,f1d29657b22b4961,dispatched_to_mh,North,LMA,1.00E+11,Watsoo,AwanKhan,MotherHub_YKB,FM BRSNR,KanjhawalaHub_DEL_PL,PH-ZO-DELYKB-65935883,expected,OPENED,27-09-2026 00:43,Arvind Bansal (DNCR)
27-09-2026,FMPC6530264810,KanjhawalaHub_DEL_PL,BE FIT +919953816282,2ce352504dfc4a79,dispatched_to_mh,North,TRUEFLEX,1153887,TRUEFLEX,HarshHarsh,MotherHub_YKB,FM BRSNR,KanjhawalaHub_DEL_PL,PH-ZO-DELYKB-65986723,expected,OPENED,27-09-2026 02:57,Arvind Bansal (DNCR)
27-09-2026,FMPC6532188449,KanjhawalaHub_DEL_PL,SHRI KANT ENTERPRISES +918587880675,f1d29657b22b4961,dispatched_to_mh,North,LMA,1.00E+11,Watsoo,AwanKhan,MotherHub_YKB,FM BRSNR,KanjhawalaHub_DEL_PL,PH-ZO-DELYKB-65935883,expected,OPENED,27-09-2026 00:43,Arvind Bansal (DNCR)
27-09-2026,FMPP4300028975,KanjhawalaHub_DEL_PL,BE FIT +919953816282,2ce352504dfc4a79,dispatched_to_mh,North,TRUEFLEX,1153887,TRUEFLEX,HarshHarsh,MotherHub_YKB,FM BRSNR,KanjhawalaHub_DEL_PL,PH-ZO-DELYKB-65986723,expected,OPENED,27-09-2026 02:57,Arvind Bansal (DNCR)
27-09-2026,FMPC6533236357,KanjhawalaHub_DEL_PL,KRISHNA +919350060204,3636db419d204715,dispatched_to_mh,North,TRUEFLEX,1414611,TRUEFLEX,#N/A,MotherHub_YKB,FM BRSNR,KanjhawalaHub_DEL_PL,PH-ZO-DELYKB-65980904,expected,OPENED,27-09-2026 03:01,Arvind Bansal (DNCR)
27-09-2026,FMPC6533381610,IPextension_DEL_PL,Pehal Fashion Apparel +919205445201,42214298d8f34b90,dispatched_to_mh,North,TRUEFLEX,868596,TRUEFLEX,AslamChoudhary,MotherHub_YKB,FM BRSNR,IPextension_DEL_PL,PH-ZO-DELYKB-65977843,expected,OPENED,27-09-2026 04:45,Arvind Bansal (DNCR)
27-09-2026,FMPC6531671112,IPextension_DEL_PL,PLADA TRADERS +918860440513,bd39c157c5cf42d4,dispatched_to_mh,North,LMA,1.00E+11,We Innovate Business Solutions Pvt Ltd,Vijay KumarSharma,MotherHub_YKB,FM BRSNR,IPextension_DEL_PL,PH-ZO-DELYKB-65871301,expected,OPENED,27-09-2026 04:46,Arvind Bansal (DNCR)
27-09-2026,FMPC6533758580,KanjhawalaHub_DEL_PL,CHANDNI COLLECTION +918588934713,84d16c8a4827412f,dispatched_to_mh,North,LMA,1.00E+11,#N/A,#N/A,MotherHub_YKB,FM BRSNR,KanjhawalaHub_DEL_PL,PH-ZO-DELYKB-65940997,expected,OPENED,27-09-2026 03:16,Arvind Bansal (DNCR)
27-09-2026,FMPC6530429228,KanjhawalaHub_DEL_PL,BLINK BAG +917827915387,0e294d64b0fc4311,dispatched_to_mh,North,LMA,1.00E+11,Fastbeetle service,GulzarHusain,MotherHub_YKB,FM BRSNR,KanjhawalaHub_DEL_PL,PH-ZO-DELYKB-65983810,expected,OPENED,27-09-2026 00:41,Arvind Bansal (DNCR)
27-09-2026,FMPP4299767257,KanjhawalaHub_DEL_PL,ORIGINAL BASKET +919310105459,a59262f1a6414f80,dispatched_to_mh,North,TRUEFLEX,633567,TRUEFLEX,Rajesh,MotherHub_YKB,FM BRSNR,KanjhawalaHub_DEL_PL,PH-ZO-DELYKB-65971570,expected,OPENED,27-09-2026 03:31,Arvind Bansal (DNCR)
27-09-2026,FMPC6531520951,KanjhawalaHub_DEL_PL,A2Z CREATIONS +919953465120,40204aaa19e14f22,dispatched_to_mh,North,LMA,1.00E+11,#N/A,#N/A,MotherHub_YKB,FM BRSNR,KanjhawalaHub_DEL_PL,PH-ZO-DELYKB-65977764,expected,OPENED,27-09-2026 02:42,Arvind Bansal (DNCR)
27-09-2026,FMPP4300466906,KanjhawalaHub_DEL_PL,REDBERRY +919625605231,5af42b24c66a4a3f,dispatched_to_mh,North,LMA,1.00E+11,Fastbeetle service,GulzarHusain,MotherHub_YKB,FM BRSNR,KanjhawalaHub_DEL_PL,PH-ZO-DELYKB-65983801,expected,OPENED,27-09-2026 06:33,Arvind Bansal (DNCR)
27-09-2026,FMPC6532408528,MangolpuriHub_DEL_PL,ADITYA COLLECTION +919999702623,5d4577d364464ae7,dispatched_to_mh,North,TRUEFLEX,1397703,TRUEFLEX,#N/A,MotherHub_YKB,FM BRSNR,MangolpuriHub_DEL_PL,PH-ZO-DELYKB-65667967,expected,OPENED,27-09-2026 01:19,Arvind Bansal (DNCR)
27-09-2026,FMPC6532948620,MangolpuriHub_DEL_PL,SABIR TRADERS & CO. +918800212498,5b0ff0c5db8a4dda,dispatched_to_mh,North,LMA,1.00E+11,KDKN LOGISTICS SERVICES PVT LTD,KamalKant,MotherHub_YKB,FM BRSNR,MangolpuriHub_DEL_PL,PH-ZO-DELYKB-65983821,expected,OPENED,27-09-2026 02:30,Arvind Bansal (DNCR)
27-09-2026,FMPP4298906408,MangolpuriHub_DEL_PL,ZEPTEN LLP +917048909197,5b9c17095dd74fad,dispatched_to_mh,North,LMA,1.00E+11,KDKN LOGISTICS SERVICES PVT LTD,AnkitKumar,MotherHub_YKB,FM BRSNR,MangolpuriHub_DEL_PL,PH-ZO-DELYKB-65981501,expected,OPENED,27-09-2026 02:34,Arvind Bansal (DNCR)
27-09-2026,FMPP4300757314,MangolpuriHub_DEL_PL,MICRO INDUSTRIAL CORPORATION 9599599537,xp4dmcf99imkv5p8,dispatched_to_mh,North,LMA,1.00E+11,KDKN LOGISTICS SERVICES PVT LTD,AnkitKumar,MotherHub_YKB,FM BRSNR,MangolpuriHub_DEL_PL,PH-ZO-DELYKB-65943665,expected,OPENED,27-09-2026 02:43,Arvind Bansal (DNCR)
27-09-2026,FMPC6533901355,MangolpuriHub_DEL_PL,AMIT SHOES PVT. LTD. 9811822221,669263fdcebe4aab,dispatched_to_mh,North,LMA,1.00E+11,SHIFTWAY LOGISTICS PVT LTD,Aman,MotherHub_YKB,FM BRSNR,MangolpuriHub_DEL_PL,PH-ZO-DELYKB-65667975,expected,OPENED,27-09-2026 02:54,Arvind Bansal (DNCR)
27-09-2026,FMPC6530937847,MangolpuriHub_DEL_PL,SHERRIF SHOES +919811007705,d008bd88ec8740a9,dispatched_to_mh,North,LMA,1.00E+11,KDKN LOGISTICS SERVICES PVT LTD,Shubham,MotherHub_YKB,FM BRSNR,MangolpuriHub_DEL_PL,PH-ZO-DELYKB-65986242,expected,OPENED,27-09-2026 02:56,Arvind Bansal (DNCR)
27-09-2026,FMPC6531531005,MangolpuriHub_DEL_PL,MAHI ENTERPRISES +918796149645,5b958b9aaabb42e0,dispatched_to_mh,North,TRUEFLEX,693343,TRUEFLEX,SandeepSandeep,MotherHub_YKB,FM BRSNR,MangolpuriHub_DEL_PL,PH-ZO-DELYKB-65454265,expected,OPENED,27-09-2026 01:43,Arvind Bansal (DNCR)
27-09-2026,FMPC6531350713,MangolpuriHub_DEL_PL,GURU HEELS +919810212940,a289c578f4084d59,dispatched_to_mh,North,TRUEFLEX,749416,TRUEFLEX,SachinHarijan,MotherHub_YKB,FM BRSNR,MangolpuriHub_DEL_PL,PH-ZO-DELYKB-65109819,expected,OPENED,27-09-2026 01:42,Arvind Bansal (DNCR)
27-09-2026,FMPC6533351556,MangolpuriHub_DEL_PL,MICRO INDUSTRIAL CORPORATION 9599599537,xp4dmcf99imkv5p8,dispatched_to_mh,North,LMA,1.00E+11,KDKN LOGISTICS SERVICES PVT LTD,AnkitKumar,MotherHub_YKB,FM BRSNR,MangolpuriHub_DEL_PL,PH-ZO-DELYKB-65943678,expected,OPENED,27-09-2026 05:20,Arvind Bansal (DNCR)
27-09-2026,FMPC6531839381,MangolpuriHub_DEL_PL,NOYZEE FASHION +919650641380,5397c49c207047f5,dispatched_to_mh,North,LMA,1.00E+11,We Innovate Business Solutions Pvt Ltd,Dushyant KumarGond,MotherHub_YKB,FM BRSNR,MangolpuriHub_DEL_PL,PH-ZO-DELYKB-65983357,expected,OPENED,27-09-2026 01:32,Arvind Bansal (DNCR)
27-09-2026,FMPC6530436087,MangolpuriHub_DEL_PL,GINNI ENTERPRISES +918588083504,7d4ce64b864a473b,dispatched_to_mh,North,TRUEFLEX,592424,TRUEFLEX,ChotuKumar,MotherHub_YKB,FM BRSNR,MangolpuriHub_DEL_PL,PH-ZO-DELYKB-65901796,expected,OPENED,27-09-2026 02:48,Arvind Bansal (DNCR)
27-09-2026,FMPP4300524632,NehruPlaceHub_DEL_PL,N F EXPRESS +917428617485,fae4b766f9944fee,dispatched_to_mh,North,TRUEFLEX,982214,TRUEFLEX,#N/A,MotherHub_YKB,FM BRSNR,NehruPlaceHub_DEL_PL,PH-ZO-DELYKB-65969341,expected,OPENED,27-09-2026 03:08,Arvind Bansal (DNCR)
27-09-2026,FMPP4299380059,PaharganjHub_DEL_PL,M.S OPTICAL +919720089356,ed0df95e543140f2,dispatched_to_mh,North,LMA,1.00E+11,We Innovate Business Solutions Pvt Ltd,KunalKashyap,MotherHub_YKB,FM BRSNR,PaharganjHub_DEL_PL,PH-ZO-DELYKB-65968534,expected,OPENED,27-09-2026 02:33,Arvind Bansal (DNCR)
27-09-2026,FMPP4298910557,PaharganjHub_DEL_PL,GET DRESSED UP +919319519447,3727f850ed6a426d,dispatched_to_mh,North,TRUEFLEX,839309,TRUEFLEX,SantoshKumar,MotherHub_YKB,FM BRSNR,PaharganjHub_DEL_PL,PH-ZO-DELYKB-65970066,expected,OPENED,27-09-2026 06:33,Arvind Bansal (DNCR)
27-09-2026,FMPC6533392073,PaharganjHub_DEL_PL,EYWA TEXTILES +918076127564,4c3dfb00ff324ed2,dispatched_to_mh,North,TRUEFLEX,886670,TRUEFLEX,Ajay,MotherHub_YKB,FM BRSNR,PaharganjHub_DEL_PL,PH-ZO-DELYKB-65976977,expected,OPENED,27-09-2026 02:56,Arvind Bansal (DNCR)
27-09-2026,FMPP4299969198,MundkaHub_DEL_PL,R.K. ENTERPRISES +919999596082,a6a9c7acf7744c81,dispatched_to_mh,North,TRUEFLEX,932381,TRUEFLEX,DildarHusain,MotherHub_YKB,FM BRSNR,MundkaHub_DEL_PL,PH-ZO-DELYKB-65971376,expected,OPENED,26-09-2026 23:02,Arvind Bansal (DNCR)
27-09-2026,FMPP4300656858,Motibaghhub_DEL_PL,R S Enterprises +919205624154,c493560feed64fb3,dispatched_to_mh,North,LMA,1.00E+11,WERCATALYST VENTURES PVT LTD,Deepak,MotherHub_YKB,FM BRSNR,Motibaghhub_DEL_PL,PH-ZO-DELYKB-65858198,expected,OPENED,27-09-2026 04:35,Arvind Bansal (DNCR)
27-09-2026,FMPC6530437391,PaharganjHub_DEL_PL,ROYAL TRADERS +918287086786,5002656bd8174d1f,dispatched_to_mh,North,LMA,1.00E+11,#N/A,#N/A,MotherHub_YKB,FM BRSNR,PaharganjHub_DEL_PL,PH-ZO-DELYKB-65924728,expected,OPENED,27-09-2026 04:40,Arvind Bansal (DNCR)
27-09-2026,FMPP4299108270,PaharganjHub_DEL_PL,R. S. INNERWEAR +919711778646,2caef1927f234f2e,dispatched_to_mh,North,LMA,1.00E+11,We Innovate Business Solutions Pvt Ltd,RahulKumar,MotherHub_YKB,FM BRSNR,PaharganjHub_DEL_PL,PH-ZO-DELYKB-65968597,expected,OPENED,27-09-2026 02:37,Arvind Bansal (DNCR)
27-09-2026,FMPC6530766284,Motibaghhub_DEL_PL,GREEN INTERNET TECHNOLOGIES +919899477433,b12aae91d4db42cd,dispatched_to_mh,North,TRUEFLEX,981845,TRUEFLEX,#N/A,MotherHub_YKB,FM BRSNR,Motibaghhub_DEL_PL,PH-ZO-DELYKB-65971723,expected,OPENED,27-09-2026 04:31,Arvind Bansal (DNCR)
27-09-2026,FMPC6531481043,Motibaghhub_DEL_PL,SHOPBUCKET +919999030008,8b0c205cb3be407e,dispatched_to_mh,North,LMA,1.00E+11,Loadshare,Raj,MotherHub_YKB,FM BRSNR,Motibaghhub_DEL_PL,PH-ZO-DELYKB-65974687,expected,OPENED,27-09-2026 04:27,Arvind Bansal (DNCR)
27-09-2026,FMPP4300877467,NehruPlaceHub_DEL_PL,eightpetalledlotus +919999515020,91342491ea6b41f9,dispatched_to_mh,North,LMA,2195651,#N/A,#N/A,MotherHub_YKB,FM BRSNR,NehruPlaceHub_DEL_PL,PH-ZO-DELYKB-65710715,expected,OPENED,27-09-2026 00:28,Arvind Bansal (DNCR)
27-09-2026,FMPP4299185478,Motibaghhub_DEL_PL,A-ONE ENTERPRISES +918744064024,bd9b89b3b53a4eac,dispatched_to_mh,North,TRUEFLEX,893213,TRUEFLEX,AmitKumar,MotherHub_YKB,FM BRSNR,Motibaghhub_DEL_PL,PH-ZO-DELYKB-65968989,expected,OPENED,27-09-2026 02:00,Arvind Bansal (DNCR)
27-09-2026,FMPP4301115961,NajafgarhHub_DEL_PL,4in1 Infotech +918285598298,5b4b1d5fc36a4e6b,dispatched_to_mh,North,LMA,1.00E+11,Sitics,AbhoiRai,MotherHub_YKB,FM BRSNR,NajafgarhHub_DEL_PL,PH-ZO-DELYKB-65926704,expected,OPENED,27-09-2026 04:37,Arvind Bansal (DNCR)
27-09-2026,FMPP4301222044,MundkaHub_DEL_PL,Sapi'S Crafterina +917503945545,4830b8cd182d4f19,dispatched_to_mh,North,TRUEFLEX,929707,TRUEFLEX,AnukalpModanwal,MotherHub_YKB,FM BRSNR,MundkaHub_DEL_PL,PH-ZO-DELYKB-65984677,expected,OPENED,26-09-2026 23:19,Arvind Bansal (DNCR)
27-09-2026,FMPP4299896101,Motibaghhub_DEL_PL,S.M. ENTERPRISES +919711936677,8ac4fec70d7e4681,dispatched_to_mh,North,TRUEFLEX,893213,TRUEFLEX,AmitKumar,MotherHub_YKB,FM BRSNR,Motibaghhub_DEL_PL,PH-ZO-DELYKB-65969547,expected,OPENED,27-09-2026 01:55,Arvind Bansal (DNCR)
27-09-2026,FMPC6530099165,PaharganjHub_DEL_PL,GET DRESSED UP +919319519447,3727f850ed6a426d,dispatched_to_mh,North,TRUEFLEX,839309,TRUEFLEX,SantoshKumar,MotherHub_YKB,FM BRSNR,PaharganjHub_DEL_PL,PH-ZO-DELYKB-65970066,expected,OPENED,27-09-2026 06:33,Arvind Bansal (DNCR)
27-09-2026,FMPC6530340991,Motibaghhub_DEL_PL,AERTOXX +919643562724,263a8f2458074c92,received_at_mh,North,TRUEFLEX,893213,TRUEFLEX,AmitKumar,MotherHub_YKB,FM BRSNR,Motibaghhub_DEL_PL,PH-ZO-DELYKB-65969549,expected,OPENED,27-09-2026 01:57,Arvind Bansal (DNCR)
27-09-2026,FMPC6531754632,MundkaHub_DEL_PL,RADHE ENTERPRISES +918595147028,9fbe637b65d74768,dispatched_to_mh,North,LMA,1.00E+11,Watsoo,AmanKumar,MotherHub_YKB,FM BRSNR,MundkaHub_DEL_PL,PH-ZO-DELYKB-65928026,expected,OPENED,27-09-2026 02:14,Arvind Bansal (DNCR)
27-09-2026,FMPP4300484842,NehruPlaceHub_DEL_PL,INDOART NET +918285433070,faed7893e4534344,dispatched_to_mh,North,LMA,1.00E+11,Fastbeetle service,Hariom,MotherHub_YKB,FM BRSNR,NehruPlaceHub_DEL_PL,PH-ZO-DELYKB-65974294,expected,OPENED,27-09-2026 03:13,Arvind Bansal (DNCR)
27-09-2026,FMPC6531871224,NehruPlaceHub_DEL_PL,FOOKRE +919871957159,a321e162318c4bf5,dispatched_to_mh,North,LMA,1.00E+11,#N/A,#N/A,MotherHub_YKB,FM BRSNR,NehruPlaceHub_DEL_PL,PH-ZO-DELYKB-65972907,expected,OPENED,27-09-2026 03:03,Arvind Bansal (DNCR)
27-09-2026,FMPC6531856496,Motibaghhub_DEL_PL,Yash Enterprises +918400978100,cfd09f72961d4c75,dispatched_to_mh,North,LMA,1.00E+11,We Innovate Business Solutions Pvt Ltd,Abhishek,MotherHub_YKB,FM BRSNR,Motibaghhub_DEL_PL,PH-ZO-DELYKB-65930459,expected,OPENED,27-09-2026 01:43,Arvind Bansal (DNCR)
27-09-2026,FMPC6533398179,PaharganjHub_DEL_PL,mega shine sales corporation +919113465826,cf67c7095cdb4c9a,dispatched_to_mh,North,TRUEFLEX,947547,TRUEFLEX,#N/A,MotherHub_YKB,FM BRSNR,PaharganjHub_DEL_PL,PH-ZO-DELYKB-65972816,expected,OPENED,27-09-2026 04:58,Arvind Bansal (DNCR)
27-09-2026,FMPP4300577941,Motibaghhub_DEL_PL,GREEN INTERNET TECHNOLOGIES +919899477433,b12aae91d4db42cd,dispatched_to_mh,North,TRUEFLEX,981845,TRUEFLEX,#N/A,MotherHub_YKB,FM BRSNR,Motibaghhub_DEL_PL,PH-ZO-DELYKB-65971723,expected,OPENED,27-09-2026 04:31,Arvind Bansal (DNCR)
27-09-2026,FMPP4301273995,PaharganjHub_DEL_PL,Minsha Exports +918130755640,0478d228ba7a48c2,dispatched_to_mh,North,LMA,1.00E+11,RAMEZO ENTERPRISES,Sahil,MotherHub_YKB,FM BRSNR,PaharganjHub_DEL_PL,PH-ZO-DELYKB-65975917,expected,OPENED,27-09-2026 04:38,Arvind Bansal (DNCR)
27-09-2026,FMPC6532156418,PaharganjHub_DEL_PL,FILE NEST +919315792238,445183bc3bfd4faa,dispatched_to_mh,North,TRUEFLEX,682258,TRUEFLEX,ManjeetKumar,MotherHub_YKB,FM BRSNR,PaharganjHub_DEL_PL,PH-ZO-DELYKB-65973990,expected,OPENED,27-09-2026 02:34,Arvind Bansal (DNCR)
27-09-2026,FMPP4299041541,Motibaghhub_DEL_PL,LIFE LINE COMMUNICATION +919958080789,d33565950ded4f3e,dispatched_to_mh,North,LMA,1.00E+11,Fastbeetle service,MdShamim,MotherHub_YKB,FM BRSNR,Motibaghhub_DEL_PL,PH-ZO-DELYKB-65862353,expected,OPENED,27-09-2026 01:50,Arvind Bansal (DNCR)
27-09-2026,FMPC6533127765,PaharganjHub_DEL_PL,YASH ENTERPRISES +919716541114,98901f827dfc4d32,dispatched_to_mh,North,TRUEFLEX,947547,TRUEFLEX,#N/A,MotherHub_YKB,FM BRSNR,PaharganjHub_DEL_PL,PH-ZO-DELYKB-65833521,expected,OPENED,27-09-2026 04:58,Arvind Bansal (DNCR)
27-09-2026,FMPC6531008700,Motibaghhub_DEL_PL,GREEN INTERNET TECHNOLOGIES +919899477433,b12aae91d4db42cd,dispatched_to_mh,North,TRUEFLEX,981845,TRUEFLEX,#N/A,MotherHub_YKB,FM BRSNR,Motibaghhub_DEL_PL,PH-ZO-DELYKB-65971723,expected,OPENED,27-09-2026 04:31,Arvind Bansal (DNCR)
27-09-2026,FMPC6530090093,MundkaHub_DEL_PL,AKSHAJ TOOLS LLP +918287106386,4ecd33604d584e7f,dispatched_to_mh,North,TRUEFLEX,594226,TRUEFLEX,BabluKumar,MotherHub_YKB,FM BRSNR,MundkaHub_DEL_PL,PH-ZO-DELYKB-65982134,expected,OPENED,27-09-2026 02:13,Arvind Bansal (DNCR)
27-09-2026,FMPC6527316954,NehruPlaceHub_DEL_PL,Meraj and Company +918130270700,6c2557d16ae54396,dispatched_to_mh,North,LMA,1.00E+11,WHEELEY,VishalGupta,MotherHub_YKB,FM BRSNR,NehruPlaceHub_DEL_PL,PH-ZO-DELYKB-65995531,expected,OPENED,27-09-2026 02:54,Arvind Bansal (DNCR)
27-09-2026,FMPC6532033116,NajafgarhHub_DEL_PL,DHANESH ENTERPRISES +919599060083,724d19eb3dcd4194,dispatched_to_mh,North,LMA,1.00E+11,Sitics,AbhoiRai,MotherHub_YKB,FM BRSNR,NajafgarhHub_DEL_PL,PH-ZO-DELYKB-65974506,expected,OPENED,27-09-2026 05:24,Arvind Bansal (DNCR)
27-09-2026,FMPC6533801515,PaharganjHub_DEL_PL,RISE N BE ORIGINAL LIFESTYLE PRIVATE LIMITED 9873871855,ab3696b2b52e4364,dispatched_to_mh,North,TRUEFLEX,690928,TRUEFLEX,SunilKumar,MotherHub_YKB,FM BRSNR,PaharganjHub_DEL_PL,PH-ZO-DELYKB-65909771,expected,OPENED,27-09-2026 02:34,Arvind Bansal (DNCR)
27-09-2026,FMPP4299261622,NehruPlaceHub_DEL_PL,DESTINY APPAREL'S +919560653974,073e7c1a0b584537,dispatched_to_mh,North,LMA,1.00E+11,#N/A,#N/A,MotherHub_YKB,FM BRSNR,NehruPlaceHub_DEL_PL,PH-ZO-DELYKB-65972171,expected,OPENED,27-09-2026 03:10,Arvind Bansal (DNCR)
27-09-2026,FMPC6533708546,NajafgarhHub_DEL_PL,shaku Trading Company +919560922226,21e9f778c2c54de7,received_at_mh,North,LMA,1.00E+11,Sitics,AbhoiRai,MotherHub_YKB,FM BRSNR,NajafgarhHub_DEL_PL,PH-ZO-DELYKB-65693014,expected,OPENED,27-09-2026 03:09,Arvind Bansal (DNCR)
27-09-2026,FMPC6532965847,NehruPlaceHub_DEL_PL,TOY UNIVERSE AND DECO DREAMS +917836998062,8644f9cba2b54760,dispatched_to_mh,North,LMA,1.00E+11,#N/A,#N/A,MotherHub_YKB,FM BRSNR,NehruPlaceHub_DEL_PL,PH-ZO-DELYKB-65970337,expected,OPENED,27-09-2026 00:19,Arvind Bansal (DNCR)
27-09-2026,FMPC6530151416,NajafgarhHub_DEL_PL,F DIVYA LINK +918929129505,645f3d4194bc46d2,dispatched_to_mh,North,LMA,1.00E+11,Sitics,MdChand,MotherHub_YKB,FM BRSNR,NajafgarhHub_DEL_PL,PH-ZO-DELYKB-65965129,expected,OPENED,27-09-2026 02:11,Arvind Bansal (DNCR)
27-09-2026,FMPC6531281154,NajafgarhHub_DEL_PL,DHANESH ENTERPRISES +919599060083,724d19eb3dcd4194,dispatched_to_mh,North,LMA,1.00E+11,Sitics,AbhoiRai,MotherHub_YKB,FM BRSNR,NajafgarhHub_DEL_PL,PH-ZO-DELYKB-65974506,expected,OPENED,27-09-2026 05:24,Arvind Bansal (DNCR)
27-09-2026,FMPC6531104884,Motibaghhub_DEL_PL,DEAL INFOSYSTEM +918802341477,1512199d6d9f43a4,dispatched_to_mh,North,LMA,1.00E+11,WERCATALYST VENTURES PVT LTD,Deepak,MotherHub_YKB,FM BRSNR,Motibaghhub_DEL_PL,PH-ZO-DELYKB-65858198,expected,OPENED,27-09-2026 04:35,Arvind Bansal (DNCR)
27-09-2026,FMPC6531339421,PaharganjHub_DEL_PL,S-H POWER TOOLS +918882406443,c22b96f55c454c1d,received_at_mh,North,LMA,1.00E+11,#N/A,#N/A,MotherHub_YKB,FM BRSNR,PaharganjHub_DEL_PL,PH-ZO-DELYKB-65005578,expected,OPENED,27-09-2026 02:30,Arvind Bansal (DNCR)
27-09-2026,FMPC6530927942,NajafgarhHub_DEL_PL,Saifi & sons +918130387827,690d860a3b8f4dd0,received_at_mh,North,TRUEFLEX,590115,TRUEFLEX,DeepakKumar,MotherHub_YKB,FM BRSNR,NajafgarhHub_DEL_PL,PH-ZO-DELYKB-65842586,expected,OPENED,27-09-2026 04:41,Arvind Bansal (DNCR)
27-09-2026,FMPP4301060053,PaharganjHub_DEL_PL,R. S. INNERWEAR +919711778646,2caef1927f234f2e,dispatched_to_mh,North,LMA,1.00E+11,We Innovate Business Solutions Pvt Ltd,RahulKumar,MotherHub_YKB,FM BRSNR,PaharganjHub_DEL_PL,PH-ZO-DELYKB-65968597,expected,OPENED,27-09-2026 02:37,Arvind Bansal (DNCR)
27-09-2026,FMPC6533073915,MundkaHub_DEL_PL,PLEXUS ENTERPRISES +918595794415,ab0dfa01c7484d87,received_at_mh,North,TRUEFLEX,932381,TRUEFLEX,DildarHusain,MotherHub_YKB,FM BRSNR,MundkaHub_DEL_PL,PH-ZO-DELYKB-65832098,expected,OPENED,26-09-2026 23:01,Arvind Bansal (DNCR)
27-09-2026,FMPC6532791619,Motibaghhub_DEL_PL,Hitesh Enterprises +917011355439,8ccb27a0f28a4378,dispatched_to_mh,North,LMA,1.00E+11,#N/A,#N/A,MotherHub_YKB,FM BRSNR,Motibaghhub_DEL_PL,PH-ZO-DELYKB-65919512,expected,OPENED,27-09-2026 01:42,Arvind Bansal (DNCR)
27-09-2026,FMPP4298910778,PaharganjHub_DEL_PL,GET DRESSED UP +919319519447,3727f850ed6a426d,dispatched_to_mh,North,TRUEFLEX,839309,TRUEFLEX,SantoshKumar,MotherHub_YKB,FM BRSNR,PaharganjHub_DEL_PL,PH-ZO-DELYKB-65970066,expected,OPENED,27-09-2026 06:33,Arvind Bansal (DNCR)
27-09-2026,FMPC6532220765,MundkaHub_DEL_PL,KRISHNA TRADERS +919971807854,a63b1afba8d744d1,dispatched_to_mh,North,LMA,1.00E+11,Watsoo,AnilKumar,MotherHub_YKB,FM BRSNR,MundkaHub_DEL_PL,PH-ZO-DELYKB-65939512,expected,OPENED,27-09-2026 02:12,Arvind Bansal (DNCR)
27-09-2026,FMPP4301255454,MundkaHub_DEL_PL,Tail Mart Enterprises 8595198820,e1e2e1a3124345c0,dispatched_to_mh,North,LMA,1.00E+11,E2E LOGISTIC SOLUTION,Md.Annu,MotherHub_YKB,FM BRSNR,MundkaHub_DEL_PL,PH-ZO-DELYKB-65988655,expected,OPENED,26-09-2026 23:45,Arvind Bansal (DNCR)
27-09-2026,FMPP4300186575,MundkaHub_DEL_PL,R.K. METAL CRAFTS +918700822811,48900da8aa3d4945,dispatched_to_mh,North,TRUEFLEX,932381,TRUEFLEX,DildarHusain,MotherHub_YKB,FM BRSNR,MundkaHub_DEL_PL,PH-ZO-DELYKB-65971368,expected,OPENED,26-09-2026 23:04,Arvind Bansal (DNCR)
27-09-2026,FMPC6532473870,NehruPlaceHub_DEL_PL,AR GARMENTS +919971829323,6b48521c53414ce7,dispatched_to_mh,North,TRUEFLEX,982214,TRUEFLEX,#N/A,MotherHub_YKB,FM BRSNR,NehruPlaceHub_DEL_PL,PH-ZO-DELYKB-65969341,expected,OPENED,27-09-2026 03:08,Arvind Bansal (DNCR)
27-09-2026,FMPC6532630402,Motibaghhub_DEL_PL,Hitesh Enterprises +917011355439,8ccb27a0f28a4378,received_at_mh,North,LMA,1.00E+11,#N/A,#N/A,MotherHub_YKB,FM BRSNR,Motibaghhub_DEL_PL,PH-ZO-DELYKB-65919512,expected,OPENED,27-09-2026 01:42,Arvind Bansal (DNCR)
27-09-2026,FMPC6531151286,NehruPlaceHub_DEL_PL,TRUE TRADERS +919958704392,a23d7e77f0d14354,dispatched_to_mh,North,TRUEFLEX,982214,TRUEFLEX,#N/A,MotherHub_YKB,FM BRSNR,NehruPlaceHub_DEL_PL,PH-ZO-DELYKB-65969341,expected,OPENED,27-09-2026 03:08,Arvind Bansal (DNCR)
27-09-2026,FMPP4297592102,Motibaghhub_DEL_PL,SS TRADING COMPANY +917065911951,d3f661ad424f4d9f,dispatched_to_mh,North,LMA,1.00E+11,Greenteck Logistics and Mobility Pvt Ltd,Vikas,MotherHub_YKB,FM BRSNR,Motibaghhub_DEL_PL,PH-ZO-DELYKB-65898858,expected,OPENED,27-09-2026 04:23,Arvind Bansal (DNCR)
27-09-2026,FMPC6533204076,MundkaHub_DEL_PL,SSI TRADING COMPANY +919318481117,b9996ec6956247fe,dispatched_to_mh,North,LMA,1.00E+11,E2E LOGISTIC SOLUTION,Md.Annu,MotherHub_YKB,FM BRSNR,MundkaHub_DEL_PL,PH-ZO-DELYKB-65988665,expected,OPENED,27-09-2026 02:16,Arvind Bansal (DNCR)
27-09-2026,FMPP4298822411,MundkaHub_DEL_PL,SURAJ WASHING +918076379217,ffa16c3359404353,dispatched_to_mh,North,TRUEFLEX,770944,TRUEFLEX,AmitDass,MotherHub_YKB,FM BRSNR,MundkaHub_DEL_PL,PH-ZO-DELYKB-65972836,expected,OPENED,27-09-2026 02:20,Arvind Bansal (DNCR)
27-09-2026,FMPP4301251788,NehruPlaceHub_DEL_PL,MULTANI PHARMACEUTICALS LIMITED +918448088149,c035ba3bdcae491b,dispatched_to_mh,North,LMA,1.00E+11,#N/A,#N/A,MotherHub_YKB,FM BRSNR,NehruPlaceHub_DEL_PL,PH-ZO-DELYKB-65972054,expected,OPENED,27-09-2026 00:39,Arvind Bansal (DNCR)
27-09-2026,FMPP4301014067,PaharganjHub_DEL_PL,ROLEX ENTERPRISES +919891330851,57217f96f18b4df1,received_at_mh,North,LMA,1.00E+11,AADIYOGI LOGISTIC PRIVATE LIMITED,Alim,MotherHub_YKB,FM BRSNR,PaharganjHub_DEL_PL,PH-ZO-DELYKB-65971717,expected,OPENED,27-09-2026 02:38,Arvind Bansal (DNCR)
27-09-2026,FMPC6529458280,NehruPlaceHub_DEL_PL,TOY UNIVERSE AND DECO DREAMS +917836998062,8644f9cba2b54760,dispatched_to_mh,North,LMA,1.00E+11,#N/A,#N/A,MotherHub_YKB,FM BRSNR,NehruPlaceHub_DEL_PL,PH-ZO-DELYKB-65970337,expected,OPENED,27-09-2026 00:19,Arvind Bansal (DNCR)
27-09-2026,FMPP4300028734,MundkaHub_DEL_PL,PLEXUS ENTERPRISES +918595794415,ab0dfa01c7484d87,dispatched_to_mh,North,TRUEFLEX,932381,TRUEFLEX,DildarHusain,MotherHub_YKB,FM BRSNR,MundkaHub_DEL_PL,PH-ZO-DELYKB-65669355,expected,OPENED,26-09-2026 23:06,Arvind Bansal (DNCR)
27-09-2026,FMPC6530026496,MundkaHub_DEL_PL,RADHE ENTERPRISES +918595147028,9fbe637b65d74768,dispatched_to_mh,North,LMA,1.00E+11,Watsoo,AmanKumar,MotherHub_YKB,FM BRSNR,MundkaHub_DEL_PL,PH-ZO-DELYKB-65928026,expected,OPENED,27-09-2026 02:14,Arvind Bansal (DNCR)
27-09-2026,FMPC6530933044,Motibaghhub_DEL_PL,KHALSA ENGINEERING WORKS +919818928556,b84a14e289474c8d,dispatched_to_mh,North,LMA,1.00E+11,Greenteck Logistics and Mobility Pvt Ltd,Vikas,MotherHub_YKB,FM BRSNR,Motibaghhub_DEL_PL,PH-ZO-DELYKB-65898858,expected,OPENED,27-09-2026 04:23,Arvind Bansal (DNCR)
27-09-2026,FMPC6532075122,NehruPlaceHub_DEL_PL,DESTINY APPAREL'S +919560653974,073e7c1a0b584537,dispatched_to_mh,North,LMA,1.00E+11,#N/A,#N/A,MotherHub_YKB,FM BRSNR,NehruPlaceHub_DEL_PL,PH-ZO-DELYKB-65972171,expected,OPENED,27-09-2026 03:10,Arvind Bansal (DNCR)
27-09-2026,FMPC6530641072,Motibaghhub_DEL_PL,Hitesh Enterprises +917011355439,8ccb27a0f28a4378,received_at_mh,North,LMA,1.00E+11,#N/A,#N/A,MotherHub_YKB,FM BRSNR,Motibaghhub_DEL_PL,PH-ZO-DELYKB-65919512,expected,OPENED,27-09-2026 01:42,Arvind Bansal (DNCR)
27-09-2026,FMPC6532658559,Motibaghhub_DEL_PL,GREEN INTERNET TECHNOLOGIES +919899477433,b12aae91d4db42cd,dispatched_to_mh,North,TRUEFLEX,981845,TRUEFLEX,#N/A,MotherHub_YKB,FM BRSNR,Motibaghhub_DEL_PL,PH-ZO-DELYKB-65971723,expected,OPENED,27-09-2026 04:31,Arvind Bansal (DNCR)
27-09-2026,FMPP4298920277,Motibaghhub_DEL_PL,RAJENDERA ENTERPRISES +917838220530,6c60f017ae474b5f,dispatched_to_mh,North,LMA,1.00E+11,Greenteck Logistics and Mobility Pvt Ltd,Abhijeet KumarRay,MotherHub_YKB,FM BRSNR,Motibaghhub_DEL_PL,PH-ZO-DELYKB-65858839,expected,OPENED,27-09-2026 01:37,Arvind Bansal (DNCR)
27-09-2026,FMPC6531180758,MundkaHub_DEL_PL,DIVINE TECH 8287846589,1b8c19d79ac042ba,dispatched_to_mh,North,LMA,1.00E+11,E2E LOGISTIC SOLUTION,Md.Annu,MotherHub_YKB,FM BRSNR,MundkaHub_DEL_PL,PH-ZO-DELYKB-65988484,expected,OPENED,27-09-2026 00:33,Arvind Bansal (DNCR)
27-09-2026,FMPC6532553866,MundkaHub_DEL_PL,Sapi'S Crafterina +917503945545,4830b8cd182d4f19,dispatched_to_mh,North,TRUEFLEX,929707,TRUEFLEX,AnukalpModanwal,MotherHub_YKB,FM BRSNR,MundkaHub_DEL_PL,PH-ZO-DELYKB-65984677,expected,OPENED,26-09-2026 23:19,Arvind Bansal (DNCR)
27-09-2026,FMPC6531198325,PaharganjHub_DEL_PL,PRANAY INTERNATIONAL +918929962430,aec35c86b1d8476e,received_at_mh,North,TRUEFLEX,591438,TRUEFLEX,RAHUL KUMARMEHTO,MotherHub_YKB,FM BRSNR,PaharganjHub_DEL_PL,PH-ZO-DELYKB-65883883,expected,OPENED,27-09-2026 02:45,Arvind Bansal (DNCR)
27-09-2026,FMPC6532822735,Motibaghhub_DEL_PL,WOWSTORES ENTERPRISES +919818146409,1233880a23704cf5,dispatched_to_mh,North,TRUEFLEX,725822,TRUEFLEX,ROHITGUPTA,MotherHub_YKB,FM BRSNR,Motibaghhub_DEL_PL,PH-ZO-DELYKB-65925563,expected,OPENED,27-09-2026 04:33,Arvind Bansal (DNCR)
27-09-2026,FMPP4301204837,Motibaghhub_DEL_PL,Magic Collection +919312598918,a4bf70f06e5a4da9,dispatched_to_mh,North,LMA,4008195,#N/A,#N/A,MotherHub_YKB,FM BRSNR,Motibaghhub_DEL_PL,PH-ZO-DELYKB-62456996,expected,OPENED,27-09-2026 04:36,Arvind Bansal (DNCR)
27-09-2026,FMPP4299304525,MundkaHub_DEL_PL,BOOKFORD PUBLICATIONS PRIVATE LIMITED +917701888311,2e91da3be08543d5,dispatched_to_mh,North,TRUEFLEX,871686,TRUEFLEX,ShashankPandey,MotherHub_YKB,FM BRSNR,MundkaHub_DEL_PL,PH-ZO-DELYKB-65988087,expected,OPENED,27-09-2026 00:34,Arvind Bansal (DNCR)
27-09-2026,FMPC6530775646,PaharganjHub_DEL_PL,RK TRADING +918796670828,dff44a47e322429e,dispatched_to_mh,North,LMA,1.00E+11,#N/A,#N/A,MotherHub_YKB,FM BRSNR,PaharganjHub_DEL_PL,PH-ZO-DELYKB-65972110,expected,OPENED,27-09-2026 04:41,Arvind Bansal (DNCR)
27-09-2026,FMPP4301318164,NajafgarhHub_DEL_PL,Saifi & sons +918130387827,690d860a3b8f4dd0,received_at_mh,North,TRUEFLEX,590115,TRUEFLEX,DeepakKumar,MotherHub_YKB,FM BRSNR,NajafgarhHub_DEL_PL,PH-ZO-DELYKB-65842586,expected,OPENED,27-09-2026 04:41,Arvind Bansal (DNCR)
27-09-2026,FMPC6528022647,Motibaghhub_DEL_PL,NEQO SUPPORT +918860305405,c625cab17700454e,dispatched_to_mh,North,LMA,1.00E+11,Greenteck Logistics and Mobility Pvt Ltd,Abhijeet KumarRay,MotherHub_YKB,FM BRSNR,Motibaghhub_DEL_PL,PH-ZO-DELYKB-65858839,expected,OPENED,27-09-2026 01:37,Arvind Bansal (DNCR)
27-09-2026,FMPC6530099204,PaharganjHub_DEL_PL,GET DRESSED UP +919319519447,3727f850ed6a426d,dispatched_to_mh,North,TRUEFLEX,839309,TRUEFLEX,SantoshKumar,MotherHub_YKB,FM BRSNR,PaharganjHub_DEL_PL,PH-ZO-DELYKB-65970066,expected,OPENED,27-09-2026 06:33,Arvind Bansal (DNCR)
27-09-2026,FMPC6530503443,NehruPlaceHub_DEL_PL,TRAFAART +917827394503,6ef3520721594ebf,dispatched_to_mh,North,LMA,1.00E+11,Fastbeetle service,MujibAnsari,MotherHub_YKB,FM BRSNR,NehruPlaceHub_DEL_PL,PH-ZO-DELYKB-65969255,expected,OPENED,27-09-2026 00:27,Arvind Bansal (DNCR)
27-09-2026,FMPC6530437356,PaharganjHub_DEL_PL,ROYAL TRADERS +918287086786,5002656bd8174d1f,dispatched_to_mh,North,LMA,1.00E+11,#N/A,#N/A,MotherHub_YKB,FM BRSNR,PaharganjHub_DEL_PL,PH-ZO-DELYKB-65924728,expected,OPENED,27-09-2026 04:40,Arvind Bansal (DNCR)
27-09-2026,FMPC6533522860,MundkaHub_DEL_PL,SUPERFAB +919971114648,3863849fa7904252,dispatched_to_mh,North,LMA,1.00E+11,Watsoo,AnilKumar,MotherHub_YKB,FM BRSNR,MundkaHub_DEL_PL,PH-ZO-DELYKB-65983831,expected,OPENED,26-09-2026 22:53,Arvind Bansal (DNCR)
27-09-2026,FMPC6530618566,NehruPlaceHub_DEL_PL,SAFAR E VASTVIK +918292644940,1bb37c9f8ae74860,dispatched_to_mh,North,LMA,2195651,#N/A,#N/A,MotherHub_YKB,FM BRSNR,NehruPlaceHub_DEL_PL,PH-ZO-DELYKB-65995532,expected,OPENED,27-09-2026 02:57,Arvind Bansal (DNCR)
27-09-2026,FMPC6533426997,PaharganjHub_DEL_PL,M.S OPTICAL +919720089356,ed0df95e543140f2,dispatched_to_mh,North,LMA,1.00E+11,We Innovate Business Solutions Pvt Ltd,KunalKashyap,MotherHub_YKB,FM BRSNR,PaharganjHub_DEL_PL,PH-ZO-DELYKB-65857733,expected,OPENED,27-09-2026 02:34,Arvind Bansal (DNCR)
27-09-2026,FMPC6531932218,NehruPlaceHub_DEL_PL,ONMAS +919310827950,91097f462229494a,dispatched_to_mh,North,LMA,1.00E+11,#N/A,#N/A,MotherHub_YKB,FM BRSNR,NehruPlaceHub_DEL_PL,PH-ZO-DELYKB-65835591,expected,OPENED,27-09-2026 00:28,Arvind Bansal (DNCR)
27-09-2026,FMPP4301086414,NehruPlaceHub_DEL_PL,Techno Life India +919999483333,48123682350648c8,dispatched_to_mh,North,TRUEFLEX,606372,TRUEFLEX,MongalHaldar,MotherHub_YKB,FM BRSNR,NehruPlaceHub_DEL_PL,PH-ZO-DELYKB-63675583,expected,OPENED,27-09-2026 00:36,Arvind Bansal (DNCR)
27-09-2026,FMPC6533580538,Motibaghhub_DEL_PL,GREEN INTERNET TECHNOLOGIES +919899477433,b12aae91d4db42cd,dispatched_to_mh,North,TRUEFLEX,981845,TRUEFLEX,#N/A,MotherHub_YKB,FM BRSNR,Motibaghhub_DEL_PL,PH-ZO-DELYKB-65971723,expected,OPENED,27-09-2026 04:31,Arvind Bansal (DNCR)
27-09-2026,FMPC6530099185,PaharganjHub_DEL_PL,GET DRESSED UP +919319519447,3727f850ed6a426d,dispatched_to_mh,North,TRUEFLEX,839309,TRUEFLEX,SantoshKumar,MotherHub_YKB,FM BRSNR,PaharganjHub_DEL_PL,PH-ZO-DELYKB-65970066,expected,OPENED,27-09-2026 06:33,Arvind Bansal (DNCR)
27-09-2026,FMPC6533699365,NehruPlaceHub_DEL_PL,SK PRINTS +918527747933,b9272d1b797946a9,dispatched_to_mh,North,LMA,1.00E+11,WHEELEY,DhanjiBhardawaj,MotherHub_YKB,FM BRSNR,NehruPlaceHub_DEL_PL,PH-ZO-DELYKB-65942991,expected,OPENED,27-09-2026 00:30,Arvind Bansal (DNCR)
27-09-2026,FMPP4299268385,Motibaghhub_DEL_PL,S K STORE +918810252825,f64c2abfd9c64bc9,dispatched_to_mh,North,TRUEFLEX,731272,TRUEFLEX,RajaMehto,MotherHub_YKB,FM BRSNR,Motibaghhub_DEL_PL,PH-ZO-DELYKB-65973318,expected,OPENED,27-09-2026 02:13,Arvind Bansal (DNCR)
27-09-2026,FMPP4300857525,MundkaHub_DEL_PL,Shreenath Enterprises +919650130630,0dfa6c6c77f1465a,dispatched_to_mh,North,TRUEFLEX,758608,TRUEFLEX,Avnish,MotherHub_YKB,FM BRSNR,MundkaHub_DEL_PL,PH-ZO-DELYKB-65987623,expected,OPENED,26-09-2026 22:55,Arvind Bansal (DNCR)
27-09-2026,FMPC6530099011,PaharganjHub_DEL_PL,GET DRESSED UP +919319519447,3727f850ed6a426d,dispatched_to_mh,North,TRUEFLEX,839309,TRUEFLEX,SantoshKumar,MotherHub_YKB,FM BRSNR,PaharganjHub_DEL_PL,PH-ZO-DELYKB-65970066,expected,OPENED,27-09-2026 06:33,Arvind Bansal (DNCR)
27-09-2026,FMPP4299309663,Motibaghhub_DEL_PL,MEDMONGERS INC 9140086259,07d060bcc0f04588,dispatched_to_mh,North,LMA,1.00E+11,#N/A,#N/A,MotherHub_YKB,FM BRSNR,Motibaghhub_DEL_PL,PH-ZO-DELYKB-65861759,expected,OPENED,27-09-2026 01:37,Arvind Bansal (DNCR)
27-09-2026,FMPC6531331835,NehruPlaceHub_DEL_PL,Ak Printing Hub +917011493407,686303c7fd184bb2,dispatched_to_mh,North,LMA,1.00E+11,#N/A,#N/A,MotherHub_YKB,FM BRSNR,NehruPlaceHub_DEL_PL,PH-ZO-DELYKB-65995543,expected,OPENED,27-09-2026 04:51,Arvind Bansal (DNCR)
27-09-2026,FMPP4300594652,NajafgarhHub_DEL_PL,pikkme +919717531363,ac5abb1c93cd48aa,received_at_mh,North,LMA,1.00E+11,Greenteck Logistics and Mobility Pvt Ltd,Sangam SinghBhadauria,MotherHub_YKB,FM BRSNR,NajafgarhHub_DEL_PL,PH-ZO-DELYKB-65963751,expected,OPENED,27-09-2026 04:45,Arvind Bansal (DNCR)
27-09-2026,FMPC6533643824,MundkaHub_DEL_PL,Tail Mart Enterprises 8595198820,e1e2e1a3124345c0,dispatched_to_mh,North,LMA,1.00E+11,E2E LOGISTIC SOLUTION,Md.Annu,MotherHub_YKB,FM BRSNR,MundkaHub_DEL_PL,PH-ZO-DELYKB-65809702,expected,OPENED,27-09-2026 02:23,Arvind Bansal (DNCR)
27-09-2026,FMPC6532206567,PaharganjHub_DEL_PL,Sr Enterprises +917780699404,789403f9b8ea4e82,dispatched_to_mh,North,LMA,1.00E+11,#N/A,#N/A,MotherHub_YKB,FM BRSNR,PaharganjHub_DEL_PL,PH-ZO-DELYKB-65972103,expected,OPENED,27-09-2026 04:37,Arvind Bansal (DNCR)
27-09-2026,FMPP4301249926,MundkaHub_DEL_PL,Tail Mart Enterprises 8595198820,e1e2e1a3124345c0,dispatched_to_mh,North,LMA,1.00E+11,E2E LOGISTIC SOLUTION,Md.Annu,MotherHub_YKB,FM BRSNR,MundkaHub_DEL_PL,PH-ZO-DELYKB-65988655,expected,OPENED,26-09-2026 23:45,Arvind Bansal (DNCR)
27-09-2026,FMPC6532548250,NehruPlaceHub_DEL_PL,Geeta International +916398350348,6a1d1dee31264bca,dispatched_to_mh,North,TRUEFLEX,798046,TRUEFLEX,VikeshKaneriya,MotherHub_YKB,FM BRSNR,NehruPlaceHub_DEL_PL,PH-ZO-DELYKB-64532037,expected,OPENED,27-09-2026 03:00,Arvind Bansal (DNCR)
27-09-2026,FMPC6533580506,Motibaghhub_DEL_PL,GREEN INTERNET TECHNOLOGIES +919899477433,b12aae91d4db42cd,dispatched_to_mh,North,TRUEFLEX,981845,TRUEFLEX,#N/A,MotherHub_YKB,FM BRSNR,Motibaghhub_DEL_PL,PH-ZO-DELYKB-65971723,expected,OPENED,27-09-2026 04:31,Arvind Bansal (DNCR)
27-09-2026,FMPC6531707230,PaharganjHub_DEL_PL,HIND TRADING CO. +917303878279,2f108f156b074a4a,dispatched_to_mh,North,LMA,1.00E+11,We Innovate Business Solutions Pvt Ltd,RahulKumar,MotherHub_YKB,FM BRSNR,PaharganjHub_DEL_PL,PH-ZO-DELYKB-65968597,expected,OPENED,27-09-2026 02:37,Arvind Bansal (DNCR)
27-09-2026,FMPC6531218496,Motibaghhub_DEL_PL,REMCO INTERNATIONAL +919311591594,4d9ef05cf4554a6b,dispatched_to_mh,North,LMA,1.00E+11,Greenteck Logistics and Mobility Pvt Ltd,Abhijeet KumarRay,MotherHub_YKB,FM BRSNR,Motibaghhub_DEL_PL,PH-ZO-DELYKB-65898856,expected,OPENED,27-09-2026 04:25,Arvind Bansal (DNCR)
27-09-2026,FMPC6531041414,PaharganjHub_DEL_PL,R.S ENTERPRISES +919368074021,00fe594595df4a92,dispatched_to_mh,North,LMA,1.00E+11,We Innovate Business Solutions Pvt Ltd,RahulKumar,MotherHub_YKB,FM BRSNR,PaharganjHub_DEL_PL,PH-ZO-DELYKB-65968597,expected,OPENED,27-09-2026 02:37,Arvind Bansal (DNCR)
27-09-2026,FMPC6529036876,NehruPlaceHub_DEL_PL,Vemilio +919220481034,5ab4fb1ea06148e1,dispatched_to_mh,North,LMA,1.00E+11,WHEELEY,DhanjiBhardawaj,MotherHub_YKB,FM BRSNR,NehruPlaceHub_DEL_PL,PH-ZO-DELYKB-65978743,expected,OPENED,27-09-2026 02:55,Arvind Bansal (DNCR)
27-09-2026,FMPC6530099625,PaharganjHub_DEL_PL,GET DRESSED UP +919319519447,3727f850ed6a426d,dispatched_to_mh,North,TRUEFLEX,839309,TRUEFLEX,SantoshKumar,MotherHub_YKB,FM BRSNR,PaharganjHub_DEL_PL,PH-ZO-DELYKB-65970066,expected,OPENED,27-09-2026 06:33,Arvind Bansal (DNCR)
27-09-2026,FMPC6524161541,PaharganjHub_DEL_PL,JEWELSBAY +918700591183,fc4ce506eb234d0a,dispatched_to_mh,North,TRUEFLEX,690928,TRUEFLEX,SunilKumar,MotherHub_YKB,FM BRSNR,PaharganjHub_DEL_PL,PH-ZO-DELYKB-65976469,expected,OPENED,27-09-2026 04:53,Arvind Bansal (DNCR)
27-09-2026,FMPP4298935505,Motibaghhub_DEL_PL,Vishnu Versa Enterprises +919971401438,7e82d0282c1b4156,dispatched_to_mh,North,LMA,1.00E+11,Fastbeetle service,MdShamim,MotherHub_YKB,FM BRSNR,Motibaghhub_DEL_PL,PH-ZO-DELYKB-6568768,expected,OPENED,27-09-2026 04:24,Arvind Bansal (DNCR)
27-09-2026,FMPC6531588739,PaharganjHub_DEL_PL,Vijay Plastic Industries +919212091881,615863d74f3e4047,dispatched_to_mh,North,LMA,1.00E+11,We Innovate Business Solutions Pvt Ltd,RahulKumar,MotherHub_YKB,FM BRSNR,PaharganjHub_DEL_PL,PH-ZO-DELYKB-65999208,expected,OPENED,27-09-2026 02:33,Arvind Bansal (DNCR)
27-09-2026,FMPP4300852241,MundkaHub_DEL_PL,R.K. METAL CRAFTS +918700822811,48900da8aa3d4945,dispatched_to_mh,North,TRUEFLEX,932381,TRUEFLEX,DildarHusain,MotherHub_YKB,FM BRSNR,MundkaHub_DEL_PL,PH-ZO-DELYKB-65971370,expected,OPENED,26-09-2026 22:43,Arvind Bansal (DNCR)
27-09-2026,FMPC6533681754,Motibaghhub_DEL_PL,MEDMONGERS INC 9140086259,07d060bcc0f04588,dispatched_to_mh,North,LMA,1.00E+11,#N/A,#N/A,MotherHub_YKB,FM BRSNR,Motibaghhub_DEL_PL,PH-ZO-DELYKB-65861759,expected,OPENED,27-09-2026 01:37,Arvind Bansal (DNCR)
27-09-2026,FMPC6532779625,NehruPlaceHub_DEL_PL,STYVIBE FASHION LLP +917278360420,10a95523c37b460b,dispatched_to_mh,North,LMA,1.00E+11,#N/A,#N/A,MotherHub_YKB,FM BRSNR,NehruPlaceHub_DEL_PL,PH-ZO-DELYKB-65972907,expected,OPENED,27-09-2026 03:03,Arvind Bansal (DNCR)
27-09-2026,FMPP4299542355,Motibaghhub_DEL_PL,Hitesh Enterprises +917011355439,8ccb27a0f28a4378,dispatched_to_mh,North,LMA,1.00E+11,#N/A,#N/A,MotherHub_YKB,FM BRSNR,Motibaghhub_DEL_PL,PH-ZO-DELYKB-65919512,expected,OPENED,27-09-2026 01:42,Arvind Bansal (DNCR)
27-09-2026,FMPP4299416679,Motibaghhub_DEL_PL,ARandNJ +919650149669,51f1214a83194510,dispatched_to_mh,North,TRUEFLEX,1314450,TRUEFLEX,SaurabhSingh,MotherHub_YKB,FM BRSNR,Motibaghhub_DEL_PL,PH-ZO-DELYKB-65715662,expected,OPENED,27-09-2026 01:48,Arvind Bansal (DNCR)
27-09-2026,FMPC6532599406,NehruPlaceHub_DEL_PL,ONBICLE +918130696838,82142e59b9ee496c,received_at_mh,North,LMA,1.00E+11,WHEELEY,RavindarSingh,MotherHub_YKB,FM BRSNR,NehruPlaceHub_DEL_PL,PH-ZO-DELYKB-65972633,expected,OPENED,27-09-2026 00:28,Arvind Bansal (DNCR)
27-09-2026,FMPP4300505061,Motibaghhub_DEL_PL,GOURAV ENTERPRISES +919953499992,be1bf54a4a1d4bdd,dispatched_to_mh,North,TRUEFLEX,981845,TRUEFLEX,#N/A,MotherHub_YKB,FM BRSNR,Motibaghhub_DEL_PL,PH-ZO-DELYKB-65971723,expected,OPENED,27-09-2026 04:31,Arvind Bansal (DNCR)
27-09-2026,FMPC6533266182,PaharganjHub_DEL_PL,JUST RETAIL +919899262524,657d5332cf8a45d2,dispatched_to_mh,North,LMA,1.00E+11,#N/A,#N/A,MotherHub_YKB,FM BRSNR,PaharganjHub_DEL_PL,PH-ZO-DELYKB-65973166,expected,OPENED,27-09-2026 02:24,Arvind Bansal (DNCR)
27-09-2026,FMPC6531861621,MundkaHub_DEL_PL,MICRO INDUSTRIAL CORPORATION 9992890167,xp4dmcf99imkv5p8,dispatched_to_mh,North,LMA,1.00E+11,SMARDOCE SOLUTIONS PVT LTD,Abhishek,MotherHub_YKB,FM BRSNR,MundkaHub_DEL_PL,PH-ZO-DELYKB-65988321,expected,OPENED,27-09-2026 02:17,Arvind Bansal (DNCR)
27-09-2026,FMPP4299220173,PaharganjHub_DEL_PL,R. S. INNERWEAR +919711778646,2caef1927f234f2e,dispatched_to_mh,North,LMA,1.00E+11,We Innovate Business Solutions Pvt Ltd,RahulKumar,MotherHub_YKB,FM BRSNR,PaharganjHub_DEL_PL,PH-ZO-DELYKB-65968597,expected,OPENED,27-09-2026 02:37,Arvind Bansal (DNCR)
27-09-2026,FMPP4299445182,MundkaHub_DEL_PL,Sapi'S Crafterina +917503945545,4830b8cd182d4f19,dispatched_to_mh,North,TRUEFLEX,929707,TRUEFLEX,AnukalpModanwal,MotherHub_YKB,FM BRSNR,MundkaHub_DEL_PL,PH-ZO-DELYKB-65984677,expected,OPENED,26-09-2026 23:19,Arvind Bansal (DNCR)
27-09-2026,FMPC6529930626,Motibaghhub_DEL_PL,Pankaj payal garments +917453908251,a7e5ba39816945ac,dispatched_to_mh,North,LMA,1.00E+11,Greenteck Logistics and Mobility Pvt Ltd,Vikas,MotherHub_YKB,FM BRSNR,Motibaghhub_DEL_PL,PH-ZO-DELYKB-65898858,expected,OPENED,27-09-2026 04:23,Arvind Bansal (DNCR)
27-09-2026,FMPC6529983104,Motibaghhub_DEL_PL,Baboongo +919319655596,5c7674347e2d4d31,dispatched_to_mh,North,LMA,1.00E+11,Greenteck Logistics and Mobility Pvt Ltd,Abhijeet KumarRay,MotherHub_YKB,FM BRSNR,Motibaghhub_DEL_PL,PH-ZO-DELYKB-65858839,expected,OPENED,27-09-2026 01:37,Arvind Bansal (DNCR)
27-09-2026,FMPC6532936074,Motibaghhub_DEL_PL,Hitesh Enterprises +917011355439,8ccb27a0f28a4378,received_at_mh,North,LMA,1.00E+11,#N/A,#N/A,MotherHub_YKB,FM BRSNR,Motibaghhub_DEL_PL,PH-ZO-DELYKB-65919512,expected,OPENED,27-09-2026 01:42,Arvind Bansal (DNCR)
27-09-2026,FMPC6533683480,Motibaghhub_DEL_PL,IRC INNOVATIONS +919266514999,57302e0018d543b4,dispatched_to_mh,North,TRUEFLEX,725822,TRUEFLEX,ROHITGUPTA,MotherHub_YKB,FM BRSNR,Motibaghhub_DEL_PL,PH-ZO-DELYKB-65925562,expected,OPENED,27-09-2026 04:33,Arvind Bansal (DNCR)
27-09-2026,FMPC6531002370,Motibaghhub_DEL_PL,Hitesh Enterprises +917011355439,8ccb27a0f28a4378,dispatched_to_mh,North,LMA,1.00E+11,#N/A,#N/A,MotherHub_YKB,FM BRSNR,Motibaghhub_DEL_PL,PH-ZO-DELYKB-65919512,expected,OPENED,27-09-2026 01:42,Arvind Bansal (DNCR)
27-09-2026,FMPC6531869204,NehruPlaceHub_DEL_PL,TRUE TRADERS +919958704392,a23d7e77f0d14354,dispatched_to_mh,North,TRUEFLEX,982214,TRUEFLEX,#N/A,MotherHub_YKB,FM BRSNR,NehruPlaceHub_DEL_PL,PH-ZO-DELYKB-65969341,expected,OPENED,27-09-2026 03:08,Arvind Bansal (DNCR)
27-09-2026,FMPC6530661224,Motibaghhub_DEL_PL,Pankaj payal garments +917453908251,a7e5ba39816945ac,dispatched_to_mh,North,LMA,1.00E+11,Greenteck Logistics and Mobility Pvt Ltd,Vikas,MotherHub_YKB,FM BRSNR,Motibaghhub_DEL_PL,PH-ZO-DELYKB-65898858,expected,OPENED,27-09-2026 04:23,Arvind Bansal (DNCR)
27-09-2026,FMPP4300970524,PaharganjHub_DEL_PL,LOOKOUT FASHION +917827753701,e331877d447740ee,received_at_mh,North,TRUEFLEX,690928,TRUEFLEX,SunilKumar,MotherHub_YKB,FM BRSNR,PaharganjHub_DEL_PL,PH-ZO-DELYKB-65976463,expected,OPENED,27-09-2026 04:24,Arvind Bansal (DNCR)
27-09-2026,FMPP4299405711,PaharganjHub_DEL_PL,LOOKOUT FASHION +917827753701,e331877d447740ee,received_at_mh,North,TRUEFLEX,690928,TRUEFLEX,SunilKumar,MotherHub_YKB,FM BRSNR,PaharganjHub_DEL_PL,PH-ZO-DELYKB-65976464,expected,OPENED,27-09-2026 04:32,Arvind Bansal (DNCR)
27-09-2026,FMPP4300455723,MundkaHub_DEL_PL,SOLE MATE ENTERPRISES +919711142338,67099e80d526450a,dispatched_to_mh,North,TRUEFLEX,985603,TRUEFLEX,#N/A,MotherHub_YKB,FM BRSNR,MundkaHub_DEL_PL,PH-ZO-DELYKB-65986831,expected,OPENED,27-09-2026 00:46,Arvind Bansal (DNCR)
27-09-2026,FMPC6531637162,Motibaghhub_DEL_PL,HS ENTERPRISES +917701945736,be160c110e824c69,dispatched_to_mh,North,TRUEFLEX,893213,TRUEFLEX,AmitKumar,MotherHub_YKB,FM BRSNR,Motibaghhub_DEL_PL,PH-ZO-DELYKB-65893545,expected,OPENED,27-09-2026 01:43,Arvind Bansal (DNCR)
27-09-2026,FMPC6527321224,Pitampurahub_DEL_PL,OM PAPER PRODUCT +918459377071,76d9e102dd6f446d,dispatched_to_mh,North,LMA,1.00E+11,#N/A,#N/A,MotherHub_YKB,FM BRSNR,Pitampurahub_DEL_PL,PH-ZO-DELYKB-65710608,expected,OPENED,27-09-2026 01:50,Arvind Bansal (DNCR)
27-09-2026,FMPC6530439942,SahibabadHub_DEL_PL,V.M. TRADERS +917500449739,8c42159fcf6243b1,dispatched_to_mh,North,TRUEFLEX,590494,TRUEFLEX,AMIT,MotherHub_YKB,FM BRSNR,SahibabadHub_DEL_PL,PH-ZO-DELYKB-65905211,expected,OPENED,27-09-2026 04:39,Arvind Bansal (DNCR)
27-09-2026,FMPP4299034044,Pitampurahub_DEL_PL,SANDHYYA +918368083758,d7e8972e44af400a,dispatched_to_mh,North,LMA,1.00E+11,RAMEZO ENTERPRISES,Rohit,MotherHub_YKB,FM BRSNR,Pitampurahub_DEL_PL,PH-ZO-DELYKB-65776017,expected,OPENED,27-09-2026 01:27,Arvind Bansal (DNCR)
27-09-2026,FMPC6530568447,Pitampurahub_DEL_PL,S.R.P ENTERPRISES +918287088576,f5c59d8fca894911,received_at_mh,North,LMA,1.00E+11,Greenteck Logistics and Mobility Pvt Ltd,AyushKumar,MotherHub_YKB,FM BRSNR,Pitampurahub_DEL_PL,PH-ZO-DELYKB-65886741,expected,OPENED,27-09-2026 01:32,Arvind Bansal (DNCR)
27-09-2026,FMPP4300770376,SahibabadHub_DEL_PL,lp enterprise +918868811976,6bb7a40711d74cf8,dispatched_to_mh,North,TRUEFLEX,593567,TRUEFLEX,Sheetal,MotherHub_YKB,FM BRSNR,SahibabadHub_DEL_PL,PH-ZO-DELYKB-65981696,expected,OPENED,27-09-2026 05:24,Arvind Bansal (DNCR)
27-09-2026,FMPP4298929010,SahibabadHub_DEL_PL,PRO EDGE E-RETAIL +917827662727,78be50c7c5284885,dispatched_to_mh,North,LMA,1.00E+11,Greenteck Logistics and Mobility Pvt Ltd,SawanKumar,MotherHub_YKB,FM BRSNR,SahibabadHub_DEL_PL,PH-ZO-DELYKB-65974854,expected,OPENED,27-09-2026 05:00,Arvind Bansal (DNCR)
27-09-2026,FMPC6533688622,Pitampurahub_DEL_PL,EASYSHOP OVERSEAS +919555107729,3b37e092307a47d2,dispatched_to_mh,North,LMA,1.00E+11,#N/A,#N/A,MotherHub_YKB,FM BRSNR,Pitampurahub_DEL_PL,PH-ZO-DELYKB-65984156,expected,OPENED,27-09-2026 01:34,Arvind Bansal (DNCR)
27-09-2026,FMPP4299314024,SahibabadHub_DEL_PL,Ridiitcreation +918700103896,303004bfa0fd4c51,dispatched_to_mh,North,TRUEFLEX,600449,TRUEFLEX,PushpendraRajak,MotherHub_YKB,FM BRSNR,SahibabadHub_DEL_PL,PH-ZO-DELYKB-65931703,expected,OPENED,27-09-2026 05:04,Arvind Bansal (DNCR)
27-09-2026,FMPC6530933576,SahibabadHub_DEL_PL,JOY OF JEWELS +917300510766,eb2b8d662b634d96,dispatched_to_mh,North,EKART,3284676,EKART,,MotherHub_YKB,FM BRSNR,SahibabadHub_DEL_PL,PH-ZO-DELYKB-65936314,expected,OPENED,27-09-2026 06:32,Arvind Bansal (DNCR)
27-09-2026,FMPC6531367877,Rohinihub_DEL_PL,M/S NARAYAN TRADERS +919311020075,b7e2fa3a0b8c45e0,dispatched_to_mh,North,TRUEFLEX,717877,TRUEFLEX,GauravKumar,MotherHub_YKB,FM BRSNR,Rohinihub_DEL_PL,PH-ZO-DELYKB-65956373,expected,OPENED,27-09-2026 02:15,Arvind Bansal (DNCR)
27-09-2026,FMPP4300061058,SahibabadHub_DEL_PL,MARK E-COMM +919599882734,8e53515ccd264653,dispatched_to_mh,North,LMA,1.00E+11,Greenteck Logistics and Mobility Pvt Ltd,SawanKumar,MotherHub_YKB,FM BRSNR,SahibabadHub_DEL_PL,PH-ZO-DELYKB-65974854,expected,OPENED,27-09-2026 05:00,Arvind Bansal (DNCR)
27-09-2026,FMPP4299728466,SahibabadHub_DEL_PL,PRO EDGE E-RETAIL +917827662727,78be50c7c5284885,dispatched_to_mh,North,LMA,1.00E+11,Greenteck Logistics and Mobility Pvt Ltd,SawanKumar,MotherHub_YKB,FM BRSNR,SahibabadHub_DEL_PL,PH-ZO-DELYKB-65974854,expected,OPENED,27-09-2026 05:00,Arvind Bansal (DNCR)
27-09-2026,FMPC6533713882,Ramaroadhub_DEL_PL,JSR ENTERPRISES +917011511498,29cea7774c7a48f6,received_at_mh,North,LMA,1.00E+11,#N/A,#N/A,MotherHub_YKB,FM BRSNR,Ramaroadhub_DEL_PL,PH-ZO-DELYKB-65963774,expected,OPENED,27-09-2026 01:01,Arvind Bansal (DNCR)
27-09-2026,FMPP4298465197,Pitampurahub_DEL_PL,Vartika Hub +918448654585,2488dff81d5340bb,dispatched_to_mh,North,LMA,1.00E+11,RAMEZO ENTERPRISES,Rohit,MotherHub_YKB,FM BRSNR,Pitampurahub_DEL_PL,PH-ZO-DELYKB-65776017,expected,OPENED,27-09-2026 01:27,Arvind Bansal (DNCR)
27-09-2026,FMPC6530393692,Pitampurahub_DEL_PL,SK TRADERS +917982374571,4f20f2ff8112418a,received_at_mh,North,TRUEFLEX,803355,TRUEFLEX,ManishKumar,MotherHub_YKB,FM BRSNR,Pitampurahub_DEL_PL,PH-ZO-DELYKB-65954875,expected,OPENED,27-09-2026 01:33,Arvind Bansal (DNCR)
27-09-2026,FMPC6533659643,SahibabadHub_DEL_PL,D & Y Retails +919999825433,6f7628a8872c41e4,dispatched_to_mh,North,TRUEFLEX,593567,TRUEFLEX,Sheetal,MotherHub_YKB,FM BRSNR,SahibabadHub_DEL_PL,PH-ZO-DELYKB-65981715,expected,OPENED,27-09-2026 05:25,Arvind Bansal (DNCR)
27-09-2026,FMPP4301164221,Rohinihub_DEL_PL,YASH ENTERPRISES +919910472671,62491e4bb91c4c6e,dispatched_to_mh,North,LMA,1.00E+11,#N/A,#N/A,MotherHub_YKB,FM BRSNR,Rohinihub_DEL_PL,PH-ZO-DELYKB-65946379,expected,OPENED,27-09-2026 01:35,Arvind Bansal (DNCR)
27-09-2026,FMPC6532228153,Pitampurahub_DEL_PL,A H Enterprises +919718422523,f6909afa4dce4fc2,dispatched_to_mh,North,LMA,1.00E+11,#N/A,#N/A,MotherHub_YKB,FM BRSNR,Pitampurahub_DEL_PL,PH-ZO-DELYKB-65917196,expected,OPENED,27-09-2026 02:13,Arvind Bansal (DNCR)
27-09-2026,FMPC6528125267,PrahladPur_DEL_PL,TOMATO STYLE +918700271686,d94cc87a50c448f3,dispatched_to_mh,North,LMA,1.00E+11,Greenteck Logistics and Mobility Pvt Ltd,Ganesh,MotherHub_YKB,FM BRSNR,PrahladPur_DEL_PL,PH-ZO-DELYKB-65483896,expected,OPENED,26-09-2026 23:49,Arvind Bansal (DNCR)
27-09-2026,FMPC6530874771,PrahladPur_DEL_PL,JANGALEE INDUSTRIES +917303598523,a8d3836cb9a442c2,dispatched_to_mh,North,LMA,1.00E+11,#N/A,#N/A,MotherHub_YKB,FM BRSNR,PrahladPur_DEL_PL,PH-ZO-DELYKB-65986185,expected,OPENED,27-09-2026 05:47,Arvind Bansal (DNCR)
27-09-2026,FMPP4299205129,Ramaroadhub_DEL_PL,ALLEYSTRAP COLLECTION +918650989944,d899329d65364816,dispatched_to_mh,North,LMA,1.00E+11,#N/A,#N/A,MotherHub_YKB,FM BRSNR,Ramaroadhub_DEL_PL,PH-ZO-DELYKB-65967120,expected,OPENED,27-09-2026 00:49,Arvind Bansal (DNCR)
27-09-2026,FMPC6533909597,PrahladPur_DEL_PL,RAJAT AGGARWAL COLLECTION +919650348165,5de67c7519a348c4,dispatched_to_mh,North,LMA,1.00E+11,Greenteck Logistics and Mobility Pvt Ltd,MohdAtik,MotherHub_YKB,FM BRSNR,PrahladPur_DEL_PL,PH-ZO-DELYKB-65949844,expected,OPENED,27-09-2026 00:24,Arvind Bansal (DNCR)
27-09-2026,FMPP4301250998,SahibabadHub_DEL_PL,lp enterprise +918868811976,6bb7a40711d74cf8,received_at_mh,North,TRUEFLEX,593567,TRUEFLEX,Sheetal,MotherHub_YKB,FM BRSNR,SahibabadHub_DEL_PL,PH-ZO-DELYKB-65981696,expected,OPENED,27-09-2026 05:24,Arvind Bansal (DNCR)
27-09-2026,FMPP4295705840,Pitampurahub_DEL_PL,OM PAPER PRODUCT +918459377071,76d9e102dd6f446d,dispatched_to_mh,North,LMA,1.00E+11,#N/A,#N/A,MotherHub_YKB,FM BRSNR,Pitampurahub_DEL_PL,PH-ZO-DELYKB-65710608,expected,OPENED,27-09-2026 01:50,Arvind Bansal (DNCR)
27-09-2026,FMPC6533650306,SahibabadHub_DEL_PL,lp enterprise +918868811976,6bb7a40711d74cf8,received_at_mh,North,TRUEFLEX,593567,TRUEFLEX,Sheetal,MotherHub_YKB,FM BRSNR,SahibabadHub_DEL_PL,PH-ZO-DELYKB-65981696,expected,OPENED,27-09-2026 05:24,Arvind Bansal (DNCR)
27-09-2026,FMPC6532801553,Pitampurahub_DEL_PL,AIPL BRANDBUZZ LLP +919636436403,b546d6bbe3cd42fc,received_at_mh,North,TRUEFLEX,593735,TRUEFLEX,RahulKumar,MotherHub_YKB,FM BRSNR,Pitampurahub_DEL_PL,PH-ZO-DELYKB-65954923,expected,OPENED,27-09-2026 01:31,Arvind Bansal (DNCR)
27-09-2026,FMPC6507520168,Rohinihub_DEL_PL,GP PUBLICATION PRIVATE LIMITED +918802117189,f5dcf57b572d4567,dispatched_to_mh,North,TRUEFLEX,717877,TRUEFLEX,GauravKumar,MotherHub_YKB,FM BRSNR,Rohinihub_DEL_PL,PH-ZO-DELYKB-65669971,expected,OPENED,27-09-2026 09:23,Arvind Bansal (DNCR)
27-09-2026,FMPC6532833866,SahibabadHub_DEL_PL,VILRO ENTERPRISES +919999088005,5d9e720730214a32,dispatched_to_mh,North,LMA,1.00E+11,Vxpress,NiteshKumar,MotherHub_YKB,FM BRSNR,SahibabadHub_DEL_PL,PH-ZO-DELYKB-65746489,expected,OPENED,27-09-2026 05:24,Arvind Bansal (DNCR)
27-09-2026,FMPP4299831970,PrahladPur_DEL_PL,IRFAN GARMENTS +918802192700,4a44f5199be44761,dispatched_to_mh,North,LMA,1.00E+11,Fastbeetle service,FarmanMalik,MotherHub_YKB,FM BRSNR,PrahladPur_DEL_PL,PH-ZO-DELYKB-65483894,expected,OPENED,27-09-2026 05:11,Arvind Bansal (DNCR)
27-09-2026,FMPC6532380993,SahibabadHub_DEL_PL,fancy steps +918700707472,fpgp6dlqb9ahor5p,dispatched_to_mh,North,EKART,3835488,EKART,,MotherHub_YKB,FM BRSNR,SahibabadHub_DEL_PL,PH-ZO-DELYKB-65897549,expected,OPENED,27-09-2026 04:40,Arvind Bansal (DNCR)
27-09-2026,FMPC6532950622,SahibabadHub_DEL_PL,RELIABLE MARKETING +919911321145,36b6ecf3326447bd,dispatched_to_mh,North,TRUEFLEX,590054,TRUEFLEX,SunderSharma,MotherHub_YKB,FM BRSNR,SahibabadHub_DEL_PL,PH-ZO-DELYKB-65890325,expected,OPENED,27-09-2026 10:14,Arvind Bansal (DNCR)
27-09-2026,FMPP4299012273,SahibabadHub_DEL_PL,ASHTAVEDA WELLNESS LLP +918588853551,005f157973cd41bf,dispatched_to_mh,North,TRUEFLEX,593567,TRUEFLEX,Sheetal,MotherHub_YKB,FM BRSNR,SahibabadHub_DEL_PL,PH-ZO-DELYKB-65760805,expected,OPENED,27-09-2026 04:38,Arvind Bansal (DNCR)
27-09-2026,FMPP4298868825,Pitampurahub_DEL_PL,IRSHAD ENTERPRISES +918375914917,f106dc184cb14451,dispatched_to_mh,North,TRUEFLEX,593499,TRUEFLEX,VishalTyagi,MotherHub_YKB,FM BRSNR,Pitampurahub_DEL_PL,PH-ZO-DELYKB-65722422,expected,OPENED,27-09-2026 02:18,Arvind Bansal (DNCR)
27-09-2026,FMPC6533834658,Rohinihub_DEL_PL,Guruji Enterprises +919990000328,13aa0da5fc8c4b43,dispatched_to_mh,North,LMA,1.00E+11,WHEELEY,Nizam,MotherHub_YKB,FM BRSNR,Rohinihub_DEL_PL,PH-ZO-DELYKB-65981142,expected,OPENED,27-09-2026 01:40,Arvind Bansal (DNCR)
27-09-2026,FMPC6531046009,Pitampurahub_DEL_PL,S.R.P ENTERPRISES +918287088576,f5c59d8fca894911,received_at_mh,North,LMA,1.00E+11,Greenteck Logistics and Mobility Pvt Ltd,AyushKumar,MotherHub_YKB,FM BRSNR,Pitampurahub_DEL_PL,PH-ZO-DELYKB-65886741,expected,OPENED,27-09-2026 01:32,Arvind Bansal (DNCR)
27-09-2026,FMPC6530391215,PrahladPur_DEL_PL,S.S Hub +917505375058,7ac86363ddd34f41,dispatched_to_mh,North,LMA,3876274,#N/A,#N/A,MotherHub_YKB,FM BRSNR,PrahladPur_DEL_PL,PH-ZO-DELYKB-65908746,expected,OPENED,27-09-2026 05:32,Arvind Bansal (DNCR)
27-09-2026,FMPC6531844001,Rohinihub_DEL_PL,Om Krishna Enterprises +918796647825,e77b7f11f6af40cb,dispatched_to_mh,North,TRUEFLEX,647427,TRUEFLEX,Deepak,MotherHub_YKB,FM BRSNR,Rohinihub_DEL_PL,PH-ZO-DELYKB-65608232,expected,OPENED,27-09-2026 02:13,Arvind Bansal (DNCR)
27-09-2026,FMPC6530372533,Rohinihub_DEL_PL,Akrets +918920547743,38167d4084f34722,dispatched_to_mh,North,LMA,1.00E+11,We Innovate Business Solutions Pvt Ltd,Bharat,MotherHub_YKB,FM BRSNR,Rohinihub_DEL_PL,PH-ZO-DELYKB-65943638,expected,OPENED,27-09-2026 01:01,Arvind Bansal (DNCR)
27-09-2026,FMPC6531788378,SahibabadHub_DEL_PL,SKIER EXPORT AND IMPORT PRIVATE LIMITED +919560355759,c065f37b939e47f7,dispatched_to_mh,North,LMA,1.00E+11,Vxpress,NiteshKumar,MotherHub_YKB,FM BRSNR,SahibabadHub_DEL_PL,PH-ZO-DELYKB-65746486,expected,OPENED,27-09-2026 05:01,Arvind Bansal (DNCR)
27-09-2026,FMPC6530850470,SahibabadHub_DEL_PL,Rishimool +918006308440,31ef6dc188194164,received_at_mh,North,EKART,3284676,EKART,,MotherHub_YKB,FM BRSNR,SahibabadHub_DEL_PL,PH-ZO-DELYKB-65936314,expected,OPENED,27-09-2026 06:32,Arvind Bansal (DNCR)
27-09-2026,FMPC6528212942,Pitampurahub_DEL_PL,OM PAPER PRODUCT +918459377071,76d9e102dd6f446d,dispatched_to_mh,North,LMA,1.00E+11,#N/A,#N/A,MotherHub_YKB,FM BRSNR,Pitampurahub_DEL_PL,PH-ZO-DELYKB-65710608,expected,OPENED,27-09-2026 01:50,Arvind Bansal (DNCR)
27-09-2026,FMPP4299769725,Pitampurahub_DEL_PL,AMAY RETAIL INDIA PRIVATE LIMITED +919811112341,c65f071df1d74b03,dispatched_to_mh,North,TRUEFLEX,803355,TRUEFLEX,ManishKumar,MotherHub_YKB,FM BRSNR,Pitampurahub_DEL_PL,PH-ZO-DELYKB-65951297,expected,OPENED,27-09-2026 01:53,Arvind Bansal (DNCR)
27-09-2026,FMPC6532395241,Ramaroadhub_DEL_PL,INNOVATION ACCESSORIES +919899335322,e059c20140e44cd4,dispatched_to_mh,North,LMA,1.00E+11,AADIYOGI LOGISTIC PRIVATE LIMITED,RajKumar,MotherHub_YKB,FM BRSNR,Ramaroadhub_DEL_PL,PH-ZO-DELYKB-65970265,expected,OPENED,27-09-2026 05:23,Arvind Bansal (DNCR)
27-09-2026,FMPC6532969529,Rohinihub_DEL_PL,MONARCH BIZCOM IMPEX +919717343426,fa1ca362ce4e422d,dispatched_to_mh,North,LMA,1.00E+11,We Innovate Business Solutions Pvt Ltd,SONUKUMAR,MotherHub_YKB,FM BRSNR,Rohinihub_DEL_PL,PH-ZO-DELYKB-65965435,expected,OPENED,27-09-2026 00:55,Arvind Bansal (DNCR)
27-09-2026,FMPP4300229182,SahibabadHub_DEL_PL,PICCKOLA INTERNATIONAL +919310090240,94ff929b71244417,dispatched_to_mh,North,LMA,1.00E+11,Greenteck Logistics and Mobility Pvt Ltd,MunkadAli,MotherHub_YKB,FM BRSNR,SahibabadHub_DEL_PL,PH-ZO-DELYKB-65975980,expected,OPENED,27-09-2026 06:33,Arvind Bansal (DNCR)
27-09-2026,FMPP4300478306,Pitampurahub_DEL_PL,DR DERMIC CO +919599568504,3b221b0bb08d4908,dispatched_to_mh,North,LMA,1.00E+11,#N/A,#N/A,MotherHub_YKB,FM BRSNR,Pitampurahub_DEL_PL,PH-ZO-DELYKB-65983971,expected,OPENED,27-09-2026 01:33,Arvind Bansal (DNCR)
27-09-2026,FMPP4301110232,Pitampurahub_DEL_PL,SUHANI ENTERPRISES +919643751267,e82f434a22594995,dispatched_to_mh,North,TRUEFLEX,593499,TRUEFLEX,VishalTyagi,MotherHub_YKB,FM BRSNR,Pitampurahub_DEL_PL,PH-ZO-DELYKB-65722409,expected,OPENED,27-09-2026 02:04,Arvind Bansal (DNCR)
27-09-2026,FMPP4301406128,Pitampurahub_DEL_PL,Color Couture LLP +919911290073,6556a688770b4c86,dispatched_to_mh,North,TRUEFLEX,592563,TRUEFLEX,DileepKumar,MotherHub_YKB,FM BRSNR,Pitampurahub_DEL_PL,PH-ZO-DELYKB-65643971,expected,OPENED,27-09-2026 02:14,Arvind Bansal (DNCR)
27-09-2026,FMPP4301282037,Ramaroadhub_DEL_PL,SUNEJA ENGINEERING WORKS +919212844568,28314d5c4d4a49de,dispatched_to_mh,North,LMA,1.00E+11,WHEELEY,ShivamKumar,MotherHub_YKB,FM BRSNR,Ramaroadhub_DEL_PL,PH-ZO-DELYKB-65962429,expected,OPENED,27-09-2026 01:00,Arvind Bansal (DNCR)
27-09-2026,FMPC6527025097,PrahladPur_DEL_PL,A.I.R GARMENTS +919315733923,145da459fe94461f,dispatched_to_mh,North,LMA,1.00E+11,Greenteck Logistics and Mobility Pvt Ltd,Ganesh,MotherHub_YKB,FM BRSNR,PrahladPur_DEL_PL,PH-ZO-DELYKB-65949844,expected,OPENED,27-09-2026 00:24,Arvind Bansal (DNCR)
27-09-2026,FMPC6530776620,Pitampurahub_DEL_PL,crayon enterprises +918368343411,a73d47f8f1e84ef9,dispatched_to_mh,North,TRUEFLEX,803355,TRUEFLEX,ManishKumar,MotherHub_YKB,FM BRSNR,Pitampurahub_DEL_PL,PH-ZO-DELYKB-65714223,expected,OPENED,27-09-2026 01:31,Arvind Bansal (DNCR)
27-09-2026,FMPP4299971382,BallabhgarhHub_Del_PL,ADVIK ENTERPRISES +918810611799,ad648f3965b442bc,dispatched_to_mh,North,EKART,3238973,EKART,,Motherhub_JKS,FM BRSNR,BallabhgarhHub_Del_PL,PH-B2-DELJKS-43652115,expected,OPENED,27-09-2026 00:41,Arvind Bansal (DNCR)
27-09-2026,FMPC6530160900,BelghariaHub_KOL_PL,MUSICAL WORKS +919088145949,67c593b6799545dd,dispatched_to_mh,East,LMA,1.00E+11,#N/A,#N/A,Motherhub_ULB,FM BRSNR,BelghariaHub_KOL_PL,PH-B2-CCUULB-5223452,expected,OPENED,27-09-2026 02:31,Somnath G
27-09-2026,FMPC6531814315,BhankrotaHub_JAI_PL,ATHARV GLOBAL +918854041418,9c80b8d391174190,received_at_mh,North,LMA,1.00E+11,#N/A,#N/A,Motherhub_JAI_BTS,FM BRSNR,BhankrotaHub_JAI_PL,PH-B3-JAIBTS-23989790,expected,OPENED,26-09-2026 23:28,Akash Sharma
27-09-2026,FMPP4300105867,BallabhgarhHub_Del_PL,ADVIK ENTERPRISES +918810611799,ad648f3965b442bc,dispatched_to_mh,North,EKART,3238973,EKART,,Motherhub_JKS,FM BRSNR,BallabhgarhHub_Del_PL,PH-B2-DELJKS-43652115,expected,OPENED,27-09-2026 00:41,Arvind Bansal (DNCR)
27-09-2026,FMPC6529984280,BawanaHub_DEL_PL,CRAFTEC INDUSTRIES +919310694402,cea11d7386654e79,dispatched_to_mh,North,LMA,1.00E+11,WHEELEY,Ritik,Motherhub_JKS,FM BRSNR,BawanaHub_DEL_PL,PH-B2-DELJKS-43663319,expected,OPENED,27-09-2026 03:15,Arvind Bansal (DNCR)
27-09-2026,FMPC6533554010,BelghariaHub_KOL_PL,TWENTEEN ENTERPRISES +918100227605,0536ea3fa5f346ce,dispatched_to_mh,East,LMA,4346042,#N/A,#N/A,Motherhub_ULB,FM BRSNR,BelghariaHub_KOL_PL,PH-B1-CCUULB-5234410,expected,OPENED,27-09-2026 01:24,Somnath G
27-09-2026,FMPP4300647410,BallabhgarhHub_Del_PL,SHADANI INDIA PRIVATE LIMITED +918130650997,b36043a9937c40b2,dispatched_to_mh,North,LMA,1.00E+11,#N/A,#N/A,Motherhub_JKS,FM BRSNR,BallabhgarhHub_Del_PL,PH-B2-DELJKS-43633491,expected,OPENED,27-09-2026 00:43,Arvind Bansal (DNCR)
27-09-2026,FMPC6531006714,BallabhgarhHub_Del_PL,NOVA CREATIONS +919953866860,1a62bf9003034b2d,dispatched_to_mh,North,EKART,3940523,EKART,,Motherhub_JKS,FM BRSNR,BallabhgarhHub_Del_PL,PH-B2-DELJKS-43629252,expected,OPENED,27-09-2026 00:34,Arvind Bansal (DNCR)
27-09-2026,FMPC6530421701,BallabhgarhHub_Del_PL,Vadaany Innovation Labs +919911799300,150644f71c674e72,dispatched_to_mh,North,EKART,4185442,EKART,,Motherhub_JKS,FM BRSNR,BallabhgarhHub_Del_PL,PH-B2-DELJKS-43629146,expected,OPENED,27-09-2026 00:40,Arvind Bansal (DNCR)
27-09-2026,FMPC6528819883,BawanaHub_DEL_PL,JASCO ENTERPRISES +918879783726,07cb25ac5e744465,dispatched_to_mh,North,LMA,1.00E+11,WHEELEY,HansRaj,Motherhub_JKS,FM BRSNR,BawanaHub_DEL_PL,PH-B2-DELJKS-43661719,expected,OPENED,27-09-2026 03:13,Arvind Bansal (DNCR)
27-09-2026,FMPC6532063352,BelghariaHub_KOL_PL,Puja Creations +917278789924,feefb59bef3a4ac5,dispatched_to_mh,East,LMA,1.00E+11,#N/A,#N/A,Motherhub_ULB,FM BRSNR,BelghariaHub_KOL_PL,PH-B2-CCUULB-5279642,expected,OPENED,27-09-2026 01:06,Somnath G
27-09-2026,FMPC6532271707,DindoliHub_STV_PL,SAVANI TEXTILE INDUSTRIES PRIVATE LIMITED +919824130425,1c275e84978f4021,dispatched_to_mh,West,LMA,1.00E+11,#N/A,#N/A,MotherHub_STV_BTS,FM BRSNR,DindoliHub_STV_PL,PH-B2-SURBTS-23998683,expected,OPENED,27-09-2026 02:40,Ashvani Bhatt
27-09-2026,FMPP4300946933,DindoliHub_STV_PL,VM BOND +919979153952,27f16abe05994757,dispatched_to_mh,West,LMA,1.00E+11,#N/A,#N/A,MotherHub_STV_BTS,FM BRSNR,DindoliHub_STV_PL,PH-B6-SURBTS-25599585,expected,OPENED,26-09-2026 22:55,Ashvani Bhatt
27-09-2026,FMPC6531844986,DALHOUSIEHUB_KOL_PL,AGRO POWER TOOLS +916291801246,4bf1b1240b814236,dispatched_to_mh,East,LMA,1.00E+11,Vxpress,Suraj KumarDas,Motherhub_ULB,FM BRSNR,DALHOUSIEHUB_KOL_PL,PH-B2-CCUULB-5285101,expected,OPENED,27-09-2026 05:40,Somnath G
27-09-2026,FMPC6531970837,DindoliHub_STV_PL,OACHIRA FASHION +916354117822,891db3b029a1437f,dispatched_to_mh,West,LMA,1.00E+11,Shree Hari Logistics,Chaudhari AniketDileepbhai,MotherHub_STV_BTS,FM BRSNR,DindoliHub_STV_PL,PH-B2-SURBTS-25723203,expected,OPENED,27-09-2026 02:50,Ashvani Bhatt
27-09-2026,FMPC6532089442,DindoliHub_STV_PL,SHREE KANDHAL FASHION +919104507200,9cf4c27119324407,received_at_mh,West,LMA,1.00E+11,#N/A,#N/A,MotherHub_STV_BTS,FM BRSNR,DindoliHub_STV_PL,PH-B3-SURBTS-25716886,expected,OPENED,27-09-2026 00:18,Ashvani Bhatt
27-09-2026,FMPC6524958546,DhankawadiHub_PUNE_PL,Kitabmagic +919975189783,d371dd27fb9c4eb0,dispatched_to_mh,West,EKART,4131853,EKART,,MotherHub_PUNE,FM BRSNR,DhankawadiHub_PUNE_PL,PH-B3-PNQPNQ-4473110,expected,OPENED,26-09-2026 22:48,Swapnil Borgaonkar (MH)
27-09-2026,FMPC6530064870,DindoliHub_STV_PL,THE KEY COVER HUB +917237018843,e9baf40e7c0546d1,dispatched_to_mh,West,TRUEFLEX,4264162,TRUEFLEX,#N/A,MotherHub_STV_BTS,FM BRSNR,DindoliHub_STV_PL,PH-B6-SURBTS-25607558,expected,OPENED,26-09-2026 22:50,Ashvani Bhatt
27-09-2026,FMPC6533397023,DindoliHub_STV_PL,SHRIM +917861916563,91e66f4774734360,dispatched_to_mh,West,LMA,1.00E+11,#N/A,#N/A,MotherHub_STV_BTS,FM BRSNR,DindoliHub_STV_PL,PH-B2-SURBTS-25600669,expected,OPENED,27-09-2026 06:02,Ashvani Bhatt
27-09-2026,FMPC6530263160,DindoliHub_STV_PL,MANVIKA FASHION +917201810787,b4f09209787e4a1a,dispatched_to_mh,West,LMA,1.00E+11,#N/A,#N/A,MotherHub_STV_BTS,FM BRSNR,DindoliHub_STV_PL,PH-B2-SURBTS-25722520,expected,OPENED,27-09-2026 04:42,Ashvani Bhatt
27-09-2026,FMPP4299160790,DindoliHub_STV_PL,V FANCY +918866884162,e0fd24ce26ea4fd9,dispatched_to_mh,West,LMA,1.00E+11,#N/A,#N/A,MotherHub_STV_BTS,FM BRSNR,DindoliHub_STV_PL,PH-B3-SURBTS-25717392,expected,OPENED,27-09-2026 00:21,Ashvani Bhatt
27-09-2026,FMPC6531817782,DindoliHub_STV_PL,P R Trendz +919727896190,178fb06abf55418a,dispatched_to_mh,West,LMA,1.00E+11,#N/A,#N/A,MotherHub_STV_BTS,FM BRSNR,DindoliHub_STV_PL,PH-B1-SURBTS-25471769,expected,OPENED,26-09-2026 22:12,Ashvani Bhatt
27-09-2026,FMPP4299782130,DindoliHub_STV_PL,SHUBHAM ENTERPRISE +918980543882,0c2e778bb98c4958,dispatched_to_mh,West,LMA,1.00E+11,#N/A,#N/A,MotherHub_STV_BTS,FM BRSNR,DindoliHub_STV_PL,PH-B2-SURBTS-25716806,expected,OPENED,27-09-2026 00:18,Ashvani Bhatt
27-09-2026,FMPC6533602270,DindoliHub_STV_PL,JAGRUTI FASHION +918460082143,f3ccf90a8aae48bb,dispatched_to_mh,West,LMA,1.00E+11,#N/A,#N/A,MotherHub_STV_BTS,FM BRSNR,DindoliHub_STV_PL,PH-B6-SURBTS-24879645,expected,OPENED,27-09-2026 03:06,Ashvani Bhatt
27-09-2026,FMPP4299181014,DindoliHub_STV_PL,SUDARSHAN CREATION +919998163479,b61dee59a9844881,dispatched_to_mh,West,LMA,1.00E+11,#N/A,#N/A,MotherHub_STV_BTS,FM BRSNR,DindoliHub_STV_PL,PH-B2-SURBTS-25627140,expected,OPENED,27-09-2026 01:29,Ashvani Bhatt
27-09-2026,FMPP4300440558,DALHOUSIEHUB_KOL_PL,Hariom Store +917003321925,e27b5c05b3234bad,dispatched_to_mh,East,EKART,3959783,EKART,,Motherhub_ULB,FM BRSNR,DALHOUSIEHUB_KOL_PL,PH-B2-CCUULB-5285773,expected,OPENED,27-09-2026 01:15,Somnath G
27-09-2026,FMPP4300108476,DindoliHub_STV_PL,BHAGWATI FASHION +919377133006,5e4ba71dc2154fd8,received_at_mh,West,LMA,1.00E+11,#N/A,#N/A,MotherHub_STV_BTS,FM BRSNR,DindoliHub_STV_PL,PH-B3-8URBTS-25732042,expected,OPENED,27-09-2026 03:15,Ashvani Bhatt
27-09-2026,FMPC6530452784,DindoliHub_STV_PL,BAJRANGI ENTERPRISES +919318442114,b36b904611f0405e,dispatched_to_mh,West,LMA,1.00E+11,#N/A,#N/A,MotherHub_STV_BTS,FM BRSNR,DindoliHub_STV_PL,PH-B3-SURBTS-25678471,expected,OPENED,27-09-2026 04:46,Ashvani Bhatt
27-09-2026,FMPP4301148597,BijwasanHub_DEL_PL,Bhawna Enterprises +919667755335,ee51e71af833411c,dispatched_to_mh,North,LMA,1.00E+11,Loadshare,Pawan,Motherhub_JKS,FM BRSNR,BijwasanHub_DEL_PL,PH-B2-DELJKS-43535354,expected,OPENED,27-09-2026 05:49,Arvind Bansal (DNCR)
27-09-2026,FMPC6532095816,DindoliHub_STV_PL,SHREE RADHEY KRISHNA VENTURES +919978636805,3bb9854c38e14f00,dispatched_to_mh,West,LMA,1.00E+11,#N/A,#N/A,MotherHub_STV_BTS,FM BRSNR,DindoliHub_STV_PL,PH-B1-SURBTS-25392909,expected,OPENED,27-09-2026 06:06,Ashvani Bhatt
27-09-2026,FMPC6533515279,DhankawadiHub_PUNE_PL,Abdullabhai Abdulhusain and Sons +918668698115,46cb172b337a4425,dispatched_to_mh,West,TRUEFLEX,4343034,TRUEFLEX,#N/A,MotherHub_PUNE,FM BRSNR,DhankawadiHub_PUNE_PL,PH-B5-PNQPNQ-4467567,expected,OPENED,26-09-2026 22:57,Swapnil Borgaonkar (MH)
27-09-2026,FMPC6530476569,DindoliHub_STV_PL,SHREE KANDHAL FASHION +919104507200,9cf4c27119324407,received_at_mh,West,LMA,1.00E+11,#N/A,#N/A,MotherHub_STV_BTS,FM BRSNR,DindoliHub_STV_PL,PH-B1-SURBTS-25716764,expected,OPENED,27-09-2026 00:18,Ashvani Bhatt
27-09-2026,FMPC6531867505,DindoliHub_STV_PL,SHIV FASHION +919330311994,53a77e39171d4055,dispatched_to_mh,West,LMA,1.00E+11,#N/A,#N/A,MotherHub_STV_BTS,FM BRSNR,DindoliHub_STV_PL,PH-B2-SURBTS-25735087,expected,OPENED,27-09-2026 05:55,Ashvani Bhatt
27-09-2026,FMPC6532061742,DindoliHub_STV_PL,MAA ENTERPRISE +917698200953,b0663ba35a94486f,received_at_mh,West,LMA,1.00E+11,#N/A,#N/A,MotherHub_STV_BTS,FM BRSNR,DindoliHub_STV_PL,PH-B1-SURBTS-25716764,expected,OPENED,27-09-2026 00:18,Ashvani Bhatt
27-09-2026,FMPC6530390524,DhankawadiHub_PUNE_PL,GLOBAL ENTERPRISES +919766854094,b13a1bf458b54946,dispatched_to_mh,West,EKART,2340298,EKART,,MotherHub_PUNE,FM BRSNR,DhankawadiHub_PUNE_PL,PH-B1-PNQPNQ-4468439,expected,OPENED,26-09-2026 22:47,Swapnil Borgaonkar (MH)
27-09-2026,FMPC6532043127,DindoliHub_STV_PL,BAJRANGI ENTERPRISES +919318442114,b36b904611f0405e,dispatched_to_mh,West,LMA,1.00E+11,#N/A,#N/A,MotherHub_STV_BTS,FM BRSNR,DindoliHub_STV_PL,PH-B2-SURBTS-25678355,expected,OPENED,27-09-2026 04:45,Ashvani Bhatt
27-09-2026,FMPC6524926324,DindoliHub_STV_PL,SHIV FASHION +919330311994,53a77e39171d4055,dispatched_to_mh,West,LMA,1.00E+11,#N/A,#N/A,MotherHub_STV_BTS,FM BRSNR,DindoliHub_STV_PL,PH-B3-SURBTS-25735097,expected,OPENED,27-09-2026 05:56,Ashvani Bhatt
27-09-2026,FMPC6533397087,DindoliHub_STV_PL,SHRIM +917861916563,91e66f4774734360,dispatched_to_mh,West,LMA,1.00E+11,#N/A,#N/A,MotherHub_STV_BTS,FM BRSNR,DindoliHub_STV_PL,PH-B1-SURBTS-25600713,expected,REACHED,27-09-2026 06:11,Ashvani Bhatt
27-09-2026,FMPC6528400023,DindoliHub_STV_PL,GRIVA LIFESTYLE +919909775093,0bc6e6edb84f4afd,dispatched_to_mh,West,TRUEFLEX,600843,TRUEFLEX,Lavlesh,MotherHub_STV_BTS,FM BRSNR,DindoliHub_STV_PL,PH-B6-SURBTS-25693312,expected,OPENED,27-09-2026 00:06,Ashvani Bhatt
27-09-2026,FMPC6530815086,DindoliHub_STV_PL,V FANCY +918866884162,e0fd24ce26ea4fd9,dispatched_to_mh,West,LMA,1.00E+11,#N/A,#N/A,MotherHub_STV_BTS,FM BRSNR,DindoliHub_STV_PL,PH-B3-SURBTS-25717392,expected,OPENED,27-09-2026 00:21,Ashvani Bhatt
27-09-2026,FMPC6533437458,DindoliHub_STV_PL,WOOMS FASHION +919727152256,4c51b1ea50e24771,dispatched_to_mh,West,LMA,1.00E+11,#N/A,#N/A,MotherHub_STV_BTS,FM BRSNR,DindoliHub_STV_PL,PH-B6-SURBTS-25717307,expected,OPENED,27-09-2026 00:22,Ashvani Bhatt
27-09-2026,FMPP4299091899,DindoliHub_STV_PL,DIVINE ENTERPRISE +919925578771,a68b1b989ae84f25,received_at_mh,West,LMA,1.00E+11,#N/A,#N/A,MotherHub_STV_BTS,FM BRSNR,DindoliHub_STV_PL,PH-B1-SURBTS-25731946,expected,OPENED,27-09-2026 02:51,Ashvani Bhatt
27-09-2026,FMPC6530610918,DindoliHub_STV_PL,VAZPA +919081937324,0b2f5dc3569440f5,dispatched_to_mh,West,TRUEFLEX,998771,TRUEFLEX,#N/A,MotherHub_STV_BTS,FM BRSNR,DindoliHub_STV_PL,PH-B6-SURBTS-25711027,expected,OPENED,27-09-2026 01:18,Ashvani Bhatt
27-09-2026,FMPC6532048976,DindoliHub_STV_PL,M&R FASHION +919978753920,1801ee1400834f08,received_at_mh,West,LMA,1.00E+11,#N/A,#N/A,MotherHub_STV_BTS,FM BRSNR,DindoliHub_STV_PL,PH-B3-SURBTS-25732044,expected,OPENED,27-09-2026 02:40,Ashvani Bhatt
27-09-2026,FMPC6531477608,DindoliHub_STV_PL,AKSHAR+ +919558771314,c7cae92b801f4e89,dispatched_to_mh,West,LMA,1.00E+11,Loadshare,PatilMahendra,MotherHub_STV_BTS,FM BRSNR,DindoliHub_STV_PL,PH-B1-SURBTS-25560058,expected,OPENED,27-09-2026 05:49,Ashvani Bhatt
27-09-2026,FMPC6531952683,DindoliHub_STV_PL,KHATU SHYAM FASHION +919724966327,7225cb02645f4f87,dispatched_to_mh,West,LMA,1.00E+11,PROBITY LOGISTICS PRIVATE LIMITED,Maifuj YusufPathan,MotherHub_STV_BTS,FM BRSNR,DindoliHub_STV_PL,PH-B1-SURBTS-25668880,expected,OPENED,27-09-2026 06:31,Ashvani Bhatt
27-09-2026,FMPP4299491851,DindoliHub_STV_PL,SHREE SHYAM ENTERPRISE +916355461929,04410a9b5ba84d8d,dispatched_to_mh,West,TRUEFLEX,739580,TRUEFLEX,AbhishekKumar Dubey,MotherHub_STV_BTS,FM BRSNR,DindoliHub_STV_PL,PH-B6-SURBTS-25698649,expected,OPENED,26-09-2026 19:29,Ashvani Bhatt
27-09-2026,FMPC6531923056,DindoliHub_STV_PL,SK TEXTILE +919213627048,966528c7e6894431,dispatched_to_mh,West,LMA,1.00E+11,PROBITY LOGISTICS PRIVATE LIMITED,Mahesh Patil,MotherHub_STV_BTS,FM BRSNR,DindoliHub_STV_PL,PH-B3-SURBTS-25620990,expected,OPENED,27-09-2026 05:59,Ashvani Bhatt
27-09-2026,FMPC6530119086,DindoliHub_STV_PL,SHREE KANDHAL FASHION +919104507200,9cf4c27119324407,received_at_mh,West,LMA,1.00E+11,#N/A,#N/A,MotherHub_STV_BTS,FM BRSNR,DindoliHub_STV_PL,PH-B3-SURBTS-25716886,expected,OPENED,27-09-2026 00:18,Ashvani Bhatt
27-09-2026,FMPC6533584019,DindoliHub_STV_PL,YOGI ENTERPRISE +916354064515,b6d3159aea374974,received_at_mh,West,LMA,1.00E+11,#N/A,#N/A,MotherHub_STV_BTS,FM BRSNR,DindoliHub_STV_PL,PH-B3-SURBTS-25712963,expected,OPENED,26-09-2026 23:25,Ashvani Bhatt
27-09-2026,FMPC6531452673,DindoliHub_STV_PL,SAVAYO +919023403563,9aa27f2cade64e3c,dispatched_to_mh,West,LMA,1.00E+11,Princy Enterprise,PremSingh,MotherHub_STV_BTS,FM BRSNR,DindoliHub_STV_PL,PH-B3-SURBTS-25641514,expected,OPENED,27-09-2026 02:14,Ashvani Bhatt
27-09-2026,FMPC6533223582,DindoliHub_STV_PL,VM BOND +919979153952,27f16abe05994757,dispatched_to_mh,West,LMA,1.00E+11,#N/A,#N/A,MotherHub_STV_BTS,FM BRSNR,DindoliHub_STV_PL,PH-B2-SURBTS-25713089,expected,OPENED,26-09-2026 23:52,Ashvani Bhatt
27-09-2026,FMPP4299972580,DindoliHub_STV_PL,SHUBHAM ENTERPRISE +918980543882,0c2e778bb98c4958,dispatched_to_mh,West,LMA,1.00E+11,#N/A,#N/A,MotherHub_STV_BTS,FM BRSNR,DindoliHub_STV_PL,PH-B2-SURBTS-25716806,expected,OPENED,27-09-2026 00:18,Ashvani Bhatt
27-09-2026,FMPC6533602327,DindoliHub_STV_PL,JAGRUTI FASHION +918460082143,f3ccf90a8aae48bb,dispatched_to_mh,West,LMA,1.00E+11,#N/A,#N/A,MotherHub_STV_BTS,FM BRSNR,DindoliHub_STV_PL,PH-B6-SURBTS-24879645,expected,OPENED,27-09-2026 03:06,Ashvani Bhatt
27-09-2026,FMPC6533059194,BijwasanHub_DEL_PL,GLAZR +919540122153,2ac24dbc1e524213,dispatched_to_mh,North,LMA,1.00E+11,Greenteck Logistics and Mobility Pvt Ltd,RohanKumar,Motherhub_JKS,FM BRSNR,BijwasanHub_DEL_PL,PH-B2-DELJKS-43533009,expected,OPENED,27-09-2026 05:44,Arvind Bansal (DNCR)
27-09-2026,FMPC6532778637,DindoliHub_STV_PL,VAJIBA FASHION +918980155944,fcaf5244f87044a7,dispatched_to_mh,West,LMA,1.00E+11,#N/A,#N/A,MotherHub_STV_BTS,FM BRSNR,DindoliHub_STV_PL,PH-B2-SURBTS-25678698,expected,OPENED,27-09-2026 02:28,Ashvani Bhatt
27-09-2026,FMPC6531857999,DindoliHub_STV_PL,VISHWAKARMA TEXTILE +917046406179,b77e9d4601fa434b,received_at_mh,West,LMA,1.00E+11,Shree Hari Logistics,Chaudhari AniketDileepbhai,MotherHub_STV_BTS,FM BRSNR,DindoliHub_STV_PL,PH-B6-SURSUR-19493231,expected,OPENED,27-09-2026 05:31,Ashvani Bhatt
27-09-2026,FMPP4300395443,DindoliHub_STV_PL,SHRIM +917861916563,91e66f4774734360,dispatched_to_mh,West,LMA,1.00E+11,#N/A,#N/A,MotherHub_STV_BTS,FM BRSNR,DindoliHub_STV_PL,PH-B1-SURBTS-25600714,expected,OPENED,27-09-2026 06:20,Ashvani Bhatt
27-09-2026,FMPC6531990962,DindoliHub_STV_PL,SWASTIK TEXTILE +919978008517,96bea57e530741b2,received_at_mh,West,LMA,1.00E+11,#N/A,#N/A,MotherHub_STV_BTS,FM BRSNR,DindoliHub_STV_PL,PH-B3-SURBTS-25598767,expected,OPENED,26-09-2026 22:11,Ashvani Bhatt
27-09-2026,FMPP4299241231,DindoliHub_STV_PL,GROWMORE CREATION +916354033042,de297ceaf26d4c49,dispatched_to_mh,West,LMA,1.00E+11,#N/A,#N/A,MotherHub_STV_BTS,FM BRSNR,DindoliHub_STV_PL,PH-B1-SURBTS-25634095,expected,OPENED,27-09-2026 01:20,Ashvani Bhatt
27-09-2026,FMPC6531312799,DindoliHub_STV_PL,SAVANI TEXTILE INDUSTRIES PRIVATE LIMITED +919824130425,1c275e84978f4021,dispatched_to_mh,West,LMA,1.00E+11,#N/A,#N/A,MotherHub_STV_BTS,FM BRSNR,DindoliHub_STV_PL,PH-B6-SURBTS-25259120,expected,OPENED,27-09-2026 02:38,Ashvani Bhatt
27-09-2026,FMPC6532460773,DindoliHub_STV_PL,SAVANI TEXTILE INDUSTRIES PRIVATE LIMITED +919824130425,1c275e84978f4021,dispatched_to_mh,West,LMA,1.00E+11,#N/A,#N/A,MotherHub_STV_BTS,FM BRSNR,DindoliHub_STV_PL,PH-B6-SURBTS-25259120,expected,OPENED,27-09-2026 02:38,Ashvani Bhatt
27-09-2026,FMPC6528520403,DindoliHub_STV_PL,KAPANKU +919409012087,252858cfa35143cf,dispatched_to_mh,West,LMA,1.00E+11,#N/A,#N/A,MotherHub_STV_BTS,FM BRSNR,DindoliHub_STV_PL,PH-B6-SURBTS-25680084,expected,OPENED,27-09-2026 06:04,Ashvani Bhatt
27-09-2026,FMPC6530649702,DindoliHub_STV_PL,MAURYA ENTERPRISE +919278325272,b8e34a3904d24ea0,received_at_seller,West,LMA,1.00E+11,Shree Hari Logistics,Shirsikar GaneshVinod,MotherHub_STV_BTS,FM BRSNR,DindoliHub_STV_PL,PH-B2-SURBTS-25723202,expected,OPENED,27-09-2026 01:36,Ashvani Bhatt
27-09-2026,FMPC6532976052,DALHOUSIEHUB_KOL_PL,AGRO POWER TOOLS +916291801246,4bf1b1240b814236,dispatched_to_mh,East,LMA,1.00E+11,Vxpress,Suraj KumarDas,Motherhub_ULB,FM BRSNR,DALHOUSIEHUB_KOL_PL,PH-B2-CCUULB-5285101,expected,OPENED,27-09-2026 05:40,Somnath G
27-09-2026,FMPC6530321109,DindoliHub_STV_PL,V FANCY +918866884162,e0fd24ce26ea4fd9,dispatched_to_mh,West,LMA,1.00E+11,#N/A,#N/A,MotherHub_STV_BTS,FM BRSNR,DindoliHub_STV_PL,PH-B6-SURBTS-25717307,expected,OPENED,27-09-2026 00:22,Ashvani Bhatt
27-09-2026,FMPC6532327249,BijwasanHub_DEL_PL,CAVINKARE PRIVATE LIMITED 8920518707,3d0dd18720064cc2,dispatched_to_mh,North,LMA,1.00E+11,Loadshare,RanuSingh,Motherhub_JKS,FM BRSNR,BijwasanHub_DEL_PL,PH-B2-DELJKS-43639499,expected,OPENED,27-09-2026 05:41,Arvind Bansal (DNCR)
27-09-2026,FMPP4299746574,BudhViharHub_DEL_PL,DIYANK ENTERPRISES +919355156027,73e8a8ad9cd04fef,dispatched_to_mh,North,TRUEFLEX,741972,TRUEFLEX,RitikJha,Motherhub_JKS,FM BRSNR,BudhViharHub_DEL_PL,PH-B2-DELJKS-43397173,expected,OPENED,27-09-2026 05:36,Arvind Bansal (DNCR)
27-09-2026,FMPP4301162410,Bhiwandisplithub_BHI_PL,Shreyash Retail Private limited null,bd91df39671142ca,received_at_mh,West,LMA,1.00E+11,WERCATALYST VENTURES PVT LTD,Avishkar MohanSaki,Motherhub_SAI_4,FM BRSNR,Bhiwandisplithub_BHI_PL,PH-B2-MUMSAI-26919212,expected,OPENED,27-09-2026 02:40,Ashwarya Singh
27-09-2026,FMPC6530907731,DindoliHub_STV_PL,VEBNOR FASHION PRIVATE LIMITED 9227223920,60034431ce09497a,dispatched_to_mh,West,TRUEFLEX,998771,TRUEFLEX,#N/A,MotherHub_STV_BTS,FM BRSNR,DindoliHub_STV_PL,PH-B6-SURBTS-25677437,expected,OPENED,27-09-2026 01:50,Ashvani Bhatt
27-09-2026,FMPC6531767956,DindoliHub_STV_PL,VM International +919173269115,44e77b18bafc4b63,dispatched_to_mh,West,LMA,1.00E+11,#N/A,#N/A,MotherHub_STV_BTS,FM BRSNR,DindoliHub_STV_PL,PH-B6-SURBTS-25634324,expected,OPENED,27-09-2026 01:27,Ashvani Bhatt
27-09-2026,FMPC6531692537,DALHOUSIEHUB_KOL_PL,AGRO POWER TOOLS +916291801246,4bf1b1240b814236,dispatched_to_mh,East,LMA,1.00E+11,Vxpress,Suraj KumarDas,Motherhub_ULB,FM BRSNR,DALHOUSIEHUB_KOL_PL,PH-B1-CCUULB-5285094,expected,OPENED,26-09-2026 23:30,Somnath G
27-09-2026,FMPC6531958430,DindoliHub_STV_PL,MAA KRIPA ENTERPRISE +919672109829,74b238a46a664705,dispatched_to_mh,West,LMA,1.00E+11,#N/A,#N/A,MotherHub_STV_BTS,FM BRSNR,DindoliHub_STV_PL,PH-B1-SURBTS-25469214,expected,OPENED,27-09-2026 03:11,Ashvani Bhatt
27-09-2026,FMPP4299967550,DindoliHub_STV_PL,VISHWAKARMA TEXTILE +917046406179,b77e9d4601fa434b,received_at_mh,West,LMA,1.00E+11,Shree Hari Logistics,Chaudhari AniketDileepbhai,MotherHub_STV_BTS,FM BRSNR,DindoliHub_STV_PL,PH-B6-SURSUR-19493231,expected,OPENED,27-09-2026 05:31,Ashvani Bhatt
27-09-2026,FMPC6531040800,DindoliHub_STV_PL,BAJRANGI ENTERPRISES +919318442114,b36b904611f0405e,dispatched_to_mh,West,LMA,1.00E+11,#N/A,#N/A,MotherHub_STV_BTS,FM BRSNR,DindoliHub_STV_PL,PH-B2-SURBTS-25678355,expected,OPENED,27-09-2026 04:45,Ashvani Bhatt
27-09-2026,FMPP4299175966,DindoliHub_STV_PL,VEBNOR FASHION PRIVATE LIMITED 9227223920,60034431ce09497a,dispatched_to_mh,West,TRUEFLEX,998771,TRUEFLEX,#N/A,MotherHub_STV_BTS,FM BRSNR,DindoliHub_STV_PL,PH-B3-SURBTS-25677377,expected,OPENED,27-09-2026 02:21,Ashvani Bhatt
27-09-2026,FMPC6532117485,DindoliHub_STV_PL,VM International +919173269115,44e77b18bafc4b63,dispatched_to_mh,West,LMA,1.00E+11,#N/A,#N/A,MotherHub_STV_BTS,FM BRSNR,DindoliHub_STV_PL,PH-B6-SURBTS-25633945,expected,OPENED,27-09-2026 01:31,Ashvani Bhatt
27-09-2026,FMPC6532987533,DALHOUSIEHUB_KOL_PL,AGRO POWER TOOLS +916291801246,4bf1b1240b814236,dispatched_to_mh,East,LMA,1.00E+11,Vxpress,Suraj KumarDas,Motherhub_ULB,FM BRSNR,DALHOUSIEHUB_KOL_PL,PH-B2-CCUULB-5285101,expected,OPENED,27-09-2026 05:40,Somnath G
27-09-2026,FMPC6532143186,DindoliHub_STV_PL,Mahadev Trading +918460319246,cf209618aea44b1e,dispatched_to_mh,West,LMA,1.00E+11,#N/A,#N/A,MotherHub_STV_BTS,FM BRSNR,DindoliHub_STV_PL,PH-B1-SURBTS-25711419,expected,OPENED,26-09-2026 22:54,Ashvani Bhatt
27-09-2026,FMPC6529985838,DindoliHub_STV_PL,MAURYA ENTERPRISE +919278325272,b8e34a3904d24ea0,dispatched_to_mh,West,LMA,1.00E+11,Shree Hari Logistics,Shirsikar GaneshVinod,MotherHub_STV_BTS,FM BRSNR,DindoliHub_STV_PL,PH-B6-SURBTS-25797978,expected,OPENED,27-09-2026 09:53,Ashvani Bhatt
27-09-2026,FMPP4300218408,DindoliHub_STV_PL,PEDKAI ENTERPRISES +918308684721,9a0111047ba84cdd,received_at_mh,West,LMA,1.00E+11,Shree Hari Logistics,Chaudhari AniketDileepbhai,MotherHub_STV_BTS,FM BRSNR,DindoliHub_STV_PL,PH-B6-SURSUR-19493231,expected,OPENED,27-09-2026 05:31,Ashvani Bhatt
27-09-2026,FMPC6532317951,DindoliHub_STV_PL,PPTOSS RETAIL PRIVATE LIMITED +919712194310,3b360c53a802435d,dispatched_to_mh,West,TRUEFLEX,739580,TRUEFLEX,AbhishekKumar Dubey,MotherHub_STV_BTS,FM BRSNR,DindoliHub_STV_PL,PH-B6-SURBTS-25232597,expected,OPENED,27-09-2026 04:02,Ashvani Bhatt
27-09-2026,FMPC6531396254,DindoliHub_STV_PL,MAMKOM RETAILS +919898239181,65e5d99952e24e92,dispatched_to_mh,West,LMA,1.00E+11,Shree Hari Logistics,Chaudhari AniketDileepbhai,MotherHub_STV_BTS,FM BRSNR,DindoliHub_STV_PL,PH-B6-SURBTS-25664410,expected,OPENED,27-09-2026 05:21,Ashvani Bhatt
27-09-2026,FMPC6532363569,DindoliHub_STV_PL,NIRALI FASHION +919724032516,fcc028b263a8469d,dispatched_to_mh,West,LMA,1.00E+11,PROBITY LOGISTICS PRIVATE LIMITED,Saurav KailasRandive,MotherHub_STV_BTS,FM BRSNR,DindoliHub_STV_PL,PH-B1-SURBTS-25533754,expected,OPENED,26-09-2026 22:55,Ashvani Bhatt
27-09-2026,FMPC6530519143,DindoliHub_STV_PL,SUDARSHAN CREATION +919998163479,b61dee59a9844881,dispatched_to_mh,West,LMA,1.00E+11,#N/A,#N/A,MotherHub_STV_BTS,FM BRSNR,DindoliHub_STV_PL,PH-B2-SURBTS-25627140,expected,OPENED,27-09-2026 01:29,Ashvani Bhatt
27-09-2026,FMPP4298969987,DindoliHub_STV_PL,SHUBHAM ENTERPRISE +918980543882,0c2e778bb98c4958,dispatched_to_mh,West,LMA,1.00E+11,#N/A,#N/A,MotherHub_STV_BTS,FM BRSNR,DindoliHub_STV_PL,PH-B3-SURBTS-25716886,expected,OPENED,27-09-2026 00:18,Ashvani Bhatt
27-09-2026,FMPC6531825878,DindoliHub_STV_PL,BAJRANGI ENTERPRISES +919318442114,b36b904611f0405e,dispatched_to_mh,West,LMA,1.00E+11,#N/A,#N/A,MotherHub_STV_BTS,FM BRSNR,DindoliHub_STV_PL,PH-B2-SURBTS-25678355,expected,OPENED,27-09-2026 04:45,Ashvani Bhatt
27-09-2026,FMPC6532766139,Chhatarpur_DEL_PL,KAOMNI TRADING PRIVATE LIMITED 8423690998,51f0eaa12d3a475e,dispatched_to_mh,North,LMA,4186973,#N/A,#N/A,Motherhub_JKS,FM BRSNR,Chhatarpur_DEL_PL,PH-B2-DELJKS-43658767,expected,OPENED,27-09-2026 02:51,Arvind Bansal (DNCR)
27-09-2026,FMPC6532144210,DindoliHub_STV_PL,Mukti Enterprise +916371030228,1393ceba3b7d4b83,dispatched_to_mh,West,LMA,1.00E+11,Shree Hari Logistics,Chaudhari AniketDileepbhai,MotherHub_STV_BTS,FM BRSNR,DindoliHub_STV_PL,PH-B1-SURBTS-94724731,expected,OPENED,27-09-2026 02:50,Ashvani Bhatt
27-09-2026,FMPC6531833716,DindoliHub_STV_PL,SK TEXTILE +919213627048,966528c7e6894431,dispatched_to_mh,West,LMA,1.00E+11,PROBITY LOGISTICS PRIVATE LIMITED,Mahesh Patil,MotherHub_STV_BTS,FM BRSNR,DindoliHub_STV_PL,PH-B3-SURBTS-25620990,expected,OPENED,27-09-2026 05:59,Ashvani Bhatt
27-09-2026,FMPP4301323422,BudhViharHub_DEL_PL,ASHISH ENTERPRISES +917827289081,5cbaac7138824a88,dispatched_to_mh,North,LMA,1.00E+11,#N/A,#N/A,Motherhub_JKS,FM BRSNR,BudhViharHub_DEL_PL,PH-B2-DELJKS-43577041,expected,OPENED,27-09-2026 05:06,Arvind Bansal (DNCR)
27-09-2026,FMPC6532441302,DindoliHub_STV_PL,SAVANI TEXTILE INDUSTRIES PRIVATE LIMITED +919824130425,1c275e84978f4021,dispatched_to_mh,West,LMA,1.00E+11,#N/A,#N/A,MotherHub_STV_BTS,FM BRSNR,DindoliHub_STV_PL,PH-B2-SURBTS-23998683,expected,OPENED,27-09-2026 02:40,Ashvani Bhatt
27-09-2026,FMPP4298834334,Chhatarpur_DEL_PL,Dhirsti Enterprises +918700274606,817f5938392341e1,dispatched_to_mh,North,LMA,4186973,#N/A,#N/A,Motherhub_JKS,FM BRSNR,Chhatarpur_DEL_PL,PH-B2-DELJKS-43659625,expected,OPENED,27-09-2026 02:47,Arvind Bansal (DNCR)
27-09-2026,FMPC6532072415,DindoliHub_STV_PL,MAURYA ENTERPRISE +919278325272,b8e34a3904d24ea0,dispatched_to_mh,West,LMA,1.00E+11,Shree Hari Logistics,Shirsikar GaneshVinod,MotherHub_STV_BTS,FM BRSNR,DindoliHub_STV_PL,PH-B1-SURBTS-25978795,expected,OPENED,27-09-2026 03:03,Ashvani Bhatt
27-09-2026,FMPP4300535416,DindoliHub_STV_PL,Mogalam Fab +917984279179,607e25cea8d946f2,dispatched_to_mh,West,LMA,1.00E+11,#N/A,#N/A,MotherHub_STV_BTS,FM BRSNR,DindoliHub_STV_PL,PH-B3-SURBTS-25733012,expected,OPENED,27-09-2026 01:49,Ashvani Bhatt
27-09-2026,FMPP4300266732,DindoliHub_STV_PL,HBJ JEWELS AND DIAMONDS +919879974893,b9f150b50c16428b,dispatched_to_mh,West,LMA,1.00E+11,#N/A,#N/A,MotherHub_STV_BTS,FM BRSNR,DindoliHub_STV_PL,PH-B2-SURBTS-25699449,expected,OPENED,27-09-2026 06:38,Ashvani Bhatt
27-09-2026,FMPC6530228660,DindoliHub_STV_PL,MARICHI ENTERPRISE +919714700998,83e80d89a4854d7a,dispatched_to_mh,West,LMA,1.00E+11,#N/A,#N/A,MotherHub_STV_BTS,FM BRSNR,DindoliHub_STV_PL,PH-B1-SURBTS-25699143,expected,OPENED,27-09-2026 05:34,Ashvani Bhatt
27-09-2026,FMPC6531871277,DindoliHub_STV_PL,SHREE GAJANAND CREATION +917016940265,ca70ec7734f14031,dispatched_to_mh,West,LMA,1.00E+11,#N/A,#N/A,MotherHub_STV_BTS,FM BRSNR,DindoliHub_STV_PL,PH-B3-SURBTS-25602209,expected,OPENED,27-09-2026 02:18,Ashvani Bhatt
27-09-2026,FMPC6532461363,DindoliHub_STV_PL,SHRIM +917861916563,91e66f4774734360,dispatched_to_mh,West,LMA,1.00E+11,#N/A,#N/A,MotherHub_STV_BTS,FM BRSNR,DindoliHub_STV_PL,PH-B1-SURBTS-25600713,expected,REACHED,27-09-2026 06:11,Ashvani Bhatt
27-09-2026,FMPP4300453089,BurariHub_DEL_PL,Fresh Choco Store +919599177764,f5qfpc7oi5ns2b7m,dispatched_to_mh,North,TRUEFLEX,1369490,TRUEFLEX,#N/A,Motherhub_JKS,FM BRSNR,BurariHub_DEL_PL,PH-B2-DELJKS-43433975,expected,OPENED,27-09-2026 03:07,Arvind Bansal (DNCR)
27-09-2026,FMPP4300183520,DhankawadiHub_PUNE_PL,GHAR SOAPS 9272090855,cade1b7ca67f4c41,dispatched_to_mh,West,TRUEFLEX,1143426,TRUEFLEX,KaranSanjay Kamble,MotherHub_PUNE,FM BRSNR,DhankawadiHub_PUNE_PL,PH-B1-PNQPNQ-4347164,expected,OPENED,26-09-2026 20:15,Swapnil Borgaonkar (MH)
27-09-2026,FMPP4299713555,DindoliHub_STV_PL,MAMKOM RETAILS +919898239181,65e5d99952e24e92,dispatched_to_mh,West,LMA,1.00E+11,Shree Hari Logistics,Chaudhari AniketDileepbhai,MotherHub_STV_BTS,FM BRSNR,DindoliHub_STV_PL,PH-B2-SURBTS-25664365,expected,OPENED,27-09-2026 02:53,Ashvani Bhatt
27-09-2026,FMPP4300770263,DindoliHub_STV_PL,DITYA INTERNATIONAL +917862877144,951b0d4380374fbf,dispatched_to_mh,West,LMA,1.00E+11,#N/A,#N/A,MotherHub_STV_BTS,FM BRSNR,DindoliHub_STV_PL,PH-B3-SURBTS-25471901,expected,OPENED,26-09-2026 22:16,Ashvani Bhatt
27-09-2026,FMPC6530883476,DindoliHub_STV_PL,URBAN LIFESTYLE +916352854700,d978ca7751ae4470,dispatched_to_mh,West,LMA,1.00E+11,PROBITY LOGISTICS PRIVATE LIMITED,Maifuj YusufPathan,MotherHub_STV_BTS,FM BRSNR,DindoliHub_STV_PL,PH-B2-SURBTS-25366883,expected,OPENED,27-09-2026 05:47,Ashvani Bhatt
27-09-2026,FMPC6530289700,DindoliHub_STV_PL,DHWIJA ENTERPRISE +917096378919,3c3707b3441948a3,dispatched_to_mh,West,LMA,1.00E+11,#N/A,#N/A,MotherHub_STV_BTS,FM BRSNR,DindoliHub_STV_PL,PH-B3-SURBTS-25699455,expected,OPENED,27-09-2026 04:37,Ashvani Bhatt
27-09-2026,FMPC6531723743,DindoliHub_STV_PL,SHIV FASHION +919330311994,53a77e39171d4055,dispatched_to_mh,West,LMA,1.00E+11,#N/A,#N/A,MotherHub_STV_BTS,FM BRSNR,DindoliHub_STV_PL,PH-B3-SURBTS-25735097,expected,OPENED,27-09-2026 05:56,Ashvani Bhatt
27-09-2026,FMPP4299295448,BudhViharHub_DEL_PL,DENIM LOOK +919013351437,bade9e004aa64e1a,dispatched_to_mh,North,TRUEFLEX,940336,TRUEFLEX,#N/A,Motherhub_JKS,FM BRSNR,BudhViharHub_DEL_PL,PH-B2-DELJKS-43599354,expected,OPENED,27-09-2026 05:06,Arvind Bansal (DNCR)
27-09-2026,FMPC6531985200,DindoliHub_STV_PL,J.D. CREATION +919998254543,e957ddc505de4180,dispatched_to_mh,West,LMA,1.00E+11,#N/A,#N/A,MotherHub_STV_BTS,FM BRSNR,DindoliHub_STV_PL,PH-B1-SURBTS-25627113,expected,OPENED,27-09-2026 02:06,Ashvani Bhatt
27-09-2026,FMPP4300201851,DindoliHub_STV_PL,VM BOND +919979153952,27f16abe05994757,dispatched_to_mh,West,LMA,1.00E+11,#N/A,#N/A,MotherHub_STV_BTS,FM BRSNR,DindoliHub_STV_PL,PH-B3-SURBTS-25599632,expected,OPENED,26-09-2026 22:52,Ashvani Bhatt
27-09-2026,FMPP4299642716,BurariHub_DEL_PL,ADITYARANJAN PUBLICATIONS PRIVATE LIMITED +919211633092,590fc532eb354db5,dispatched_to_mh,North,TRUEFLEX,641091,TRUEFLEX,SatyamSharma,Motherhub_JKS,FM BRSNR,BurariHub_DEL_PL,PH-B2-DELJKS-43612892,expected,OPENED,27-09-2026 03:05,Arvind Bansal (DNCR)
27-09-2026,FMPP4300497193,DindoliHub_STV_PL,KATARIYA ENTERPRISE +918128873608,5c53a1a343244d00,dispatched_to_mh,West,LMA,1.00E+11,PROBITY LOGISTICS PRIVATE LIMITED,Maifuj YusufPathan,MotherHub_STV_BTS,FM BRSNR,DindoliHub_STV_PL,PH-B3-SURBTS-25668979,expected,OPENED,27-09-2026 05:49,Ashvani Bhatt
27-09-2026,FMPP4299719910,DindoliHub_STV_PL,MAMKOM RETAILS +919898239181,65e5d99952e24e92,dispatched_to_mh,West,LMA,1.00E+11,Shree Hari Logistics,Chaudhari AniketDileepbhai,MotherHub_STV_BTS,FM BRSNR,DindoliHub_STV_PL,PH-B2-SURBTS-25664365,expected,OPENED,27-09-2026 02:53,Ashvani Bhatt
27-09-2026,FMPP4300407289,DindoliHub_STV_PL,CANVAS WEAVES 9327550128,df49493f52464aef,dispatched_to_mh,West,LMA,1.00E+11,#N/A,#N/A,MotherHub_STV_BTS,FM BRSNR,DindoliHub_STV_PL,PH-B6-SURBTS-25691939,expected,OPENED,26-09-2026 23:22,Ashvani Bhatt
27-09-2026,FMPC6530234038,DindoliHub_STV_PL,Bhavani Fab +919558834999,15a03119f857432b,dispatched_to_mh,West,LMA,1.00E+11,#N/A,#N/A,MotherHub_STV_BTS,FM BRSNR,DindoliHub_STV_PL,PH-B2-SURBTS-25133533,expected,OPENED,27-09-2026 06:31,Ashvani Bhatt
27-09-2026,FMPC6531405607,DindoliHub_STV_PL,MAMKOM RETAILS +919898239181,65e5d99952e24e92,dispatched_to_mh,West,LMA,1.00E+11,Shree Hari Logistics,Chaudhari AniketDileepbhai,MotherHub_STV_BTS,FM BRSNR,DindoliHub_STV_PL,PH-B2-SURBTS-25664365,expected,OPENED,27-09-2026 02:53,Ashvani Bhatt
27-09-2026,FMPC6530988821,BijwasanHub_DEL_PL,GLAZR +919540122153,2ac24dbc1e524213,received_at_mh,North,LMA,1.00E+11,Greenteck Logistics and Mobility Pvt Ltd,RohanKumar,Motherhub_JKS,FM BRSNR,BijwasanHub_DEL_PL,PH-B2-DELJKS-43533010,expected,OPENED,27-09-2026 05:47,Arvind Bansal (DNCR)
27-09-2026,FMPC6532051220,DindoliHub_STV_PL,VM International +919173269115,44e77b18bafc4b63,dispatched_to_mh,West,LMA,1.00E+11,#N/A,#N/A,MotherHub_STV_BTS,FM BRSNR,DindoliHub_STV_PL,PH-B1-SURBTS-25634096,expected,OPENED,27-09-2026 01:27,Ashvani Bhatt
27-09-2026,FMPP4300385775,DindoliHub_STV_PL,VEBNOR FASHION PRIVATE LIMITED 9227223920,60034431ce09497a,dispatched_to_mh,West,TRUEFLEX,998771,TRUEFLEX,#N/A,MotherHub_STV_BTS,FM BRSNR,DindoliHub_STV_PL,PH-B3-SURBTS-25677377,expected,OPENED,27-09-2026 02:21,Ashvani Bhatt
27-09-2026,FMPC6529869665,BudhViharHub_DEL_PL,AKKU ENTERPRISES +918447155503,42252dd61fc14eda,dispatched_to_mh,North,LMA,1.00E+11,RAMEZO ENTERPRISES,MohdYunus,Motherhub_JKS,FM BRSNR,BudhViharHub_DEL_PL,PH-B2-DELJKS-43666295,expected,OPENED,27-09-2026 05:13,Arvind Bansal (DNCR)
27-09-2026,FMPC6531185494,DindoliHub_STV_PL,KHATU SHYAM FASHION +919724966327,7225cb02645f4f87,dispatched_to_mh,West,LMA,1.00E+11,PROBITY LOGISTICS PRIVATE LIMITED,Maifuj YusufPathan,MotherHub_STV_BTS,FM BRSNR,DindoliHub_STV_PL,PH-B6-SURBTS-25668918,expected,OPENED,27-09-2026 05:47,Ashvani Bhatt
27-09-2026,FMPC6530402960,DindoliHub_STV_PL,SilverStar +919586014564,aa3a9e3997d046b5,received_at_mh,West,TRUEFLEX,591664,TRUEFLEX,Ashish KumarSingh,MotherHub_STV_BTS,FM BRSNR,DindoliHub_STV_PL,PH-B3-SURBTS-25442873,expected,OPENED,27-09-2026 02:28,Ashvani Bhatt
27-09-2026,FMPC6530136256,DindoliHub_STV_PL,DIVINE ENTERPRISE +919925578771,a68b1b989ae84f25,received_at_mh,West,LMA,1.00E+11,#N/A,#N/A,MotherHub_STV_BTS,FM BRSNR,DindoliHub_STV_PL,PH-B1-SURBTS-25731946,expected,OPENED,27-09-2026 02:51,Ashvani Bhatt
27-09-2026,FMPC6530624277,DALHOUSIEHUB_KOL_PL,AGRO POWER TOOLS +916291801246,4bf1b1240b814236,dispatched_to_mh,East,LMA,1.00E+11,Vxpress,Suraj KumarDas,Motherhub_ULB,FM BRSNR,DALHOUSIEHUB_KOL_PL,PH-B1-CCUULB-5285094,expected,OPENED,26-09-2026 23:30,Somnath G
27-09-2026,FMPP4301076573,DindoliHub_STV_PL,SHRIM +917861916563,91e66f4774734360,dispatched_to_mh,West,LMA,1.00E+11,#N/A,#N/A,MotherHub_STV_BTS,FM BRSNR,DindoliHub_STV_PL,PH-B1-SURBTS-25600713,expected,REACHED,27-09-2026 06:11,Ashvani Bhatt
27-09-2026,FMPP4300101085,DindoliHub_STV_PL,Krishna Enterprises +919913300299,624155b3375b4d3d,received_at_mh,West,LMA,1.00E+11,#N/A,#N/A,MotherHub_STV_BTS,FM BRSNR,DindoliHub_STV_PL,PH-B1-SURBTS-25731946,expected,OPENED,27-09-2026 02:51,Ashvani Bhatt
27-09-2026,FMPP4300082792,DindoliHub_STV_PL,VM International +919173269115,44e77b18bafc4b63,dispatched_to_mh,West,LMA,1.00E+11,#N/A,#N/A,MotherHub_STV_BTS,FM BRSNR,DindoliHub_STV_PL,PH-B1-SURBTS-25634096,expected,OPENED,27-09-2026 01:27,Ashvani Bhatt
27-09-2026,FMPC6532109210,DindoliHub_STV_PL,Krishna Enterprises +919913300299,624155b3375b4d3d,received_at_mh,West,LMA,1.00E+11,#N/A,#N/A,MotherHub_STV_BTS,FM BRSNR,DindoliHub_STV_PL,PH-B3-SURBTS-25732044,expected,OPENED,27-09-2026 02:40,Ashvani Bhatt
27-09-2026,FMPC6531886900,DALHOUSIEHUB_KOL_PL,AGRO POWER TOOLS +916291801246,4bf1b1240b814236,dispatched_to_mh,East,LMA,1.00E+11,Vxpress,Suraj KumarDas,Motherhub_ULB,FM BRSNR,DALHOUSIEHUB_KOL_PL,PH-B2-CCUULB-5285101,expected,OPENED,27-09-2026 05:40,Somnath G
27-09-2026,FMPC6530064903,DindoliHub_STV_PL,THE KEY COVER HUB +917237018843,e9baf40e7c0546d1,dispatched_to_mh,West,TRUEFLEX,4264162,TRUEFLEX,#N/A,MotherHub_STV_BTS,FM BRSNR,DindoliHub_STV_PL,PH-B2-SURBTS-25607558,expected,OPENED,26-09-2026 22:22,Ashvani Bhatt
27-09-2026,FMPC6532236829,DindoliHub_STV_PL,PRATHAM ENTERPRISE +917043198860,fcb140335a864059,dispatched_to_mh,West,LMA,1.00E+11,PROBITY LOGISTICS PRIVATE LIMITED,Saurav KailasRandive,MotherHub_STV_BTS,FM BRSNR,DindoliHub_STV_PL,PH-B2-SURBTS-25533757,expected,OPENED,26-09-2026 22:56,Ashvani Bhatt
27-09-2026,FMPC6532734018,Chhatarpur_DEL_PL,Shri Umra Devi Enterprises +919717176355,59af54b206b44502,dispatched_to_mh,North,LMA,4186973,#N/A,#N/A,Motherhub_JKS,FM BRSNR,Chhatarpur_DEL_PL,PH-B2-DELJKS-43659138,expected,OPENED,27-09-2026 02:49,Arvind Bansal (DNCR)
27-09-2026,FMPC6533512190,DindoliHub_STV_PL,VM International +919173269115,44e77b18bafc4b63,dispatched_to_mh,West,LMA,1.00E+11,#N/A,#N/A,MotherHub_STV_BTS,FM BRSNR,DindoliHub_STV_PL,PH-B2-SURBTS-25634051,expected,OPENED,27-09-2026 01:24,Ashvani Bhatt
27-09-2026,FMPC6530238059,DindoliHub_STV_PL,Bhavani Fab +919558834999,15a03119f857432b,dispatched_to_mh,West,LMA,1.00E+11,#N/A,#N/A,MotherHub_STV_BTS,FM BRSNR,DindoliHub_STV_PL,PH-B6-SURBTS-25735127,expected,OPENED,27-09-2026 05:55,Ashvani Bhatt
27-09-2026,FMPC6532048227,DindoliHub_STV_PL,SPGR Retail Private Limited +919510648687,a2efd0f1e14c49e4,dispatched_to_mh,West,LMA,1.00E+11,#N/A,#N/A,MotherHub_STV_BTS,FM BRSNR,DindoliHub_STV_PL,PH-B2-SURBTS-25600679,expected,OPENED,27-09-2026 06:03,Ashvani Bhatt
27-09-2026,FMPC6532461240,DindoliHub_STV_PL,VAKRA CREATION +919377734888,c55998cfea354206,dispatched_to_mh,West,LMA,1.00E+11,PROBITY LOGISTICS PRIVATE LIMITED,Maifuj YusufPathan,MotherHub_STV_BTS,FM BRSNR,DindoliHub_STV_PL,PH-B2-SURBTS-2566884,expected,OPENED,27-09-2026 06:44,Ashvani Bhatt
27-09-2026,FMPC6533472376,DindoliHub_STV_PL,VM International +919173269115,44e77b18bafc4b63,dispatched_to_mh,West,LMA,1.00E+11,#N/A,#N/A,MotherHub_STV_BTS,FM BRSNR,DindoliHub_STV_PL,PH-B1-SURBTS-25634096,expected,OPENED,27-09-2026 01:27,Ashvani Bhatt
27-09-2026,FMPC6531159445,DindoliHub_STV_PL,Avani Fashion +919106319938,0ff09f9ce35040d2,received_at_mh,West,LMA,1.00E+11,#N/A,#N/A,MotherHub_STV_BTS,FM BRSNR,DindoliHub_STV_PL,PH-B3-SURBTS-25732044,expected,OPENED,27-09-2026 02:40,Ashvani Bhatt
27-09-2026,FMPP4300275640,BudhViharHub_DEL_PL,GAMLA FACTORY BY VARSHNEY GARDENING +919625721417,5b593766c225456f,dispatched_to_mh,North,TRUEFLEX,912382,TRUEFLEX,PratoshKumar,Motherhub_JKS,FM BRSNR,BudhViharHub_DEL_PL,PH-B2-DELJKS-43663915,expected,OPENED,27-09-2026 05:36,Arvind Bansal (DNCR)
27-09-2026,FMPC6530679126,DindoliHub_STV_PL,ANANYA ENTERPRISE +919664875211,1e41477503604879,dispatched_to_mh,West,TRUEFLEX,591664,TRUEFLEX,Ashish KumarSingh,MotherHub_STV_BTS,FM BRSNR,DindoliHub_STV_PL,PH-B2-SURBTS-25442857,expected,OPENED,27-09-2026 02:21,Ashvani Bhatt
27-09-2026,FMPP4300145668,DindoliHub_STV_PL,Eponymous +919274581891,59ba573891a544f1,received_at_mh,West,LMA,1.00E+11,#N/A,#N/A,MotherHub_STV_BTS,FM BRSNR,DindoliHub_STV_PL,PH-B3-SURBTS-25629958,expected,OPENED,27-09-2026 02:16,Ashvani Bhatt
27-09-2026,FMPP4300166526,DindoliHub_STV_PL,SWASTIK TEXTILE +919978008517,96bea57e530741b2,received_at_mh,West,LMA,1.00E+11,#N/A,#N/A,MotherHub_STV_BTS,FM BRSNR,DindoliHub_STV_PL,PH-B3-SURBTS-25598767,expected,OPENED,26-09-2026 22:11,Ashvani Bhatt
27-09-2026,FMPP4300522055,BudhViharHub_DEL_PL,HARSHIT ENTERPRISES +919267951681,77197a90937c4f7d,dispatched_to_mh,North,TRUEFLEX,873082,TRUEFLEX,NiteshKumar,Motherhub_JKS,FM BRSNR,BudhViharHub_DEL_PL,PH-B2-DELJKS-43665856,expected,OPENED,27-09-2026 05:10,Arvind Bansal (DNCR)
27-09-2026,FMPP4300142266,DindoliHub_STV_PL,SHREE KANDHAL FASHION +919104507200,9cf4c27119324407,received_at_mh,West,LMA,1.00E+11,#N/A,#N/A,MotherHub_STV_BTS,FM BRSNR,DindoliHub_STV_PL,PH-B3-SURBTS-25716886,expected,OPENED,27-09-2026 00:18,Ashvani Bhatt
27-09-2026,FMPC6533061920,DindoliHub_STV_PL,HECH ENTERPRISE +919712514449,1e97a84c07374dc4,dispatched_to_mh,West,LMA,1.00E+11,#N/A,#N/A,MotherHub_STV_BTS,FM BRSNR,DindoliHub_STV_PL,PH-B1-SURBTS-25717506,expected,OPENED,27-09-2026 01:15,Ashvani Bhatt
27-09-2026,FMPC6533263309,BurariHub_DEL_PL,Om Enterprises +919870131981,1c79927e86494552,dispatched_to_mh,North,TRUEFLEX,592319,TRUEFLEX,Tushar,Motherhub_JKS,FM BRSNR,BurariHub_DEL_PL,PH-B2-DELJKS-43627118,expected,OPENED,27-09-2026 03:03,Arvind Bansal (DNCR)
27-09-2026,FMPP4301076116,DindoliHub_STV_PL,SHRIM +917861916563,91e66f4774734360,dispatched_to_mh,West,LMA,1.00E+11,#N/A,#N/A,MotherHub_STV_BTS,FM BRSNR,DindoliHub_STV_PL,PH-B2-SURBTS-25600669,expected,OPENED,27-09-2026 06:02,Ashvani Bhatt
27-09-2026,FMPC6533830301,BudhViharHub_DEL_PL,RAJ ENTERPRISES +919971901108,9498a4488cab4d3a,dispatched_to_mh,North,LMA,1.00E+11,SHIFTWAY LOGISTICS PVT LTD,Shivam,Motherhub_JKS,FM BRSNR,BudhViharHub_DEL_PL,PH-B2-DELJKS-42069658,expected,OPENED,27-09-2026 05:07,Arvind Bansal (DNCR)
27-09-2026,FMPC6530421830,DindoliHub_STV_PL,AMBAJI ENTERPRISE +919376776333,f678cd18277c425d,dispatched_to_mh,West,LMA,1.00E+11,#N/A,#N/A,MotherHub_STV_BTS,FM BRSNR,DindoliHub_STV_PL,PH-B2-SURBTS-25735088,expected,OPENED,27-09-2026 05:54,Ashvani Bhatt
27-09-2026,FMPC6531927747,DindoliHub_STV_PL,BAJRANGI ENTERPRISES +919318442114,b36b904611f0405e,dispatched_to_mh,West,LMA,1.00E+11,#N/A,#N/A,MotherHub_STV_BTS,FM BRSNR,DindoliHub_STV_PL,PH-B3-SURBTS-25678471,expected,OPENED,27-09-2026 04:46,Ashvani Bhatt
27-09-2026,FMPC6530670208,GariaHub_KOL_PL,M/S ALFARIYA FASHION ENTERPRISE +919804616015,b1149c50ca5a4b44,dispatched_to_mh,East,LMA,1.00E+11,WERCATALYST VENTURES PVT LTD,SumonDas,Motherhub_ULB,FM BRSNR,GariaHub_KOL_PL,PH-B2-CCUULB-5241064,expected,OPENED,27-09-2026 02:25,Somnath G
27-09-2026,FMPP4299381795,GariaHub_KOL_PL,SUFY TRENDS +918981458550,80b79ce1c1134a88,dispatched_to_mh,East,LMA,1.00E+11,WERCATALYST VENTURES PVT LTD,SaifuddinSardar,Motherhub_ULB,FM BRSNR,GariaHub_KOL_PL,PH-B2-CCUULB-5265677,expected,OPENED,27-09-2026 02:54,Somnath G
27-09-2026,FMPC6530752219,GurgaonHub_DEL_PL,DR. MOREPEN LIMITED +918882163631,af321cd3c1704d17,dispatched_to_mh,North,LMA,3143363,#N/A,#N/A,Motherhub_JKS,FM BRSNR,GurgaonHub_DEL_PL,PH-B2-DELJKS-43642758,expected,OPENED,27-09-2026 00:05,Arvind Bansal (DNCR)
27-09-2026,FMPP4299640672,GariaHub_KOL_PL,M/S ALFARIYA FASHION ENTERPRISE +919804616015,b1149c50ca5a4b44,dispatched_to_mh,East,LMA,1.00E+11,WERCATALYST VENTURES PVT LTD,SumonDas,Motherhub_ULB,FM BRSNR,GariaHub_KOL_PL,PH-B1-CCUULB-5241151,expected,OPENED,27-09-2026 02:44,Somnath G
27-09-2026,FMPC6531898062,HoodiHub_BLR_PL,VERITRADE PRIVATE LIMITED 8884028325,d8d6108634fa4fb0,dispatched_to_mh,South,LMA,1.00E+11,WERCATALYST VENTURES PVT LTD,SatyajitMohanti,MotherHub_BLR,FM BRSNR,HoodiHub_BLR_PL,PH-B3-BLRBLR-15531907,expected,OPENED,26-09-2026 22:31,Anwar Babu Maldar
27-09-2026,FMPC6530542177,GandhinagarHub_DEL_PL,RamsitaStore +918527985821,7226d04048ef49a2,dispatched_to_mh,North,LMA,1.00E+11,Transwide Express,TONI,Motherhub_JKS,FM BRSNR,GandhinagarHub_DEL_PL,PH-B2-DELJKS-43655895,expected,OPENED,27-09-2026 04:16,Arvind Bansal (DNCR)
27-09-2026,FMPC6533560820,GariaHub_KOL_PL,M/S ALFARIYA FASHION ENTERPRISE +919804616015,b1149c50ca5a4b44,dispatched_to_mh,East,LMA,1.00E+11,WERCATALYST VENTURES PVT LTD,SumonDas,Motherhub_ULB,FM BRSNR,GariaHub_KOL_PL,PH-B2-CCUULB-5241064,expected,OPENED,27-09-2026 02:25,Somnath G
27-09-2026,FMPP4301220017,HoodiHub_BLR_PL,41 FOODS PRIVATE LIMITED 09110292681,b6429e0e9c7f4dbb,dispatched_to_mh,South,LMA,3962137,#N/A,#N/A,MotherHub_BLR,FM BRSNR,HoodiHub_BLR_PL,PH-B3-BLRBLR-15625467,expected,OPENED,26-09-2026 21:38,Anwar Babu Maldar
27-09-2026,FMPP4300683058,HoodiHub_BLR_PL,41 FOODS PRIVATE LIMITED 09110292681,b6429e0e9c7f4dbb,dispatched_to_mh,South,LMA,3962137,#N/A,#N/A,MotherHub_BLR,FM BRSNR,HoodiHub_BLR_PL,PH-B3-BLRBLR-15625467,expected,OPENED,26-09-2026 21:38,Anwar Babu Maldar
27-09-2026,FMPC6533047155,GariaHub_KOL_PL,M/S ALFARIYA FASHION ENTERPRISE +919804616015,b1149c50ca5a4b44,dispatched_to_mh,East,LMA,1.00E+11,WERCATALYST VENTURES PVT LTD,SumonDas,Motherhub_ULB,FM BRSNR,GariaHub_KOL_PL,PH-B2-CCUULB-5241064,expected,OPENED,27-09-2026 02:25,Somnath G
27-09-2026,FMPC6531122572,GariaHub_KOL_PL,Hike Haven +919433823882,cb5d0655ebc44b33,dispatched_to_mh,East,LMA,1.00E+11,WERCATALYST VENTURES PVT LTD,SumonDas,Motherhub_ULB,FM BRSNR,GariaHub_KOL_PL,PH-B2-CCUULB-5241064,expected,OPENED,27-09-2026 02:25,Somnath G
27-09-2026,FMPC6533588218,GariaHub_KOL_PL,Hike Haven +919433823882,cb5d0655ebc44b33,dispatched_to_mh,East,LMA,1.00E+11,WERCATALYST VENTURES PVT LTD,SumonDas,Motherhub_ULB,FM BRSNR,GariaHub_KOL_PL,PH-B2-CCUULB-5241064,expected,OPENED,27-09-2026 02:25,Somnath G
27-09-2026,FMPC6533793477,GurgaonHub_DEL_PL,InfoAdMart +918128857546,a38fc7fa9a3c4cbd,dispatched_to_mh,North,LMA,3143363,#N/A,#N/A,Motherhub_JKS,FM BRSNR,GurgaonHub_DEL_PL,PH-B2-DELJKS-43642759,expected,OPENED,27-09-2026 00:13,Arvind Bansal (DNCR)
27-09-2026,FMPP4300967974,GurgaonHub_DEL_PL,JAI SIYA RAM SALES +918810476072,37eea31716434ccb,dispatched_to_mh,North,LMA,3143363,#N/A,#N/A,Motherhub_JKS,FM BRSNR,GurgaonHub_DEL_PL,PH-B2-DELJKS-43660549,expected,OPENED,27-09-2026 00:12,Arvind Bansal (DNCR)
27-09-2026,FMPC6531252842,GariaHub_KOL_PL,M/S ALFARIYA FASHION ENTERPRISE +919804616015,b1149c50ca5a4b44,dispatched_to_mh,East,LMA,1.00E+11,WERCATALYST VENTURES PVT LTD,SumonDas,Motherhub_ULB,FM BRSNR,GariaHub_KOL_PL,PH-B2-CCUULB-5241064,expected,OPENED,27-09-2026 02:25,Somnath G
27-09-2026,FMPC6531216412,HoodiHub_BLR_PL,COSMO FIRST LIMITED 9667001211,53d0354a115048d2,dispatched_to_mh,South,LMA,1.00E+11,#N/A,#N/A,MotherHub_BLR,FM BRSNR,HoodiHub_BLR_PL,PH-ZO-BLRBLR-15298231,expected,OPENED,26-09-2026 22:31,Anwar Babu Maldar
27-09-2026,FMPC6532127254,GariaHub_KOL_PL,Hike Haven +919433823882,cb5d0655ebc44b33,dispatched_to_mh,East,LMA,1.00E+11,WERCATALYST VENTURES PVT LTD,SumonDas,Motherhub_ULB,FM BRSNR,GariaHub_KOL_PL,PH-B2-CCUULB-5241064,expected,OPENED,27-09-2026 02:25,Somnath G
27-09-2026,FMPC6531462484,GariaHub_KOL_PL,Hike Haven +919433823882,cb5d0655ebc44b33,dispatched_to_mh,East,LMA,1.00E+11,WERCATALYST VENTURES PVT LTD,SumonDas,Motherhub_ULB,FM BRSNR,GariaHub_KOL_PL,PH-B2-CCUULB-5241064,expected,OPENED,27-09-2026 02:25,Somnath G
27-09-2026,FMPP4301323233,GariaHub_KOL_PL,Dhara Trading Company +916291844506,f1ff5867d2d2442a,dispatched_to_mh,East,LMA,1.00E+11,WERCATALYST VENTURES PVT LTD,DebabrataNaskar,Motherhub_ULB,FM BRSNR,GariaHub_KOL_PL,PH-B2-CCUULB-5006834,expected,OPENED,27-09-2026 02:51,Somnath G
27-09-2026,FMPC6530851002,GurgaonHub_DEL_PL,NATUROHABIT PRIVATE LIMITED 9818224905,832e4d0dc8f94c7f,dispatched_to_mh,North,LMA,3143363,#N/A,#N/A,Motherhub_JKS,FM BRSNR,GurgaonHub_DEL_PL,PH-B2-DELJKS-43658208,expected,OPENED,27-09-2026 00:14,Arvind Bansal (DNCR)
27-09-2026,FMPC6533689289,GandhinagarHub_DEL_PL,Definite Enterprises +918800856780,2dad5fd21ef54316,dispatched_to_mh,North,TRUEFLEX,622565,TRUEFLEX,YashBhatia,Motherhub_JKS,FM BRSNR,GandhinagarHub_DEL_PL,PH-B2-DELJKS-43655844,expected,OPENED,27-09-2026 04:16,Arvind Bansal (DNCR)
27-09-2026,FMPC6530883948,GariaHub_KOL_PL,Hike Haven +919433823882,cb5d0655ebc44b33,dispatched_to_mh,East,LMA,1.00E+11,WERCATALYST VENTURES PVT LTD,SumonDas,Motherhub_ULB,FM BRSNR,GariaHub_KOL_PL,PH-B2-CCUULB-5241064,expected,OPENED,27-09-2026 02:25,Somnath G
27-09-2026,FMPP4300993343,GurgaonHub_DEL_PL,Romana Herbalcare (Pvt.) Ltd. +919911078887,a62647a317ff4f10,dispatched_to_mh,North,LMA,1.00E+11,#N/A,#N/A,Motherhub_JKS,FM BRSNR,GurgaonHub_DEL_PL,PH-B2-DELJKS-43658037,expected,OPENED,27-09-2026 00:30,Arvind Bansal (DNCR)
27-09-2026,FMPP4299245123,GariaHub_KOL_PL,Hike Haven +919433823882,cb5d0655ebc44b33,dispatched_to_mh,East,LMA,1.00E+11,WERCATALYST VENTURES PVT LTD,SumonDas,Motherhub_ULB,FM BRSNR,GariaHub_KOL_PL,PH-B2-CCUULB-5241064,expected,OPENED,27-09-2026 02:25,Somnath G
27-09-2026,FMPP4299828583,GariaHub_KOL_PL,Hike Haven +919433823882,cb5d0655ebc44b33,dispatched_to_mh,East,LMA,1.00E+11,WERCATALYST VENTURES PVT LTD,SumonDas,Motherhub_ULB,FM BRSNR,GariaHub_KOL_PL,PH-B2-CCUULB-5241064,expected,OPENED,27-09-2026 02:25,Somnath G
27-09-2026,FMPP4296822474,HoodiHub_BLR_PL,COSMO FIRST LIMITED 9667001211,53d0354a115048d2,received_at_mh,South,LMA,1.00E+11,#N/A,#N/A,MotherHub_BLR,FM BRSNR,HoodiHub_BLR_PL,PH-B1-BLRBLR-15297896,expected,OPENED,26-09-2026 22:30,Anwar Babu Maldar
27-09-2026,FMPC6532058500,GandhinagarHub_DEL_PL,SHARAZ TRADERS +918810476657,0e3caadf4ab44dc3,dispatched_to_mh,North,TRUEFLEX,622565,TRUEFLEX,YashBhatia,Motherhub_JKS,FM BRSNR,GandhinagarHub_DEL_PL,PH-B2-DELJKS-43655841,expected,OPENED,27-09-2026 04:20,Arvind Bansal (DNCR)
27-09-2026,FMPC6531065715,GariaHub_KOL_PL,Hike Haven +919433823882,cb5d0655ebc44b33,dispatched_to_mh,East,LMA,1.00E+11,WERCATALYST VENTURES PVT LTD,SumonDas,Motherhub_ULB,FM BRSNR,GariaHub_KOL_PL,PH-B2-CCUULB-5241064,expected,OPENED,27-09-2026 02:25,Somnath G
27-09-2026,FMPP4301393922,GandhinagarHub_DEL_PL,PAVIKA APPARELS INDIA PRIVATE LIMITED +919870317788,162e2b01ea9a44c0,dispatched_to_mh,North,LMA,1.00E+11,#N/A,#N/A,Motherhub_JKS,FM BRSNR,GandhinagarHub_DEL_PL,PH-B2-DELJKS-43659082,expected,OPENED,27-09-2026 04:21,Arvind Bansal (DNCR)
27-09-2026,FMPP4299776295,GurgaonHub_DEL_PL,Wellversed Health Private Limited +919205093359,29fd1ffa68b94e77,dispatched_to_mh,North,LMA,1.00E+11,#N/A,#N/A,Motherhub_JKS,FM BRSNR,GurgaonHub_DEL_PL,PH-B2-DELJKS-43656954,expected,OPENED,27-09-2026 00:06,Arvind Bansal (DNCR)
27-09-2026,FMPC6530604823,GandhinagarHub_DEL_PL,SHREE KRISHNA ENTERPRISES +919910814190,9444d9178738470c,dispatched_to_mh,North,LMA,1.00E+11,#N/A,#N/A,Motherhub_JKS,FM BRSNR,GandhinagarHub_DEL_PL,PH-B2-DELJKS-43655531,expected,OPENED,27-09-2026 04:23,Arvind Bansal (DNCR)
27-09-2026,FMPP4297268730,GariaHub_KOL_PL,BATA INDIA LTD. 919903375332,8552fce6cd8e4f9e,dispatched_to_mh,East,LMA,1.00E+11,WERCATALYST VENTURES PVT LTD,Md SabirHossain,Motherhub_ULB,FM BRSNR,GariaHub_KOL_PL,PH-B1-CCUULB-5264810,expected,OPENED,27-09-2026 02:20,Somnath G
27-09-2026,FMPP4301234345,GariaHub_KOL_PL,Hike Haven +919433823882,cb5d0655ebc44b33,dispatched_to_mh,East,LMA,1.00E+11,WERCATALYST VENTURES PVT LTD,SumonDas,Motherhub_ULB,FM BRSNR,GariaHub_KOL_PL,PH-B2-CCUULB-5241064,expected,OPENED,27-09-2026 02:25,Somnath G
27-09-2026,FMPC6531388254,GurgaonHub_DEL_PL,LAKSHYA COLLECTIONS +917291965067,bb0ab66770244abf,dispatched_to_mh,North,EKART,4367439,EKART,,Motherhub_JKS,FM BRSNR,GurgaonHub_DEL_PL,PH-B2-DELJKS-43604204,expected,OPENED,27-09-2026 00:10,Arvind Bansal (DNCR)
27-09-2026,FMPC6533229896,GandhinagarHub_DEL_PL,PAVIKA APPARELS INDIA PRIVATE LIMITED +919870317788,162e2b01ea9a44c0,dispatched_to_mh,North,LMA,1.00E+11,#N/A,#N/A,Motherhub_JKS,FM BRSNR,GandhinagarHub_DEL_PL,PH-B2-DELJKS-43659082,expected,OPENED,27-09-2026 04:21,Arvind Bansal (DNCR)
27-09-2026,FMPC6530853635,GurgaonHub_DEL_PL,WINNSUN AND COMPANY +918130979829,7f5a1138323a4997,dispatched_to_mh,North,LMA,3143363,#N/A,#N/A,Motherhub_JKS,FM BRSNR,GurgaonHub_DEL_PL,PH-B2-DELJKS-43430065,expected,OPENED,27-09-2026 00:15,Arvind Bansal (DNCR)
27-09-2026,FMPC6531650431,GariaHub_KOL_PL,M/S ALFARIYA FASHION ENTERPRISE +919804616015,b1149c50ca5a4b44,dispatched_to_mh,East,LMA,1.00E+11,WERCATALYST VENTURES PVT LTD,SumonDas,Motherhub_ULB,FM BRSNR,GariaHub_KOL_PL,PH-B2-CCUULB-5241064,expected,OPENED,27-09-2026 02:25,Somnath G
27-09-2026,FMPC6530497571,GariaHub_KOL_PL,URBAN HYDE +918297250909,63803fdb094048ae,dispatched_to_mh,East,LMA,1.00E+11,WERCATALYST VENTURES PVT LTD,SelimMolla,Motherhub_ULB,FM BRSNR,GariaHub_KOL_PL,PH-B1-CCUULB-5190885,expected,OPENED,27-09-2026 02:25,Somnath G
27-09-2026,FMPC6531495953,GurgaonHub_DEL_PL,FLOWERTRAIL PRIVATE LIMITED +919717311724,6e4c291e518d44f9,dispatched_to_mh,North,LMA,3143363,#N/A,#N/A,Motherhub_JKS,FM BRSNR,GurgaonHub_DEL_PL,PH-B2-DELJKS-43545698,expected,OPENED,27-09-2026 00:34,Arvind Bansal (DNCR)
27-09-2026,FMPP4301234440,GariaHub_KOL_PL,Hike Haven +919433823882,cb5d0655ebc44b33,dispatched_to_mh,East,LMA,1.00E+11,WERCATALYST VENTURES PVT LTD,SumonDas,Motherhub_ULB,FM BRSNR,GariaHub_KOL_PL,PH-B2-CCUULB-5241064,expected,OPENED,27-09-2026 02:25,Somnath G
27-09-2026,FMPP4300820653,GurgaonHub_DEL_PL,SUPRLIFE VENTURES PRIVATE LIMITED +918053943172,bfc9e33d578041a0,dispatched_to_mh,North,LMA,3143363,#N/A,#N/A,Motherhub_JKS,FM BRSNR,GurgaonHub_DEL_PL,PH-B2-DELJKS-43658033,expected,OPENED,27-09-2026 00:29,Arvind Bansal (DNCR)
27-09-2026,FMPP4300485741,GurgaonHub_DEL_PL,Redcliffe Hygiene Private Limited 9075045623,ed3b868b33394f1a,dispatched_to_mh,North,LMA,3143363,#N/A,#N/A,Motherhub_JKS,FM BRSNR,GurgaonHub_DEL_PL,PH-B2-DELJKS-43642733,expected,OPENED,27-09-2026 00:33,Arvind Bansal (DNCR)
27-09-2026,FMPP4301220063,HoodiHub_BLR_PL,41 FOODS PRIVATE LIMITED 09110292681,b6429e0e9c7f4dbb,dispatched_to_mh,South,LMA,3962137,#N/A,#N/A,MotherHub_BLR,FM BRSNR,HoodiHub_BLR_PL,PH-B3-BLRBLR-15625467,expected,OPENED,26-09-2026 21:38,Anwar Babu Maldar
27-09-2026,FMPP4299480530,KanjhawalaHub_DEL_PL,FLAMES ENTERPRISES +918285023475,04504334a88b4630,dispatched_to_mh,North,LMA,1.00E+11,#N/A,#N/A,Motherhub_JKS,FM BRSNR,KanjhawalaHub_DEL_PL,PH-B2-DELJKS-43666268,expected,OPENED,27-09-2026 04:23,Arvind Bansal (DNCR)
27-09-2026,FMPC6533202366,IPextension_DEL_PL,DRM KNITWEAR +917678558297,5c118500d5224d09,dispatched_to_mh,North,TRUEFLEX,754804,TRUEFLEX,VipinKumar,Motherhub_JKS,FM BRSNR,IPextension_DEL_PL,PH-B2-DELJKS-43662171,expected,OPENED,27-09-2026 02:12,Arvind Bansal (DNCR)
27-09-2026,FMPP4299708734,KanjhawalaHub_DEL_PL,Style Craft Collection +918851599845,9ed75254ab6049fa,dispatched_to_mh,North,LMA,1.00E+11,#N/A,#N/A,Motherhub_JKS,FM BRSNR,KanjhawalaHub_DEL_PL,PH-B2-DELJKS-43659741,expected,OPENED,27-09-2026 04:12,Arvind Bansal (DNCR)
27-09-2026,FMPC6531477598,HowrahHub_KOL_PL,SANA DESIGNER +916289389502,17e006b3a5e0485d,dispatched_to_mh,East,LMA,1.00E+11,#N/A,#N/A,Motherhub_ULB,FM BRSNR,HowrahHub_KOL_PL,PH-B2-CCUULB-5244791,expected,OPENED,27-09-2026 01:00,Somnath G
27-09-2026,FMPP4299197053,JasolaHub_DEL_PL,FABIO COLLECTION +918750077044,0ebbd60fd5f8495e,dispatched_to_mh,North,TRUEFLEX,884069,TRUEFLEX,KuldeepBhadana,Motherhub_JKS,FM BRSNR,JasolaHub_DEL_PL,PH-B2-DELJKS-43659454,expected,OPENED,27-09-2026 01:17,Arvind Bansal (DNCR)
27-09-2026,FMPP4300443984,JiganiHub_BLR_PL,AMEYAM ENTERPRISE PRIVATE LIMITED +917975038637,333e43edc1ce45fd,dispatched_to_mh,South,LMA,1.00E+11,WERCATALYST VENTURES PVT LTD,PARTHASARATHINAYAK,MotherHub_BLR,FM BRSNR,JiganiHub_BLR_PL,PH-B1-BLRBLR-15630722,expected,OPENED,26-09-2026 22:15,Anwar Babu Maldar
27-09-2026,FMPP4299244014,KanjhawalaHub_DEL_PL,Balaji Traders +918851743911,551a24bfb1144c21,dispatched_to_mh,North,TRUEFLEX,1414611,TRUEFLEX,#N/A,Motherhub_JKS,FM BRSNR,KanjhawalaHub_DEL_PL,PH-B2-DELJKS-43662994,expected,OPENED,27-09-2026 04:24,Arvind Bansal (DNCR)
27-09-2026,FMPC6533117996,HowrahHub_KOL_PL,S R ENTERPRISE +919007434004,5e642ab1ab244cd2,dispatched_to_mh,East,LMA,1.00E+11,#N/A,#N/A,Motherhub_ULB,FM BRSNR,HowrahHub_KOL_PL,PH-B2-CCUULB-4538031,expected,OPENED,27-09-2026 04:44,Somnath G
27-09-2026,FMPC6533204738,HowrahHub_KOL_PL,ESMAIL DRESSES +917003984460,e8ab8f86a0e54d82,dispatched_to_mh,East,LMA,1.00E+11,#N/A,#N/A,Motherhub_ULB,FM BRSNR,HowrahHub_KOL_PL,PH-B2-CCUULB-5160197,expected,OPENED,27-09-2026 01:54,Somnath G
27-09-2026,FMPP4299737768,HowrahHub_KOL_PL,SHRUTI ENTERPRISE +918100175341,87ee87a8677f452f,dispatched_to_mh,East,LMA,1.00E+11,WHEELEY,Md JiyarulMunsi,Motherhub_ULB,FM BRSNR,HowrahHub_KOL_PL,PH-B1-CCUULB-5075230,expected,OPENED,27-09-2026 03:33,Somnath G
27-09-2026,FMPP4301227784,HowrahHub_KOL_PL,NUR SAMIM MOLLAH +919330865472,625e4482c1b0496e,dispatched_to_mh,East,LMA,1.00E+11,#N/A,#N/A,Motherhub_ULB,FM BRSNR,HowrahHub_KOL_PL,PH-B2-CCUULB-5212920,expected,OPENED,27-09-2026 00:37,Somnath G
27-09-2026,FMPP4299075313,JasolaHub_DEL_PL,BLARY FASHION PLANET +919540281504,f793aef642854ac9,dispatched_to_mh,North,TRUEFLEX,884069,TRUEFLEX,KuldeepBhadana,Motherhub_JKS,FM BRSNR,JasolaHub_DEL_PL,PH-B2-DELJKS-43659454,expected,OPENED,27-09-2026 01:17,Arvind Bansal (DNCR)
27-09-2026,FMPP4301124531,KalyanNagarHub_BLR_PL,AN TRADE MART +919886498074,bb02039d67d149f2,received_at_mh,South,EKART,4245934,EKART,,MotherHub_BLR,FM BRSNR,KalyanNagarHub_BLR_PL,PH-B1-BLRBLR-15648053,expected,OPENED,26-09-2026 22:48,Anwar Babu Maldar
27-09-2026,FMPC6532487983,JasolaHub_DEL_PL,Kinder Tales +917042157228,e94cdb3e51684040,dispatched_to_mh,North,TRUEFLEX,756594,TRUEFLEX,AMANKhatana,Motherhub_JKS,FM BRSNR,JasolaHub_DEL_PL,PH-B2-DELJKS-43637809,expected,OPENED,27-09-2026 01:14,Arvind Bansal (DNCR)
27-09-2026,FMPC6533339836,HowrahHub_KOL_PL,RAFIJ GARMENTS +916289964377,5718452b5fc84e87,dispatched_to_mh,East,LMA,1.00E+11,#N/A,#N/A,Motherhub_ULB,FM BRSNR,HowrahHub_KOL_PL,PH-B1-CCUULB-5277738,expected,OPENED,27-09-2026 00:30,Somnath G
27-09-2026,FMPP4299326624,KanakpuraRdHub_BLR_PL,Pipkart +919900843799,2adf5e477a844432,dispatched_to_mh,South,LMA,1.00E+11,WERCATALYST VENTURES PVT LTD,B NChiranjivi,MotherHub_BLR,FM BRSNR,KanakpuraRdHub_BLR_PL,PH-B3-BLRBLR-15644749,expected,OPENED,26-09-2026 22:31,Anwar Babu Maldar
27-09-2026,FMPC6530882452,HowrahHub_KOL_PL,DOWARI ENTERPRISE +919163846717,6ee4d21fbec04dec,dispatched_to_mh,East,LMA,1.00E+11,#N/A,#N/A,Motherhub_ULB,FM BRSNR,HowrahHub_KOL_PL,PH-B2-CCUULB-4913395,expected,OPENED,27-09-2026 01:22,Somnath G
27-09-2026,FMPP4299397822,KanakpuraRdHub_BLR_PL,Momique +917353378769,1b10b8d0b1b04c7a,received_at_mh,South,LMA,1.00E+11,#N/A,#N/A,MotherHub_BLR,FM BRSNR,KanakpuraRdHub_BLR_PL,PH-B3-BLRBLR-15607955,expected,OPENED,26-09-2026 22:45,Anwar Babu Maldar
27-09-2026,FMPC6533694116,KanjhawalaHub_DEL_PL,AAYAN INTERNATIONAL +919971015160,27f1699bac0f4114,dispatched_to_mh,North,TRUEFLEX,633567,TRUEFLEX,Rajesh,Motherhub_JKS,FM BRSNR,KanjhawalaHub_DEL_PL,PH-B2-DELJKS-43659487,expected,OPENED,27-09-2026 04:13,Arvind Bansal (DNCR)
27-09-2026,FMPP4295042463,KalyanNagarHub_BLR_PL,SHIVA MOBILES +917975900844,85336f98b7fa48dd,dispatched_to_mh,South,EKART,3758231,EKART,,MotherHub_BLR,FM BRSNR,KalyanNagarHub_BLR_PL,PH-B1-BLRBLR-15653273,expected,OPENED,26-09-2026 22:48,Anwar Babu Maldar
27-09-2026,FMPP4301054825,IPextension_DEL_PL,NATURAL FASHION 8130609887,b53eebfa05e0486c,dispatched_to_mh,North,TRUEFLEX,589705,TRUEFLEX,SurajSahagal,Motherhub_JKS,FM BRSNR,IPextension_DEL_PL,PH-B2-DELJKS-43509186,expected,OPENED,27-09-2026 02:13,Arvind Bansal (DNCR)
27-09-2026,FMPC6532674639,JasolaHub_DEL_PL,RJ GROUP OF COMPANY +919708532143,1f353d08b87c4b8c,dispatched_to_mh,North,LMA,1.00E+11,#N/A,#N/A,Motherhub_JKS,FM BRSNR,JasolaHub_DEL_PL,PH-B2-DELJKS-43637809,expected,OPENED,27-09-2026 01:14,Arvind Bansal (DNCR)
27-09-2026,FMPC6533476696,KanakpuraRdHub_BLR_PL,DYUTHI ASHWIN +919902469206,e5a4897c52a54e5e,dispatched_to_mh,South,LMA,1.00E+11,#N/A,#N/A,MotherHub_BLR,FM BRSNR,KanakpuraRdHub_BLR_PL,PH-B3-BLRBLR-15607955,expected,OPENED,26-09-2026 22:45,Anwar Babu Maldar
27-09-2026,FMPC6532969779,KanjhawalaHub_DEL_PL,FLAMES ENTERPRISES +918285023475,04504334a88b4630,dispatched_to_mh,North,LMA,1.00E+11,#N/A,#N/A,Motherhub_JKS,FM BRSNR,KanjhawalaHub_DEL_PL,PH-B2-DELJKS-43666268,expected,OPENED,27-09-2026 04:23,Arvind Bansal (DNCR)
27-09-2026,FMPP4301246633,IPextension_DEL_PL,NATURAL FASHION 8130609887,b53eebfa05e0486c,dispatched_to_mh,North,TRUEFLEX,589705,TRUEFLEX,SurajSahagal,Motherhub_JKS,FM BRSNR,IPextension_DEL_PL,PH-B2-DELJKS-43509186,expected,OPENED,27-09-2026 02:13,Arvind Bansal (DNCR)
27-09-2026,FMPP4299170255,HowrahHub_KOL_PL,DOWARI ENTERPRISE +919163846717,6ee4d21fbec04dec,dispatched_to_mh,East,LMA,1.00E+11,#N/A,#N/A,Motherhub_ULB,FM BRSNR,HowrahHub_KOL_PL,PH-B1-CCUULB-4590204,expected,OPENED,27-09-2026 01:18,Somnath G
27-09-2026,FMPC6533096174,KanakpuraRdHub_BLR_PL,Sri Bete Lakshmi Ranganathaswamy Wood Works +919901691842,73cba9541f9443b9,dispatched_to_mh,South,LMA,1.00E+11,WERCATALYST VENTURES PVT LTD,VenkateshNayaka,MotherHub_BLR,FM BRSNR,KanakpuraRdHub_BLR_PL,PH-B3-BLRBLR-15547221,expected,OPENED,26-09-2026 23:34,Anwar Babu Maldar
27-09-2026,FMPC6533063052,HowrahHub_KOL_PL,RF CLASSIC FASHION +916290783524,cf74a9a64c66450e,dispatched_to_mh,East,LMA,1.00E+11,#N/A,#N/A,Motherhub_ULB,FM BRSNR,HowrahHub_KOL_PL,PH-B2-CCUULB-5277869,expected,OPENED,27-09-2026 01:43,Somnath G
27-09-2026,FMPP4299028758,KanakpuraRdHub_BLR_PL,Pipkart +919900843799,2adf5e477a844432,dispatched_to_mh,South,LMA,1.00E+11,WERCATALYST VENTURES PVT LTD,B NChiranjivi,MotherHub_BLR,FM BRSNR,KanakpuraRdHub_BLR_PL,PH-ZO-BLRBLR-15644775,expected,OPENED,26-09-2026 22:31,Anwar Babu Maldar
27-09-2026,FMPC6532275788,KalyanNagarHub_BLR_PL,GOYAL AUTOMOBILE +917300168889,da4b7f32f6c84ccd,dispatched_to_mh,South,EKART,4375706,EKART,,MotherHub_BLR,FM BRSNR,KalyanNagarHub_BLR_PL,PH-B3-BLRBLR-15642636,expected,OPENED,27-09-2026 00:00,Anwar Babu Maldar
27-09-2026,FMPC6531222984,IPextension_DEL_PL,Vantage Sales +919599673039,911ade4dfa8e445c,dispatched_to_mh,North,LMA,1.00E+11,SUSAH SUPPLY CHAIN AND NETWORK PRIVATE LIMITED,AnkitRathaur,Motherhub_JKS,FM BRSNR,IPextension_DEL_PL,PH-B2-DELJKS-43663912,expected,OPENED,27-09-2026 02:12,Arvind Bansal (DNCR)
27-09-2026,FMPC6532430586,KanakpuraRdHub_BLR_PL,LAL SWEETS PRIVATE LTD +919900268867,2b4239ad9a984c14,dispatched_to_mh,South,LMA,1.00E+11,#N/A,#N/A,MotherHub_BLR,FM BRSNR,KanakpuraRdHub_BLR_PL,PH-B3-BLRMLR-7275415,expected,OPENED,26-09-2026 22:34,Anwar Babu Maldar
27-09-2026,FMPC6533072733,JaipurHub_JAI_PL,Neelkanth Enterprises +918955506563,296b35c4a47140e8,received_at_mh,North,LMA,1.00E+11,Greenteck Logistics and Mobility Pvt Ltd,VishalSaini,Motherhub_JAI_BTS,FM BRSNR,JaipurHub_JAI_PL,PH-B3-JAIBTS-24010475,sorted,TERMINATED,26-09-2026 20:54,Akash Sharma
27-09-2026,FMPC6533277636,KalyanNagarHub_BLR_PL,Ishariya +917353180602,1a65403c2807461e,dispatched_to_mh,South,EKART,4060499,EKART,,MotherHub_BLR,FM BRSNR,KalyanNagarHub_BLR_PL,PH-B3-BLRBLR-15646089,expected,OPENED,26-09-2026 22:52,Anwar Babu Maldar
27-09-2026,FMPP4299798754,KalyanNagarHub_BLR_PL,AN TRADE MART +919886498074,bb02039d67d149f2,received_at_mh,South,EKART,4245934,EKART,,MotherHub_BLR,FM BRSNR,KalyanNagarHub_BLR_PL,PH-B3-BLRBLR-15648059,expected,OPENED,26-09-2026 22:49,Anwar Babu Maldar
27-09-2026,FMPC6533425483,HowrahHub_KOL_PL,AP CREATION +916290991399,a6afe528fa134cde,dispatched_to_mh,East,LMA,1.00E+11,#N/A,#N/A,Motherhub_ULB,FM BRSNR,HowrahHub_KOL_PL,PH-B2-CCUULB-5206300,expected,OPENED,27-09-2026 01:29,Somnath G
27-09-2026,FMPP4299220109,KanakpuraRdHub_BLR_PL,Pipkart +919900843799,2adf5e477a844432,dispatched_to_mh,South,LMA,1.00E+11,WERCATALYST VENTURES PVT LTD,B NChiranjivi,MotherHub_BLR,FM BRSNR,KanakpuraRdHub_BLR_PL,PH-B1-BLRBLR-15644687,expected,OPENED,26-09-2026 22:29,Anwar Babu Maldar
27-09-2026,FMPC6530462635,IPextension_DEL_PL,Wardrobe collections +919555696737,b9c29e76e8a64e39,dispatched_to_mh,North,TRUEFLEX,756688,TRUEFLEX,SauravThakur,Motherhub_JKS,FM BRSNR,IPextension_DEL_PL,PH-B2-DELJKS-43663171,expected,OPENED,27-09-2026 02:06,Arvind Bansal (DNCR)
27-09-2026,FMPC6529126524,HowrahHub_KOL_PL,RF CLASSIC FASHION +916290783524,cf74a9a64c66450e,dispatched_to_mh,East,LMA,1.00E+11,#N/A,#N/A,Motherhub_ULB,FM BRSNR,HowrahHub_KOL_PL,PH-B2-CCUULB-5277869,expected,OPENED,27-09-2026 01:43,Somnath G
27-09-2026,FMPC6533202333,IPextension_DEL_PL,DRM KNITWEAR +917678558297,5c118500d5224d09,dispatched_to_mh,North,TRUEFLEX,754804,TRUEFLEX,VipinKumar,Motherhub_JKS,FM BRSNR,IPextension_DEL_PL,PH-B2-DELJKS-43662171,expected,OPENED,27-09-2026 02:12,Arvind Bansal (DNCR)
27-09-2026,FMPP4298898986,JiganiHub_BLR_PL,KALAAH CERAMICS LLP +918806510051,2f4e2b9c8dde461f,dispatched_to_mh,South,LMA,1.00E+11,WERCATALYST VENTURES PVT LTD,NagarajuC,MotherHub_BLR,FM BRSNR,JiganiHub_BLR_PL,PH-B1-BLRBLR-15614685,expected,OPENED,26-09-2026 22:15,Anwar Babu Maldar
27-09-2026,FMPC6533169279,HowrahHub_KOL_PL,Sutayan +919143323562,9eee9f36edf44aa1,dispatched_to_mh,East,LMA,1.00E+11,#N/A,#N/A,Motherhub_ULB,FM BRSNR,HowrahHub_KOL_PL,PH-B2-CCUULB-5277717,expected,OPENED,27-09-2026 01:16,Somnath G
27-09-2026,FMPP4300581326,KanakpuraRdHub_BLR_PL,LAL SWEETS PRIVATE LTD +919900268867,2b4239ad9a984c14,dispatched_to_mh,South,LMA,1.00E+11,#N/A,#N/A,MotherHub_BLR,FM BRSNR,KanakpuraRdHub_BLR_PL,PH-B3-BLRMLR-7275415,expected,OPENED,26-09-2026 22:34,Anwar Babu Maldar
27-09-2026,FMPC6531033377,KanjhawalaHub_DEL_PL,DURGA TRADERS +918800229961,f6819c02ed314254,dispatched_to_mh,North,TRUEFLEX,1153887,TRUEFLEX,HarshHarsh,Motherhub_JKS,FM BRSNR,KanjhawalaHub_DEL_PL,PH-B2-DELJKS-43654936,expected,OPENED,27-09-2026 04:13,Arvind Bansal (DNCR)
27-09-2026,FMPP4298794706,ManinagarHub_ADI_PL,BLLENT STORE +917861023050,2e71d8146b6b4895,received_at_mh,West,LMA,1.00E+11,Loadshare,Sopan RaghunathBaviskar,MotherHub_ABD_Flex,FM BRSNR,ManinagarHub_ADI_PL,PH-B1-ABDFLEX-67128,expected,OPENED,26-09-2026 21:42,Ankur Sinha
27-09-2026,FMPC6524694037,MasabTankHub_HYD_PL,M A LUGGAGE +918790314762,9183d604d36f452d,dispatched_to_mh,South,LMA,1.00E+11,#N/A,#N/A,MotherHub_HYP,FM BRSNR,MasabTankHub_HYD_PL,PH-B2-HYDHYP-10081133,expected,OPENED,27-09-2026 06:54,Vivekananda Tallapudi
27-09-2026,FMPC6527158698,KukatpallyHub_HYD_PL,SLS Handmade Collections +919390837247,d76c6799535e4ba0,dispatched_to_mh,South,EKART,2969239,EKART,,MotherHub_HYP,FM BRSNR,KukatpallyHub_HYD_PL,PH-B4-HYDHYP-10079053,expected,OPENED,26-09-2026 23:19,Vivekananda Tallapudi
27-09-2026,FMPP4301161329,ManinagarHub_ADI_PL,SiaaRam +919054003690,e84c7fe444c94202,dispatched_to_mh,West,LMA,1.00E+11,Princy Enterprise,Ghanghoria SonukumarMotilal,MotherHub_ABD_Flex,FM BRSNR,ManinagarHub_ADI_PL,PH-B3-ABDFLEX-67253,expected,OPENED,26-09-2026 21:43,Ankur Sinha
27-09-2026,FMPC6523363324,MasabTankHub_HYD_PL,M A LUGGAGE +918790314762,9183d604d36f452d,dispatched_to_mh,South,LMA,1.00E+11,#N/A,#N/A,MotherHub_HYP,FM BRSNR,MasabTankHub_HYD_PL,PH-B2-HYDHYP-10081133,expected,OPENED,27-09-2026 06:54,Vivekananda Tallapudi
27-09-2026,FMPC6530124648,ManinagarHub_ADI_PL,KAISHAR ENTERPRISE +917698896663,4f8d4c6ae9e74ad2,dispatched_to_mh,West,LMA,1.00E+11,Princy Enterprise,Shrimali HardikkumarVinodbhhai,MotherHub_ABD_Flex,FM BRSNR,ManinagarHub_ADI_PL,PH-B3-ABDFLEX-70117,expected,OPENED,26-09-2026 21:51,Ankur Sinha
27-09-2026,FMPC6530174089,KukatpallyHub_HYD_PL,EMOURYA ECOMMERCE (OPC) PRIVATE LIMITED +919502281432,824b9ef2d19e4282,received_at_mh,South,EKART,4183496,EKART,,MotherHub_HYP,FM BRSNR,KukatpallyHub_HYD_PL,PH-B2-HYDHYP-10078141,expected,OPENED,26-09-2026 23:14,Vivekananda Tallapudi
27-09-2026,FMPC6528823837,ManinagarHub_ADI_PL,TRENDY FINDS ONLINE +917211171127,008a7396abea47d5,dispatched_to_mh,West,LMA,1.00E+11,Princy Enterprise,PatilKalpesh,Motherhub_ABD,FM BRSNR,ManinagarHub_ADI_PL,PH-ZO-AHDABD-16802792,expected,OPENED,26-09-2026 22:33,Ankur Sinha
27-09-2026,FMPP4300684544,ManinagarHub_ADI_PL,CLOUD WELLNESS PRIVATE LIMITED +919898020126,c06b8930f80a4a61,dispatched_to_mh,West,LMA,1.00E+11,Princy Enterprise,Ghanghoria SonukumarMotilal,Motherhub_ABD,FM BRSNR,ManinagarHub_ADI_PL,PH-B2-AHDABD-16818911,expected,OPENED,27-09-2026 00:15,Ankur Sinha
27-09-2026,FMPP4300011258,ManinagarHub_ADI_PL,JAGANNATH ENTERPRISE +919898688732,5471748211f24cde,dispatched_to_mh,West,LMA,1.00E+11,#N/A,#N/A,MotherHub_ABD_Flex,FM BRSNR,ManinagarHub_ADI_PL,PH-B1-ABDFLEX-68113,expected,OPENED,26-09-2026 21:44,Ankur Sinha
27-09-2026,FMPC6523756457,MasabTankHub_HYD_PL,M A LUGGAGE +918790314762,9183d604d36f452d,dispatched_to_mh,South,LMA,1.00E+11,#N/A,#N/A,MotherHub_HYP,FM BRSNR,MasabTankHub_HYD_PL,PH-B2-HYDHYP-10081133,expected,OPENED,27-09-2026 06:54,Vivekananda Tallapudi
27-09-2026,FMPP4298820794,ManinagarHub_ADI_PL,JAGANNATH ENTERPRISE +919898688732,5471748211f24cde,dispatched_to_mh,West,LMA,1.00E+11,#N/A,#N/A,Motherhub_ABD,FM BRSNR,ManinagarHub_ADI_PL,PH-ZO-AHDABD-16816366,expected,OPENED,26-09-2026 22:39,Ankur Sinha
27-09-2026,FMPC6532679275,ManinagarHub_ADI_PL,AAYUSH FASHION +917600589460,8128babafb8b4280,dispatched_to_mh,West,LMA,1.00E+11,Loadshare,Nadiya SunnyGunvantbhai,MotherHub_ABD_Flex,FM BRSNR,ManinagarHub_ADI_PL,PH-B3-ABDFLEX-70661,expected,OPENED,27-09-2026 01:45,Ankur Sinha
27-09-2026,FMPP4300530462,ManinagarHub_ADI_PL,CLOUD WELLNESS PRIVATE LIMITED +919898020126,c06b8930f80a4a61,received_at_mh,West,LMA,1.00E+11,Princy Enterprise,Ghanghoria SonukumarMotilal,Motherhub_ABD,FM BRSNR,ManinagarHub_ADI_PL,PH-ZO-AHDABD-16815944,expected,OPENED,26-09-2026 22:23,Ankur Sinha
27-09-2026,FMPC6530210169,ManinagarHub_ADI_PL,AKLINA ENTERPRISE +917567770201,e57d54de1bf7491a,dispatched_to_mh,West,LMA,1.00E+11,Princy Enterprise,Shrimali HardikkumarVinodbhhai,Motherhub_ABD,FM BRSNR,ManinagarHub_ADI_PL,PH-B2-AHDABD-16818166,expected,OPENED,26-09-2026 22:22,Ankur Sinha
27-09-2026,FMPC6525543462,MasabTankHub_HYD_PL,M A LUGGAGE +918790314762,9183d604d36f452d,dispatched_to_mh,South,LMA,1.00E+11,#N/A,#N/A,MotherHub_HYP,FM BRSNR,MasabTankHub_HYD_PL,PH-B2-HYDHYP-10081133,expected,OPENED,27-09-2026 06:54,Vivekananda Tallapudi
27-09-2026,FMPC6531986320,ManinagarHub_ADI_PL,Aarohi traders +918000171547,9c7d18d354944be9,dispatched_to_mh,West,LMA,1.00E+11,Princy Enterprise,Rajkumar JayantibhaiVaghela,MotherHub_ABD_Flex,FM BRSNR,ManinagarHub_ADI_PL,PH-B4-ABDFLEX-66284,expected,OPENED,27-09-2026 00:05,Ankur Sinha
27-09-2026,FMPC6530833626,ManinagarHub_ADI_PL,SHREE GRUH UDHYOG +918980780807,d4e123050516458c,dispatched_to_mh,West,LMA,1.00E+11,Princy Enterprise,PARMARBHUPENDRAKUMAR,Motherhub_ABD,FM BRSNR,ManinagarHub_ADI_PL,PH-B2-AHDABD-16794309,expected,OPENED,27-09-2026 00:13,Ankur Sinha
27-09-2026,FMPC6530917970,ManinagarHub_ADI_PL,KHODAL ENTERPRISE +919913420802,290ca6fe726e43cb,dispatched_to_mh,West,LMA,1.00E+11,Princy Enterprise,PARMARBHUPENDRAKUMAR,MotherHub_ABD_Flex,FM BRSNR,ManinagarHub_ADI_PL,PH-B4-ABDFLEX-41165,expected,OPENED,27-09-2026 01:28,Ankur Sinha
27-09-2026,FMPP4300575341,ManinagarHub_ADI_PL,CLOUD WELLNESS PRIVATE LIMITED +919898020126,c06b8930f80a4a61,dispatched_to_mh,West,LMA,1.00E+11,Princy Enterprise,Ghanghoria SonukumarMotilal,MotherHub_ABD_Flex,FM BRSNR,ManinagarHub_ADI_PL,PH-B4-ABDFLEX-70773,expected,OPENED,27-09-2026 01:37,Ankur Sinha
27-09-2026,FMPC6527898332,KukatpallyHub_HYD_PL,CULTIWAY ORGANICS (OPC) PRIVATE LIMITED +918500000417,017ceb3a6a564d90,dispatched_to_mh,South,EKART,4150096,EKART,,MotherHub_HYP,FM BRSNR,KukatpallyHub_HYD_PL,PH-B4-HYDHYP-10086509,expected,OPENED,26-09-2026 23:11,Vivekananda Tallapudi
27-09-2026,FMPC6524693917,MasabTankHub_HYD_PL,M A LUGGAGE +918790314762,9183d604d36f452d,dispatched_to_mh,South,LMA,1.00E+11,#N/A,#N/A,MotherHub_HYP,FM BRSNR,MasabTankHub_HYD_PL,PH-B2-HYDHYP-10081133,expected,OPENED,27-09-2026 06:54,Vivekananda Tallapudi
27-09-2026,FMPC6529905613,ManinagarHub_ADI_PL,ZYDEN ENTERPRISE +919913420802,983c4cfa4cba438c,dispatched_to_mh,West,LMA,1.00E+11,Princy Enterprise,PARMARBHUPENDRAKUMAR,MotherHub_ABD_Flex,FM BRSNR,ManinagarHub_ADI_PL,PH-B4-ABDFLEX-41165,expected,OPENED,27-09-2026 01:28,Ankur Sinha
27-09-2026,FMPC6532619142,ManinagarHub_ADI_PL,DAYLIGHT PRODUCTS +919998743855,18e68260ab0c41a3,dispatched_to_mh,West,LMA,1.00E+11,Loadshare,Nadiya SunnyGunvantbhai,MotherHub_ABD_Flex,FM BRSNR,ManinagarHub_ADI_PL,PH-B3-ABDFLEX-70659,expected,OPENED,27-09-2026 01:52,Ankur Sinha
27-09-2026,FMPC6524682996,MasabTankHub_HYD_PL,M A LUGGAGE +918790314762,9183d604d36f452d,dispatched_to_mh,South,LMA,1.00E+11,#N/A,#N/A,MotherHub_HYP,FM BRSNR,MasabTankHub_HYD_PL,PH-B2-HYDHYP-10081133,expected,OPENED,27-09-2026 06:54,Vivekananda Tallapudi
27-09-2026,FMPC6531541992,ManinagarHub_ADI_PL,Rajkamal Jewellers +916359579720,8947696b7f224a9a,dispatched_to_mh,West,LMA,1.00E+11,Princy Enterprise,Zala NirendrasinhShailendrasinh,MotherHub_ABD_Flex,FM BRSNR,ManinagarHub_ADI_PL,PH-B3-ABDFLEX-70370,expected,OPENED,27-09-2026 00:17,Ankur Sinha
27-09-2026,FMPC6531974722,ManinagarHub_ADI_PL,DURGA GLOBAL +919558887883,25fd879215e74746,dispatched_to_mh,West,LMA,1.00E+11,Loadshare,Nadiya SunnyGunvantbhai,MotherHub_ABD_Flex,FM BRSNR,ManinagarHub_ADI_PL,PH-B4-ABDFLEX-70669,expected,OPENED,27-09-2026 01:53,Ankur Sinha
27-09-2026,FMPC6530209786,ManinagarHub_ADI_PL,AKLINA ENTERPRISE +917567770201,e57d54de1bf7491a,dispatched_to_mh,West,LMA,1.00E+11,Princy Enterprise,Shrimali HardikkumarVinodbhhai,Motherhub_ABD,FM BRSNR,ManinagarHub_ADI_PL,PH-ZO-AHDABD-16818157,expected,OPENED,26-09-2026 22:27,Ankur Sinha
27-09-2026,FMPP4300045513,ManinagarHub_ADI_PL,JAGANNATH ENTERPRISE +919898688732,5471748211f24cde,dispatched_to_mh,West,LMA,1.00E+11,#N/A,#N/A,MotherHub_ABD_Flex,FM BRSNR,ManinagarHub_ADI_PL,PH-B4-ABDFLEX-68140,expected,OPENED,26-09-2026 21:43,Ankur Sinha
27-09-2026,FMPC6523528787,MasabTankHub_HYD_PL,M A LUGGAGE +918790314762,9183d604d36f452d,dispatched_to_mh,South,LMA,1.00E+11,#N/A,#N/A,MotherHub_HYP,FM BRSNR,MasabTankHub_HYD_PL,PH-B2-HYDHYP-10081133,expected,OPENED,27-09-2026 06:54,Vivekananda Tallapudi
27-09-2026,FMPC6524241521,MasabTankHub_HYD_PL,M A LUGGAGE +918790314762,9183d604d36f452d,dispatched_to_mh,South,LMA,1.00E+11,#N/A,#N/A,MotherHub_HYP,FM BRSNR,MasabTankHub_HYD_PL,PH-B2-HYDHYP-10081133,expected,OPENED,27-09-2026 06:54,Vivekananda Tallapudi
27-09-2026,FMPC6532277452,ManinagarHub_ADI_PL,Bembika International +916353870767,9565c056dd7e41da,dispatched_to_mh,West,LMA,1.00E+11,Princy Enterprise,Shrimali HardikkumarVinodbhhai,MotherHub_ABD_Flex,FM BRSNR,ManinagarHub_ADI_PL,PH-B3-ABDFLEX-70120,expected,OPENED,26-09-2026 23:54,Ankur Sinha
27-09-2026,FMPC6530001766,ManinagarHub_ADI_PL,GLOBAL ENGINEERS +919879815784,83b586445aba4c3a,dispatched_to_mh,West,LMA,1.00E+11,Loadshare,Parmar AjaybhaiHarjivanbhai,Motherhub_ABD,FM BRSNR,ManinagarHub_ADI_PL,PH-ZO-AHDABD-16814589,expected,OPENED,26-09-2026 22:44,Ankur Sinha
27-09-2026,FMPC6524683385,MasabTankHub_HYD_PL,M A LUGGAGE +918790314762,9183d604d36f452d,dispatched_to_mh,South,LMA,1.00E+11,#N/A,#N/A,MotherHub_HYP,FM BRSNR,MasabTankHub_HYD_PL,PH-B2-HYDHYP-10081133,expected,OPENED,27-09-2026 06:54,Vivekananda Tallapudi
27-09-2026,FMPC6524612263,MasabTankHub_HYD_PL,M A LUGGAGE +918790314762,9183d604d36f452d,dispatched_to_mh,South,LMA,1.00E+11,#N/A,#N/A,MotherHub_HYP,FM BRSNR,MasabTankHub_HYD_PL,PH-B2-HYDHYP-10081133,expected,OPENED,27-09-2026 06:54,Vivekananda Tallapudi
27-09-2026,FMPP4294815047,MasabTankHub_HYD_PL,Hidle Berg +917545802806,39d704b6e7884432,dispatched_to_mh,South,LMA,1.00E+11,#N/A,#N/A,MotherHub_HYP,FM BRSNR,MasabTankHub_HYD_PL,PH-B2-HYDHYP-10081133,expected,OPENED,27-09-2026 06:54,Vivekananda Tallapudi
27-09-2026,FMPC6531659806,ManinagarHub_ADI_PL,NAINTARA TRADELINK +916359071847,225343e55a0b4b74,dispatched_to_mh,West,LMA,1.00E+11,Loadshare,PrajapatiGaurav,MotherHub_ABD_Flex,FM BRSNR,ManinagarHub_ADI_PL,PH-B4-ABDFLEX-65904,expected,OPENED,26-09-2026 22:09,Ankur Sinha
27-09-2026,FMPP4294483566,MasabTankHub_HYD_PL,M A LUGGAGE +918790314762,9183d604d36f452d,dispatched_to_mh,South,LMA,1.00E+11,#N/A,#N/A,MotherHub_HYP,FM BRSNR,MasabTankHub_HYD_PL,PH-B2-HYDHYP-10081133,expected,OPENED,27-09-2026 06:54,Vivekananda Tallapudi
27-09-2026,FMPP4300662427,ManinagarHub_ADI_PL,GURUKRUPA IMPEX +918690905900,43f28b524f0341bd,dispatched_to_mh,West,LMA,1.00E+11,Princy Enterprise,YuvrajsinhChavda,Motherhub_ABD,FM BRSNR,ManinagarHub_ADI_PL,PH-B2-AHDABD-16797326,expected,OPENED,27-09-2026 00:28,Ankur Sinha
27-09-2026,FMPC6532738788,ManinagarHub_ADI_PL,CLOUD WELLNESS PRIVATE LIMITED +919898020126,c06b8930f80a4a61,dispatched_to_mh,West,LMA,1.00E+11,Princy Enterprise,Ghanghoria SonukumarMotilal,MotherHub_ABD_Flex,FM BRSNR,ManinagarHub_ADI_PL,PH-B3-ABDFLEX-70752,expected,OPENED,27-09-2026 01:49,Ankur Sinha
27-09-2026,FMPC6523831234,MasabTankHub_HYD_PL,M A LUGGAGE +918790314762,9183d604d36f452d,dispatched_to_mh,South,LMA,1.00E+11,#N/A,#N/A,MotherHub_HYP,FM BRSNR,MasabTankHub_HYD_PL,PH-B2-HYDHYP-10081133,expected,OPENED,27-09-2026 06:54,Vivekananda Tallapudi
27-09-2026,FMPP4299317646,ManinagarHub_ADI_PL,Dharti Enterprise +919898460213,5c365191e0a34842,dispatched_to_mh,West,LMA,1.00E+11,Princy Enterprise,PARMARBHUPENDRAKUMAR,MotherHub_ABD_Flex,FM BRSNR,ManinagarHub_ADI_PL,PH-B3-ABDFLEX-41150,expected,OPENED,27-09-2026 01:30,Ankur Sinha
27-09-2026,FMPC6523058131,MasabTankHub_HYD_PL,M A LUGGAGE +918790314762,9183d604d36f452d,dispatched_to_mh,South,LMA,1.00E+11,#N/A,#N/A,MotherHub_HYP,FM BRSNR,MasabTankHub_HYD_PL,PH-B2-HYDHYP-10081133,expected,OPENED,27-09-2026 06:54,Vivekananda Tallapudi
27-09-2026,FMPC6533160653,ManinagarHub_ADI_PL,SD DESIGNS +917573920749,2af024ab9486471f,received_at_mh,West,LMA,1.00E+11,Princy Enterprise,Zala NirendrasinhShailendrasinh,MotherHub_ABD_Flex,FM BRSNR,ManinagarHub_ADI_PL,PH-B1-ABDFLEX-67397,expected,OPENED,27-09-2026 00:07,Ankur Sinha
27-09-2026,FMPP4300476513,ManinagarHub_ADI_PL,MAHAVEER ENTERPRISE +919157040933,aaaef5dcbd974dc4,dispatched_to_mh,West,LMA,1.00E+11,Princy Enterprise,Ghanghoria SonukumarMotilal,MotherHub_ABD_Flex,FM BRSNR,ManinagarHub_ADI_PL,PH-B1-ABDFLEX-66831,expected,OPENED,27-09-2026 01:27,Ankur Sinha
27-09-2026,FMPC6533138910,ManinagarHub_ADI_PL,RAJMA PRODUCTS +919033614843,468bdaf6c86c4ef2,dispatched_to_mh,West,LMA,1.00E+11,Princy Enterprise,Zala NirendrasinhShailendrasinh,Motherhub_ABD,FM BRSNR,ManinagarHub_ADI_PL,PH-B2-AHDABD-16816091,expected,OPENED,26-09-2026 22:35,Ankur Sinha
27-09-2026,FMPP4299183702,ManinagarHub_ADI_PL,SNISH SIGNATURE +919426215903,037963fbdf1a42e7,dispatched_to_mh,West,LMA,1.00E+11,Princy Enterprise,Zala NirendrasinhShailendrasinh,MotherHub_ABD_Flex,FM BRSNR,ManinagarHub_ADI_PL,PH-B3-ABDFLEX-68869,expected,OPENED,27-09-2026 00:13,Ankur Sinha
27-09-2026,FMPC6530173682,KukatpallyHub_HYD_PL,EMOURYA ECOMMERCE (OPC) PRIVATE LIMITED +919502281432,824b9ef2d19e4282,received_at_mh,South,EKART,4183496,EKART,,MotherHub_HYP,FM BRSNR,KukatpallyHub_HYD_PL,PH-B2-HYDHYP-10078141,expected,OPENED,26-09-2026 23:14,Vivekananda Tallapudi
27-09-2026,FMPC6531331693,ManinagarHub_ADI_PL,ISHIKA CREATION +918128625865,1abb4dea2f8d4aed,dispatched_to_mh,West,LMA,1.00E+11,Loadshare,PrajapatiGaurav,MotherHub_ABD_Flex,FM BRSNR,ManinagarHub_ADI_PL,PH-B4-ABDFLEX-65896,expected,OPENED,26-09-2026 22:09,Ankur Sinha
27-09-2026,FMPP4298802798,ManinagarHub_ADI_PL,MUZORO ENTERPRISE +917572998743,1affb71707494e92,dispatched_to_mh,West,LMA,1.00E+11,Loadshare,Sopan RaghunathBaviskar,MotherHub_ABD_Flex,FM BRSNR,ManinagarHub_ADI_PL,PH-B3-ABDFLEX-67140,expected,OPENED,26-09-2026 21:44,Ankur Sinha
27-09-2026,FMPC6533245053,ManinagarHub_ADI_PL,HK CREATION +918780409453,669d946f9c124a27,dispatched_to_mh,West,LMA,1.00E+11,Loadshare,Nadiya SunnyGunvantbhai,Motherhub_ABD,FM BRSNR,ManinagarHub_ADI_PL,PH-ZO-AHDABD-16816983,expected,OPENED,27-09-2026 00:25,Ankur Sinha
27-09-2026,FMPP4295230459,MasabTankHub_HYD_PL,M A LUGGAGE +918790314762,9183d604d36f452d,dispatched_to_mh,South,LMA,1.00E+11,#N/A,#N/A,MotherHub_HYP,FM BRSNR,MasabTankHub_HYD_PL,PH-B2-HYDHYP-10081133,expected,OPENED,27-09-2026 06:54,Vivekananda Tallapudi
27-09-2026,FMPC6533138940,ManinagarHub_ADI_PL,RAJMA PRODUCTS +919033614843,468bdaf6c86c4ef2,dispatched_to_mh,West,LMA,1.00E+11,Princy Enterprise,Zala NirendrasinhShailendrasinh,MotherHub_ABD_Flex,FM BRSNR,ManinagarHub_ADI_PL,PH-B1-ABDFLEX-67399,expected,OPENED,27-09-2026 00:09,Ankur Sinha
27-09-2026,FMPC6523619861,MasabTankHub_HYD_PL,M A LUGGAGE +918790314762,9183d604d36f452d,dispatched_to_mh,South,LMA,1.00E+11,#N/A,#N/A,MotherHub_HYP,FM BRSNR,MasabTankHub_HYD_PL,PH-B2-HYDHYP-10081133,expected,OPENED,27-09-2026 06:54,Vivekananda Tallapudi
27-09-2026,FMPC6533375876,MedchalHub_HYD_PL,CIGFIL-LTD null,e694f417f5ab45a3,dispatched_to_mh,South,EKART,4377223,EKART,,MotherHub_HYP,FM BRSNR,MedchalHub_HYD_PL,PH-B4-HYDHYP-10084265,expected,OPENED,26-09-2026 23:42,Vivekananda Tallapudi
27-09-2026,FMPP4295796029,MasabTankHub_HYD_PL,M A LUGGAGE +918790314762,9183d604d36f452d,dispatched_to_mh,South,LMA,1.00E+11,#N/A,#N/A,MotherHub_HYP,FM BRSNR,MasabTankHub_HYD_PL,PH-B2-HYDHYP-10081133,expected,OPENED,27-09-2026 06:54,Vivekananda Tallapudi
27-09-2026,FMPC6532651506,ManinagarHub_ADI_PL,CIRAMA ENTERPRISE +918780978177,b5dd013af27b42ff,received_at_mh,West,LMA,1.00E+11,Princy Enterprise,PatilKalpesh,MotherHub_ABD_Flex,FM BRSNR,ManinagarHub_ADI_PL,PH-B3-ABDFLEX-51149,expected,OPENED,27-09-2026 00:02,Ankur Sinha
27-09-2026,FMPC6533655057,MangolpuriHub_DEL_PL,FLOPSIE ENTERPRISES +918810381092,7a195cc2f33440f2,dispatched_to_mh,North,LMA,1.00E+11,SHIFTWAY LOGISTICS PVT LTD,KUNAL,Motherhub_JKS,FM BRSNR,MangolpuriHub_DEL_PL,PH-B2-DELJKS-43647466,expected,OPENED,27-09-2026 02:31,Arvind Bansal (DNCR)
27-09-2026,FMPC6532671815,ManinagarHub_ADI_PL,RAJMA PRODUCTS +919033614843,468bdaf6c86c4ef2,dispatched_to_mh,West,LMA,1.00E+11,Princy Enterprise,Zala NirendrasinhShailendrasinh,MotherHub_ABD_Flex,FM BRSNR,ManinagarHub_ADI_PL,PH-B1-ABDFLEX-67399,expected,OPENED,27-09-2026 00:09,Ankur Sinha
27-09-2026,FMPC6530894742,ManinagarHub_ADI_PL,Zeenat Libaas +917405678367,9931d58008d649fd,received_at_mh,West,LMA,1.00E+11,Loadshare,Sopan RaghunathBaviskar,MotherHub_ABD_Flex,FM BRSNR,ManinagarHub_ADI_PL,PH-B1-ABDFLEX-67128,expected,OPENED,26-09-2026 21:42,Ankur Sinha
27-09-2026,FMPP4299183657,ManinagarHub_ADI_PL,SNISH SIGNATURE +919426215903,037963fbdf1a42e7,dispatched_to_mh,West,LMA,1.00E+11,Princy Enterprise,Zala NirendrasinhShailendrasinh,MotherHub_ABD_Flex,FM BRSNR,ManinagarHub_ADI_PL,PH-B1-ABDFLEX-68852,expected,OPENED,27-09-2026 00:13,Ankur Sinha
27-09-2026,FMPC6533435030,MangolpuriHub_DEL_PL,ADITYA COLLECTION +919999702623,5d4577d364464ae7,dispatched_to_mh,North,TRUEFLEX,1397703,TRUEFLEX,#N/A,Motherhub_JKS,FM BRSNR,MangolpuriHub_DEL_PL,PH-B2-DELJKS-43439777,expected,OPENED,27-09-2026 02:27,Arvind Bansal (DNCR)
27-09-2026,FMPC6524684807,MasabTankHub_HYD_PL,M A LUGGAGE +918790314762,9183d604d36f452d,dispatched_to_mh,South,LMA,1.00E+11,#N/A,#N/A,MotherHub_HYP,FM BRSNR,MasabTankHub_HYD_PL,PH-B2-HYDHYP-10081133,expected,OPENED,27-09-2026 06:54,Vivekananda Tallapudi
27-09-2026,FMPC6530734849,ManinagarHub_ADI_PL,Dharti Enterprise +919898460213,5c365191e0a34842,dispatched_to_mh,West,LMA,1.00E+11,Princy Enterprise,PARMARBHUPENDRAKUMAR,MotherHub_ABD_Flex,FM BRSNR,ManinagarHub_ADI_PL,PH-B3-ABDFLEX-41150,expected,OPENED,27-09-2026 01:30,Ankur Sinha
27-09-2026,FMPP4299174438,ManinagarHub_ADI_PL,Miransh Enterprise +919328216590,daf052229cf34f0d,dispatched_to_mh,West,LMA,1.00E+11,Princy Enterprise,Zala NirendrasinhShailendrasinh,MotherHub_ABD_Flex,FM BRSNR,ManinagarHub_ADI_PL,PH-B1-ABDFLEX-68853,expected,OPENED,27-09-2026 00:11,Ankur Sinha
27-09-2026,FMPC6524127006,MasabTankHub_HYD_PL,M A LUGGAGE +918790314762,9183d604d36f452d,dispatched_to_mh,South,LMA,1.00E+11,#N/A,#N/A,MotherHub_HYP,FM BRSNR,MasabTankHub_HYD_PL,PH-B2-HYDHYP-10081133,expected,OPENED,27-09-2026 06:54,Vivekananda Tallapudi
27-09-2026,FMPP4299496037,MysorerdHub_BLR_PL,MOTO MODS HUB +918050327046,e50e68b355e640d1,received_at_mh,South,LMA,1.00E+11,WERCATALYST VENTURES PVT LTD,Praveen KumarE,MotherHub_BLR,FM BRSNR,MysorerdHub_BLR_PL,PH-B3-BLRBLR-15641422,expected,OPENED,26-09-2026 23:16,Anwar Babu Maldar
27-09-2026,FMPC6530680803,Motibaghhub_DEL_PL,Shree Radhe Enterprises +918799763389,b5c983fd6fc44d9b,dispatched_to_mh,North,LMA,1.00E+11,WERCATALYST VENTURES PVT LTD,Deepak,Motherhub_JKS,FM BRSNR,Motibaghhub_DEL_PL,PH-B2-DELJKS-42598843,expected,OPENED,27-09-2026 01:09,Arvind Bansal (DNCR)
27-09-2026,FMPP4297555762,Motavarachahub_STV_PL,DHEYLU CREATION +919737463839,1170c4e2a8b444a9,received_at_mh,West,LMA,1.00E+11,#N/A,#N/A,MotherHub_STV_BTS,FM BRSNR,Motavarachahub_STV_PL,PH-B1-SURBTS-25710457,expected,OPENED,26-09-2026 22:41,Ashvani Bhatt
27-09-2026,FMPC6533526554,MysorerdHub_BLR_PL,M S Enterprises +919880633666,f8757babf335457b,received_at_mh,South,LMA,1.00E+11,WERCATALYST VENTURES PVT LTD,MaheshaM,MotherHub_BLR,FM BRSNR,MysorerdHub_BLR_PL,PH-B3-BLRBLR-15646934,expected,OPENED,26-09-2026 23:19,Anwar Babu Maldar
27-09-2026,FMPC6531371647,NelamangalaHub_BLR_PL,Lakshmi Naveen Traders +916360130739,4c82aa6a6d5245b6,dispatched_to_mh,South,EKART,3817322,EKART,,MotherHub_BLR,FM BRSNR,NelamangalaHub_BLR_PL,PH-B1-BLRBLR-15599513,expected,OPENED,26-09-2026 23:51,Anwar Babu Maldar
27-09-2026,FMPC6530858673,Motavarachahub_STV_PL,MORVINANDAN TEXTILE +919879291447,0508ddfa551347ab,dispatched_to_mh,West,LMA,1.00E+11,PRIME LOGIC,Bhushan SudhakarMagare,MotherHub_STV_BTS,FM BRSNR,Motavarachahub_STV_PL,PH-B3-SURBTS-25682397,expected,OPENED,27-09-2026 03:28,Ashvani Bhatt
27-09-2026,FMPC6530742791,MysorerdHub_BLR_PL,ROYAL BIKE POINT +917483615102,8401bfe4e64840e4,dispatched_to_mh,South,LMA,1.00E+11,WERCATALYST VENTURES PVT LTD,Praveen KumarE,MotherHub_BLR,FM BRSNR,MysorerdHub_BLR_PL,PH-B3-BLRBLR-15653295,expected,OPENED,26-09-2026 23:18,Anwar Babu Maldar
27-09-2026,FMPC6532242217,Motavarachahub_STV_PL,FASHION VILLA +916353850573,e86a2c10b45b495d,received_at_mh,West,LMA,1.00E+11,PRIME LOGIC,Sajid Khan AarifKhan,MotherHub_STV_BTS,FM BRSNR,Motavarachahub_STV_PL,PH-B1-SURBTS-25676691,added_to_container,TERMINATED,27-09-2026 02:06,Ashvani Bhatt
27-09-2026,FMPC6530435878,Motavarachahub_STV_PL,CHOTI OM FASHION +919173898530,bf791b4014624f2c,dispatched_to_mh,West,LMA,1.00E+11,#N/A,#N/A,MotherHub_STV_BTS,FM BRSNR,Motavarachahub_STV_PL,PH-B2-SURBTS-25710463,expected,OPENED,26-09-2026 22:40,Ashvani Bhatt
27-09-2026,FMPP4300408812,Motavarachahub_STV_PL,XYXX APPARELS PRIVATE LIMITED +919328965052,1b46834ab91a4db9,dispatched_to_mh,West,TRUEFLEX,596981,TRUEFLEX,Patil PrashantKailash,MotherHub_STV_BTS,FM BRSNR,Motavarachahub_STV_PL,PH-B2-SURBTS-25720481,expected,OPENED,27-09-2026 03:47,Ashvani Bhatt
27-09-2026,FMPP4299989889,Motavarachahub_STV_PL,SWASTIK HEALTHCARE +919328590053,6.53E+15,received_at_mh,West,LMA,1.00E+11,#N/A,#N/A,MotherHub_STV_BTS,FM BRSNR,Motavarachahub_STV_PL,PH-B1-SURBTS-25323183,expected,OPENED,27-09-2026 02:21,Ashvani Bhatt
27-09-2026,FMPC6530826361,Motibaghhub_DEL_PL,GREEN INTERNET TECHNOLOGIES +919899477433,b12aae91d4db42cd,dispatched_to_mh,North,TRUEFLEX,981845,TRUEFLEX,#N/A,Motherhub_JKS,FM BRSNR,Motibaghhub_DEL_PL,PH-B2-DELJKS-43571702,expected,OPENED,27-09-2026 01:06,Arvind Bansal (DNCR)
27-09-2026,FMPP4299274100,PaharganjHub_DEL_PL,MOHAMMAD ANAS IDRISHI +919931284112,90b5edb51862418e,dispatched_to_mh,North,TRUEFLEX,900466,TRUEFLEX,AmarendraKumar Gupta,Motherhub_JKS,FM BRSNR,PaharganjHub_DEL_PL,PH-B2-DELJKS-43653921,expected,OPENED,27-09-2026 04:30,Arvind Bansal (DNCR)
27-09-2026,FMPC6530349752,Motavarachahub_STV_PL,VISHWAS SYNTHETICS +919998835363,d573a0ab344540d3,dispatched_to_mh,West,LMA,1.00E+11,#N/A,#N/A,MotherHub_STV_BTS,FM BRSNR,Motavarachahub_STV_PL,PH-B3-SURBTS-25704917,expected,OPENED,27-09-2026 02:46,Ashvani Bhatt
27-09-2026,FMPC6530469296,Motavarachahub_STV_PL,VISHWAS SILK MILLS +919870068292,f0a69eefc82744c0,dispatched_to_mh,West,LMA,1.00E+11,#N/A,#N/A,MotherHub_STV_BTS,FM BRSNR,Motavarachahub_STV_PL,PH-B3-SURBTS-25704917,expected,OPENED,27-09-2026 02:46,Ashvani Bhatt
27-09-2026,FMPP4299579925,NajafgarhHub_DEL_PL,AMBE TELECOM +919711811893,8776395e2dc34417,dispatched_to_mh,North,LMA,1.00E+11,Sitics,AbhoiRai,Motherhub_JKS,FM BRSNR,NajafgarhHub_DEL_PL,PH-B2-DELJKS-43660586,expected,OPENED,27-09-2026 04:31,Arvind Bansal (DNCR)
27-09-2026,FMPC6533677831,Motibaghhub_DEL_PL,EOI MARKETING PRIVATE LIMITED +919717109004,629b03f7de1b4d37,dispatched_to_mh,North,TRUEFLEX,725822,TRUEFLEX,ROHITGUPTA,Motherhub_JKS,FM BRSNR,Motibaghhub_DEL_PL,PH-B2-DELJKS-43546408,expected,OPENED,27-09-2026 01:09,Arvind Bansal (DNCR)
27-09-2026,FMPP4301156327,NajafgarhHub_DEL_PL,ARMAAN ENTERPRISES +919625953595,051b67628efe42a6,dispatched_to_mh,North,LMA,1.00E+11,Sitics,MdChand,Motherhub_JKS,FM BRSNR,NajafgarhHub_DEL_PL,PH-B2-DELJKS-43641410,expected,OPENED,27-09-2026 04:47,Arvind Bansal (DNCR)
27-09-2026,FMPC6532411588,Pimpri_PNQ_PL,Laxmi Sales +918668875431,34ab435ef7f94ed1,dispatched_to_mh,West,EKART,4266343,EKART,,MotherHub_PUNE,FM BRSNR,Pimpri_PNQ_PL,PH-B2-PNQPNQ-4476298,expected,OPENED,27-09-2026 01:13,Swapnil Borgaonkar (MH)
27-09-2026,FMPC6532033452,Motavarachahub_STV_PL,SWASTIK HEALTHCARE +919328590053,6.53E+15,received_at_mh,West,LMA,1.00E+11,#N/A,#N/A,MotherHub_STV_BTS,FM BRSNR,Motavarachahub_STV_PL,PH-B6-SURBTS-25100080,expected,OPENED,27-09-2026 02:21,Ashvani Bhatt
27-09-2026,FMPC6533643985,PaharganjHub_DEL_PL,A S ENTERPRISES +919310126627,3cd115c07d9947c8,dispatched_to_mh,North,LMA,1.00E+11,We Innovate Business Solutions Pvt Ltd,RahulKumar,Motherhub_JKS,FM BRSNR,PaharganjHub_DEL_PL,PH-B2-DELJKS-43441471,expected,OPENED,27-09-2026 04:22,Arvind Bansal (DNCR)
27-09-2026,FMPC6530334262,Motavarachahub_STV_PL,VISHWAS SYNTHETICS +919998835363,d573a0ab344540d3,dispatched_to_mh,West,LMA,1.00E+11,#N/A,#N/A,MotherHub_STV_BTS,FM BRSNR,Motavarachahub_STV_PL,PH-B1-SURBTS-25704908,expected,OPENED,27-09-2026 02:05,Ashvani Bhatt
27-09-2026,FMPP4300197803,Motavarachahub_STV_PL,SWASTIK HEALTHCARE +919328590053,6.53E+15,received_at_mh,West,LMA,1.00E+11,#N/A,#N/A,MotherHub_STV_BTS,FM BRSNR,Motavarachahub_STV_PL,PH-B6-SURBTS-25100080,expected,OPENED,27-09-2026 02:21,Ashvani Bhatt
27-09-2026,FMPP4299203807,NelamangalaHub_BLR_PL,PAVAN MARKETING +919900554882,7e7ae66ee0c64a13,dispatched_to_mh,South,LMA,1.00E+11,Vxpress,Maruthi,MotherHub_BLR,FM BRSNR,NelamangalaHub_BLR_PL,PH-B1-BLRBLR-15652591,expected,OPENED,26-09-2026 23:51,Anwar Babu Maldar
27-09-2026,FMPC6530947041,MundkaHub_DEL_PL,Anil Trading Company +919555784430,5ad6f7056f7c45c8,dispatched_to_mh,North,LMA,1.00E+11,Watsoo,AmanKumar,Motherhub_JKS,FM BRSNR,MundkaHub_DEL_PL,PH-B2-DELJKS-43577166,expected,OPENED,27-09-2026 03:24,Arvind Bansal (DNCR)
27-09-2026,FMPC6528824576,Motavarachahub_STV_PL,Maa baneshwari fashion +919274576681,b46efc195b174f5d,dispatched_to_mh,West,LMA,1.00E+11,#N/A,#N/A,MotherHub_STV_BTS,FM BRSNR,Motavarachahub_STV_PL,PH-B3-SURBTS-25710479,expected,OPENED,26-09-2026 22:39,Ashvani Bhatt
27-09-2026,FMPC6530859907,Motavarachahub_STV_PL,MORVINANDAN TEXTILE +919879291447,0508ddfa551347ab,dispatched_to_mh,West,LMA,1.00E+11,PRIME LOGIC,Bhushan SudhakarMagare,MotherHub_STV_BTS,FM BRSNR,Motavarachahub_STV_PL,PH-B6-SURBTS-25682379,expected,OPENED,27-09-2026 10:56,Ashvani Bhatt
27-09-2026,FMPP4300193145,Motibaghhub_DEL_PL,S.K.ENTERPRISES +919953697837,df2241071e64471d,dispatched_to_mh,North,TRUEFLEX,731272,TRUEFLEX,RajaMehto,Motherhub_JKS,FM BRSNR,Motibaghhub_DEL_PL,PH-B2-DELJKS-43660393,expected,OPENED,27-09-2026 01:07,Arvind Bansal (DNCR)
27-09-2026,FMPC6532264827,Motibaghhub_DEL_PL,MR ENTERPRISE +918076483752,5e6b4bdd79d24071,dispatched_to_mh,North,LMA,4008195,#N/A,#N/A,Motherhub_JKS,FM BRSNR,Motibaghhub_DEL_PL,PH-B2-DELJKS-43413079,expected,OPENED,27-09-2026 01:12,Arvind Bansal (DNCR)
27-09-2026,FMPC6532532549,NajafgarhHub_DEL_PL,TOMBIK +917827231099,3d5fd123b4e8425a,dispatched_to_mh,North,TRUEFLEX,590115,TRUEFLEX,DeepakKumar,Motherhub_JKS,FM BRSNR,NajafgarhHub_DEL_PL,PH-B2-DELJKS-43291551,expected,OPENED,27-09-2026 04:32,Arvind Bansal (DNCR)
27-09-2026,FMPC6531923011,MundkaHub_DEL_PL,MAA LAXMI FOOTWEAR +919211626024,05db264925234aa1,dispatched_to_mh,North,LMA,1.00E+11,Transwide Express,Pawan,Motherhub_JKS,FM BRSNR,MundkaHub_DEL_PL,PH-B2-DELJKS-43662031,expected,OPENED,27-09-2026 03:48,Arvind Bansal (DNCR)
27-09-2026,FMPC6533897125,Motibaghhub_DEL_PL,Realtime Logistics +919818446816,6c6b9d2cb2e14ca9,dispatched_to_mh,North,TRUEFLEX,981845,TRUEFLEX,#N/A,Motherhub_JKS,FM BRSNR,Motibaghhub_DEL_PL,PH-B2-DELJKS-43508709,expected,OPENED,27-09-2026 01:14,Arvind Bansal (DNCR)
27-09-2026,FMPP4300914891,Motavarachahub_STV_PL,SWASTIK HEALTHCARE +919328590053,6.53E+15,received_at_mh,West,LMA,1.00E+11,#N/A,#N/A,MotherHub_STV_BTS,FM BRSNR,Motavarachahub_STV_PL,PH-B1-SURBTS-25323183,expected,OPENED,27-09-2026 02:21,Ashvani Bhatt
27-09-2026,FMPP4301337605,NajafgarhHub_DEL_PL,HANS ENTERPRISE +918799755060,8dc6254afc5b4d37,dispatched_to_mh,North,LMA,1.00E+11,Sitics,MdChand,Motherhub_JKS,FM BRSNR,NajafgarhHub_DEL_PL,PH-B2-DELJKS-43657164,expected,OPENED,27-09-2026 04:31,Arvind Bansal (DNCR)
27-09-2026,FMPP4299896422,Motibaghhub_DEL_PL,S.M. ENTERPRISES +919711936677,8ac4fec70d7e4681,dispatched_to_mh,North,TRUEFLEX,893213,TRUEFLEX,AmitKumar,Motherhub_JKS,FM BRSNR,Motibaghhub_DEL_PL,PH-B2-DELJKS-43658499,expected,OPENED,27-09-2026 01:15,Arvind Bansal (DNCR)
27-09-2026,FMPC6532779874,Motavarachahub_STV_PL,AAVKAR CREATION +918672809280,b3078928bf504a80,received_at_mh,West,LMA,1.00E+11,#N/A,#N/A,MotherHub_STV_BTS,FM BRSNR,Motavarachahub_STV_PL,PH-B1-SURBTS-25711311,added_to_container,TERMINATED,27-09-2026 03:28,Ashvani Bhatt
27-09-2026,FMPC6530723342,MysorerdHub_BLR_PL,Harsh Infotech +918320004914,7c4d98e6c83945f8,dispatched_to_mh,South,LMA,1.00E+11,WERCATALYST VENTURES PVT LTD,Anil Kumar RaoC,MotherHub_BLR,FM BRSNR,MysorerdHub_BLR_PL,PH-B1-BLRBLR-15649584,expected,OPENED,26-09-2026 21:51,Anwar Babu Maldar
27-09-2026,FMPC6523808976,Pimpri_PNQ_PL,Rising Star Technology +919851752286,26a60bd6d205425a,dispatched_to_mh,West,TRUEFLEX,1354375,TRUEFLEX,RahimHanif Shaikh,MotherHub_PUNE,FM BRSNR,Pimpri_PNQ_PL,PH-B4-PNQPNQ-4475342,expected,OPENED,27-09-2026 01:02,Swapnil Borgaonkar (MH)
27-09-2026,FMPC6533091797,Motavarachahub_STV_PL,Winklecart +919870061243,237120f2d5ca42ad,dispatched_to_mh,West,LMA,1.00E+11,#N/A,#N/A,MotherHub_STV_BTS,FM BRSNR,Motavarachahub_STV_PL,PH-B1-SURBTS-25727689,expected,OPENED,27-09-2026 02:23,Ashvani Bhatt
27-09-2026,FMPC6530654953,Motibaghhub_DEL_PL,S.M. ENTERPRISES +919711936677,8ac4fec70d7e4681,dispatched_to_mh,North,TRUEFLEX,893213,TRUEFLEX,AmitKumar,Motherhub_JKS,FM BRSNR,Motibaghhub_DEL_PL,PH-B2-DELJKS-43658499,expected,OPENED,27-09-2026 01:15,Arvind Bansal (DNCR)
27-09-2026,FMPP4301307478,Motibaghhub_DEL_PL,Katyani traders +919557814232,c7982e1617834f26,dispatched_to_mh,North,TRUEFLEX,890271,TRUEFLEX,AnshulKumar,Motherhub_JKS,FM BRSNR,Motibaghhub_DEL_PL,PH-B2-DELJKS-43537397,expected,OPENED,27-09-2026 01:16,Arvind Bansal (DNCR)
27-09-2026,FMPP4299318820,Pimpri_PNQ_PL,LEVAN +919136038903,ff3380fb4b7b4ade,dispatched_to_mh,West,TRUEFLEX,1354375,TRUEFLEX,RahimHanif Shaikh,MotherHub_PUNE,FM BRSNR,Pimpri_PNQ_PL,PH-B1-PNQPNQ-4475282,expected,OPENED,27-09-2026 01:02,Swapnil Borgaonkar (MH)
27-09-2026,FMPP4299994908,Motavarachahub_STV_PL,SWASTIK HEALTHCARE +919328590053,6.53E+15,received_at_mh,West,LMA,1.00E+11,#N/A,#N/A,MotherHub_STV_BTS,FM BRSNR,Motavarachahub_STV_PL,PH-B6-SURBTS-25100080,expected,OPENED,27-09-2026 02:21,Ashvani Bhatt
27-09-2026,FMPC6532478997,MysorerdHub_BLR_PL,MARUDHAR ELECTRONICS +919845382588,c89ce1af96d84f62,received_at_mh,South,LMA,1.00E+11,WERCATALYST VENTURES PVT LTD,MaheshaM,MotherHub_BLR,FM BRSNR,MysorerdHub_BLR_PL,PH-B3-BLRBLR-15646934,expected,OPENED,26-09-2026 23:19,Anwar Babu Maldar
27-09-2026,FMPC6532369013,Motavarachahub_STV_PL,BELLSTONE +919274037692,dac2120f4fda4365,dispatched_to_mh,West,LMA,1.00E+11,#N/A,#N/A,MotherHub_STV_BTS,FM BRSNR,Motavarachahub_STV_PL,PH-B6-SURBTS-25704934,expected,OPENED,27-09-2026 02:04,Ashvani Bhatt
27-09-2026,FMPP4298868803,Motavarachahub_STV_PL,RIDA FASHION +919756598578,ac84518c2cef4cc9,received_at_mh,West,LMA,1.00E+11,#N/A,#N/A,MotherHub_STV_BTS,FM BRSNR,Motavarachahub_STV_PL,PH-B6-SURBTS-25710515,expected,OPENED,26-09-2026 22:38,Ashvani Bhatt
27-09-2026,FMPP4299401438,Motavarachahub_STV_PL,MORVINANDAN TEXTILE +919879291447,0508ddfa551347ab,dispatched_to_mh,West,LMA,1.00E+11,PRIME LOGIC,Bhushan SudhakarMagare,MotherHub_STV_BTS,FM BRSNR,Motavarachahub_STV_PL,PH-B6-SURBTS-25682379,expected,OPENED,27-09-2026 10:56,Ashvani Bhatt
27-09-2026,FMPC6533478478,Motibaghhub_DEL_PL,VELOCITY MARKETING +917011824340,010ce42e546b458e,dispatched_to_mh,North,LMA,1.00E+11,#N/A,#N/A,Motherhub_JKS,FM BRSNR,Motibaghhub_DEL_PL,PH-B2-DELJKS-43658961,expected,OPENED,27-09-2026 01:06,Arvind Bansal (DNCR)
27-09-2026,FMPP4299308116,MysorerdHub_BLR_PL,MARUDHAR ELECTRONICS +919845382588,c89ce1af96d84f62,received_at_mh,South,LMA,1.00E+11,WERCATALYST VENTURES PVT LTD,MaheshaM,MotherHub_BLR,FM BRSNR,MysorerdHub_BLR_PL,PH-B3-BLRBLR-15646934,expected,OPENED,26-09-2026 23:19,Anwar Babu Maldar
27-09-2026,FMPP4299758040,NelamangalaHub_BLR_PL,Lakshmi Naveen Traders +916360130739,4c82aa6a6d5245b6,dispatched_to_mh,South,EKART,3817322,EKART,,MotherHub_BLR,FM BRSNR,NelamangalaHub_BLR_PL,PH-B1-BLRBLR-15599513,expected,OPENED,26-09-2026 23:51,Anwar Babu Maldar
27-09-2026,FMPP4301158704,Motavarachahub_STV_PL,VANSH FASHION +919725905462,243886e6fb1b4c71,dispatched_to_mh,West,LMA,1.00E+11,#N/A,#N/A,MotherHub_STV_BTS,FM BRSNR,Motavarachahub_STV_PL,PH-B1-SURBTS-25710456,expected,OPENED,26-09-2026 22:41,Ashvani Bhatt
27-09-2026,FMPP4298036421,Motavarachahub_STV_PL,ANGEL CREATION +918000720512,71f968fe6ec34658,dispatched_to_mh,West,LMA,1.00E+11,#N/A,#N/A,MotherHub_STV_BTS,FM BRSNR,Motavarachahub_STV_PL,PH-B2-SURBTS-25715076,expected,OPENED,27-09-2026 00:38,Ashvani Bhatt
27-09-2026,FMPP4299488353,Motavarachahub_STV_PL,Z-AXIS +919737111413,c7d48e29844a4332,dispatched_to_mh,West,TRUEFLEX,756246,TRUEFLEX,PatilVishal Dilip,MotherHub_STV_BTS,FM BRSNR,Motavarachahub_STV_PL,PH-B1-SURBTS-25683319,expected,OPENED,26-09-2026 23:15,Ashvani Bhatt
27-09-2026,FMPP4300088803,Motavarachahub_STV_PL,CHOTI OM FASHION +919173898530,bf791b4014624f2c,dispatched_to_mh,West,LMA,1.00E+11,#N/A,#N/A,MotherHub_STV_BTS,FM BRSNR,Motavarachahub_STV_PL,PH-B2-SURBTS-25710463,expected,OPENED,26-09-2026 22:40,Ashvani Bhatt
27-09-2026,FMPP4301031071,NelamangalaHub_BLR_PL,Lakshmi Naveen Traders +916360130739,4c82aa6a6d5245b6,dispatched_to_mh,South,EKART,3817322,EKART,,MotherHub_BLR,FM BRSNR,NelamangalaHub_BLR_PL,PH-B1-BLRBLR-15599513,expected,OPENED,26-09-2026 23:51,Anwar Babu Maldar
27-09-2026,FMPC6533614931,Motibaghhub_DEL_PL,Hitesh Enterprises +917011355439,8ccb27a0f28a4378,dispatched_to_mh,North,LMA,1.00E+11,#N/A,#N/A,Motherhub_JKS,FM BRSNR,Motibaghhub_DEL_PL,PH-B2-DELJKS-43150408,expected,OPENED,27-09-2026 01:18,Arvind Bansal (DNCR)
27-09-2026,FMPC6532882356,MundkaHub_DEL_PL,JADAUN BROTHERS +917065311153,dd56518bc39a4a7a,dispatched_to_mh,North,LMA,1.00E+11,Watsoo,AnilKumar,Motherhub_JKS,FM BRSNR,MundkaHub_DEL_PL,PH-B2-DELJKS-43647059,expected,OPENED,27-09-2026 03:54,Arvind Bansal (DNCR)
27-09-2026,FMPP4301119649,Motibaghhub_DEL_PL,KUDOS LABORATORIES INDIA LIMITED +918588882237,ba3c35bd9f684e77,dispatched_to_mh,North,LMA,1.00E+11,We Innovate Business Solutions Pvt Ltd,Vikas,Motherhub_JKS,FM BRSNR,Motibaghhub_DEL_PL,PH-B2-DELJKS-43511244,expected,OPENED,27-09-2026 01:04,Arvind Bansal (DNCR)
27-09-2026,FMPC6531907850,MundkaHub_DEL_PL,MICRO INDUSTRIAL CORPORATION 9992890167,xp4dmcf99imkv5p8,dispatched_to_mh,North,LMA,1.00E+11,SMARDOCE SOLUTIONS PVT LTD,Abhishek,Motherhub_JKS,FM BRSNR,MundkaHub_DEL_PL,PH-B2-DELJKS-43635780,expected,OPENED,27-09-2026 03:44,Arvind Bansal (DNCR)
27-09-2026,FMPP4299564177,MysorerdHub_BLR_PL,Jai Telecom +919902420882,292c330009504d9f,dispatched_to_mh,South,LMA,1.00E+11,WERCATALYST VENTURES PVT LTD,DineshA,MotherHub_BLR,FM BRSNR,MysorerdHub_BLR_PL,PH-B3-BLRBLR-15627969,expected,OPENED,26-09-2026 21:49,Anwar Babu Maldar
27-09-2026,FMPC6532275065,Motavarachahub_STV_PL,Krishi Fab +919081504464,d6b3c5d31c72448e,dispatched_to_mh,West,LMA,1.00E+11,#N/A,#N/A,MotherHub_STV_BTS,FM BRSNR,Motavarachahub_STV_PL,PH-B2-SURBTS-25716837,expected,OPENED,27-09-2026 03:09,Ashvani Bhatt
27-09-2026,FMPC6530361227,Motavarachahub_STV_PL,XYXX APPARELS PRIVATE LIMITED +919328965052,1b46834ab91a4db9,dispatched_to_mh,West,TRUEFLEX,596981,TRUEFLEX,Patil PrashantKailash,MotherHub_STV_BTS,FM BRSNR,Motavarachahub_STV_PL,PH-B2-SURBTS-25720481,expected,OPENED,27-09-2026 03:47,Ashvani Bhatt
27-09-2026,FMPC6533242046,PaharganjHub_DEL_PL,MALIK CLOTH HUB +919310469252,f25a6a1b54f344a8,dispatched_to_mh,North,LMA,1.00E+11,#N/A,#N/A,Motherhub_JKS,FM BRSNR,PaharganjHub_DEL_PL,PH-B2-DELJKS-43644409,expected,OPENED,27-09-2026 04:30,Arvind Bansal (DNCR)
27-09-2026,FMPC6531812617,MysorerdHub_BLR_PL,E4A PARTNER PRIVATE LIMITED +919958821580,0059b4d6d9d74b84,dispatched_to_mh,South,LMA,1.00E+11,WERCATALYST VENTURES PVT LTD,ManojM,MotherHub_BLR,FM BRSNR,MysorerdHub_BLR_PL,PH-B3-BLRBLR-15652152,expected,OPENED,26-09-2026 21:55,Anwar Babu Maldar
27-09-2026,FMPP4301301825,MundkaHub_DEL_PL,Sapi'S Crafterina +917503945545,4830b8cd182d4f19,dispatched_to_mh,North,TRUEFLEX,929707,TRUEFLEX,AnukalpModanwal,Motherhub_JKS,FM BRSNR,MundkaHub_DEL_PL,PH-B2-DELJKS-43664506,expected,OPENED,27-09-2026 03:47,Arvind Bansal (DNCR)
27-09-2026,FMPC6524623023,Motavarachahub_STV_PL,RIDA FASHION +919756598578,ac84518c2cef4cc9,received_at_mh,West,LMA,1.00E+11,#N/A,#N/A,MotherHub_STV_BTS,FM BRSNR,Motavarachahub_STV_PL,PH-B6-SURBTS-25710515,expected,OPENED,26-09-2026 22:38,Ashvani Bhatt
27-09-2026,FMPC6532610037,MundkaHub_DEL_PL,Manan's Collection House 9999952107,e31268f4cb8046d9,dispatched_to_mh,North,TRUEFLEX,985603,TRUEFLEX,#N/A,Motherhub_JKS,FM BRSNR,MundkaHub_DEL_PL,PH-B2-DELJKS-43638554,expected,OPENED,27-09-2026 03:26,Arvind Bansal (DNCR)
27-09-2026,FMPC6531009196,Motavarachahub_STV_PL,Z-AXIS +919737111413,c7d48e29844a4332,dispatched_to_mh,West,TRUEFLEX,756246,TRUEFLEX,PatilVishal Dilip,MotherHub_STV_BTS,FM BRSNR,Motavarachahub_STV_PL,PH-B2-SURBTS-25683314,expected,OPENED,26-09-2026 23:16,Ashvani Bhatt
27-09-2026,FMPC6531745837,Motavarachahub_STV_PL,KREET ENTERPRISE +919712903040,dd7e3f93fc1c4aff,dispatched_to_mh,West,LMA,1.00E+11,#N/A,#N/A,MotherHub_STV_BTS,FM BRSNR,Motavarachahub_STV_PL,PH-B3-SURBTS-80086940,expected,OPENED,27-09-2026 02:47,Ashvani Bhatt
27-09-2026,FMPC6532153173,Motavarachahub_STV_PL,VANSH FASHION +919725905462,243886e6fb1b4c71,dispatched_to_mh,West,LMA,1.00E+11,#N/A,#N/A,MotherHub_STV_BTS,FM BRSNR,Motavarachahub_STV_PL,PH-B2-SURBTS-25710463,expected,OPENED,26-09-2026 22:40,Ashvani Bhatt
27-09-2026,FMPP4299401121,Motavarachahub_STV_PL,MORVINANDAN TEXTILE +919879291447,0508ddfa551347ab,dispatched_to_mh,West,LMA,1.00E+11,PRIME LOGIC,Bhushan SudhakarMagare,MotherHub_STV_BTS,FM BRSNR,Motavarachahub_STV_PL,PH-B1-SURBTS-25682417,expected,OPENED,27-09-2026 04:11,Ashvani Bhatt
27-09-2026,FMPP4300496453,SaroliHub_STV_PL,PITRU KRUPA JARI +919512677973,c5ade41957164d47,dispatched_to_mh,West,LMA,1.00E+11,#N/A,#N/A,MotherHub_STV_BTS,FM BRSNR,SaroliHub_STV_PL,PH-B1-SURBTS-25710634,expected,OPENED,27-09-2026 04:36,Ashvani Bhatt
27-09-2026,FMPC6533509548,SaniyaHub_STV_PL,VARNI ENTERPRISE +919638966213,596e31ecafbb49f5,dispatched_to_mh,West,LMA,1.00E+11,#N/A,#N/A,MotherHub_STV_BTS,FM BRSNR,SaniyaHub_STV_PL,PH-B2-SURBTS-25464021,expected,OPENED,27-09-2026 00:31,Ashvani Bhatt
27-09-2026,FMPC6532208028,SaroliHub_STV_PL,T M ENTERPRISE +919723371631,99056d6398184c72,dispatched_to_mh,West,LMA,1.00E+11,#N/A,#N/A,MotherHub_STV_BTS,FM BRSNR,SaroliHub_STV_PL,PH-B2-SURBTS-25486625,expected,OPENED,27-09-2026 00:59,Ashvani Bhatt
27-09-2026,FMPP4300508157,SaroliHub_STV_PL,PRIMIER SYNTHETICS +916354484266,93e53614cd344d65,dispatched_to_mh,West,LMA,1.00E+11,#N/A,#N/A,MotherHub_STV_BTS,FM BRSNR,SaroliHub_STV_PL,PH-B6-SURBTS-25706905,expected,OPENED,26-09-2026 23:28,Ashvani Bhatt
27-09-2026,FMPP4300861988,SaniyaHub_STV_PL,MODAMINGLE FASHION PRIVATE LIMITED 9726348284,6baee85ffe1f4055,dispatched_to_mh,West,LMA,1.00E+11,#N/A,#N/A,MotherHub_STV_BTS,FM BRSNR,SaniyaHub_STV_PL,PH-B6-SURBTS-25706578,expected,OPENED,27-09-2026 06:58,Ashvani Bhatt
27-09-2026,FMPC6531833486,SaniyaHub_STV_PL,PANAVI CREATION +919638928896,66a237d398c84a40,received_at_mh,West,LMA,1.00E+11,#N/A,#N/A,MotherHub_STV_BTS,FM BRSNR,SaniyaHub_STV_PL,PH-B1-SURBTS-25699805,expected,OPENED,26-09-2026 23:40,Ashvani Bhatt
27-09-2026,FMPC6532146270,SaroliHub_STV_PL,MAAHI ENTERPRISE +919558680053,337b5ca1afe74bab,dispatched_to_mh,West,LMA,1.00E+11,WERCATALYST VENTURES PVT LTD,Vishal MarajiBhalerav,MotherHub_STV_BTS,FM BRSNR,SaroliHub_STV_PL,PH-B3-SURBTS-25648818,expected,OPENED,26-09-2026 20:56,Ashvani Bhatt
27-09-2026,FMPC6532492682,SaroliHub_STV_PL,PRIMIER SYNTHETICS +916354484266,93e53614cd344d65,dispatched_to_mh,West,LMA,1.00E+11,#N/A,#N/A,MotherHub_STV_BTS,FM BRSNR,SaroliHub_STV_PL,PH-B2-SURBTS-24759568,expected,OPENED,26-09-2026 23:32,Ashvani Bhatt
27-09-2026,FMPC6531627268,SaroliHub_STV_PL,ARIHANT TEXTILE +917004714945,918b235ff6b341ec,received_at_mh,West,LMA,1.00E+11,#N/A,#N/A,MotherHub_STV_BTS,FM BRSNR,SaroliHub_STV_PL,PH-B3-SURBTS-25131730,expected,OPENED,27-09-2026 04:20,Ashvani Bhatt
27-09-2026,FMPC6531781994,SaroliHub_STV_PL,CHOVATIYA NIRAJ SANJAYBHAI +919909110243,24f60e95af134370,dispatched_to_mh,West,LMA,1.00E+11,WERCATALYST VENTURES PVT LTD,SaiyadFarhan,MotherHub_STV_BTS,FM BRSNR,SaroliHub_STV_PL,PH-B1-SURBTS-25488554,expected,OPENED,26-09-2026 21:29,Ashvani Bhatt
27-09-2026,FMPC6532662406,SaniyaHub_STV_PL,PARALIANS 9723201750,8e7acd8491114e9d,dispatched_to_mh,West,LMA,1.00E+11,PRIME LOGIC,Shoebkhan NajirkhanPathan,MotherHub_STV_BTS,FM BRSNR,SaniyaHub_STV_PL,PH-B2-SURBTS-24307528,expected,OPENED,27-09-2026 03:56,Ashvani Bhatt
27-09-2026,FMPC6528158787,SaroliHub_STV_PL,VYSTRA +917359192850,7d04264448004823,dispatched_to_mh,West,LMA,1.00E+11,TRANSIT KINGS SERVICES PVT. LTD.,Pal ShivamRamjanam,MotherHub_STV_BTS,FM BRSNR,SaroliHub_STV_PL,PH-B3-SURBTS-25659965,expected,OPENED,27-09-2026 02:02,Ashvani Bhatt
27-09-2026,FMPC6531209331,SaroliHub_STV_PL,HARIKRUSHN JARI +919712221860,7c9519a32dd148df,dispatched_to_mh,West,LMA,1.00E+11,#N/A,#N/A,MotherHub_STV_BTS,FM BRSNR,SaroliHub_STV_PL,PH-B2-SURBTS-25398036,expected,OPENED,26-09-2026 23:40,Ashvani Bhatt
27-09-2026,FMPC6531076848,SectorVHub_KOL_PL,Mun fashion +918697525178,3f728aa55aa04f6a,dispatched_to_mh,East,LMA,4379457,#N/A,#N/A,Motherhub_ULB,FM BRSNR,SectorVHub_KOL_PL,PH-B2-CCUULB-5238867,expected,OPENED,27-09-2026 02:36,Somnath G
27-09-2026,FMPP4298045450,SaroliHub_STV_PL,PRISY FASHION +917573935502,03fece0ac0044475,dispatched_to_mh,West,LMA,1.00E+11,WERCATALYST VENTURES PVT LTD,Vishal MarajiBhalerav,MotherHub_STV_BTS,FM BRSNR,SaroliHub_STV_PL,PH-B3-SURBTS-25648819,expected,OPENED,26-09-2026 20:56,Ashvani Bhatt
27-09-2026,FMPC6531227289,PrahladPur_DEL_PL,NeutriOne Health Retail (India) +917048964626,32f4994bb75849d2,dispatched_to_mh,North,TRUEFLEX,592657,TRUEFLEX,Hare KrishnaJha,Motherhub_JKS,FM BRSNR,PrahladPur_DEL_PL,PH-B2-DELJKS-43659213,expected,OPENED,27-09-2026 05:34,Arvind Bansal (DNCR)
27-09-2026,FMPP4299631934,SaniyaHub_STV_PL,SHIVAY STYLE +918866677396,8df1ae1f2e0b491f,dispatched_to_mh,West,LMA,1.00E+11,#N/A,#N/A,MotherHub_STV_BTS,FM BRSNR,SaniyaHub_STV_PL,PH-B6-SURBTS-25723411,expected,OPENED,27-09-2026 05:29,Ashvani Bhatt
27-09-2026,FMPP4300856493,SaroliHub_STV_PL,VD FASHION +917778877828,5ae884980fa84195,dispatched_to_mh,West,LMA,1.00E+11,#N/A,#N/A,MotherHub_STV_BTS,FM BRSNR,SaroliHub_STV_PL,PH-B2-SURBTS-25708752,expected,OPENED,26-09-2026 21:52,Ashvani Bhatt
27-09-2026,FMPC6532548846,SaroliHub_STV_PL,PITRU KRUPA JARI +919512677973,c5ade41957164d47,dispatched_to_mh,West,LMA,1.00E+11,#N/A,#N/A,MotherHub_STV_BTS,FM BRSNR,SaroliHub_STV_PL,PH-B1-SURBTS-25710634,expected,OPENED,27-09-2026 04:36,Ashvani Bhatt
27-09-2026,FMPP4300109396,SaroliHub_STV_PL,3D METRO SUPER STORE 7990083777,5135b81853674b8a,dispatched_to_mh,West,TRUEFLEX,590428,TRUEFLEX,Turukamane VikasGhanshyam,MotherHub_STV_BTS,FM BRSNR,SaroliHub_STV_PL,PH-B1-SURBTS-25675643,expected,OPENED,27-09-2026 00:01,Ashvani Bhatt
27-09-2026,FMPC6532476377,SaroliHub_STV_PL,CS FASHION +917778877828,646f3092e14f437a,dispatched_to_mh,West,LMA,1.00E+11,#N/A,#N/A,MotherHub_STV_BTS,FM BRSNR,SaroliHub_STV_PL,PH-B1-SURBTS-25350488,expected,OPENED,26-09-2026 21:53,Ashvani Bhatt
27-09-2026,FMPC6532286538,SahibabadHub_DEL_PL,M/S MAHESHWARI AYURVED PRIVATE LIMITED +919999090818,efef47e1365e4159,dispatched_to_mh,North,LMA,1.00E+11,Greenteck Logistics and Mobility Pvt Ltd,Maneesh,Motherhub_JKS,FM BRSNR,SahibabadHub_DEL_PL,PH-B2-DELJKS-43660867,expected,OPENED,27-09-2026 06:10,Arvind Bansal (DNCR)
27-09-2026,FMPC6532002869,SaroliHub_STV_PL,CHOVATIYA NIRAJ SANJAYBHAI +919909110243,24f60e95af134370,dispatched_to_mh,West,LMA,1.00E+11,WERCATALYST VENTURES PVT LTD,SaiyadFarhan,MotherHub_STV_BTS,FM BRSNR,SaroliHub_STV_PL,PH-B2-SURBTS-25488605,expected,OPENED,26-09-2026 21:51,Ashvani Bhatt
27-09-2026,FMPC6533259347,SaniyaHub_STV_PL,PANAVI CREATION +919638928896,66a237d398c84a40,received_at_mh,West,LMA,1.00E+11,#N/A,#N/A,MotherHub_STV_BTS,FM BRSNR,SaniyaHub_STV_PL,PH-B1-SURBTS-25699805,expected,OPENED,26-09-2026 23:40,Ashvani Bhatt
27-09-2026,FMPP4300593747,SaniyaHub_STV_PL,PARALIANS 9723201750,8e7acd8491114e9d,dispatched_to_mh,West,LMA,1.00E+11,PRIME LOGIC,Shoebkhan NajirkhanPathan,MotherHub_STV_BTS,FM BRSNR,SaniyaHub_STV_PL,PH-B2-SURBTS-24307528,expected,OPENED,27-09-2026 03:56,Ashvani Bhatt
27-09-2026,FMPC6531566301,SaroliHub_STV_PL,CHOVATIYA NIRAJ SANJAYBHAI +919909110243,24f60e95af134370,dispatched_to_mh,West,LMA,1.00E+11,WERCATALYST VENTURES PVT LTD,SaiyadFarhan,MotherHub_STV_BTS,FM BRSNR,SaroliHub_STV_PL,PH-B1-SURBTS-25488554,expected,OPENED,26-09-2026 21:29,Ashvani Bhatt
27-09-2026,FMPP4300026697,SaroliHub_STV_PL,VYSTRA +917359192850,7d04264448004823,dispatched_to_mh,West,LMA,1.00E+11,TRANSIT KINGS SERVICES PVT. LTD.,Pal ShivamRamjanam,MotherHub_STV_BTS,FM BRSNR,SaroliHub_STV_PL,PH-B1-SURBTS-25659898,expected,OPENED,27-09-2026 02:14,Ashvani Bhatt
27-09-2026,FMPP4298941950,SaroliHub_STV_PL,VARNI SALES +918849916513,9b28e236bab34a19,received_at_mh,West,LMA,1.00E+11,Shree Hari Logistics,Bhagvan Patil,MotherHub_STV_BTS,FM BRSNR,SaroliHub_STV_PL,PH-B1-SURBTS-8136269,expected,OPENED,26-09-2026 23:21,Ashvani Bhatt
27-09-2026,FMPP4301025353,Rohinihub_DEL_PL,W2G CONSULTING PRIVATE LIMITED +919354496489,8c4416912f374147,dispatched_to_mh,North,TRUEFLEX,618668,TRUEFLEX,Naim,Motherhub_JKS,FM BRSNR,Rohinihub_DEL_PL,PH-B2-DELJKS-43661596,expected,OPENED,27-09-2026 01:28,Arvind Bansal (DNCR)
27-09-2026,FMPC6532777009,SaroliHub_STV_PL,VINTAGE VOGUE +916356708771,980c64e95d454d60,dispatched_to_mh,West,LMA,1.00E+11,WERCATALYST VENTURES PVT LTD,Vishal MarajiBhalerav,MotherHub_STV_BTS,FM BRSNR,SaroliHub_STV_PL,PH-B1-SURBTS-25648718,expected,OPENED,26-09-2026 21:00,Ashvani Bhatt
27-09-2026,FMPC6530902792,SaniyaHub_STV_PL,SHIV CREATION 7016985011,f62874a4ea0048ec,dispatched_to_mh,West,LMA,1.00E+11,#N/A,#N/A,MotherHub_STV_BTS,FM BRSNR,SaniyaHub_STV_PL,PH-B6-SURBTS-25703165,expected,OPENED,27-09-2026 03:34,Ashvani Bhatt
27-09-2026,FMPP4300642256,SaniyaHub_STV_PL,MODAMINGLE FASHION PRIVATE LIMITED 9726348284,6baee85ffe1f4055,dispatched_to_mh,West,LMA,1.00E+11,#N/A,#N/A,MotherHub_STV_BTS,FM BRSNR,SaniyaHub_STV_PL,PH-B1-SURBTS-25706502,expected,OPENED,26-09-2026 21:59,Ashvani Bhatt
27-09-2026,FMPC6531944570,SaroliHub_STV_PL,CHOVATIYA NIRAJ SANJAYBHAI +919909110243,24f60e95af134370,dispatched_to_mh,West,LMA,1.00E+11,WERCATALYST VENTURES PVT LTD,SaiyadFarhan,MotherHub_STV_BTS,FM BRSNR,SaroliHub_STV_PL,PH-B6-SURBTS-25489010,expected,OPENED,27-09-2026 08:53,Ashvani Bhatt
27-09-2026,FMPC6531766767,SaroliHub_STV_PL,CHOVATIYA NIRAJ SANJAYBHAI +919909110243,24f60e95af134370,dispatched_to_mh,West,LMA,1.00E+11,WERCATALYST VENTURES PVT LTD,SaiyadFarhan,MotherHub_STV_BTS,FM BRSNR,SaroliHub_STV_PL,PH-B1-SURBTS-25488554,expected,OPENED,26-09-2026 21:29,Ashvani Bhatt
27-09-2026,FMPP4299551940,SaniyaHub_STV_PL,MODAMINGLE FASHION PRIVATE LIMITED 9726348284,6baee85ffe1f4055,dispatched_to_mh,West,LMA,1.00E+11,#N/A,#N/A,MotherHub_STV_BTS,FM BRSNR,SaniyaHub_STV_PL,PH-B1-SURBTS-25706502,expected,OPENED,26-09-2026 21:59,Ashvani Bhatt
27-09-2026,FMPP4300897056,SaniyaHub_STV_PL,VR HYGIENE CARE +917359583595,ebcce0f27f68483c,received_at_seller,West,LMA,1.00E+11,Princy Enterprise,Purushouttam GorakhDeore,MotherHub_STV_BTS,FM BRSNR,SaniyaHub_STV_PL,PH-B6-SURBTS-25716214,expected,OPENED,27-09-2026 03:28,Ashvani Bhatt
27-09-2026,FMPP4299338027,SaroliHub_STV_PL,PITRU KRUPA JARI +919512677973,c5ade41957164d47,dispatched_to_mh,West,LMA,1.00E+11,#N/A,#N/A,MotherHub_STV_BTS,FM BRSNR,SaroliHub_STV_PL,PH-B1-SURBTS-25710634,expected,OPENED,27-09-2026 04:36,Ashvani Bhatt
27-09-2026,FMPP4299151372,SaroliHub_STV_PL,EATAS +917069270702,1d1c664d19674d23,dispatched_to_mh,West,LMA,1.00E+11,#N/A,#N/A,MotherHub_STV_BTS,FM BRSNR,SaroliHub_STV_PL,PH-B3-SURSUR-11141836,expected,OPENED,26-09-2026 23:23,Ashvani Bhatt
27-09-2026,FMPC6532010896,SaroliHub_STV_PL,CHOVATIYA NIRAJ SANJAYBHAI +919909110243,24f60e95af134370,dispatched_to_mh,West,LMA,1.00E+11,WERCATALYST VENTURES PVT LTD,SaiyadFarhan,MotherHub_STV_BTS,FM BRSNR,SaroliHub_STV_PL,PH-B3-SURBTS-25488662,expected,OPENED,26-09-2026 21:33,Ashvani Bhatt
27-09-2026,FMPC6530812578,SaniyaHub_STV_PL,VR HYGIENE CARE +917359583595,ebcce0f27f68483c,dispatched_to_mh,West,LMA,1.00E+11,Princy Enterprise,Purushouttam GorakhDeore,MotherHub_STV_BTS,FM BRSNR,SaniyaHub_STV_PL,PH-B1-SURBTS-25716319,expected,OPENED,26-09-2026 22:09,Ashvani Bhatt
27-09-2026,FMPC6533346543,SaniyaHub_STV_PL,RUDRA ENTERPRISE +917046709780,c1d3281987f64fac,dispatched_to_mh,West,LMA,1.00E+11,#N/A,#N/A,MotherHub_STV_BTS,FM BRSNR,SaniyaHub_STV_PL,PH-B2-SURBTS-25464023,expected,OPENED,27-09-2026 00:26,Ashvani Bhatt
27-09-2026,FMPC6532923534,SaniyaHub_STV_PL,PANAVI CREATION +919638928896,66a237d398c84a40,received_at_mh,West,LMA,1.00E+11,#N/A,#N/A,MotherHub_STV_BTS,FM BRSNR,SaniyaHub_STV_PL,PH-B3-SURBTS-25699853,expected,OPENED,26-09-2026 23:29,Ashvani Bhatt
27-09-2026,FMPC6533668449,PrahladPur_DEL_PL,SHREE RAM GARMENT +919811414851,3201ccea170e4e86,dispatched_to_mh,North,LMA,1.00E+11,WHEELEY,SameerPatra,Motherhub_JKS,FM BRSNR,PrahladPur_DEL_PL,PH-B2-DELJKS-43617887,expected,OPENED,27-09-2026 05:44,Arvind Bansal (DNCR)
27-09-2026,FMPC6532574858,SectorVHub_KOL_PL,ARUSHI CREATION +918697337508,4f7daffa351a4db4,dispatched_to_mh,East,LMA,1.00E+11,WERCATALYST VENTURES PVT LTD,RajkumarSau,Motherhub_ULB,FM BRSNR,SectorVHub_KOL_PL,PH-B1-CCUULB-5282780,expected,OPENED,27-09-2026 02:38,Somnath G
27-09-2026,FMPC6532094600,SaroliHub_STV_PL,JB CREATION +918866864193,cbd4b763451a4493,dispatched_to_mh,West,LMA,1.00E+11,WERCATALYST VENTURES PVT LTD,Karani SinghRathore,MotherHub_STV_BTS,FM BRSNR,SaroliHub_STV_PL,PH-B3-SURBTS-25647412,expected,OPENED,26-09-2026 21:48,Ashvani Bhatt
27-09-2026,FMPC6532808756,SaniyaHub_STV_PL,Vetrokart +918849944873,60f9da47beb64808,dispatched_to_mh,West,LMA,1.00E+11,PRIME LOGIC,Saiyad TosifKudratali,MotherHub_STV_BTS,FM BRSNR,SaniyaHub_STV_PL,PH-B6-SURBTS-25715032,expected,OPENED,26-09-2026 23:42,Ashvani Bhatt
27-09-2026,FMPC6531058047,SaroliHub_STV_PL,Hari Trandz +917984056161,687dae14becb4001,dispatched_to_mh,West,LMA,1.00E+11,WERCATALYST VENTURES PVT LTD,SaiyadFarhan,MotherHub_STV_BTS,FM BRSNR,SaroliHub_STV_PL,PH-B1-SURBTS-25387780,expected,OPENED,26-09-2026 23:27,Ashvani Bhatt
27-09-2026,FMPP4300250516,SaroliHub_STV_PL,DS FASHION +919913148696,50d9278b7891435e,dispatched_to_mh,West,LMA,1.00E+11,WERCATALYST VENTURES PVT LTD,Swaraj AshokAhire,MotherHub_STV_BTS,FM BRSNR,SaroliHub_STV_PL,PH-B2-SURBTS-24876475,expected,OPENED,26-09-2026 23:24,Ashvani Bhatt
27-09-2026,FMPC6531876509,SaniyaHub_STV_PL,PANAVI CREATION +919638928896,66a237d398c84a40,received_at_mh,West,LMA,1.00E+11,#N/A,#N/A,MotherHub_STV_BTS,FM BRSNR,SaniyaHub_STV_PL,PH-B3-SURBTS-25699853,expected,OPENED,26-09-2026 23:29,Ashvani Bhatt
27-09-2026,FMPC6532549687,SaroliHub_STV_PL,PITRU KRUPA JARI +919512677973,c5ade41957164d47,dispatched_to_mh,West,LMA,1.00E+11,#N/A,#N/A,MotherHub_STV_BTS,FM BRSNR,SaroliHub_STV_PL,PH-B1-SURBTS-25710634,expected,OPENED,27-09-2026 04:36,Ashvani Bhatt
27-09-2026,FMPC6530731334,SaroliHub_STV_PL,T M ENTERPRISE +919723371631,99056d6398184c72,dispatched_to_mh,West,LMA,1.00E+11,#N/A,#N/A,MotherHub_STV_BTS,FM BRSNR,SaroliHub_STV_PL,PH-B2-SURBTS-25486625,expected,OPENED,27-09-2026 00:59,Ashvani Bhatt
27-09-2026,FMPP4299401656,PrahladPur_DEL_PL,KOTTY LIFESTYLE PVT LTD +918510022244,qsm29nukm5dhxgl9,dispatched_to_mh,North,TRUEFLEX,593501,TRUEFLEX,Manish,Motherhub_JKS,FM BRSNR,PrahladPur_DEL_PL,PH-B2-DELJKS-43658654,expected,OPENED,27-09-2026 05:31,Arvind Bansal (DNCR)
27-09-2026,FMPC6530509568,SaroliHub_STV_PL,KHODIYAR FASHION +918799286967,5d149e35715346c2,dispatched_to_mh,West,LMA,1.00E+11,WERCATALYST VENTURES PVT LTD,Vishal MarajiBhalerav,MotherHub_STV_BTS,FM BRSNR,SaroliHub_STV_PL,PH-B6-SURBTS-25648976,expected,OPENED,27-09-2026 10:43,Ashvani Bhatt
27-09-2026,FMPP4298941750,SaroliHub_STV_PL,VARNI SALES +918849916513,9b28e236bab34a19,received_at_mh,West,LMA,1.00E+11,Shree Hari Logistics,Bhagvan Patil,MotherHub_STV_BTS,FM BRSNR,SaroliHub_STV_PL,PH-B3-SURBTS-7316962,expected,OPENED,26-09-2026 23:21,Ashvani Bhatt
27-09-2026,FMPC6531075404,Rohinihub_DEL_PL,GP PUBLICATION PRIVATE LIMITED +918802117189,f5dcf57b572d4567,dispatched_to_mh,North,TRUEFLEX,618668,TRUEFLEX,Naim,Motherhub_JKS,FM BRSNR,Rohinihub_DEL_PL,PH-B2-DELJKS-43661597,expected,OPENED,27-09-2026 01:24,Arvind Bansal (DNCR)
27-09-2026,FMPP4299334888,PrahladPur_DEL_PL,Sunshine Ecom Solutions +918851570382,2290990f7fdb4c43,dispatched_to_mh,North,LMA,1.00E+11,Fastbeetle service,SumitSharma,Motherhub_JKS,FM BRSNR,PrahladPur_DEL_PL,PH-B2-DELJKS-43664741,expected,OPENED,27-09-2026 05:39,Arvind Bansal (DNCR)
27-09-2026,FMPC6532250770,SaniyaHub_STV_PL,CREATIVE GROUP +918758188831,fa76f16df8ab4007,received_at_mh,West,LMA,1.00E+11,#N/A,#N/A,MotherHub_STV_BTS,FM BRSNR,SaniyaHub_STV_PL,PH-B6-SURBTS-25629623,expected,OPENED,27-09-2026 02:38,Ashvani Bhatt
27-09-2026,FMPC6532195727,SaroliHub_STV_PL,LITTLE DROP STORE +919510307019,b7b248185c824745,dispatched_to_mh,West,LMA,1.00E+11,TRANSIT KINGS SERVICES PVT. LTD.,PradeepSharma,MotherHub_STV_BTS,FM BRSNR,SaroliHub_STV_PL,PH-B6-SURBTS-25653569,expected,OPENED,26-09-2026 23:49,Ashvani Bhatt
27-09-2026,FMPP4300639317,SaroliHub_STV_PL,LOTUS BLISS +919712056142,7b7222733c1b4fb1,dispatched_to_mh,West,LMA,1.00E+11,Loadshare,Jignesh VinodSavale,MotherHub_STV_BTS,FM BRSNR,SaroliHub_STV_PL,PH-B3-SURBTS-25720151,expected,OPENED,26-09-2026 22:43,Ashvani Bhatt
27-09-2026,FMPC6530137778,SaroliHub_STV_PL,VARNI SALES +918849916513,9b28e236bab34a19,received_at_mh,West,LMA,1.00E+11,Shree Hari Logistics,Bhagvan Patil,MotherHub_STV_BTS,FM BRSNR,SaroliHub_STV_PL,PH-B1-SURBTS-8136269,expected,OPENED,26-09-2026 23:21,Ashvani Bhatt
27-09-2026,FMPC6532946807,PrahladPur_DEL_PL,R.K. Enterprises +918826059851,39e2966c00f14e5c,dispatched_to_mh,North,LMA,1.00E+11,WHEELEY,Rohit,Motherhub_JKS,FM BRSNR,PrahladPur_DEL_PL,PH-B2-DELJKS-43631172,expected,OPENED,27-09-2026 05:45,Arvind Bansal (DNCR)
27-09-2026,FMPC6533880662,SaniyaHub_STV_PL,INDIA FASHION CLUB +918153875307,df5062b40f054fa2,received_at_mh,West,LMA,1.00E+11,COMMERSHIP SERVICES LLP,Md ShabajKhan,MotherHub_STV_BTS,FM BRSNR,SaniyaHub_STV_PL,PH-B1-SURBTS-25699233,expected,OPENED,27-09-2026 03:05,Ashvani Bhatt
27-09-2026,FMPC6530475988,SaroliHub_STV_PL,PITRU KRUPA JARI +919512677973,c5ade41957164d47,dispatched_to_mh,West,LMA,1.00E+11,#N/A,#N/A,MotherHub_STV_BTS,FM BRSNR,SaroliHub_STV_PL,PH-B1-SURBTS-25710634,expected,OPENED,27-09-2026 04:36,Ashvani Bhatt
27-09-2026,FMPC6520915325,SaniyaHub_STV_PL,NIRJA CREATION +919664597324,d3beff6a3a6d4006,dispatched_to_mh,West,LMA,1.00E+11,PRIME LOGIC,Saiyad TosifKudratali,MotherHub_STV_BTS,FM BRSNR,SaniyaHub_STV_PL,PH-B2-SURBTS-25673786,expected,OPENED,27-09-2026 05:05,Ashvani Bhatt
27-09-2026,FMPC6532090618,SaniyaHub_STV_PL,DIYORA TEXTILES +917405110651,c4c59e6fb4b646af,dispatched_to_mh,West,LMA,1.00E+11,#N/A,#N/A,MotherHub_STV_BTS,FM BRSNR,SaniyaHub_STV_PL,PH-B3-SURBTS-25712684,expected,OPENED,26-09-2026 23:16,Ashvani Bhatt
27-09-2026,FMPP4300016199,SaniyaHub_STV_PL,ELEVEN RIVER +919313593180,556c757721294110,dispatched_to_mh,West,LMA,1.00E+11,COMMERSHIP SERVICES LLP,ZawedKhan,MotherHub_STV_BTS,FM BRSNR,SaniyaHub_STV_PL,PH-B1-SURBTS-25699489,expected,OPENED,26-09-2026 23:51,Ashvani Bhatt
27-09-2026,FMPC6533080757,SaniyaHub_STV_PL,MODAMINGLE FASHION PRIVATE LIMITED 9726348284,6baee85ffe1f4055,dispatched_to_mh,West,LMA,1.00E+11,#N/A,#N/A,MotherHub_STV_BTS,FM BRSNR,SaniyaHub_STV_PL,PH-B6-SURBTS-25706578,expected,OPENED,27-09-2026 06:58,Ashvani Bhatt
27-09-2026,FMPC6532849526,SaniyaHub_STV_PL,SHIV CREATION 7016985011,f62874a4ea0048ec,dispatched_to_mh,West,LMA,1.00E+11,#N/A,#N/A,MotherHub_STV_BTS,FM BRSNR,SaniyaHub_STV_PL,PH-B6-SURBTS-25703165,expected,OPENED,27-09-2026 03:34,Ashvani Bhatt
27-09-2026,FMPP4300086129,Pitampurahub_DEL_PL,AMAY RETAIL INDIA PRIVATE LIMITED +919811112341,c65f071df1d74b03,dispatched_to_mh,North,TRUEFLEX,803355,TRUEFLEX,ManishKumar,Motherhub_JKS,FM BRSNR,Pitampurahub_DEL_PL,PH-B2-DELJKS-43652074,expected,OPENED,27-09-2026 03:43,Arvind Bansal (DNCR)
27-09-2026,FMPC6531846760,SaroliHub_STV_PL,SOLANKI MAHIPAL ASHOKBHAI +919824544085,3c1c502f78a4462c,dispatched_to_mh,West,LMA,1.00E+11,WERCATALYST VENTURES PVT LTD,Karani SinghRathore,MotherHub_STV_BTS,FM BRSNR,SaroliHub_STV_PL,PH-B3-SURBTS-25647412,expected,OPENED,26-09-2026 21:48,Ashvani Bhatt
27-09-2026,FMPC6528836506,SaroliHub_STV_PL,MAAHI ENTERPRISE +919558680053,337b5ca1afe74bab,dispatched_to_mh,West,LMA,1.00E+11,WERCATALYST VENTURES PVT LTD,Vishal MarajiBhalerav,MotherHub_STV_BTS,FM BRSNR,SaroliHub_STV_PL,PH-B2-SURBTS-25648793,expected,OPENED,26-09-2026 20:58,Ashvani Bhatt
27-09-2026,FMPP4299785915,SaniyaHub_STV_PL,VARNI ENTERPRISE +919638966213,596e31ecafbb49f5,received_at_mh,West,LMA,1.00E+11,#N/A,#N/A,MotherHub_STV_BTS,FM BRSNR,SaniyaHub_STV_PL,PH-B3-SURBTS-25463895,expected,OPENED,27-09-2026 00:28,Ashvani Bhatt
27-09-2026,FMPC6531592458,SaroliHub_STV_PL,SWETA ENTERPRISE +917990440678,3916dc695f494a9d,dispatched_to_mh,West,LMA,1.00E+11,WERCATALYST VENTURES PVT LTD,Swaraj AshokAhire,MotherHub_STV_BTS,FM BRSNR,SaroliHub_STV_PL,PH-B6-SURBTS-24877112,expected,OPENED,27-09-2026 01:09,Ashvani Bhatt
27-09-2026,FMPC6531979708,SaniyaHub_STV_PL,MAHADEV FASHION +919978542215,8f73a3631da7451d,dispatched_to_mh,West,LMA,1.00E+11,PRIME LOGIC,Shoebkhan NajirkhanPathan,MotherHub_STV_BTS,FM BRSNR,SaniyaHub_STV_PL,PH-B2-SURBTS-25301122,expected,OPENED,27-09-2026 05:54,Ashvani Bhatt
27-09-2026,FMPC6526662709,SaroliHub_STV_PL,StepAura +918758469056,fb2af5354e5c465d,dispatched_to_mh,West,EKART,4383407,EKART,,MotherHub_STV_BTS,FM BRSNR,SaroliHub_STV_PL,PH-B2-SURBTS-25710690,expected,OPENED,27-09-2026 03:34,Ashvani Bhatt
27-09-2026,FMPC6520279560,SaroliHub_STV_PL,MAA KRUPA +919723476194,c899723614324eee,dispatched_to_mh,West,LMA,1.00E+11,WERCATALYST VENTURES PVT LTD,Karani SinghRathore,MotherHub_STV_BTS,FM BRSNR,SaroliHub_STV_PL,PH-B2-SURBTS-25647378,expected,OPENED,26-09-2026 21:47,Ashvani Bhatt
27-09-2026,FMPP4300133642,SaroliHub_STV_PL,SOLANKI MAHIPAL ASHOKBHAI +919824544085,3c1c502f78a4462c,dispatched_to_mh,West,LMA,1.00E+11,WERCATALYST VENTURES PVT LTD,Karani SinghRathore,MotherHub_STV_BTS,FM BRSNR,SaroliHub_STV_PL,PH-B1-SURBTS-25647350,expected,OPENED,26-09-2026 21:33,Ashvani Bhatt
27-09-2026,FMPP4300693586,SaniyaHub_STV_PL,MODAMINGLE FASHION PRIVATE LIMITED 9726348284,6baee85ffe1f4055,dispatched_to_mh,West,LMA,1.00E+11,#N/A,#N/A,MotherHub_STV_BTS,FM BRSNR,SaniyaHub_STV_PL,PH-B1-SURBTS-25706502,expected,OPENED,26-09-2026 21:59,Ashvani Bhatt
27-09-2026,FMPP4299467141,SaroliHub_STV_PL,CS FASHION +917778877828,646f3092e14f437a,dispatched_to_mh,West,LMA,1.00E+11,#N/A,#N/A,MotherHub_STV_BTS,FM BRSNR,SaroliHub_STV_PL,PH-B1-SURBTS-25350488,expected,OPENED,26-09-2026 21:53,Ashvani Bhatt
27-09-2026,FMPC6532715777,SaniyaHub_STV_PL,PARALIANS 9723201750,8e7acd8491114e9d,dispatched_to_mh,West,LMA,1.00E+11,PRIME LOGIC,Shoebkhan NajirkhanPathan,MotherHub_STV_BTS,FM BRSNR,SaniyaHub_STV_PL,PH-B2-SURBTS-24307528,expected,OPENED,27-09-2026 03:56,Ashvani Bhatt
27-09-2026,FMPC6530252985,SaroliHub_STV_PL,RAKESH KANUBHAI KANANI +919099220955,a19dd17d06634199,dispatched_to_mh,West,LMA,1.00E+11,WERCATALYST VENTURES PVT LTD,Modak VijendraJadhav,MotherHub_STV_BTS,FM BRSNR,SaroliHub_STV_PL,PH-B2-SURBTS-24794543,expected,OPENED,26-09-2026 21:00,Ashvani Bhatt
27-09-2026,FMPC6532608515,SaniyaHub_STV_PL,MODAMINGLE FASHION PRIVATE LIMITED 9726348284,6baee85ffe1f4055,dispatched_to_mh,West,LMA,1.00E+11,#N/A,#N/A,MotherHub_STV_BTS,FM BRSNR,SaniyaHub_STV_PL,PH-B6-SURBTS-25706578,expected,OPENED,27-09-2026 06:58,Ashvani Bhatt
27-09-2026,FMPC6532547852,SaroliHub_STV_PL,PRIMIER SYNTHETICS +916354484266,93e53614cd344d65,dispatched_to_mh,West,LMA,1.00E+11,#N/A,#N/A,MotherHub_STV_BTS,FM BRSNR,SaroliHub_STV_PL,PH-B6-SURBTS-25706905,expected,OPENED,26-09-2026 23:28,Ashvani Bhatt
27-09-2026,FMPC6532256488,SaniyaHub_STV_PL,SMARTKART +919714864449,146fb1cf1be64a66,dispatched_to_mh,West,LMA,1.00E+11,PRIME LOGIC,Saiyad TosifKudratali,MotherHub_STV_BTS,FM BRSNR,SaniyaHub_STV_PL,PH-B6-SURBTS-25713143,expected,OPENED,26-09-2026 23:43,Ashvani Bhatt
27-09-2026,FMPC6532662463,SaniyaHub_STV_PL,PARALIANS 9723201750,8e7acd8491114e9d,dispatched_to_mh,West,LMA,1.00E+11,PRIME LOGIC,Shoebkhan NajirkhanPathan,MotherHub_STV_BTS,FM BRSNR,SaniyaHub_STV_PL,PH-B2-SURBTS-24307528,expected,OPENED,27-09-2026 03:56,Ashvani Bhatt
27-09-2026,FMPP4300539902,SahibabadHub_DEL_PL,S. M. Traders +919810155314,cf4569e9716f47c3,dispatched_to_mh,North,TRUEFLEX,861328,TRUEFLEX,KaranKumar,Motherhub_JKS,FM BRSNR,SahibabadHub_DEL_PL,PH-B2-DELJKS-43609114,expected,OPENED,27-09-2026 05:54,Arvind Bansal (DNCR)
27-09-2026,FMPC6532489704,SaroliHub_STV_PL,PRIMIER SYNTHETICS +916354484266,93e53614cd344d65,dispatched_to_mh,West,LMA,1.00E+11,#N/A,#N/A,MotherHub_STV_BTS,FM BRSNR,SaroliHub_STV_PL,PH-B6-SURBTS-25706905,expected,OPENED,26-09-2026 23:28,Ashvani Bhatt
27-09-2026,FMPP4300122267,SaroliHub_STV_PL,CHOVATIYA NIRAJ SANJAYBHAI +919909110243,24f60e95af134370,dispatched_to_mh,West,LMA,1.00E+11,WERCATALYST VENTURES PVT LTD,SaiyadFarhan,MotherHub_STV_BTS,FM BRSNR,SaroliHub_STV_PL,PH-B6-SURBTS-25489010,expected,OPENED,27-09-2026 08:53,Ashvani Bhatt
27-09-2026,FMPP4300393230,SaroliHub_STV_PL,SUNRISE +919824955628,fcc601f1387943af,dispatched_to_mh,West,LMA,1.00E+11,Loadshare,Jignesh VinodSavale,MotherHub_STV_BTS,FM BRSNR,SaroliHub_STV_PL,PH-B2-SURBTS-25495615,expected,OPENED,26-09-2026 22:21,Ashvani Bhatt
27-09-2026,FMPC6532126283,SaroliHub_STV_PL,Hari Trandz +917984056161,687dae14becb4001,dispatched_to_mh,West,LMA,1.00E+11,WERCATALYST VENTURES PVT LTD,SaiyadFarhan,MotherHub_STV_BTS,FM BRSNR,SaroliHub_STV_PL,PH-B6-SURBTS-25388076,expected,OPENED,27-09-2026 08:54,Ashvani Bhatt
27-09-2026,FMPC6530461489,PrahladPur_DEL_PL,KOTTY LIFESTYLE PVT LTD +918510022244,qsm29nukm5dhxgl9,dispatched_to_mh,North,TRUEFLEX,593501,TRUEFLEX,Manish,Motherhub_JKS,FM BRSNR,PrahladPur_DEL_PL,PH-B2-DELJKS-43658654,expected,OPENED,27-09-2026 05:31,Arvind Bansal (DNCR)
27-09-2026,FMPP4299622830,SaroliHub_STV_PL,SOLANKI MAHIPAL ASHOKBHAI +919824544085,3c1c502f78a4462c,dispatched_to_mh,West,LMA,1.00E+11,WERCATALYST VENTURES PVT LTD,Karani SinghRathore,MotherHub_STV_BTS,FM BRSNR,SaroliHub_STV_PL,PH-B3-SURBTS-25647412,expected,OPENED,26-09-2026 21:48,Ashvani Bhatt
27-09-2026,FMPP4300481113,SaroliHub_STV_PL,PITRU KRUPA JARI +919512677973,c5ade41957164d47,dispatched_to_mh,West,LMA,1.00E+11,#N/A,#N/A,MotherHub_STV_BTS,FM BRSNR,SaroliHub_STV_PL,PH-B1-SURBTS-25710634,expected,OPENED,27-09-2026 04:36,Ashvani Bhatt
27-09-2026,FMPC6527581521,SahibabadHub_DEL_PL,MAASURYAKALA +918800200484,7ab4b985dbc244b4,dispatched_to_mh,North,EKART,3835488,EKART,,Motherhub_JKS,FM BRSNR,SahibabadHub_DEL_PL,PH-B2-DELJKS-43474584,expected,OPENED,27-09-2026 06:01,Arvind Bansal (DNCR)
27-09-2026,FMPC6531754543,SaniyaHub_STV_PL,RUDRA ENTERPRISE +917046709780,c1d3281987f64fac,dispatched_to_mh,West,LMA,1.00E+11,#N/A,#N/A,MotherHub_STV_BTS,FM BRSNR,SaniyaHub_STV_PL,PH-B3-SURBTS-25463891,expected,OPENED,27-09-2026 01:30,Ashvani Bhatt
27-09-2026,FMPC6532517434,SaroliHub_STV_PL,WILLMAKE +917096820043,039c0a63d98344c4,dispatched_to_mh,West,LMA,1.00E+11,TRANSIT KINGS SERVICES PVT. LTD.,Narendra NavinPawar,MotherHub_STV_BTS,FM BRSNR,SaroliHub_STV_PL,PH-B2-SURBTS-25727057,expected,OPENED,27-09-2026 01:48,Ashvani Bhatt
27-09-2026,FMPC6533064296,Rohinihub_DEL_PL,PRANAY CARE PRIVATE LIMITED +917290077994,yvo0iojuin3vs7st,dispatched_to_mh,North,TRUEFLEX,877762,TRUEFLEX,TilakSingh,Motherhub_JKS,FM BRSNR,Rohinihub_DEL_PL,PH-B2-DELJKS-43654274,expected,OPENED,27-09-2026 01:28,Arvind Bansal (DNCR)
27-09-2026,FMPC6533040940,PrahladPur_DEL_PL,NUKAICHAU +918178506676,b80375cc8b8e425d,dispatched_to_mh,North,LMA,1.00E+11,Fastbeetle service,GopalKumar,Motherhub_JKS,FM BRSNR,PrahladPur_DEL_PL,PH-B2-DELJKS-43651535,expected,OPENED,27-09-2026 05:46,Arvind Bansal (DNCR)
27-09-2026,FMPC6532497281,SaroliHub_STV_PL,PITRU KRUPA JARI +919512677973,c5ade41957164d47,dispatched_to_mh,West,LMA,1.00E+11,#N/A,#N/A,MotherHub_STV_BTS,FM BRSNR,SaroliHub_STV_PL,PH-B1-SURBTS-25710634,expected,OPENED,27-09-2026 04:36,Ashvani Bhatt
27-09-2026,FMPP4300181836,SaroliHub_STV_PL,CHOVATIYA NIRAJ SANJAYBHAI +919909110243,24f60e95af134370,dispatched_to_mh,West,LMA,1.00E+11,WERCATALYST VENTURES PVT LTD,SaiyadFarhan,MotherHub_STV_BTS,FM BRSNR,SaroliHub_STV_PL,PH-B6-SURBTS-25489010,expected,OPENED,27-09-2026 08:53,Ashvani Bhatt
27-09-2026,FMPC6533299169,BhiwandiHub_BHI_PL,SURI CONSUMER PRIVATE LIMITED null,12e43d5a74754a60,dispatched_to_mh,West,EKART,4391609,EKART,,Motherhub_SAI_5,FM BRSNR,BhiwandiHub_BHI_PL,PH-B6-MUMSAI5-1604321,expected,OPENED,26-09-2026 20:00,Ashwarya Singh
27-09-2026,FMPC6529100676,BhiwandiHub_BHI_PL,SPARNOD FITNESS EQUIPMENT PRIVATE LIMITED +919004228484,04e72fca2c0741c2,dispatched_to_mh,West,LMA,1.00E+11,WERCATALYST VENTURES PVT LTD,Abhijit PrakashBhangre,Motherhub_SAI_5,FM BRSNR,BhiwandiHub_BHI_PL,PH-B3-MUMSAI5-1543443,expected,OPENED,26-09-2026 21:10,Ashwarya Singh
27-09-2026,FMPC6533875129,BhankrotaHub_JAI_PL,Sanju Enterprises +918302379696,838bd235c7e4452b,received_at_mh,North,LMA,1.00E+11,Vxpress,PradeepChoudhary,Motherhub_JAI_BTS,FM BRSNR,BhankrotaHub_JAI_PL,PH-B3-JAIBTS-24009457,expected,OPENED,26-09-2026 23:22,Akash Sharma
27-09-2026,FMPP4299000229,BhiwandiHub_BHI_PL,SURI CONSUMER PRIVATE LIMITED null,e694f417f5ab45a3,received_at_seller,West,EKART,4391609,EKART,,Motherhub_SAI_4,FM BRSNR,BhiwandiHub_BHI_PL,PH-B2-MUMSAI-26907108,expected,OPENED,26-09-2026 19:45,Ashwarya Singh
27-09-2026,FMPC6531127489,BehalaHub_KOL_PL,LUXMI TEA COMPANY PRIVATE LIMITED +919147127352,3a89841c51b641d4,dispatched_to_mh,East,LMA,1.00E+11,#N/A,#N/A,Motherhub_HRN,FM BRSNR,BehalaHub_KOL_PL,PH-B3-KOLHRN-8008085,expected,OPENED,27-09-2026 03:06,Somnath G
27-09-2026,FMPP4299988979,BhankrotaHub_JAI_PL,ATHARV GLOBAL +918854041418,9c80b8d391174190,received_at_mh,North,LMA,1.00E+11,#N/A,#N/A,Motherhub_JAI_BTS,FM BRSNR,BhankrotaHub_JAI_PL,PH-B2-JAIBTS-23989815,expected,OPENED,26-09-2026 23:30,Akash Sharma
27-09-2026,FMPP4301233316,BhiwandiHub_BHI_PL,SURI CONSUMER PRIVATE LIMITED null,12e43d5a74754a60,dispatched_to_mh,West,EKART,4391609,EKART,,Motherhub_SAI_5,FM BRSNR,BhiwandiHub_BHI_PL,PH-B6-MUMSAI5-1604290,expected,OPENED,26-09-2026 19:58,Ashwarya Singh
27-09-2026,FMPP4300134016,BhiwandiHub_BHI_PL,QUADRANT CONSUMER PRODUCTS LLP +917977510407,c5dd260209a5479e,dispatched_to_mh,West,LMA,1.00E+11,#N/A,#N/A,Motherhub_SAI_5,FM BRSNR,BhiwandiHub_BHI_PL,PH-B1-MUMSAI5-1638742,expected,OPENED,26-09-2026 19:38,Ashwarya Singh
27-09-2026,FMPP4301258505,BhiwandiHub_BHI_PL,SURI CONSUMER PRIVATE LIMITED null,12e43d5a74754a60,dispatched_to_mh,West,EKART,4391609,EKART,,Motherhub_SAI_5,FM BRSNR,BhiwandiHub_BHI_PL,PH-B6-MUMSAI5-1604321,expected,OPENED,26-09-2026 20:00,Ashwarya Singh
27-09-2026,FMPC6532719476,BhankrotaHub_JAI_PL,KS TRADERS +917852883400,e31a3b4ecbf44787,dispatched_to_mh,North,LMA,1.00E+11,Watsoo,AmarSaini,Motherhub_JAI_BTS,FM BRSNR,BhankrotaHub_JAI_PL,PH-B4-JAIBTS-24008811,expected,OPENED,26-09-2026 23:20,Akash Sharma
27-09-2026,FMPC6532246993,BhankrotaHub_JAI_PL,ZAPAP +917878572264,3e79e13e579c403c,dispatched_to_mh,North,LMA,1.00E+11,#N/A,#N/A,Motherhub_JAI_BTS,FM BRSNR,BhankrotaHub_JAI_PL,PH-B4-JAIBTS-23989765,expected,OPENED,26-09-2026 23:31,Akash Sharma
27-09-2026,FMPP4298945928,BhiwandiHub_BHI_PL,SURI CONSUMER PRIVATE LIMITED null,12e43d5a74754a60,dispatched_to_mh,West,EKART,4391609,EKART,,Motherhub_SAI_5,FM BRSNR,BhiwandiHub_BHI_PL,PH-B6-MUMSAI5-1604321,expected,OPENED,26-09-2026 20:00,Ashwarya Singh
27-09-2026,FMPC6533666521,BhankrotaHub_JAI_PL,RJ KING +916376147953,e04890678008426c,dispatched_to_mh,North,LMA,1.00E+11,Watsoo,RahulKumawat,Motherhub_JAI_BTS,FM BRSNR,BhankrotaHub_JAI_PL,PH-B1-JAIBTS-23719514,expected,OPENED,26-09-2026 23:35,Akash Sharma
27-09-2026,FMPC6533382670,BhankrotaHub_JAI_PL,ANANTAGUNA HERBALS AYURVEDA +918560908258,4b473974b2934a1f,received_at_mh,North,LMA,1.00E+11,Vxpress,NaveenBairwa,Motherhub_JAI_BTS,FM BRSNR,BhankrotaHub_JAI_PL,PH-B2-JAIBTS-24010634,expected,OPENED,26-09-2026 21:17,Akash Sharma
27-09-2026,FMPP4298966479,BhiwandiHub_BHI_PL,SURI CONSUMER PRIVATE LIMITED null,12e43d5a74754a60,dispatched_to_mh,West,EKART,4391609,EKART,,Motherhub_SAI_5,FM BRSNR,BhiwandiHub_BHI_PL,PH-B1-MUMSAI5-1592636,expected,OPENED,26-09-2026 19:57,Ashwarya Singh
27-09-2026,FMPC6533667114,BhankrotaHub_JAI_PL,Himansh Creation +919602833204,a3e1365e580b4f69,dispatched_to_mh,North,LMA,1.00E+11,Vxpress,PradeepChoudhary,Motherhub_JAI_BTS,FM BRSNR,BhankrotaHub_JAI_PL,PH-B4-JAIBTS-23712213,expected,OPENED,26-09-2026 23:23,Akash Sharma
27-09-2026,FMPC6533642822,BhiwandiHub_BHI_PL,SURI CONSUMER PRIVATE LIMITED null,bd91df39671142ca,dispatched_to_mh,West,EKART,4391609,EKART,,Motherhub_SAI_5,FM BRSNR,BhiwandiHub_BHI_PL,PH-B6-MUMSAI5-1604290,expected,OPENED,26-09-2026 19:58,Ashwarya Singh
27-09-2026,FMPC6530327794,BhiwandiHub_BHI_PL,SURI CONSUMER PRIVATE LIMITED null,12e43d5a74754a60,dispatched_to_mh,West,EKART,4391609,EKART,,Motherhub_SAI_5,FM BRSNR,BhiwandiHub_BHI_PL,PH-B6-MUMSAI5-1604290,expected,OPENED,26-09-2026 19:58,Ashwarya Singh
27-09-2026,FMPC6531557109,BhiwandiHub_BHI_PL,CAMPUS ACTIVEWEAR LIMITED +919212266800,6f6ac62d56304bf7,dispatched_to_mh,West,LMA,1.00E+11,WERCATALYST VENTURES PVT LTD,Yash JanardanKundekar,Motherhub_SAI_5,FM BRSNR,BhiwandiHub_BHI_PL,PH-B6-MUMSAI5-1627208,expected,OPENED,26-09-2026 21:14,Ashwarya Singh
27-09-2026,FMPC6533661085,BhiwandiHub_BHI_PL,SURI CONSUMER PRIVATE LIMITED null,12e43d5a74754a60,dispatched_to_mh,West,EKART,4391609,EKART,,Motherhub_SAI_5,FM BRSNR,BhiwandiHub_BHI_PL,PH-B6-MUMSAI5-1628317,expected,OPENED,26-09-2026 20:19,Ashwarya Singh
27-09-2026,FMPP4301250549,BhiwandiHub_BHI_PL,SURI CONSUMER PRIVATE LIMITED null,12e43d5a74754a60,dispatched_to_mh,West,EKART,4391609,EKART,,Motherhub_SAI_5,FM BRSNR,BhiwandiHub_BHI_PL,PH-B6-MUMSAI5-1604290,expected,OPENED,26-09-2026 19:58,Ashwarya Singh
27-09-2026,FMPC6533481681,BhiwandiHub_BHI_PL,SURI CONSUMER PRIVATE LIMITED null,12e43d5a74754a60,dispatched_to_mh,West,EKART,4391609,EKART,,Motherhub_SAI_5,FM BRSNR,BhiwandiHub_BHI_PL,PH-B6-MUMSAI5-1604321,expected,OPENED,26-09-2026 20:00,Ashwarya Singh
27-09-2026,FMPP4300403764,BhankrotaHub_JAI_PL,RJ KING +916376147953,e04890678008426c,dispatched_to_mh,North,LMA,1.00E+11,Watsoo,RahulKumawat,Motherhub_JAI_BTS,FM BRSNR,BhankrotaHub_JAI_PL,PH-B3-JAIBTS-23719562,expected,OPENED,26-09-2026 23:38,Akash Sharma
27-09-2026,FMPP4298182859,BhiwandiHub_BHI_PL,SPARNOD FITNESS EQUIPMENT PRIVATE LIMITED +919004228484,04e72fca2c0741c2,dispatched_to_mh,West,LMA,1.00E+11,WERCATALYST VENTURES PVT LTD,Abhijit PrakashBhangre,Motherhub_SAI_5,FM BRSNR,BhiwandiHub_BHI_PL,PH-B3-MUMSAI5-1543443,expected,OPENED,26-09-2026 21:10,Ashwarya Singh
27-09-2026,FMPP4300795366,BelghariaHub_KOL_PL,DOOR STEP SERVICE +919836364449,4fa3d46488bb4dda,dispatched_to_mh,East,LMA,1.00E+11,#N/A,#N/A,Motherhub_HRN,FM BRSNR,BelghariaHub_KOL_PL,PH-B3-KOLHRN-8037371,expected,OPENED,27-09-2026 02:25,Somnath G
27-09-2026,FMPC6530809991,BhiwandiHub_BHI_PL,Bright Lifecare Pvt Ltd 9873649121,64eedf60dc774c0d,dispatched_to_mh,West,LMA,1.00E+11,#N/A,#N/A,Motherhub_SAI_4,FM BRSNR,BhiwandiHub_BHI_PL,PH-B2-MUMSAI-26596832,expected,OPENED,27-09-2026 08:53,Ashwarya Singh
27-09-2026,FMPC6530177644,BhiwandiHub_BHI_PL,SURI CONSUMER PRIVATE LIMITED null,12e43d5a74754a60,dispatched_to_mh,West,EKART,4391609,EKART,,Motherhub_SAI_5,FM BRSNR,BhiwandiHub_BHI_PL,PH-B1-MUMSAI5-1592636,expected,OPENED,26-09-2026 19:57,Ashwarya Singh
27-09-2026,FMPC6530559335,BhankrotaHub_JAI_PL,ANNUDEEP THE SMART COLLECTION +919636434366,6be3af9e48de4b41,received_at_mh,North,LMA,1.00E+11,Vxpress,Dinesh KumarYadav,Motherhub_JAI_BTS,FM BRSNR,BhankrotaHub_JAI_PL,PH-B1-JAIBTS-23812461,expected,OPENED,26-09-2026 21:37,Akash Sharma
27-09-2026,FMPP4300301436,BhiwandiHub_BHI_PL,GOODLIFE SUTRA PRIVATE LIMITED 8342006044,89d37ec37bd74875,dispatched_to_mh,West,TRUEFLEX,801834,TRUEFLEX,SanchitSantosh Vadekar,Motherhub_SAI_5,FM BRSNR,BhiwandiHub_BHI_PL,PH-B1-MUMSAI5-1540110,expected,OPENED,26-09-2026 19:41,Ashwarya Singh
27-09-2026,FMPP4299754553,BhankrotaHub_JAI_PL,Sanvi Enterprises +919782946414,5fe6ce67d9e54259,dispatched_to_mh,North,LMA,1.00E+11,Greenteck Logistics and Mobility Pvt Ltd,SachinDular,Motherhub_JAI_BTS,FM BRSNR,BhankrotaHub_JAI_PL,PH-B1-JAIBTS-24012052,expected,OPENED,26-09-2026 23:19,Akash Sharma
27-09-2026,FMPC6532758541,BhiwandiHub_BHI_PL,FoxTale Consumer Private Limited 9096009444,443428e879864136,received_at_mh,West,LMA,1.00E+11,WERCATALYST VENTURES PVT LTD,Yash JanardanKundekar,Motherhub_SAI_4,FM BRSNR,BhiwandiHub_BHI_PL,PH-B4-MUMSAI-22442605,expected,OPENED,26-09-2026 19:39,Ashwarya Singh
27-09-2026,FMPC6532649636,BhiwandiHub_BHI_PL,SHREE POWER TOOLS +918657016465,ef261f06a0d64c20,dispatched_to_mh,West,TRUEFLEX,645862,TRUEFLEX,RehanMohammad Anis Ansari,Motherhub_SAI_5,FM BRSNR,BhiwandiHub_BHI_PL,PH-B3-MUMSAI5-1549753,expected,OPENED,26-09-2026 18:56,Ashwarya Singh
27-09-2026,FMPC6533860441,BhankrotaHub_JAI_PL,Shree Balaji Enterprises +919887990919,b2061d962d32467a,received_at_mh,North,LMA,1.00E+11,Vxpress,RameshSharma,Motherhub_JAI_BTS,FM BRSNR,BhankrotaHub_JAI_PL,PH-B1-JAIBTS-23912330,expected,OPENED,26-09-2026 23:13,Akash Sharma
27-09-2026,FMPC6532300364,BhankrotaHub_JAI_PL,Prigobuy +919024644844,9842b3e6770b4382,dispatched_to_mh,North,LMA,1.00E+11,Vxpress,RahulSaini,Motherhub_JAI_BTS,FM BRSNR,BhankrotaHub_JAI_PL,PH-B2-JAIBTS-24011987,expected,OPENED,26-09-2026 23:21,Akash Sharma
27-09-2026,FMPC6533093106,BhankrotaHub_JAI_PL,Sanvi Enterprises +919782946414,5fe6ce67d9e54259,dispatched_to_mh,North,LMA,1.00E+11,Greenteck Logistics and Mobility Pvt Ltd,SachinDular,Motherhub_JAI_BTS,FM BRSNR,BhankrotaHub_JAI_PL,PH-ZO-JAIBTS-24012334,expected,OPENED,26-09-2026 23:17,Akash Sharma
27-09-2026,FMPC6532139638,BhankrotaHub_JAI_PL,ATHARV GLOBAL +918854041418,9c80b8d391174190,received_at_mh,North,LMA,1.00E+11,#N/A,#N/A,Motherhub_JAI_BTS,FM BRSNR,BhankrotaHub_JAI_PL,PH-B1-JAIBTS-23989970,expected,OPENED,26-09-2026 23:28,Akash Sharma
27-09-2026,FMPC6531890469,BhankrotaHub_JAI_PL,GadgetWorld +919461359683,d484b625586e4ea7,dispatched_to_mh,North,LMA,1.00E+11,Vxpress,Sunil KumarBairwa,Motherhub_JAI_BTS,FM BRSNR,BhankrotaHub_JAI_PL,PH-B3-JAIBTS-23842256,expected,OPENED,26-09-2026 21:18,Akash Sharma
27-09-2026,FMPC6533652344,BhankrotaHub_JAI_PL,RADHE RADHE ENTERPRISES +916264015563,e45483095bcf40dd,dispatched_to_mh,North,LMA,1.00E+11,WHEELEY,Banti,Motherhub_JAI_BTS,FM BRSNR,BhankrotaHub_JAI_PL,PH-B1-JAIBTS-23936942,expected,OPENED,26-09-2026 21:11,Akash Sharma
27-09-2026,FMPC6528263155,BhankrotaHub_JAI_PL,RIYANSHI ENTERPRISES +918890762612,c8946ee33640478e,received_at_mh,North,LMA,1.00E+11,Vxpress,Sanju,Motherhub_JAI_BTS,FM BRSNR,BhankrotaHub_JAI_PL,PH-B1-JAIBTS-23926092,expected,OPENED,26-09-2026 23:16,Akash Sharma
27-09-2026,FMPP4299005153,BelghariaHub_KOL_PL,SCP MARKET +919748378209,d5a1abf305bf42d6,dispatched_to_mh,East,EKART,4234014,EKART,,Motherhub_HRN,FM BRSNR,BelghariaHub_KOL_PL,PH-B3-KOLHRN-6905244,expected,OPENED,27-09-2026 02:19,Somnath G
27-09-2026,FMPP4301098781,BhiwandiHub_BHI_PL,SURI CONSUMER PRIVATE LIMITED null,bd91df39671142ca,dispatched_to_mh,West,EKART,4391609,EKART,,Motherhub_SAI_5,FM BRSNR,BhiwandiHub_BHI_PL,PH-B6-MUMSAI5-1604290,expected,OPENED,26-09-2026 19:58,Ashwarya Singh
27-09-2026,FMPC6530940115,BhankrotaHub_JAI_PL,MOODVITA INTERNATIONAL +916377289875,2d35d767b4084e68,received_at_mh,North,LMA,1.00E+11,Watsoo,RahulKumawat,Motherhub_JAI_BTS,FM BRSNR,BhankrotaHub_JAI_PL,PH-B1-JAIBTS-23719514,expected,OPENED,26-09-2026 23:35,Akash Sharma
27-09-2026,FMPP4298850566,BhankrotaHub_JAI_PL,GadgetWorld +919461359683,d484b625586e4ea7,dispatched_to_mh,North,LMA,1.00E+11,Vxpress,Sunil KumarBairwa,Motherhub_JAI_BTS,FM BRSNR,BhankrotaHub_JAI_PL,PH-B1-JAIBTS-23842238,expected,OPENED,26-09-2026 21:18,Akash Sharma
27-09-2026,FMPC6530808912,BhiwandiHub_BHI_PL,Bright Lifecare Pvt Ltd 9873649121,64eedf60dc774c0d,dispatched_to_mh,West,LMA,1.00E+11,#N/A,#N/A,Motherhub_SAI_4,FM BRSNR,BhiwandiHub_BHI_PL,PH-B2-MUMSAI-26596832,expected,OPENED,27-09-2026 08:53,Ashwarya Singh
27-09-2026,FMPP4299142144,BhiwandiHub_BHI_PL,SURI CONSUMER PRIVATE LIMITED null,e694f417f5ab45a3,dispatched_to_mh,West,EKART,4391609,EKART,,Motherhub_SAI_5,FM BRSNR,BhiwandiHub_BHI_PL,PH-B1-MUMSAI5-1592636,expected,OPENED,26-09-2026 19:57,Ashwarya Singh
27-09-2026,FMPC6531308017,BhankrotaHub_JAI_PL,Sanvi Enterprises +919782946414,5fe6ce67d9e54259,dispatched_to_mh,North,LMA,1.00E+11,Greenteck Logistics and Mobility Pvt Ltd,SachinDular,Motherhub_JAI_BTS,FM BRSNR,BhankrotaHub_JAI_PL,PH-ZO-JAIBTS-24012334,expected,OPENED,26-09-2026 23:17,Akash Sharma
27-09-2026,FMPC6528463142,BhankrotaHub_JAI_PL,REKHA ENTERPRISES +916378826096,d89dcda383634232,dispatched_to_mh,North,LMA,1.00E+11,Vxpress,Vishnu KumarRaigar,Motherhub_JAI_BTS,FM BRSNR,BhankrotaHub_JAI_PL,PH-B3-JAIBTS-23933396,expected,OPENED,27-09-2026 02:17,Akash Sharma
27-09-2026,FMPP4300388425,BhiwandiHub_BHI_PL,MANGALAM BRANDS PRIVATE LIMITED +919920237789,742ac7cb15b84c13,dispatched_to_mh,West,LMA,1.00E+11,#N/A,#N/A,Motherhub_SAI_4,FM BRSNR,BhiwandiHub_BHI_PL,PH-B2-MUMSAI-26622362,expected,OPENED,26-09-2026 21:12,Ashwarya Singh
27-09-2026,FMPP4301005938,BhiwandiHub_BHI_PL,SURI CONSUMER PRIVATE LIMITED null,12e43d5a74754a60,dispatched_to_mh,West,EKART,4391609,EKART,,Motherhub_SAI_5,FM BRSNR,BhiwandiHub_BHI_PL,PH-B6-MUMSAI5-1628317,expected,OPENED,26-09-2026 20:19,Ashwarya Singh
27-09-2026,FMPP4300945835,BhankrotaHub_JAI_PL,Hariyali fresh agtech private limited +918905991661,9a8432c66edf448a,received_at_mh,North,LMA,1.00E+11,Vxpress,RithikChaddha,Motherhub_JAI_BTS,FM BRSNR,BhankrotaHub_JAI_PL,PH-B1-JAIBTS-23897478,expected,OPENED,27-09-2026 02:08,Akash Sharma
27-09-2026,FMPC6532248767,BhankrotaHub_JAI_PL,CHOKHI DHANI FOODS (A UNIT OF CHOKHI DHANI RESORTS PVT LTD) +918690944431,1cf97a4ec9544a49,dispatched_to_mh,North,LMA,1.00E+11,Transwide Express,Suresh ChandBairwa,Motherhub_JAI_BTS,FM BRSNR,BhankrotaHub_JAI_PL,PH-B3-JAIBTS-24001830,expected,OPENED,26-09-2026 22:56,Akash Sharma
27-09-2026,FMPP4299478112,BhankrotaHub_JAI_PL,PARTH ENTERPRISES +917221066999,48f24a20bb854a65,received_at_mh,North,LMA,1.00E+11,Vxpress,RahulSaini,Motherhub_JAI_BTS,FM BRSNR,BhankrotaHub_JAI_PL,PH-B1-JAIBTS-23937752,expected,OPENED,26-09-2026 23:18,Akash Sharma
27-09-2026,FMPC6529549695,BhankrotaHub_JAI_PL,REKHA ENTERPRISES +916378826096,d89dcda383634232,dispatched_to_mh,North,LMA,1.00E+11,Vxpress,Vishnu KumarRaigar,Motherhub_JAI_BTS,FM BRSNR,BhankrotaHub_JAI_PL,PH-B4-JAIBTS-23933403,expected,OPENED,27-09-2026 02:17,Akash Sharma
27-09-2026,FMPC6532718893,BhankrotaHub_JAI_PL,RG ROYALS +917727017017,de183cfa84484a1e,received_at_mh,North,LMA,1.00E+11,Vxpress,PradeepChoudhary,Motherhub_JAI_BTS,FM BRSNR,BhankrotaHub_JAI_PL,PH-B1-JAIBTS-24009417,expected,OPENED,26-09-2026 23:23,Akash Sharma
27-09-2026,FMPP4300321339,BhankrotaHub_JAI_PL,Prigobuy +919024644844,9842b3e6770b4382,dispatched_to_mh,North,LMA,1.00E+11,Vxpress,RahulSaini,Motherhub_JAI_BTS,FM BRSNR,BhankrotaHub_JAI_PL,PH-B2-JAIBTS-24011987,expected,OPENED,26-09-2026 23:21,Akash Sharma
27-09-2026,FMPC6533709209,BhankrotaHub_JAI_PL,OTAKU CREATION +916378512488,e990fd3b46144eb7,dispatched_to_mh,North,LMA,1.00E+11,#N/A,#N/A,Motherhub_JAI_BTS,FM BRSNR,BhankrotaHub_JAI_PL,PH-ZO-JAIBTS-23989442,expected,OPENED,26-09-2026 23:29,Akash Sharma
27-09-2026,FMPP4301117814,BhankrotaHub_JAI_PL,Kanha Enterprises +917737365823,060020ad11e645cc,received_at_mh,North,LMA,1.00E+11,Vxpress,RameshSharma,Motherhub_JAI_BTS,FM BRSNR,BhankrotaHub_JAI_PL,PH-B2-JAIBTS-23912396,expected,OPENED,26-09-2026 23:13,Akash Sharma
27-09-2026,FMPC6531953733,BhankrotaHub_JAI_PL,SS ENTERPRISES 6378823341,d9252dbcf84d4ec1,dispatched_to_mh,North,LMA,1.00E+11,#N/A,#N/A,Motherhub_JAI_BTS,FM BRSNR,BhankrotaHub_JAI_PL,PH-B2-JAIBTS-23884888,expected,OPENED,26-09-2026 21:27,Akash Sharma
27-09-2026,FMPC6530807829,BhiwandiHub_BHI_PL,Bright Lifecare Pvt Ltd 9873649121,64eedf60dc774c0d,dispatched_to_mh,West,LMA,1.00E+11,#N/A,#N/A,Motherhub_SAI_4,FM BRSNR,BhiwandiHub_BHI_PL,PH-B2-MUMSAI-26596832,expected,OPENED,27-09-2026 08:53,Ashwarya Singh
27-09-2026,FMPP4300061051,BhankrotaHub_JAI_PL,WALLMART +919887838737,23e836bab9274083,dispatched_to_mh,North,LMA,1.00E+11,Vxpress,Sunil KumarBairwa,Motherhub_JAI_BTS,FM BRSNR,BhankrotaHub_JAI_PL,PH-B3-JAIBTS-23842256,expected,OPENED,26-09-2026 21:18,Akash Sharma
27-09-2026,FMPP4291881167,BhiwandiHub_BHI_PL,Uni one India Private Limited 8956338903,d872f37a9a764809,dispatched_to_mh,West,LMA,1.00E+11,WERCATALYST VENTURES PVT LTD,Yash JanardanKundekar,Motherhub_SAI_4,FM BRSNR,BhiwandiHub_BHI_PL,PH-B4-MUMSAI-22442581,expected,OPENED,26-09-2026 19:41,Ashwarya Singh
27-09-2026,FMPC6533381063,BhankrotaHub_JAI_PL,T M ENTERPRISES +919462771140,ef731b9ce592488b,dispatched_to_mh,North,LMA,1.00E+11,#N/A,#N/A,Motherhub_JAI_BTS,FM BRSNR,BhankrotaHub_JAI_PL,PH-B4-JAIBTS-23716598,expected,OPENED,26-09-2026 23:29,Akash Sharma
27-09-2026,FMPC6533980520,BhankrotaHub_JAI_PL,D WINDOW ERA +918952012426,802d39a0cdbd4ca6,dispatched_to_mh,North,LMA,1.00E+11,Greenteck Logistics and Mobility Pvt Ltd,Babu LalMeena,Motherhub_JAI_BTS,FM BRSNR,BhankrotaHub_JAI_PL,PH-B2-JAIBTS-23986762,expected,OPENED,27-09-2026 02:23,Akash Sharma
27-09-2026,FMPP4296746267,BhankrotaHub_JAI_PL,OM HOMOEO WORLD PRIVATE LIMITED +919928259690,ce930fca52d34221,dispatched_to_mh,North,LMA,1.00E+11,Greenteck Logistics and Mobility Pvt Ltd,Babu LalMeena,Motherhub_JAI_BTS,FM BRSNR,BhankrotaHub_JAI_PL,PH-B1-JAIBTS-23986714,expected,OPENED,27-09-2026 02:23,Akash Sharma
27-09-2026,FMPC6530817887,BelghariaHub_KOL_PL,AVIS INDUSTRIES +917980233478,a09befafe17244a2,dispatched_to_mh,East,LMA,1.00E+11,#N/A,#N/A,Motherhub_HRN,FM BRSNR,BelghariaHub_KOL_PL,PH-B3-KOLHRN-8018068,expected,OPENED,27-09-2026 02:25,Somnath G
27-09-2026,FMPP4299744995,BhankrotaHub_JAI_PL,JUHI ART +919012433965,b4160d7cb21a4c0b,received_at_mh,North,LMA,1.00E+11,#N/A,#N/A,Motherhub_JAI_BTS,FM BRSNR,BhankrotaHub_JAI_PL,PH-B1-JAIBTS-23467987,expected,OPENED,26-09-2026 22:54,Akash Sharma
27-09-2026,FMPP4300900065,BhankrotaHub_JAI_PL,Tonik Point +918209489558,055e2afe742f4dcc,dispatched_to_mh,North,LMA,1.00E+11,Watsoo,RahulKumawat,Motherhub_JAI_BTS,FM BRSNR,BhankrotaHub_JAI_PL,PH-B4-JAIBTS-23719584,expected,OPENED,26-09-2026 23:38,Akash Sharma
27-09-2026,FMPC6533041466,BhankrotaHub_JAI_PL,T M ENTERPRISES +919462771140,ef731b9ce592488b,dispatched_to_mh,North,LMA,1.00E+11,#N/A,#N/A,Motherhub_JAI_BTS,FM BRSNR,BhankrotaHub_JAI_PL,PH-B1-JAIBTS-23989068,expected,OPENED,26-09-2026 23:30,Akash Sharma
27-09-2026,FMPC6531337142,BhankrotaHub_JAI_PL,INGAT IMPEX +919461692214,2bf11ae0b1f94fcc,dispatched_to_mh,North,LMA,1.00E+11,Vxpress,Sanju,Motherhub_JAI_BTS,FM BRSNR,BhankrotaHub_JAI_PL,PH-ZO-JAIBTS-23577120,expected,OPENED,26-09-2026 23:14,Akash Sharma
27-09-2026,FMPC6533345304,BhiwandiHub_BHI_PL,SPYKAR LIFESTYLES PRIVATE LIMITED 8055092550,cdf3ebab41214029,dispatched_to_mh,West,LMA,1.00E+11,WERCATALYST VENTURES PVT LTD,Ansari Mohammad Shoaib ShakilAhemad,Motherhub_SAI_4,FM BRSNR,BhiwandiHub_BHI_PL,PH-B2-MUMSAI-22892438,expected,OPENED,26-09-2026 21:29,Ashwarya Singh
27-09-2026,FMPC6528285606,BhankrotaHub_JAI_PL,WALLMART +919887838737,23e836bab9274083,dispatched_to_mh,North,LMA,1.00E+11,Vxpress,Sunil KumarBairwa,Motherhub_JAI_BTS,FM BRSNR,BhankrotaHub_JAI_PL,PH-B3-JAIBTS-23842256,expected,OPENED,26-09-2026 21:18,Akash Sharma
27-09-2026,FMPC6533683450,BhankrotaHub_JAI_PL,HEALTHION PLUS +917014630355,a5f3a2fae83c4e44,dispatched_to_mh,North,LMA,1.00E+11,Vxpress,Samir,Motherhub_JAI_BTS,FM BRSNR,BhankrotaHub_JAI_PL,PH-B4-JAIBTS-23897742,expected,OPENED,26-09-2026 23:40,Akash Sharma
27-09-2026,FMPP4300292446,Bhiwandisplithub_BHI_PL,SPECTRATECH SOLUTION +919320171694,88ed1aedd0d54601,received_at_mh,West,LMA,1.00E+11,#N/A,#N/A,Motherhub_SAI_5,FM BRSNR,Bhiwandisplithub_BHI_PL,PH-B3-MUMSAI5-1636593,expected,OPENED,27-09-2026 03:49,Ashwarya Singh
27-09-2026,FMPC6532195778,Bhiwandisplithub_BHI_PL,INDUSTRIAL TOOLS AND HARDWARE +919029032385,5d22813e38a34f13,received_at_mh,West,TRUEFLEX,1224197,TRUEFLEX,ChaudhariRavi Prakash,Motherhub_SAI_5,FM BRSNR,Bhiwandisplithub_BHI_PL,PH-B1-MUMSAI5-1638920,expected,OPENED,27-09-2026 10:51,Ashwarya Singh
27-09-2026,FMPP4300258607,Bhiwandisplithub_BHI_PL,MRK FOODS PRIVATE LIMITED +919619158770,17747e296b004231,received_at_ph,West,LMA,1.00E+11,WERCATALYST VENTURES PVT LTD,Swaraj KeshavMhatre,Motherhub_SAI_5,FM BRSNR,Bhiwandisplithub_BHI_PL,PH-B1-MUMSA15-1620790,expected,OPENED,27-09-2026 00:16,Ashwarya Singh
27-09-2026,FMPC6532197599,Bhiwandisplithub_BHI_PL,SPECTRATECH SOLUTION +919320171694,88ed1aedd0d54601,received_at_mh,West,LMA,1.00E+11,#N/A,#N/A,Motherhub_SAI_5,FM BRSNR,Bhiwandisplithub_BHI_PL,PH-B3-MUMSAI5-1636593,expected,OPENED,27-09-2026 03:49,Ashwarya Singh
27-09-2026,FMPC6532361993,Bhiwandisplithub_BHI_PL,M/S Karmaa Enterprises +919920441257,fed9811c00b942fc,received_at_mh,West,TRUEFLEX,794720,TRUEFLEX,GuptaAdarsh Kumar Dhirendra,Motherhub_SAI_5,FM BRSNR,Bhiwandisplithub_BHI_PL,PH-B3-MUMSAI5-1585000,expected,OPENED,27-09-2026 00:36,Ashwarya Singh
27-09-2026,FMPP4300956157,Bhiwandisplithub_BHI_PL,Navashya Consumer Products Private Limited 7768881478,48d4808058d1428c,received_at_mh,West,TRUEFLEX,1224197,TRUEFLEX,ChaudhariRavi Prakash,Motherhub_SAI_5,FM BRSNR,Bhiwandisplithub_BHI_PL,PH-B6-MUMSAI5-1639007,expected,OPENED,27-09-2026 00:35,Ashwarya Singh
27-09-2026,FMPC6531772443,Bhiwandisplithub_BHI_PL,BURAQUE ABAYA +919321202153,177cda5136564e17,dispatched_to_mh,West,TRUEFLEX,1405199,TRUEFLEX,#N/A,Motherhub_SAI_5,FM BRSNR,Bhiwandisplithub_BHI_PL,PH-B1-MUMSAI5-1641378,expected,OPENED,27-09-2026 03:59,Ashwarya Singh
27-09-2026,FMPC6530729532,DALHOUSIEHUB_KOL_PL,ELDORADO RETAILING +918967593264,5f1b8fd770dd466d,dispatched_to_mh,East,LMA,1.00E+11,WERCATALYST VENTURES PVT LTD,DebjitAdhikkary,Motherhub_HRN,FM BRSNR,DALHOUSIEHUB_KOL_PL,PH-B3-KOLHRN-8038242,expected,OPENED,27-09-2026 01:57,Somnath G
27-09-2026,FMPC6530816787,Bhiwandisplithub_BHI_PL,SPECTRATECH SOLUTION +919320171694,88ed1aedd0d54601,received_at_mh,West,LMA,1.00E+11,#N/A,#N/A,Motherhub_SAI_5,FM BRSNR,Bhiwandisplithub_BHI_PL,PH-B3-MUMSAI5-1636593,expected,OPENED,27-09-2026 03:49,Ashwarya Singh
27-09-2026,FMPC6523031767,Bhiwandisplithub_BHI_PL,SALAH ENTERPRISE +918087406451,6cb9f7bec5ca4a2e,dispatched_to_mh,West,TRUEFLEX,1405199,TRUEFLEX,#N/A,Motherhub_SAI_5,FM BRSNR,Bhiwandisplithub_BHI_PL,PH-B1-MUMSAI5-1641378,expected,OPENED,27-09-2026 03:59,Ashwarya Singh
27-09-2026,FMPP4299006169,Bhiwandisplithub_BHI_PL,NUTS DELISH PRIVATE LIMITED 8291846231,1913d3fb00b741b3,dispatched_to_mh,West,LMA,1.00E+11,WERCATALYST VENTURES PVT LTD,Swaraj KeshavMhatre,Motherhub_SAI_5,FM BRSNR,Bhiwandisplithub_BHI_PL,PH-B6-MUMSAI5-1631016,expected,OPENED,27-09-2026 03:02,Ashwarya Singh
27-09-2026,FMPP4301052287,Bhiwandisplithub_BHI_PL,Shreyash Retail Private limited null,bd91df39671142ca,received_at_mh,West,LMA,1.00E+11,WERCATALYST VENTURES PVT LTD,Avishkar MohanSaki,Motherhub_SAI_4,FM BRSNR,Bhiwandisplithub_BHI_PL,PH-B2-MUMSAI-26919212,sorted,OPENED,27-09-2026 02:40,Ashwarya Singh
27-09-2026,FMPC6532190622,Bhiwandisplithub_BHI_PL,EJAC +917972084497,6265c165e7c44f49,received_at_mh,West,LMA,1.00E+11,WERCATALYST VENTURES PVT LTD,Shravan SantoshMalvi,Motherhub_SAI_5,FM BRSNR,Bhiwandisplithub_BHI_PL,PH-B1-MUMSAI5-1642164,expected,OPENED,26-09-2026 22:21,Ashwarya Singh
27-09-2026,FMPC6526223581,DALHOUSIEHUB_KOL_PL,Ray book +919038349996,940eaeb45d9a4362,dispatched_to_mh,East,LMA,1.00E+11,WERCATALYST VENTURES PVT LTD,DebjitAdhikkary,Motherhub_HRN,FM BRSNR,DALHOUSIEHUB_KOL_PL,PH-B3-KOLHRN-8038201,expected,OPENED,27-09-2026 01:44,Somnath G
27-09-2026,FMPC6531899311,Bhiwandisplithub_BHI_PL,SATIYA NUTRACEUTICALS PRIVATE LIMITED 9161883770,dfd4c92e5f664d7d,received_at_mh,West,TRUEFLEX,589317,TRUEFLEX,Prashant AnkushYele,Motherhub_SAI_5,FM BRSNR,Bhiwandisplithub_BHI_PL,PH-B6-MUMSAI5-1627538,expected,OPENED,27-09-2026 00:17,Ashwarya Singh
27-09-2026,FMPP4301227966,Bhiwandisplithub_BHI_PL,K B PRODUCTS PRIVATE LIMITED +919545799808,dceb475d14114d7b,dispatched_to_mh,West,TRUEFLEX,1224197,TRUEFLEX,ChaudhariRavi Prakash,Motherhub_SAI_5,FM BRSNR,Bhiwandisplithub_BHI_PL,PH-B6-MUMSAI5-1619863,expected,OPENED,27-09-2026 03:42,Ashwarya Singh
27-09-2026,FMPP4301225856,Bhiwandisplithub_BHI_PL,SPECTRATECH SOLUTION +919320171694,88ed1aedd0d54601,received_at_mh,West,LMA,1.00E+11,#N/A,#N/A,Motherhub_SAI_5,FM BRSNR,Bhiwandisplithub_BHI_PL,PH-B6-MUMSAI5-1585049,expected,OPENED,27-09-2026 03:13,Ashwarya Singh
27-09-2026,FMPP4299211647,Bhiwandisplithub_BHI_PL,P.V ENTERPRISES +919821108498,eeba3580d6f647c4,dispatched_to_mh,West,TRUEFLEX,1224197,TRUEFLEX,ChaudhariRavi Prakash,Motherhub_SAI_5,FM BRSNR,Bhiwandisplithub_BHI_PL,PH-B3-MUMSAI5-1619832,expected,OPENED,27-09-2026 03:40,Ashwarya Singh
27-09-2026,FMPC6532168466,Bhiwandisplithub_BHI_PL,SPECTRATECH SOLUTION +919320171694,88ed1aedd0d54601,received_at_mh,West,LMA,1.00E+11,#N/A,#N/A,Motherhub_SAI_5,FM BRSNR,Bhiwandisplithub_BHI_PL,PH-B6-MUMSAI5-1585049,expected,OPENED,27-09-2026 03:13,Ashwarya Singh
27-09-2026,FMPC6531743869,Bhiwandisplithub_BHI_PL,NIDHI ENTERPRISES +919506209549,5e494b903dba4950,dispatched_to_mh,West,EKART,4108665,EKART,,Motherhub_SAI_5,FM BRSNR,Bhiwandisplithub_BHI_PL,PH-B1-MUMSAI5-1637087,expected,OPENED,26-09-2026 22:23,Ashwarya Singh
27-09-2026,FMPC6532157073,Bhiwandisplithub_BHI_PL,INDUSTRIAL TOOLS AND HARDWARE +919029032385,5d22813e38a34f13,received_at_mh,West,TRUEFLEX,1224197,TRUEFLEX,ChaudhariRavi Prakash,Motherhub_SAI_5,FM BRSNR,Bhiwandisplithub_BHI_PL,PH-B1-MUMSAI5-1638920,expected,OPENED,27-09-2026 10:51,Ashwarya Singh
27-09-2026,FMPP4300246461,Bhiwandisplithub_BHI_PL,HEM CORPORATION PRIVATE LIMITED +919324916059,3bd6e37d71ef4cf6,dispatched_to_mh,West,LMA,1.00E+11,WERCATALYST VENTURES PVT LTD,Avishkar MohanSaki,Motherhub_SAI_5,FM BRSNR,Bhiwandisplithub_BHI_PL,PH-B3-MUMSAI5-1628994,expected,OPENED,27-09-2026 03:58,Ashwarya Singh
27-09-2026,FMPP4300522330,Bhiwandisplithub_BHI_PL,Navashya Consumer Products Private Limited 7768881478,48d4808058d1428c,received_at_mh,West,TRUEFLEX,1224197,TRUEFLEX,ChaudhariRavi Prakash,Motherhub_SAI_5,FM BRSNR,Bhiwandisplithub_BHI_PL,PH-B6-MUMSAI5-1639008,expected,OPENED,27-09-2026 00:36,Ashwarya Singh
27-09-2026,FMPC6530391186,Bhiwandisplithub_BHI_PL,TOTAL SPORTING & FITNESS SOLUTIONS PRIVATE LIMITED +918600107014,4857139996b74c16,dispatched_to_mh,West,LMA,1.00E+11,WERCATALYST VENTURES PVT LTD,Pravin ShantaramPatil,Motherhub_SAI_5,FM BRSNR,Bhiwandisplithub_BHI_PL,PH-B6-MUMSAI5-1636529,expected,OPENED,27-09-2026 00:18,Ashwarya Singh
27-09-2026,FMPC6530414637,Bhiwandisplithub_BHI_PL,HEM CORPORATION PRIVATE LIMITED +919324916059,3bd6e37d71ef4cf6,dispatched_to_mh,West,LMA,1.00E+11,WERCATALYST VENTURES PVT LTD,Avishkar MohanSaki,Motherhub_SAI_5,FM BRSNR,Bhiwandisplithub_BHI_PL,PH-B1-MUMSAI5-1628972,expected,OPENED,27-09-2026 04:09,Ashwarya Singh
27-09-2026,FMPP4300897781,Bhiwandisplithub_BHI_PL,HEM CORPORATION PRIVATE LIMITED +919324916059,3bd6e37d71ef4cf6,dispatched_to_mh,West,LMA,1.00E+11,WERCATALYST VENTURES PVT LTD,Avishkar MohanSaki,Motherhub_SAI_4,FM BRSNR,Bhiwandisplithub_BHI_PL,PH-B2-MUMSAI-26907714,expected,OPENED,27-09-2026 00:56,Ashwarya Singh
27-09-2026,FMPC6530984693,Bhiwandisplithub_BHI_PL,HUZI POLYCLAY & ACCESSORIES +919175417176,2f4b69c8438e4a39,dispatched_to_mh,West,EKART,4108665,EKART,,Motherhub_SAI_5,FM BRSNR,Bhiwandisplithub_BHI_PL,PH-B1-MUMSAI5-1637087,expected,OPENED,26-09-2026 22:23,Ashwarya Singh
27-09-2026,FMPC6533171376,Bhiwandisplithub_BHI_PL,HEM CORPORATION PRIVATE LIMITED +919324916059,3bd6e37d71ef4cf6,dispatched_to_mh,West,LMA,1.00E+11,WERCATALYST VENTURES PVT LTD,Avishkar MohanSaki,Motherhub_SAI_4,FM BRSNR,Bhiwandisplithub_BHI_PL,PH-B4-MUMSAI-26907736,expected,OPENED,27-09-2026 01:09,Ashwarya Singh
27-09-2026,FMPC6532214332,Bhiwandisplithub_BHI_PL,HEM CORPORATION PRIVATE LIMITED +919324916059,3bd6e37d71ef4cf6,dispatched_to_mh,West,LMA,1.00E+11,WERCATALYST VENTURES PVT LTD,Avishkar MohanSaki,Motherhub_SAI_5,FM BRSNR,Bhiwandisplithub_BHI_PL,PH-B3-MUMSAI5-1628994,expected,OPENED,27-09-2026 03:58,Ashwarya Singh
27-09-2026,FMPC6532468398,Bhiwandisplithub_BHI_PL,VASANT MARKETING +919821941392,d68a8ab4488845e8,dispatched_to_mh,West,TRUEFLEX,588702,TRUEFLEX,Nishant AnilBhoir,Motherhub_SAI_5,FM BRSNR,Bhiwandisplithub_BHI_PL,PH-B3-MUMSAI-26804014,expected,OPENED,26-09-2026 23:36,Ashwarya Singh
27-09-2026,FMPC6530550153,DALHOUSIEHUB_KOL_PL,ELDORADO RETAILING +918967593264,5f1b8fd770dd466d,dispatched_to_mh,East,LMA,1.00E+11,WERCATALYST VENTURES PVT LTD,DebjitAdhikkary,Motherhub_HRN,FM BRSNR,DALHOUSIEHUB_KOL_PL,PH-B3-KOLHRN-8038242,expected,OPENED,27-09-2026 01:57,Somnath G
27-09-2026,FMPP4300276875,Bhiwandisplithub_BHI_PL,SPECTRATECH SOLUTION +919320171694,88ed1aedd0d54601,received_at_mh,West,LMA,1.00E+11,#N/A,#N/A,Motherhub_SAI_5,FM BRSNR,Bhiwandisplithub_BHI_PL,PH-B6-MUMSAI5-1585049,expected,OPENED,27-09-2026 03:13,Ashwarya Singh
27-09-2026,FMPP4300264444,Bhiwandisplithub_BHI_PL,HEM CORPORATION PRIVATE LIMITED +919324916059,3bd6e37d71ef4cf6,dispatched_to_mh,West,LMA,1.00E+11,WERCATALYST VENTURES PVT LTD,Avishkar MohanSaki,Motherhub_SAI_5,FM BRSNR,Bhiwandisplithub_BHI_PL,PH-B6-MUMSAI5-1629032,expected,OPENED,27-09-2026 04:10,Ashwarya Singh
27-09-2026,FMPC6532129837,Bhiwandisplithub_BHI_PL,HEM CORPORATION PRIVATE LIMITED +919324916059,3bd6e37d71ef4cf6,dispatched_to_mh,West,LMA,1.00E+11,WERCATALYST VENTURES PVT LTD,Avishkar MohanSaki,Motherhub_SAI_5,FM BRSNR,Bhiwandisplithub_BHI_PL,PH-B1-MUMSAI5-1628972,expected,OPENED,27-09-2026 04:09,Ashwarya Singh
27-09-2026,FMPC6533171365,Bhiwandisplithub_BHI_PL,HEM CORPORATION PRIVATE LIMITED +919324916059,3bd6e37d71ef4cf6,dispatched_to_mh,West,LMA,1.00E+11,WERCATALYST VENTURES PVT LTD,Avishkar MohanSaki,Motherhub_SAI_4,FM BRSNR,Bhiwandisplithub_BHI_PL,PH-B2-MUMSAI-26907714,expected,OPENED,27-09-2026 00:56,Ashwarya Singh
27-09-2026,FMPC6530446368,Bhiwandisplithub_BHI_PL,HUZI POLYCLAY & ACCESSORIES +919175417176,2f4b69c8438e4a39,dispatched_to_mh,West,EKART,4108665,EKART,,Motherhub_SAI_4,FM BRSNR,Bhiwandisplithub_BHI_PL,PH-B2-MUMSAI-26916064,expected,OPENED,26-09-2026 23:43,Ashwarya Singh
27-09-2026,FMPP4300642087,Bhiwandisplithub_BHI_PL,SS FAMILY FOOTWEAR PRIVATE LIMITED +919594117297,f99d3126aebd419f,dispatched_to_mh,West,TRUEFLEX,794720,TRUEFLEX,GuptaAdarsh Kumar Dhirendra,Motherhub_SAI_5,FM BRSNR,Bhiwandisplithub_BHI_PL,PH-B1-MUMSAI5-1636565,expected,OPENED,27-09-2026 00:37,Ashwarya Singh
27-09-2026,FMPP4300300756,Bhiwandisplithub_BHI_PL,HEM CORPORATION PRIVATE LIMITED +919324916059,3bd6e37d71ef4cf6,dispatched_to_mh,West,LMA,1.00E+11,WERCATALYST VENTURES PVT LTD,Avishkar MohanSaki,Motherhub_SAI_4,FM BRSNR,Bhiwandisplithub_BHI_PL,PH-B2-MUMSAI-26907714,expected,OPENED,27-09-2026 00:56,Ashwarya Singh
27-09-2026,FMPC6531109287,Bhiwandisplithub_BHI_PL,HEM CORPORATION PRIVATE LIMITED +919324916059,3bd6e37d71ef4cf6,dispatched_to_mh,West,LMA,1.00E+11,WERCATALYST VENTURES PVT LTD,Avishkar MohanSaki,Motherhub_SAI_5,FM BRSNR,Bhiwandisplithub_BHI_PL,PH-B3-MUMSAI5-1628994,expected,OPENED,27-09-2026 03:58,Ashwarya Singh
27-09-2026,FMPP4299647413,Bhiwandisplithub_BHI_PL,CATURE SHIELD LLP 9021700031,83bce99d9c564f66,dispatched_to_mh,West,LMA,1.00E+11,#N/A,#N/A,Motherhub_SAI_5,FM BRSNR,Bhiwandisplithub_BHI_PL,PH-B6-MUMSAI5-1645855,expected,OPENED,27-09-2026 02:52,Ashwarya Singh
27-09-2026,FMPP4299823666,Bhiwandisplithub_BHI_PL,MAHASAR MATA TEXTILES +917666023151,04ae9ac0838f45a0,dispatched_to_mh,West,EKART,4108665,EKART,,Motherhub_SAI_4,FM BRSNR,Bhiwandisplithub_BHI_PL,PH-B2-MUMSAI-26916064,expected,OPENED,26-09-2026 23:43,Ashwarya Singh
27-09-2026,FMPC6530829355,Bhiwandisplithub_BHI_PL,SPECTRATECH SOLUTION +919320171694,88ed1aedd0d54601,received_at_mh,West,LMA,1.00E+11,#N/A,#N/A,Motherhub_SAI_5,FM BRSNR,Bhiwandisplithub_BHI_PL,PH-B3-MUMSAI5-1636593,expected,OPENED,27-09-2026 03:49,Ashwarya Singh
27-09-2026,FMPC6532139124,Bhiwandisplithub_BHI_PL,INDUSTRIAL TOOLS AND HARDWARE +919029032385,5d22813e38a34f13,received_at_mh,West,TRUEFLEX,1224197,TRUEFLEX,ChaudhariRavi Prakash,Motherhub_SAI_5,FM BRSNR,Bhiwandisplithub_BHI_PL,PH-B1-MUMSAI5-1638920,expected,OPENED,27-09-2026 10:51,Ashwarya Singh
27-09-2026,FMPC6532123818,Bhiwandisplithub_BHI_PL,HEM CORPORATION PRIVATE LIMITED +919324916059,3bd6e37d71ef4cf6,dispatched_to_mh,West,LMA,1.00E+11,WERCATALYST VENTURES PVT LTD,Avishkar MohanSaki,Motherhub_SAI_5,FM BRSNR,Bhiwandisplithub_BHI_PL,PH-B1-MUMSAI5-1628972,expected,OPENED,27-09-2026 04:09,Ashwarya Singh
27-09-2026,FMPP4300243666,Bhiwandisplithub_BHI_PL,SPECTRATECH SOLUTION +919320171694,88ed1aedd0d54601,received_at_mh,West,LMA,1.00E+11,#N/A,#N/A,Motherhub_SAI_5,FM BRSNR,Bhiwandisplithub_BHI_PL,PH-B3-MUMSAI5-1636593,expected,OPENED,27-09-2026 03:49,Ashwarya Singh
27-09-2026,FMPC6531062532,Bhiwandisplithub_BHI_PL,Kachin Enterprises +919022471715,1f14772ab82f4e75,dispatched_to_mh,West,LMA,1.00E+11,WERCATALYST VENTURES PVT LTD,Shravan SantoshMalvi,Motherhub_SAI_5,FM BRSNR,Bhiwandisplithub_BHI_PL,PH-B6-MUMSAI5-1642219,expected,OPENED,27-09-2026 00:07,Ashwarya Singh
27-09-2026,FMPC6530365964,Bhiwandisplithub_BHI_PL,THE O9 STORE +917410520892,9c7bd7572bb2405d,received_at_mh,West,LMA,1.00E+11,WERCATALYST VENTURES PVT LTD,Shravan SantoshMalvi,Motherhub_SAI_5,FM BRSNR,Bhiwandisplithub_BHI_PL,PH-B1-MUMSAI5-1642164,expected,OPENED,26-09-2026 22:21,Ashwarya Singh
27-09-2026,FMPC6532183056,Bhiwandisplithub_BHI_PL,INDUSTRIAL TOOLS AND HARDWARE +919029032385,5d22813e38a34f13,received_at_mh,West,TRUEFLEX,1224197,TRUEFLEX,ChaudhariRavi Prakash,Motherhub_SAI_5,FM BRSNR,Bhiwandisplithub_BHI_PL,PH-B1-MUMSAI5-1638920,expected,OPENED,27-09-2026 10:51,Ashwarya Singh
27-09-2026,FMPP4300270239,Bhiwandisplithub_BHI_PL,M/S IRIS TECH +917977141459,bbc0e7499aec41ce,received_at_mh,West,LMA,1.00E+11,#N/A,#N/A,Motherhub_SAI_5,FM BRSNR,Bhiwandisplithub_BHI_PL,PH-B1-MUMSAI5-1645778,expected,OPENED,27-09-2026 03:36,Ashwarya Singh
27-09-2026,FMPP4300283013,Bhiwandisplithub_BHI_PL,MAHASAR MATA TEXTILES +917666023151,04ae9ac0838f45a0,dispatched_to_mh,West,EKART,4108665,EKART,,Motherhub_SAI_5,FM BRSNR,Bhiwandisplithub_BHI_PL,PH-B1-MUMSAI5-1637087,expected,OPENED,26-09-2026 22:23,Ashwarya Singh
27-09-2026,FMPP4301084345,Bhiwandisplithub_BHI_PL,CIGFIL-LTD null,e694f417f5ab45a3,received_at_mh,West,TRUEFLEX,588702,TRUEFLEX,Nishant AnilBhoir,Motherhub_SAI_5,FM BRSNR,Bhiwandisplithub_BHI_PL,PH-B1-MUMSAI5-1643799,expected,OPENED,27-09-2026 03:50,Ashwarya Singh
27-09-2026,FMPC6532208710,Bhiwandisplithub_BHI_PL,HEM CORPORATION PRIVATE LIMITED +919324916059,3bd6e37d71ef4cf6,dispatched_to_mh,West,LMA,1.00E+11,WERCATALYST VENTURES PVT LTD,Avishkar MohanSaki,Motherhub_SAI_5,FM BRSNR,Bhiwandisplithub_BHI_PL,PH-B1-MUMSAI5-1628972,expected,OPENED,27-09-2026 04:09,Ashwarya Singh
27-09-2026,FMPC6532173559,Bhiwandisplithub_BHI_PL,HEM CORPORATION PRIVATE LIMITED +919324916059,3bd6e37d71ef4cf6,dispatched_to_mh,West,LMA,1.00E+11,WERCATALYST VENTURES PVT LTD,Avishkar MohanSaki,Motherhub_SAI_4,FM BRSNR,Bhiwandisplithub_BHI_PL,PH-B2-MUMSAI-26907714,expected,OPENED,27-09-2026 00:56,Ashwarya Singh
27-09-2026,FMPP4300270964,DALHOUSIEHUB_KOL_PL,ELDORADO RETAILING +918967593264,5f1b8fd770dd466d,dispatched_to_mh,East,LMA,1.00E+11,WERCATALYST VENTURES PVT LTD,DebjitAdhikkary,Motherhub_HRN,FM BRSNR,DALHOUSIEHUB_KOL_PL,PH-B3-KOLHRN-8038242,expected,OPENED,27-09-2026 01:57,Somnath G
27-09-2026,FMPC6533052299,DALHOUSIEHUB_KOL_PL,AGRO POWER TOOLS +916291801246,4bf1b1240b814236,dispatched_to_mh,East,LMA,1.00E+11,Vxpress,Suraj KumarDas,Motherhub_HRN,FM BRSNR,DALHOUSIEHUB_KOL_PL,PH-B3-KOLHRN-8038443,expected,OPENED,27-09-2026 04:15,Somnath G
27-09-2026,FMPC6530288445,Bhiwandisplithub_BHI_PL,HEM CORPORATION PRIVATE LIMITED +919324916059,3bd6e37d71ef4cf6,dispatched_to_mh,West,LMA,1.00E+11,WERCATALYST VENTURES PVT LTD,Avishkar MohanSaki,Motherhub_SAI_5,FM BRSNR,Bhiwandisplithub_BHI_PL,PH-B6-MUMSAI5-1629032,expected,OPENED,27-09-2026 04:10,Ashwarya Singh
27-09-2026,FMPP4299767041,Bhiwandisplithub_BHI_PL,KRISHNA TRADING +918554848710,3164178531fc4578,dispatched_to_mh,West,LMA,1.00E+11,#N/A,#N/A,Motherhub_SAI_4,FM BRSNR,Bhiwandisplithub_BHI_PL,PH-B4-MUMSAI-26841286,expected,OPENED,27-09-2026 04:30,Ashwarya Singh
27-09-2026,FMPP4299084501,Bhiwandisplithub_BHI_PL,M/S Karmaa Enterprises +919920441257,fed9811c00b942fc,dispatched_to_mh,West,TRUEFLEX,794720,TRUEFLEX,GuptaAdarsh Kumar Dhirendra,Motherhub_SAI_5,FM BRSNR,Bhiwandisplithub_BHI_PL,PH-B6-SULEIB5-1627859,expected,OPENED,27-09-2026 00:25,Ashwarya Singh
27-09-2026,FMPP4299586554,DALHOUSIEHUB_KOL_PL,K.G.N. INTERNATIONAL +919903886603,43308574e8054443,dispatched_to_mh,East,LMA,4172406,#N/A,#N/A,Motherhub_HRN,FM BRSNR,DALHOUSIEHUB_KOL_PL,PH-B3-KOLHRN-8037835,expected,OPENED,27-09-2026 01:57,Somnath G
27-09-2026,FMPC6532185138,Bhiwandisplithub_BHI_PL,INDUSTRIAL TOOLS AND HARDWARE +919029032385,5d22813e38a34f13,received_at_mh,West,TRUEFLEX,1224197,TRUEFLEX,ChaudhariRavi Prakash,Motherhub_SAI_5,FM BRSNR,Bhiwandisplithub_BHI_PL,PH-B1-MUMSAI5-1638920,expected,OPENED,27-09-2026 10:51,Ashwarya Singh
27-09-2026,FMPC6530300714,Bhiwandisplithub_BHI_PL,SHYAM SARKAR SYNTHETICS +918080051210,2c3e8ba6127e44ca,received_at_mh,West,LMA,1.00E+11,#N/A,#N/A,Motherhub_SAI_5,FM BRSNR,Bhiwandisplithub_BHI_PL,PH-B3-MUMSAI5-1636593,expected,OPENED,27-09-2026 03:49,Ashwarya Singh
27-09-2026,FMPC6532854250,Bhiwandisplithub_BHI_PL,PP Consumer Private Limited +918356870051,0316e3916c4b4f9a,dispatched_to_mh,West,LMA,1.00E+11,WERCATALYST VENTURES PVT LTD,Pravin ShantaramPatil,Motherhub_SAI_5,FM BRSNR,Bhiwandisplithub_BHI_PL,PH-B3-MUMSAI5-1636410,expected,OPENED,26-09-2026 22:08,Ashwarya Singh
27-09-2026,FMPP4300237732,Bhiwandisplithub_BHI_PL,HEM CORPORATION PRIVATE LIMITED +919324916059,3bd6e37d71ef4cf6,dispatched_to_mh,West,LMA,1.00E+11,WERCATALYST VENTURES PVT LTD,Avishkar MohanSaki,Motherhub_SAI_5,FM BRSNR,Bhiwandisplithub_BHI_PL,PH-B1-MUMSAI5-1628972,expected,OPENED,27-09-2026 04:09,Ashwarya Singh
27-09-2026,FMPC6530730943,Bhiwandisplithub_BHI_PL,M/S Karmaa Enterprises +919920441257,fed9811c00b942fc,received_at_mh,West,TRUEFLEX,794720,TRUEFLEX,GuptaAdarsh Kumar Dhirendra,Motherhub_SAI_5,FM BRSNR,Bhiwandisplithub_BHI_PL,PH-B6-SULEIB5-1627859,expected,OPENED,27-09-2026 00:25,Ashwarya Singh
27-09-2026,FMPP4300301101,Bhiwandisplithub_BHI_PL,INDUSTRIAL TOOLS AND HARDWARE +919029032385,5d22813e38a34f13,received_at_mh,West,TRUEFLEX,1224197,TRUEFLEX,ChaudhariRavi Prakash,Motherhub_SAI_5,FM BRSNR,Bhiwandisplithub_BHI_PL,PH-B1-MUMSAI5-1638920,expected,OPENED,27-09-2026 10:51,Ashwarya Singh
27-09-2026,FMPP4300492615,Bhiwandisplithub_BHI_PL,ATARC +919136810441,8434f180cfbf4396,received_at_mh,West,LMA,1.00E+11,WERCATALYST VENTURES PVT LTD,Shravan SantoshMalvi,Motherhub_SAI_4,FM BRSNR,Bhiwandisplithub_BHI_PL,PH-B4-MUMSAI-26839026,expected,OPENED,26-09-2026 23:46,Ashwarya Singh
27-09-2026,FMPC6532856735,Bhiwandisplithub_BHI_PL,PP Consumer Private Limited +918356870051,0316e3916c4b4f9a,dispatched_to_mh,West,LMA,1.00E+11,WERCATALYST VENTURES PVT LTD,Pravin ShantaramPatil,Motherhub_SAI_5,FM BRSNR,Bhiwandisplithub_BHI_PL,PH-B3-MUMSAI5-1636404,expected,OPENED,27-09-2026 00:20,Ashwarya Singh
27-09-2026,FMPP4300231100,Bhiwandisplithub_BHI_PL,HEM CORPORATION PRIVATE LIMITED +919324916059,3bd6e37d71ef4cf6,dispatched_to_mh,West,LMA,1.00E+11,WERCATALYST VENTURES PVT LTD,Avishkar MohanSaki,Motherhub_SAI_5,FM BRSNR,Bhiwandisplithub_BHI_PL,PH-B6-MUMSAI5-1629032,expected,OPENED,27-09-2026 04:10,Ashwarya Singh
27-09-2026,FMPC6533398528,Bhiwandisplithub_BHI_PL,Shreyash Retail Private limited null,bd91df39671142ca,received_at_mh,West,LMA,1.00E+11,WERCATALYST VENTURES PVT LTD,Avishkar MohanSaki,Motherhub_SAI_4,FM BRSNR,Bhiwandisplithub_BHI_PL,PH-B2-MUMSAI-26919213,added_to_container,TERMINATED,27-09-2026 01:22,Ashwarya Singh
27-09-2026,FMPC6530764147,DALHOUSIEHUB_KOL_PL,ELDORADO RETAILING +918967593264,5f1b8fd770dd466d,dispatched_to_mh,East,LMA,1.00E+11,WERCATALYST VENTURES PVT LTD,DebjitAdhikkary,Motherhub_HRN,FM BRSNR,DALHOUSIEHUB_KOL_PL,PH-B3-KOLHRN-8038242,expected,OPENED,27-09-2026 01:57,Somnath G
27-09-2026,FMPC6532517336,Bhiwandisplithub_BHI_PL,Navashya Consumer Products Private Limited 7768881478,48d4808058d1428c,dispatched_to_mh,West,TRUEFLEX,1224197,TRUEFLEX,ChaudhariRavi Prakash,Motherhub_SAI_5,FM BRSNR,Bhiwandisplithub_BHI_PL,PH-B1-MUMSAI5-1638928,expected,OPENED,27-09-2026 00:33,Ashwarya Singh
27-09-2026,FMPP4299006747,Bhiwandisplithub_BHI_PL,NUTS DELISH PRIVATE LIMITED 8291846231,1913d3fb00b741b3,dispatched_to_mh,West,LMA,1.00E+11,WERCATALYST VENTURES PVT LTD,Swaraj KeshavMhatre,Motherhub_SAI_5,FM BRSNR,Bhiwandisplithub_BHI_PL,PH-B6-MUMSAI5-1596127,expected,OPENED,27-09-2026 03:08,Ashwarya Singh
27-09-2026,FMPC6532210183,Bhiwandisplithub_BHI_PL,H&A Enterprises +917066668833,3dc0c2bcced7409c,received_at_mh,West,LMA,1.00E+11,WERCATALYST VENTURES PVT LTD,Shravan SantoshMalvi,Motherhub_SAI_5,FM BRSNR,Bhiwandisplithub_BHI_PL,PH-B1-MUMSAI5-1642164,expected,OPENED,26-09-2026 22:21,Ashwarya Singh
27-09-2026,FMPC6531131147,Bhiwandisplithub_BHI_PL,P.V ENTERPRISES +919821108498,eeba3580d6f647c4,dispatched_to_mh,West,TRUEFLEX,1224197,TRUEFLEX,ChaudhariRavi Prakash,Motherhub_SAI_4,FM BRSNR,Bhiwandisplithub_BHI_PL,PH-B2-MUMSAI-26898586,expected,OPENED,27-09-2026 03:55,Ashwarya Singh
27-09-2026,FMPC6532524615,Bhiwandisplithub_BHI_PL,Kairos Emporium +919819711771,nqgd49dkfphkfopl,dispatched_to_mh,West,LMA,1.00E+11,WERCATALYST VENTURES PVT LTD,Swaraj KeshavMhatre,Motherhub_SAI_4,FM BRSNR,Bhiwandisplithub_BHI_PL,PH-B2-MUMSAI-26923169,expected,OPENED,26-09-2026 23:27,Ashwarya Singh
27-09-2026,FMPC6532184143,Bhiwandisplithub_BHI_PL,INDUSTRIAL TOOLS AND HARDWARE +919029032385,5d22813e38a34f13,received_at_mh,West,TRUEFLEX,1224197,TRUEFLEX,ChaudhariRavi Prakash,Motherhub_SAI_5,FM BRSNR,Bhiwandisplithub_BHI_PL,PH-B1-MUMSAI5-1638920,expected,OPENED,27-09-2026 10:51,Ashwarya Singh
27-09-2026,FMPC6532139254,Bhiwandisplithub_BHI_PL,THE O9 STORE +917410520892,9c7bd7572bb2405d,received_at_mh,West,LMA,1.00E+11,WERCATALYST VENTURES PVT LTD,Shravan SantoshMalvi,Motherhub_SAI_5,FM BRSNR,Bhiwandisplithub_BHI_PL,PH-B1-MUMSAI5-1642164,expected,OPENED,26-09-2026 22:21,Ashwarya Singh
27-09-2026,FMPP4299043484,Bhiwandisplithub_BHI_PL,SHYAM SARKAR SYNTHETICS +918080051210,2c3e8ba6127e44ca,received_at_mh,West,LMA,1.00E+11,#N/A,#N/A,Motherhub_SAI_5,FM BRSNR,Bhiwandisplithub_BHI_PL,PH-B6-MUMSAI5-1585049,expected,OPENED,27-09-2026 03:13,Ashwarya Singh
27-09-2026,FMPP4300673203,Bhiwandisplithub_BHI_PL,PP Consumer Private Limited +918356870051,0316e3916c4b4f9a,dispatched_to_mh,West,LMA,1.00E+11,WERCATALYST VENTURES PVT LTD,Pravin ShantaramPatil,Motherhub_SAI_5,FM BRSNR,Bhiwandisplithub_BHI_PL,PH-B6-MUMSAI5-1636532,expected,OPENED,26-09-2026 22:16,Ashwarya Singh
27-09-2026,FMPC6533382268,Bhiwandisplithub_BHI_PL,PP Consumer Private Limited +918356870051,0316e3916c4b4f9a,dispatched_to_mh,West,LMA,1.00E+11,WERCATALYST VENTURES PVT LTD,Pravin ShantaramPatil,Motherhub_SAI_5,FM BRSNR,Bhiwandisplithub_BHI_PL,PH-B1-MUMSAI5-1636491,expected,OPENED,26-09-2026 22:17,Ashwarya Singh
27-09-2026,FMPP4300280628,Bhiwandisplithub_BHI_PL,EJAC +917972084497,6265c165e7c44f49,received_at_mh,West,LMA,1.00E+11,WERCATALYST VENTURES PVT LTD,Shravan SantoshMalvi,Motherhub_SAI_5,FM BRSNR,Bhiwandisplithub_BHI_PL,PH-B1-MUMSAI5-1642164,expected,OPENED,26-09-2026 22:21,Ashwarya Singh
27-09-2026,FMPC6532206084,Bhiwandisplithub_BHI_PL,INDUSTRIAL TOOLS AND HARDWARE +919029032385,5d22813e38a34f13,received_at_mh,West,TRUEFLEX,1224197,TRUEFLEX,ChaudhariRavi Prakash,Motherhub_SAI_5,FM BRSNR,Bhiwandisplithub_BHI_PL,PH-B1-MUMSAI5-1638920,expected,OPENED,27-09-2026 10:51,Ashwarya Singh
27-09-2026,FMPC6532210299,Bhiwandisplithub_BHI_PL,H&A Enterprises +917066668833,3dc0c2bcced7409c,received_at_mh,West,LMA,1.00E+11,WERCATALYST VENTURES PVT LTD,Shravan SantoshMalvi,Motherhub_SAI_5,FM BRSNR,Bhiwandisplithub_BHI_PL,PH-B1-MUMSAI5-1642164,expected,OPENED,26-09-2026 22:21,Ashwarya Singh
27-09-2026,FMPP4300289681,Bhiwandisplithub_BHI_PL,INDUSTRIAL TOOLS AND HARDWARE +919029032385,5d22813e38a34f13,received_at_mh,West,TRUEFLEX,1224197,TRUEFLEX,ChaudhariRavi Prakash,Motherhub_SAI_5,FM BRSNR,Bhiwandisplithub_BHI_PL,PH-B1-MUMSAI5-1638920,expected,OPENED,27-09-2026 10:51,Ashwarya Singh
27-09-2026,FMPP4300266633,Bhiwandisplithub_BHI_PL,HEM CORPORATION PRIVATE LIMITED +919324916059,3bd6e37d71ef4cf6,dispatched_to_mh,West,LMA,1.00E+11,WERCATALYST VENTURES PVT LTD,Avishkar MohanSaki,Motherhub_SAI_5,FM BRSNR,Bhiwandisplithub_BHI_PL,PH-B1-MUMSAI5-1628972,expected,OPENED,27-09-2026 04:09,Ashwarya Singh
27-09-2026,FMPC6532164963,Bhiwandisplithub_BHI_PL,EJAC +917972084497,6265c165e7c44f49,received_at_mh,West,LMA,1.00E+11,WERCATALYST VENTURES PVT LTD,Shravan SantoshMalvi,Motherhub_SAI_5,FM BRSNR,Bhiwandisplithub_BHI_PL,PH-B1-MUMSAI5-1642164,expected,OPENED,26-09-2026 22:21,Ashwarya Singh
27-09-2026,FMPP4300378698,Bhiwandisplithub_BHI_PL,BRANDZSTORM INDIA RETAIL MARKETING PRIVATE LIMITED +919152250042,ab88bc6154e34a6f,dispatched_to_mh,West,LMA,1.00E+11,#N/A,#N/A,Motherhub_SAI_5,FM BRSNR,Bhiwandisplithub_BHI_PL,PH-B1-MUMSAI5-1645770,expected,OPENED,27-09-2026 02:51,Ashwarya Singh
27-09-2026,FMPC6532852625,Bhiwandisplithub_BHI_PL,PP Consumer Private Limited +918356870051,0316e3916c4b4f9a,dispatched_to_mh,West,LMA,1.00E+11,WERCATALYST VENTURES PVT LTD,Pravin ShantaramPatil,Motherhub_SAI_5,FM BRSNR,Bhiwandisplithub_BHI_PL,PH-B6-MUMSAI5-1636532,expected,OPENED,26-09-2026 22:16,Ashwarya Singh
27-09-2026,FMPC6531184232,Bhiwandisplithub_BHI_PL,M/S Karmaa Enterprises +919920441257,fed9811c00b942fc,dispatched_to_mh,West,TRUEFLEX,794720,TRUEFLEX,GuptaAdarsh Kumar Dhirendra,Motherhub_SAI_5,FM BRSNR,Bhiwandisplithub_BHI_PL,PH-B1-MUMSAI5-1607041,expected,OPENED,27-09-2026 00:29,Ashwarya Singh
27-09-2026,FMPP4298928232,Bhiwandisplithub_BHI_PL,BHAGWANT APPLIANCES +919082417579,e2e3a9a3cce54e9a,dispatched_to_mh,West,TRUEFLEX,592291,TRUEFLEX,Raj VinodChaudhari,Motherhub_SAI_5,FM BRSNR,Bhiwandisplithub_BHI_PL,PH-B6-MUMSAI-26824319,expected,OPENED,27-09-2026 03:16,Ashwarya Singh
27-09-2026,FMPC6525078173,Bhiwandisplithub_BHI_PL,HESPOKE ORIGINALS PRIVATE LIMITED +917738974178,0a0d35765b1b4544,dispatched_to_mh,West,LMA,1.00E+11,WERCATALYST VENTURES PVT LTD,Avishkar MohanSaki,Motherhub_SAI_5,FM BRSNR,Bhiwandisplithub_BHI_PL,PH-B1-MUMSAI5-1640349,expected,OPENED,27-09-2026 03:55,Ashwarya Singh
27-09-2026,FMPP4299196087,Bhiwandisplithub_BHI_PL,P.V ENTERPRISES +919821108498,eeba3580d6f647c4,dispatched_to_mh,West,TRUEFLEX,1224197,TRUEFLEX,ChaudhariRavi Prakash,Motherhub_SAI_4,FM BRSNR,Bhiwandisplithub_BHI_PL,PH-B2-MUMSAI-26898587,expected,OPENED,27-09-2026 03:50,Ashwarya Singh
27-09-2026,FMPC6532119810,Bhiwandisplithub_BHI_PL,INDUSTRIAL TOOLS AND HARDWARE +919029032385,5d22813e38a34f13,received_at_mh,West,TRUEFLEX,1224197,TRUEFLEX,ChaudhariRavi Prakash,Motherhub_SAI_5,FM BRSNR,Bhiwandisplithub_BHI_PL,PH-B1-MUMSAI5-1638920,expected,OPENED,27-09-2026 10:51,Ashwarya Singh
27-09-2026,FMPP4299034526,Bhiwandisplithub_BHI_PL,SPECTRATECH SOLUTION +919320171694,88ed1aedd0d54601,received_at_mh,West,LMA,1.00E+11,#N/A,#N/A,Motherhub_SAI_5,FM BRSNR,Bhiwandisplithub_BHI_PL,PH-B6-MUMSAI5-1585049,expected,OPENED,27-09-2026 03:13,Ashwarya Singh
27-09-2026,FMPC6532166876,Bhiwandisplithub_BHI_PL,HEM CORPORATION PRIVATE LIMITED +919324916059,3bd6e37d71ef4cf6,dispatched_to_mh,West,LMA,1.00E+11,WERCATALYST VENTURES PVT LTD,Avishkar MohanSaki,Motherhub_SAI_5,FM BRSNR,Bhiwandisplithub_BHI_PL,PH-B3-MUMSAI5-1628994,expected,OPENED,27-09-2026 03:58,Ashwarya Singh
27-09-2026,FMPC6533531652,Bhiwandisplithub_BHI_PL,HELIOS INDUSTRIES PRIVATE LIMITED +919326080286,3a2bbab9eee74485,dispatched_to_mh,West,LMA,1.00E+11,#N/A,#N/A,Motherhub_SAI_4,FM BRSNR,Bhiwandisplithub_BHI_PL,PH-B2-MUMSAI-26923543,expected,OPENED,27-09-2026 04:05,Ashwarya Singh
27-09-2026,FMPC6531488389,Bhiwandisplithub_BHI_PL,HEM CORPORATION PRIVATE LIMITED +919324916059,3bd6e37d71ef4cf6,dispatched_to_mh,West,LMA,1.00E+11,WERCATALYST VENTURES PVT LTD,Avishkar MohanSaki,Motherhub_SAI_5,FM BRSNR,Bhiwandisplithub_BHI_PL,PH-B3-MUMSAI5-1628994,expected,OPENED,27-09-2026 03:58,Ashwarya Singh
27-09-2026,FMPP4300292993,Bhiwandisplithub_BHI_PL,HEM CORPORATION PRIVATE LIMITED +919324916059,3bd6e37d71ef4cf6,dispatched_to_mh,West,LMA,1.00E+11,WERCATALYST VENTURES PVT LTD,Avishkar MohanSaki,Motherhub_SAI_5,FM BRSNR,Bhiwandisplithub_BHI_PL,PH-B6-MUMSAI5-1629032,expected,OPENED,27-09-2026 04:10,Ashwarya Singh
27-09-2026,FMPC6532136351,Bhiwandisplithub_BHI_PL,INDUSTRIAL TOOLS AND HARDWARE +919029032385,5d22813e38a34f13,received_at_mh,West,TRUEFLEX,1224197,TRUEFLEX,ChaudhariRavi Prakash,Motherhub_SAI_5,FM BRSNR,Bhiwandisplithub_BHI_PL,PH-B1-MUMSAI5-1638920,expected,OPENED,27-09-2026 10:51,Ashwarya Singh
27-09-2026,FMPC6533605772,Bhiwandisplithub_BHI_PL,SPECTRATECH SOLUTION +919320171694,88ed1aedd0d54601,received_at_mh,West,LMA,1.00E+11,#N/A,#N/A,Motherhub_SAI_5,FM BRSNR,Bhiwandisplithub_BHI_PL,PH-B3-MUMSAI5-1636593,expected,OPENED,27-09-2026 03:49,Ashwarya Singh
27-09-2026,FMPP4300480124,Bhiwandisplithub_BHI_PL,HEM CORPORATION PRIVATE LIMITED +919324916059,3bd6e37d71ef4cf6,dispatched_to_mh,West,LMA,1.00E+11,WERCATALYST VENTURES PVT LTD,Avishkar MohanSaki,Motherhub_SAI_4,FM BRSNR,Bhiwandisplithub_BHI_PL,PH-B4-MUMSAI-26907736,expected,OPENED,27-09-2026 01:09,Ashwarya Singh
27-09-2026,FMPC6530117212,Bhiwandisplithub_BHI_PL,REYANSH ENTERPRISES +918898881857,32c011f074094c17,dispatched_to_mh,West,EKART,3118172,EKART,,Motherhub_SAI_5,FM BRSNR,Bhiwandisplithub_BHI_PL,PH-B6-MUMSAI5-1562448,expected,OPENED,27-09-2026 00:49,Ashwarya Singh
27-09-2026,FMPP4301083191,Bhiwandisplithub_BHI_PL,Shreyash Retail Private limited null,bd91df39671142ca,received_at_mh,West,LMA,1.00E+11,WERCATALYST VENTURES PVT LTD,Avishkar MohanSaki,Motherhub_SAI_4,FM BRSNR,Bhiwandisplithub_BHI_PL,PH-B2-MUMSAI-26919212,expected,OPENED,27-09-2026 02:40,Ashwarya Singh
27-09-2026,FMPC6530749614,Bhiwandisplithub_BHI_PL,Counfreedise Retail Services Limited 7370834493,aludighdjtmxfusu,received_at_mh,West,TRUEFLEX,588702,TRUEFLEX,Nishant AnilBhoir,Motherhub_SAI_4,FM BRSNR,Bhiwandisplithub_BHI_PL,PH-B2-MUMSAI-26870912,expected,OPENED,27-09-2026 02:16,Ashwarya Singh
27-09-2026,FMPP4300263267,Bhiwandisplithub_BHI_PL,HEM CORPORATION PRIVATE LIMITED +919324916059,3bd6e37d71ef4cf6,dispatched_to_mh,West,LMA,1.00E+11,WERCATALYST VENTURES PVT LTD,Avishkar MohanSaki,Motherhub_SAI_4,FM BRSNR,Bhiwandisplithub_BHI_PL,PH-B4-MUMSAI-26907736,expected,OPENED,27-09-2026 01:09,Ashwarya Singh
27-09-2026,FMPC6531317642,DALHOUSIEHUB_KOL_PL,Bookzycart +919674073203,7f82892a2097457a,dispatched_to_mh,East,LMA,1.00E+11,WERCATALYST VENTURES PVT LTD,KoushikDas,Motherhub_HRN,FM BRSNR,DALHOUSIEHUB_KOL_PL,PH-B3-KOLHRN-8014561,expected,OPENED,27-09-2026 01:54,Somnath G
27-09-2026,FMPC6532524428,Bhiwandisplithub_BHI_PL,ATARC +919136810441,8434f180cfbf4396,received_at_mh,West,LMA,1.00E+11,WERCATALYST VENTURES PVT LTD,Shravan SantoshMalvi,Motherhub_SAI_5,FM BRSNR,Bhiwandisplithub_BHI_PL,PH-B1-MUMSAI5-1552074,expected,OPENED,26-09-2026 22:23,Ashwarya Singh
27-09-2026,FMPC6532208314,Bhiwandisplithub_BHI_PL,INDUSTRIAL TOOLS AND HARDWARE +919029032385,5d22813e38a34f13,received_at_mh,West,TRUEFLEX,1224197,TRUEFLEX,ChaudhariRavi Prakash,Motherhub_SAI_5,FM BRSNR,Bhiwandisplithub_BHI_PL,PH-B1-MUMSAI5-1638920,expected,OPENED,27-09-2026 10:51,Ashwarya Singh
27-09-2026,FMPC6532364849,Bhiwandisplithub_BHI_PL,HEM CORPORATION PRIVATE LIMITED +919324916059,3bd6e37d71ef4cf6,dispatched_to_mh,West,LMA,1.00E+11,WERCATALYST VENTURES PVT LTD,Avishkar MohanSaki,Motherhub_SAI_5,FM BRSNR,Bhiwandisplithub_BHI_PL,PH-B1-MUMSAI5-1628972,expected,OPENED,27-09-2026 04:09,Ashwarya Singh
27-09-2026,FMPP4300897780,Bhiwandisplithub_BHI_PL,HEM CORPORATION PRIVATE LIMITED +919324916059,3bd6e37d71ef4cf6,dispatched_to_mh,West,LMA,1.00E+11,WERCATALYST VENTURES PVT LTD,Avishkar MohanSaki,Motherhub_SAI_4,FM BRSNR,Bhiwandisplithub_BHI_PL,PH-B4-MUMSAI-26907736,expected,OPENED,27-09-2026 01:09,Ashwarya Singh
27-09-2026,FMPP4301197966,Bhiwandisplithub_BHI_PL,ALISHA PRODUCTION +918600200328,0e8b3fd1bc074141,dispatched_to_mh,West,TRUEFLEX,794720,TRUEFLEX,GuptaAdarsh Kumar Dhirendra,Motherhub_SAI_4,FM BRSNR,Bhiwandisplithub_BHI_PL,PH-B2-MUMSAI-26914764,expected,OPENED,26-09-2026 22:44,Ashwarya Singh
27-09-2026,FMPC6531345991,Bhiwandisplithub_BHI_PL,M/S Karmaa Enterprises +919920441257,fed9811c00b942fc,dispatched_to_mh,West,TRUEFLEX,794720,TRUEFLEX,GuptaAdarsh Kumar Dhirendra,Motherhub_SAI_5,FM BRSNR,Bhiwandisplithub_BHI_PL,PH-B6-SULEIB5-1627859,expected,OPENED,27-09-2026 00:25,Ashwarya Singh
27-09-2026,FMPC6530860969,Bhiwandisplithub_BHI_PL,Innoleague Technologies India Pvt Ltd +918793170718,abc5dfe1f30841a5,dispatched_to_mh,West,TRUEFLEX,588702,TRUEFLEX,Nishant AnilBhoir,Motherhub_SAI_5,FM BRSNR,Bhiwandisplithub_BHI_PL,PH-B1-MUMSAI5-1531080,expected,OPENED,26-09-2026 23:45,Ashwarya Singh
27-09-2026,FMPC6530089327,Bhiwandisplithub_BHI_PL,SPECTRATECH SOLUTION +919320171694,88ed1aedd0d54601,received_at_mh,West,LMA,1.00E+11,#N/A,#N/A,Motherhub_SAI_5,FM BRSNR,Bhiwandisplithub_BHI_PL,PH-B6-MUMSAI5-1585049,expected,OPENED,27-09-2026 03:13,Ashwarya Singh
27-09-2026,FMPC6532160910,Bhiwandisplithub_BHI_PL,EJAC +917972084497,6265c165e7c44f49,received_at_mh,West,LMA,1.00E+11,WERCATALYST VENTURES PVT LTD,Shravan SantoshMalvi,Motherhub_SAI_5,FM BRSNR,Bhiwandisplithub_BHI_PL,PH-B1-MUMSAI5-1642164,expected,OPENED,26-09-2026 22:21,Ashwarya Singh
27-09-2026,FMPP4299932697,Bhiwandisplithub_BHI_PL,A.K. CONCORD HYGIENE PRODUCTS +919029777063,063aced6b6c34dd2,dispatched_to_mh,West,TRUEFLEX,1224197,TRUEFLEX,ChaudhariRavi Prakash,Motherhub_SAI_5,FM BRSNR,Bhiwandisplithub_BHI_PL,PH-B1-MUMSAI5-1576433,expected,OPENED,27-09-2026 03:38,Ashwarya Singh
27-09-2026,FMPP4301179496,Bhiwandisplithub_BHI_PL,HEM CORPORATION PRIVATE LIMITED +919324916059,3bd6e37d71ef4cf6,dispatched_to_mh,West,LMA,1.00E+11,WERCATALYST VENTURES PVT LTD,Avishkar MohanSaki,Motherhub_SAI_4,FM BRSNR,Bhiwandisplithub_BHI_PL,PH-B2-MUMSAI-26907714,expected,OPENED,27-09-2026 00:56,Ashwarya Singh
27-09-2026,FMPC6530418594,Bhiwandisplithub_BHI_PL,HALLMARK SAFETY PRODUCTS +919867666070,61dd82f9f6d3432e,dispatched_to_mh,West,LMA,1.00E+11,#N/A,#N/A,Motherhub_SAI_5,FM BRSNR,Bhiwandisplithub_BHI_PL,PH-B1-MUMSAI5-1645770,expected,OPENED,27-09-2026 02:51,Ashwarya Singh
27-09-2026,FMPC6531196366,Bhiwandisplithub_BHI_PL,M/S Karmaa Enterprises +919920441257,fed9811c00b942fc,received_at_mh,West,TRUEFLEX,794720,TRUEFLEX,GuptaAdarsh Kumar Dhirendra,Motherhub_SAI_5,FM BRSNR,Bhiwandisplithub_BHI_PL,PH-B3-MUMSAI5-1585000,expected,OPENED,27-09-2026 00:36,Ashwarya Singh
27-09-2026,FMPP4301121113,Bhiwandisplithub_BHI_PL,Shreyash Retail Private limited null,bd91df39671142ca,received_at_mh,West,LMA,1.00E+11,WERCATALYST VENTURES PVT LTD,Avishkar MohanSaki,Motherhub_SAI_4,FM BRSNR,Bhiwandisplithub_BHI_PL,PH-B2-MUMSAI-26919212,expected,OPENED,27-09-2026 02:40,Ashwarya Singh
27-09-2026,FMPC6533608824,Bhiwandisplithub_BHI_PL,M/S Karmaa Enterprises +919920441257,fed9811c00b942fc,received_at_mh,West,TRUEFLEX,794720,TRUEFLEX,GuptaAdarsh Kumar Dhirendra,Motherhub_SAI_5,FM BRSNR,Bhiwandisplithub_BHI_PL,PH-B6-SULEIB5-1627859,expected,OPENED,27-09-2026 00:25,Ashwarya Singh
27-09-2026,FMPP4300251248,Bhiwandisplithub_BHI_PL,HEM CORPORATION PRIVATE LIMITED +919324916059,3bd6e37d71ef4cf6,dispatched_to_mh,West,LMA,1.00E+11,WERCATALYST VENTURES PVT LTD,Avishkar MohanSaki,Motherhub_SAI_5,FM BRSNR,Bhiwandisplithub_BHI_PL,PH-B6-MUMSAI5-1629032,expected,OPENED,27-09-2026 04:10,Ashwarya Singh
27-09-2026,FMPC6530650374,DALHOUSIEHUB_KOL_PL,ELDORADO RETAILING +918967593264,5f1b8fd770dd466d,dispatched_to_mh,East,LMA,1.00E+11,WERCATALYST VENTURES PVT LTD,DebjitAdhikkary,Motherhub_HRN,FM BRSNR,DALHOUSIEHUB_KOL_PL,PH-B3-KOLHRN-8038242,expected,OPENED,27-09-2026 01:57,Somnath G
27-09-2026,FMPC6532137722,Bhiwandisplithub_BHI_PL,EJAC +917972084497,6265c165e7c44f49,received_at_mh,West,LMA,1.00E+11,WERCATALYST VENTURES PVT LTD,Shravan SantoshMalvi,Motherhub_SAI_5,FM BRSNR,Bhiwandisplithub_BHI_PL,PH-B1-MUMSAI5-1642164,expected,OPENED,26-09-2026 22:21,Ashwarya Singh
27-09-2026,FMPP4300083891,Bhiwandisplithub_BHI_PL,SATIYA NUTRACEUTICALS PRIVATE LIMITED 9161883770,dfd4c92e5f664d7d,dispatched_to_mh,West,TRUEFLEX,589317,TRUEFLEX,Prashant AnkushYele,Motherhub_SAI_4,FM BRSNR,Bhiwandisplithub_BHI_PL,PH-B4-MUMSAI-26919698,expected,OPENED,27-09-2026 03:58,Ashwarya Singh
27-09-2026,FMPP4299006553,Bhiwandisplithub_BHI_PL,NUTS DELISH PRIVATE LIMITED 8291846231,1913d3fb00b741b3,dispatched_to_mh,West,LMA,1.00E+11,WERCATALYST VENTURES PVT LTD,Swaraj KeshavMhatre,Motherhub_SAI_5,FM BRSNR,Bhiwandisplithub_BHI_PL,PH-B1-MUMSAI5-1630914,expected,OPENED,27-09-2026 03:10,Ashwarya Singh
27-09-2026,FMPP4298786959,Bhiwandisplithub_BHI_PL,HUZI POLYCLAY & ACCESSORIES +919175417176,2f4b69c8438e4a39,dispatched_to_mh,West,EKART,4108665,EKART,,Motherhub_SAI_5,FM BRSNR,Bhiwandisplithub_BHI_PL,PH-B3-MUMSAI5-1637103,expected,OPENED,26-09-2026 22:21,Ashwarya Singh
27-09-2026,FMPP4299385613,Bhiwandisplithub_BHI_PL,M/S IRIS TECH +917977141459,bbc0e7499aec41ce,dispatched_to_mh,West,LMA,1.00E+11,#N/A,#N/A,Motherhub_SAI_5,FM BRSNR,Bhiwandisplithub_BHI_PL,PH-B6-MUMSAI5-1645834,expected,OPENED,27-09-2026 03:36,Ashwarya Singh
27-09-2026,FMPC6530838268,FortHub_MUM_PL,ROYAL LEATHER WORKS +919987732673,18938cef86b34db6,dispatched_to_mh,West,EKART,4162195,EKART,,Motherhub_SAI_5,FM BRSNR,FortHub_MUM_PL,PH-B6-MUMSAI5-1636114,expected,OPENED,26-09-2026 22:42,Ashwarya Singh
27-09-2026,FMPP4300443975,GoregaonMPHub_MUM_PL,Sooperbuy Private Limited +917777047713,ce1906a41ab64895,dispatched_to_mh,West,TRUEFLEX,955262,TRUEFLEX,#N/A,Motherhub_SAI_5,FM BRSNR,GoregaonMPHub_MUM_PL,PH-B1-MUMSAI5-1646011,expected,OPENED,27-09-2026 01:23,Ashwarya Singh
27-09-2026,FMPC6533023187,FortHub_MUM_PL,53 ARTS +919819414227,d9e3becf1ed34537,dispatched_to_mh,West,LMA,1.00E+11,Vxpress,TarjanKumar,Motherhub_SAI_5,FM BRSNR,FortHub_MUM_PL,PH-B6-MUMSAI5-1641169,expected,OPENED,27-09-2026 01:35,Ashwarya Singh
27-09-2026,FMPC6533708844,GoregaonMPHub_MUM_PL,PREMIER HANGER MART +918655974514,4186a60bd9b04f4d,received_at_mh,West,TRUEFLEX,1026800,TRUEFLEX,AftabAlam Istekhar Chaudhri,Motherhub_SAI_5,FM BRSNR,GoregaonMPHub_MUM_PL,PH-B1-MUMSAI5-1611953,expected,OPENED,27-09-2026 02:18,Ashwarya Singh
27-09-2026,FMPC6531919426,FortHub_MUM_PL,Truevibe +917400420924,64bcc25753aa45b7,dispatched_to_mh,West,TRUEFLEX,656327,TRUEFLEX,Gaurav RajaramGurav,Motherhub_SAI_5,FM BRSNR,FortHub_MUM_PL,PH-B1-MUMSAI5-1642656,expected,OPENED,27-09-2026 00:41,Ashwarya Singh
27-09-2026,FMPP4300537093,HawamahalHub_JAI_PL,D M ENTERPRISES +919024828439,d6d181653fe746ff,dispatched_to_mh,North,LMA,1.00E+11,WHEELEY,Mo.Faizan,Motherhub_JAI_BTS,FM BRSNR,HawamahalHub_JAI_PL,PH-B3-JAIBTS-23914667,expected,OPENED,26-09-2026 23:34,Akash Sharma
27-09-2026,FMPC6530740905,GoregaonMPHub_MUM_PL,TRENDING GADGETS +918369660633,9b1ae9a6cd694ddb,dispatched_to_mh,West,TRUEFLEX,1409275,TRUEFLEX,#N/A,Motherhub_SAI_4,FM BRSNR,GoregaonMPHub_MUM_PL,PH-B2-MUMSAI-26923907,expected,OPENED,27-09-2026 03:14,Ashwarya Singh
27-09-2026,FMPP4299152782,GoregaonMPHub_MUM_PL,LIMRA ENTERPRISES +918169033844,616e1c1f54234278,dispatched_to_mh,West,TRUEFLEX,3898844,TRUEFLEX,#N/A,Motherhub_SAI_5,FM BRSNR,GoregaonMPHub_MUM_PL,PH-B1-MUMSAI5-1537492,expected,OPENED,27-09-2026 00:40,Ashwarya Singh
27-09-2026,FMPC6532165830,FortHub_MUM_PL,kreative kraft +919082911128,dabbb8e3b9e74ee9,dispatched_to_mh,West,LMA,1.00E+11,Vxpress,TarjanKumar,Motherhub_SAI_5,FM BRSNR,FortHub_MUM_PL,PH-B6-MUMSAI5-1641169,expected,OPENED,27-09-2026 01:35,Ashwarya Singh
27-09-2026,FMPP4299428688,FortHub_MUM_PL,53 ARTS +919819414227,d9e3becf1ed34537,dispatched_to_mh,West,LMA,1.00E+11,Vxpress,TarjanKumar,Motherhub_SAI_5,FM BRSNR,FortHub_MUM_PL,PH-B6-MUMSAI5-1641169,expected,OPENED,27-09-2026 01:35,Ashwarya Singh
27-09-2026,FMPC6532808447,FortHub_MUM_PL,PAREKH & SONS +918928267244,75c6c1159f7446ca,dispatched_to_mh,West,TRUEFLEX,656327,TRUEFLEX,Gaurav RajaramGurav,Motherhub_SAI_5,FM BRSNR,FortHub_MUM_PL,PH-B1-MUMSAI5-1635902,expected,OPENED,27-09-2026 00:56,Ashwarya Singh
27-09-2026,FMPC6532267257,FortHub_MUM_PL,Sky Industries +919082521737,b4b693e55e5f4db7,received_at_mh,West,TRUEFLEX,1414268,TRUEFLEX,#N/A,Motherhub_SAI_5,FM BRSNR,FortHub_MUM_PL,PH-B1-MUMSAI5-1639345,expected,OPENED,27-09-2026 03:25,Ashwarya Singh
27-09-2026,FMPP4299938939,GoregaonMPHub_MUM_PL,Ankita Creatives and Company +918369865624,4d740ae31a6e47d1,dispatched_to_mh,West,EKART,3652059,EKART,,Motherhub_SAI_5,FM BRSNR,GoregaonMPHub_MUM_PL,PH-B1-MUMSAI5-1646740,expected,OPENED,27-09-2026 01:21,Ashwarya Singh
27-09-2026,FMPP4300138406,GoregaonMPHub_MUM_PL,Hexagon Nutrition Limited +918976723420,ad53e442be8f4ba3,dispatched_to_mh,West,LMA,1.00E+11,WERCATALYST VENTURES PVT LTD,Sachin DattaMaske,Motherhub_SAI_5,FM BRSNR,GoregaonMPHub_MUM_PL,PH-B6-MUMSAI5-1646570,expected,OPENED,27-09-2026 01:12,Ashwarya Singh
27-09-2026,FMPC6532203206,FortHub_MUM_PL,kreative kraft +919082911128,dabbb8e3b9e74ee9,dispatched_to_mh,West,LMA,1.00E+11,Vxpress,TarjanKumar,Motherhub_SAI_5,FM BRSNR,FortHub_MUM_PL,PH-B1-MUMSAI5-1641076,expected,OPENED,27-09-2026 01:19,Ashwarya Singh
27-09-2026,FMPC6533439917,FortHub_MUM_PL,DISTIHUB PVT. LTD. +919821775598,5209b6da3598484f,dispatched_to_mh,West,TRUEFLEX,1333538,TRUEFLEX,MohdAshfaque Shubrati Idrisi,Motherhub_SAI_5,FM BRSNR,FortHub_MUM_PL,PH-B3-MUMSAI5-1639596,expected,OPENED,26-09-2026 22:56,Ashwarya Singh
27-09-2026,FMPP4298960238,GoregaonMPHub_MUM_PL,A M ENTERPRISES +919867753967,e0ae8643ff8b4ef8,received_at_mh,West,LMA,1.00E+11,WERCATALYST VENTURES PVT LTD,Sachin DattaMaske,Motherhub_SAI_4,FM BRSNR,GoregaonMPHub_MUM_PL,PH-B2-MUMSAI-26807004,expected,OPENED,27-09-2026 03:38,Ashwarya Singh
27-09-2026,FMPP4299138751,HawamahalHub_JAI_PL,SARTHI CREATIONS +919521927807,817315c862ed4292,dispatched_to_mh,North,LMA,1.00E+11,Fastbeetle service,ChandanKumar,Motherhub_JAI_BTS,FM BRSNR,HawamahalHub_JAI_PL,PH-B3-JAIBTS-24015392,expected,OPENED,27-09-2026 01:03,Akash Sharma
27-09-2026,FMPP4293109929,FortHub_MUM_PL,Truevibe +917400420924,64bcc25753aa45b7,dispatched_to_mh,West,TRUEFLEX,1400866,TRUEFLEX,#N/A,Motherhub_SAI_5,FM BRSNR,FortHub_MUM_PL,PH-B6-MUMSAI5-1642672,expected,OPENED,27-09-2026 00:49,Ashwarya Singh
27-09-2026,FMPC6523779738,FortHub_MUM_PL,Truevibe +917400420924,64bcc25753aa45b7,dispatched_to_mh,West,TRUEFLEX,656327,TRUEFLEX,Gaurav RajaramGurav,Motherhub_SAI_5,FM BRSNR,FortHub_MUM_PL,PH-B1-MUMSAI5-1642656,expected,OPENED,27-09-2026 00:41,Ashwarya Singh
27-09-2026,FMPP4299893586,FortHub_MUM_PL,LAHAMBA INDUSTRIES +918709687040,467f85eb57d74475,dispatched_to_mh,West,LMA,1.00E+11,Vxpress,Parvej Alam Hashmi,Motherhub_SAI_5,FM BRSNR,FortHub_MUM_PL,PH-B1-MUMSAI5-1636052,expected,OPENED,26-09-2026 22:37,Ashwarya Singh
27-09-2026,FMPC6531697815,GoregaonMPHub_MUM_PL,ARDINI JEWELLERYS +919324248492,c6d37f270e014e50,dispatched_to_mh,West,TRUEFLEX,1023269,TRUEFLEX,SwapnilBandhu Bhoire,Motherhub_SAI_4,FM BRSNR,GoregaonMPHub_MUM_PL,PH-B2-MUMSAI-26924497,expected,OPENED,27-09-2026 04:11,Ashwarya Singh
27-09-2026,FMPC6530163711,GoregaonMPHub_MUM_PL,A M ENTERPRISES +919867753967,e0ae8643ff8b4ef8,received_at_mh,West,LMA,1.00E+11,WERCATALYST VENTURES PVT LTD,Sachin DattaMaske,Motherhub_SAI_4,FM BRSNR,GoregaonMPHub_MUM_PL,PH-B2-MUMSAI-26807004,expected,OPENED,27-09-2026 03:38,Ashwarya Singh
27-09-2026,FMPC6530297245,FortHub_MUM_PL,NAMAN ENTERPRISES +919987306017,016cb4020099406b,dispatched_to_mh,West,EKART,4365562,EKART,,Motherhub_SAI_5,FM BRSNR,FortHub_MUM_PL,PH-B3-MUMSAI5-1639410,expected,OPENED,27-09-2026 01:50,Ashwarya Singh
27-09-2026,FMPC6532099769,FortHub_MUM_PL,CHUNARIYA COLLECTION +919167131027,0bc9361d32b8448a,dispatched_to_mh,West,TRUEFLEX,656327,TRUEFLEX,Gaurav RajaramGurav,Motherhub_SAI_4,FM BRSNR,FortHub_MUM_PL,PH-B4-MUMSAI-26915092,expected,OPENED,27-09-2026 00:49,Ashwarya Singh
27-09-2026,FMPC6530546190,FortHub_MUM_PL,Truevibe +917400420924,64bcc25753aa45b7,dispatched_to_mh,West,TRUEFLEX,656327,TRUEFLEX,Gaurav RajaramGurav,Motherhub_SAI_5,FM BRSNR,FortHub_MUM_PL,PH-B6-MUMSAI5-1642672,expected,OPENED,27-09-2026 00:49,Ashwarya Singh
27-09-2026,FMPC6532128034,FortHub_MUM_PL,RP Enterprises +918104805832,e37394225eb54b1b,dispatched_to_mh,West,EKART,4365562,EKART,,Motherhub_SAI_5,FM BRSNR,FortHub_MUM_PL,PH-B1-MUMSAI5-1639342,expected,OPENED,27-09-2026 02:22,Ashwarya Singh
27-09-2026,FMPP4299339369,HawamahalHub_JAI_PL,THE GIFT STUDIO +918764160913,525a3c295a8649f3,dispatched_to_mh,North,LMA,1.00E+11,Fastbeetle service,ChandanKumar,Motherhub_JAI_BTS,FM BRSNR,HawamahalHub_JAI_PL,PH-ZO-JAIBTS-23990368,expected,OPENED,27-09-2026 01:04,Akash Sharma
27-09-2026,FMPP4299178606,FortHub_MUM_PL,Nexus Enterprise +919106594402,441c0b3a4fa34890,dispatched_to_mh,West,TRUEFLEX,1225835,TRUEFLEX,KaranKumar Gautam,Motherhub_SAI_4,FM BRSNR,FortHub_MUM_PL,PH-B4-MUMSAI-26919037,expected,OPENED,27-09-2026 01:13,Ashwarya Singh
27-09-2026,FMPC6530526175,GoregaonMPHub_MUM_PL,A M ENTERPRISES +919867753967,e0ae8643ff8b4ef8,received_at_mh,West,LMA,1.00E+11,WERCATALYST VENTURES PVT LTD,Sachin DattaMaske,Motherhub_SAI_4,FM BRSNR,GoregaonMPHub_MUM_PL,PH-B2-MUMSAI-26807004,expected,OPENED,27-09-2026 03:38,Ashwarya Singh
27-09-2026,FMPC6532194012,FortHub_MUM_PL,N S STATIONERS & PRINTERS +919867860213,8bc1fb62c60a46ed,dispatched_to_mh,West,TRUEFLEX,866288,TRUEFLEX,HimanshuJaiswal,Motherhub_SAI_5,FM BRSNR,FortHub_MUM_PL,PH-B1-MUMSAI5-1575810,expected,OPENED,27-09-2026 01:31,Ashwarya Singh
27-09-2026,FMPC6531998579,FortHub_MUM_PL,Truevibe +917400420924,64bcc25753aa45b7,dispatched_to_mh,West,TRUEFLEX,656327,TRUEFLEX,Gaurav RajaramGurav,Motherhub_SAI_4,FM BRSNR,FortHub_MUM_PL,PH-B2-MUMSAI-26915067,expected,OPENED,27-09-2026 00:52,Ashwarya Singh
27-09-2026,FMPC6525577311,FortHub_MUM_PL,Truevibe +917400420924,64bcc25753aa45b7,dispatched_to_mh,West,TRUEFLEX,656327,TRUEFLEX,Gaurav RajaramGurav,Motherhub_SAI_5,FM BRSNR,FortHub_MUM_PL,PH-B1-MUMSAI5-1642656,expected,OPENED,27-09-2026 00:41,Ashwarya Singh
27-09-2026,FMPP4300245438,FortHub_MUM_PL,JSM STATIONARY HOUSE +917977460873,84f7479ad6cf406e,dispatched_to_mh,West,TRUEFLEX,866288,TRUEFLEX,HimanshuJaiswal,Motherhub_SAI_4,FM BRSNR,FortHub_MUM_PL,PH-B2-MUMSAI-26919621,expected,OPENED,27-09-2026 01:00,Ashwarya Singh
27-09-2026,FMPC6530771236,HawamahalHub_JAI_PL,THE GIFT STUDIO +918764160913,525a3c295a8649f3,dispatched_to_mh,North,LMA,1.00E+11,Fastbeetle service,ChandanKumar,Motherhub_JAI_BTS,FM BRSNR,HawamahalHub_JAI_PL,PH-B1-JAIBTS-23990230,expected,OPENED,27-09-2026 01:05,Akash Sharma
27-09-2026,FMPP4299275466,FortHub_MUM_PL,LALITH +918369216062,6cd0f4915cb74d35,dispatched_to_mh,West,LMA,1.00E+11,ZS LOGISTICS,Arman Anwar HussainMalik,Motherhub_SAI_4,FM BRSNR,FortHub_MUM_PL,PH-B2-MUMSAI-26920881,expected,OPENED,27-09-2026 01:53,Ashwarya Singh
27-09-2026,FMPP4299339483,HawamahalHub_JAI_PL,THE GIFT STUDIO +918764160913,525a3c295a8649f3,dispatched_to_mh,North,LMA,1.00E+11,Fastbeetle service,ChandanKumar,Motherhub_JAI_BTS,FM BRSNR,HawamahalHub_JAI_PL,PH-B4-JAIBTS-23990304,expected,OPENED,27-09-2026 01:03,Akash Sharma
27-09-2026,FMPC6530170089,GoregaonMPHub_MUM_PL,A M ENTERPRISES +919867753967,e0ae8643ff8b4ef8,received_at_mh,West,LMA,1.00E+11,WERCATALYST VENTURES PVT LTD,Sachin DattaMaske,Motherhub_SAI_4,FM BRSNR,GoregaonMPHub_MUM_PL,PH-B2-MUMSAI-26807004,expected,OPENED,27-09-2026 03:38,Ashwarya Singh
27-09-2026,FMPC6533800650,GariaHub_KOL_PL,Star Impex +916289143045,89de2ad549b64f98,dispatched_to_mh,East,LMA,1.00E+11,WERCATALYST VENTURES PVT LTD,PARITOSHDAURE,Motherhub_HRN,FM BRSNR,GariaHub_KOL_PL,PH-B3-KOLHRN-7064175,expected,OPENED,27-09-2026 01:40,Somnath G
27-09-2026,FMPC6532969052,FortHub_MUM_PL,COMFORT SHOPPING +919819754921,e6cdccc333b149b6,dispatched_to_mh,West,TRUEFLEX,1341155,TRUEFLEX,TousheerKais Ahmed Khan,Motherhub_SAI_5,FM BRSNR,FortHub_MUM_PL,PH-B6-MUMSAI5-1641640,expected,OPENED,27-09-2026 01:48,Ashwarya Singh
27-09-2026,FMPP4298960248,GoregaonMPHub_MUM_PL,A M ENTERPRISES +919867753967,e0ae8643ff8b4ef8,received_at_mh,West,LMA,1.00E+11,WERCATALYST VENTURES PVT LTD,Sachin DattaMaske,Motherhub_SAI_4,FM BRSNR,GoregaonMPHub_MUM_PL,PH-B2-MUMSAI-26807004,expected,OPENED,27-09-2026 03:38,Ashwarya Singh
27-09-2026,FMPC6532179505,FortHub_MUM_PL,TWINKLE BEAUTY SHOP +919819475917,6e0ebae3535e4abc,dispatched_to_mh,West,EKART,3940303,EKART,,Motherhub_SAI_4,FM BRSNR,FortHub_MUM_PL,PH-B2-MUMSAI-26919423,expected,OPENED,27-09-2026 02:11,Ashwarya Singh
27-09-2026,FMPC6531090962,GoregaonMPHub_MUM_PL,ARDINI JEWELLERYS +919324248492,c6d37f270e014e50,dispatched_to_mh,West,TRUEFLEX,1023269,TRUEFLEX,SwapnilBandhu Bhoire,Motherhub_SAI_4,FM BRSNR,GoregaonMPHub_MUM_PL,PH-B2-MUMSAI-26924497,expected,OPENED,27-09-2026 04:11,Ashwarya Singh
27-09-2026,FMPC6527699409,FortHub_MUM_PL,kreative kraft +919082911128,dabbb8e3b9e74ee9,dispatched_to_mh,West,LMA,1.00E+11,Vxpress,TarjanKumar,Motherhub_SAI_5,FM BRSNR,FortHub_MUM_PL,PH-B6-MUMSAI5-1641169,expected,OPENED,27-09-2026 01:35,Ashwarya Singh
27-09-2026,FMPP4300364643,FortHub_MUM_PL,TMA ENTERPRISE +919594598063,ccea7c1ddb7142a6,dispatched_to_mh,West,LMA,1.00E+11,Vxpress,TarjanKumar,Motherhub_SAI_4,FM BRSNR,FortHub_MUM_PL,PH-B2-MUMSAI-26920065,expected,OPENED,27-09-2026 00:59,Ashwarya Singh
27-09-2026,FMPP4299207283,GoregaonMPHub_MUM_PL,IQRAIN ENTERPRISES +919987508800,d8b55e3356534832,received_at_mh,West,LMA,1.00E+11,WERCATALYST VENTURES PVT LTD,Sachin DattaMaske,Motherhub_SAI_4,FM BRSNR,GoregaonMPHub_MUM_PL,PH-B2-MUMSAI-26807004,expected,OPENED,27-09-2026 03:38,Ashwarya Singh
27-09-2026,FMPC6530554275,GoregaonMPHub_MUM_PL,IQRAIN ENTERPRISES +919987508800,d8b55e3356534832,received_at_mh,West,LMA,1.00E+11,WERCATALYST VENTURES PVT LTD,Sachin DattaMaske,Motherhub_SAI_4,FM BRSNR,GoregaonMPHub_MUM_PL,PH-B2-MUMSAI-26807004,expected,OPENED,27-09-2026 03:38,Ashwarya Singh
27-09-2026,FMPC6530554263,GoregaonMPHub_MUM_PL,IQRAIN ENTERPRISES +919987508800,d8b55e3356534832,received_at_mh,West,LMA,1.00E+11,WERCATALYST VENTURES PVT LTD,Sachin DattaMaske,Motherhub_SAI_4,FM BRSNR,GoregaonMPHub_MUM_PL,PH-B2-MUMSAI-26807004,expected,OPENED,27-09-2026 03:38,Ashwarya Singh
27-09-2026,FMPC6532469309,GoregaonMPHub_MUM_PL,D2Fashion +919987578228,3c32439cac5d4657,dispatched_to_mh,West,TRUEFLEX,1026800,TRUEFLEX,AftabAlam Istekhar Chaudhri,Motherhub_SAI_5,FM BRSNR,GoregaonMPHub_MUM_PL,PH-B1-MUMSAI5-1646201,expected,OPENED,27-09-2026 02:10,Ashwarya Singh
27-09-2026,FMPC6532168648,FortHub_MUM_PL,COMFORT SHOPPING +919819754921,e6cdccc333b149b6,dispatched_to_mh,West,TRUEFLEX,1341155,TRUEFLEX,TousheerKais Ahmed Khan,Motherhub_SAI_5,FM BRSNR,FortHub_MUM_PL,PH-B6-MUMSAI5-1641640,expected,OPENED,27-09-2026 01:48,Ashwarya Singh
27-09-2026,FMPC6533702570,HawamahalHub_JAI_PL,FASHIUS +917220096425,e09b83ed715d4821,dispatched_to_mh,North,LMA,1.00E+11,Watsoo,Manish KumarNaruka,Motherhub_JAI_BTS,FM BRSNR,HawamahalHub_JAI_PL,PH-B2-JAIBTS-23963590,expected,OPENED,26-09-2026 19:55,Akash Sharma
27-09-2026,FMPP4299961620,GoregaonMPHub_MUM_PL,NAITIKA ARTS +918928285400,f8877e90cb6743ca,dispatched_to_mh,West,EKART,3394007,EKART,,Motherhub_SAI_4,FM BRSNR,GoregaonMPHub_MUM_PL,PH-B2-MUMSAI-26915647,expected,OPENED,27-09-2026 03:35,Ashwarya Singh
27-09-2026,FMPC6530793438,GoregaonMPHub_MUM_PL,ANANTA ARTEFACTS PRIVATE LIMITED +917738849636,916d591df7e143af,dispatched_to_mh,West,EKART,4107755,EKART,,Motherhub_SAI_5,FM BRSNR,GoregaonMPHub_MUM_PL,PH-B3-MUNSAI-26450351,expected,OPENED,27-09-2026 08:47,Ashwarya Singh
27-09-2026,FMPC6525610522,GoregaonMPHub_MUM_PL,ANANTA ARTEFACTS PRIVATE LIMITED +917738849636,916d591df7e143af,dispatched_to_mh,West,EKART,4107755,EKART,,Motherhub_SAI_5,FM BRSNR,GoregaonMPHub_MUM_PL,PH-B1-MUMSAI-26450262,expected,OPENED,27-09-2026 02:13,Ashwarya Singh
27-09-2026,FMPP4299325075,FortHub_MUM_PL,Truevibe +917400420924,64bcc25753aa45b7,dispatched_to_mh,West,TRUEFLEX,656327,TRUEFLEX,Gaurav RajaramGurav,Motherhub_SAI_5,FM BRSNR,FortHub_MUM_PL,PH-B1-MUMSAI5-1642656,expected,OPENED,27-09-2026 00:41,Ashwarya Singh
27-09-2026,FMPC6530321569,FortHub_MUM_PL,Midkart Enterprises +919920028998,38b1781f9dda4ed2,dispatched_to_mh,West,TRUEFLEX,592311,TRUEFLEX,Harish LaxmanShinde,Motherhub_SAI_4,FM BRSNR,FortHub_MUM_PL,PH-B2-MUMSAI-26915128,expected,OPENED,27-09-2026 08:09,Ashwarya Singh
27-09-2026,FMPP4300386635,GoregaonMPHub_MUM_PL,Sooperbuy Private Limited +917777047713,ce1906a41ab64895,dispatched_to_mh,West,TRUEFLEX,955262,TRUEFLEX,#N/A,Motherhub_SAI_5,FM BRSNR,GoregaonMPHub_MUM_PL,PH-B6-MUMSAI5-1645999,expected,OPENED,27-09-2026 01:36,Ashwarya Singh
27-09-2026,FMPC6531739815,GoregaonMPHub_MUM_PL,DigiVrat 9156090880,0bd30f407d1544ab,dispatched_to_mh,West,TRUEFLEX,1023371,TRUEFLEX,RameshSavlaram Chaudhary,Motherhub_SAI_4,FM BRSNR,GoregaonMPHub_MUM_PL,PH-B2-MUMSAI-26923677,expected,OPENED,27-09-2026 03:40,Ashwarya Singh
27-09-2026,FMPP4299524530,FortHub_MUM_PL,MESSRS REALIZE +918169677599,ab4f7f6af1ae4838,dispatched_to_mh,West,TRUEFLEX,588330,TRUEFLEX,Vitthal GangaramJankar,Motherhub_SAI_5,FM BRSNR,FortHub_MUM_PL,PH-B1-MUMSAI5-1636015,expected,OPENED,27-09-2026 01:30,Ashwarya Singh
27-09-2026,FMPC6532655504,FortHub_MUM_PL,TMA ENTERPRISE +919594598063,ccea7c1ddb7142a6,dispatched_to_mh,West,LMA,1.00E+11,Vxpress,TarjanKumar,Motherhub_SAI_5,FM BRSNR,FortHub_MUM_PL,PH-B1-MUMSAI5-1641076,expected,OPENED,27-09-2026 01:19,Ashwarya Singh
27-09-2026,FMPC6533794047,HawamahalHub_JAI_PL,UNANIMART INDIA +917742226765,8e9efcbd5c244ad2,dispatched_to_mh,North,LMA,1.00E+11,We Innovate Business Solutions Pvt Ltd,ArshadKhan,Motherhub_JAI_BTS,FM BRSNR,HawamahalHub_JAI_PL,PH-B1-JAIBTS-24017399,expected,OPENED,26-09-2026 19:49,Akash Sharma
27-09-2026,FMPC6525461984,GoregaonMPHub_MUM_PL,ANANTA ARTEFACTS PRIVATE LIMITED +917738849636,916d591df7e143af,dispatched_to_mh,West,EKART,4107755,EKART,,Motherhub_SAI_5,FM BRSNR,GoregaonMPHub_MUM_PL,PH-B1-MUMSAI-26450262,expected,OPENED,27-09-2026 02:13,Ashwarya Singh
27-09-2026,FMPP4294301588,GoregaonMPHub_MUM_PL,ARDINI JEWELLERYS +919324248492,c6d37f270e014e50,dispatched_to_mh,West,TRUEFLEX,1023269,TRUEFLEX,SwapnilBandhu Bhoire,Motherhub_SAI_4,FM BRSNR,GoregaonMPHub_MUM_PL,PH-B2-MUMSAI-26924497,expected,OPENED,27-09-2026 04:11,Ashwarya Singh
27-09-2026,FMPP4300571219,FortHub_MUM_PL,KARDIFF +918454940436,fd5c6f83d98d447b,dispatched_to_mh,West,TRUEFLEX,592311,TRUEFLEX,Harish LaxmanShinde,Motherhub_SAI_5,FM BRSNR,FortHub_MUM_PL,PH-B6-MUMSAI5-1636005,expected,OPENED,27-09-2026 03:50,Ashwarya Singh
27-09-2026,FMPP4299182641,FortHub_MUM_PL,Mohammed Altaf Ansari +917715947030,cd65d6c512964399,dispatched_to_mh,West,LMA,1.00E+11,Vxpress,Parvej Alam Hashmi,Motherhub_SAI_5,FM BRSNR,FortHub_MUM_PL,PH-B6-MUMSAI5-1636132,expected,OPENED,26-09-2026 22:41,Ashwarya Singh
27-09-2026,FMPC6524971072,FortHub_MUM_PL,Truevibe +917400420924,64bcc25753aa45b7,dispatched_to_mh,West,TRUEFLEX,656327,TRUEFLEX,Gaurav RajaramGurav,Motherhub_SAI_5,FM BRSNR,FortHub_MUM_PL,PH-B1-MUMSAI5-1642656,expected,OPENED,27-09-2026 00:41,Ashwarya Singh
27-09-2026,FMPC6524410318,GoregaonMPHub_MUM_PL,ARDINI JEWELLERYS +919324248492,c6d37f270e014e50,dispatched_to_mh,West,TRUEFLEX,1023269,TRUEFLEX,SwapnilBandhu Bhoire,Motherhub_SAI_4,FM BRSNR,GoregaonMPHub_MUM_PL,PH-B2-MUMSAI-26924497,expected,OPENED,27-09-2026 04:11,Ashwarya Singh
27-09-2026,FMPC6531656537,FortHub_MUM_PL,Truevibe +917400420924,64bcc25753aa45b7,dispatched_to_mh,West,TRUEFLEX,656327,TRUEFLEX,Gaurav RajaramGurav,Motherhub_SAI_4,FM BRSNR,FortHub_MUM_PL,PH-B2-MUMSAI-26915067,expected,OPENED,27-09-2026 00:52,Ashwarya Singh
27-09-2026,FMPC6531835895,FortHub_MUM_PL,Zam Zam Dresses +918779393955,fbbea6b08df847c7,dispatched_to_mh,West,EKART,3430496,EKART,,Motherhub_SAI_5,FM BRSNR,FortHub_MUM_PL,PH-B1-MUMSAI5-1640568,expected,OPENED,27-09-2026 01:41,Ashwarya Singh
27-09-2026,FMPC6531260675,FortHub_MUM_PL,EFLICK +918104600770,2df71be872aa4ba8,dispatched_to_mh,West,TRUEFLEX,592311,TRUEFLEX,Harish LaxmanShinde,Motherhub_SAI_5,FM BRSNR,FortHub_MUM_PL,PH-B1-MUMSAI5-1635979,expected,OPENED,27-09-2026 03:51,Ashwarya Singh
27-09-2026,FMPC6532152707,FortHub_MUM_PL,RP Enterprises +918104805832,e37394225eb54b1b,dispatched_to_mh,West,EKART,4365562,EKART,,Motherhub_SAI_5,FM BRSNR,FortHub_MUM_PL,PH-B1-MUMSAI5-1639342,expected,OPENED,27-09-2026 02:22,Ashwarya Singh
27-09-2026,FMPP4301074095,GoregaonMPHub_MUM_PL,A.U. GARMENTS +918446523417,dcfe466f91694f3f,dispatched_to_mh,West,TRUEFLEX,3898844,TRUEFLEX,#N/A,Motherhub_SAI_5,FM BRSNR,GoregaonMPHub_MUM_PL,PH-B1-MUMSAI-26745928,expected,OPENED,27-09-2026 01:04,Ashwarya Singh
27-09-2026,FMPC6524068310,FortHub_MUM_PL,Truevibe +917400420924,64bcc25753aa45b7,dispatched_to_mh,West,TRUEFLEX,656327,TRUEFLEX,Gaurav RajaramGurav,Motherhub_SAI_5,FM BRSNR,FortHub_MUM_PL,PH-B1-MUMSAI5-1642656,expected,OPENED,27-09-2026 00:41,Ashwarya Singh
27-09-2026,FMPP4299207167,GoregaonMPHub_MUM_PL,PREMIER HANGER MART +918655974514,4186a60bd9b04f4d,received_at_mh,West,TRUEFLEX,1026800,TRUEFLEX,AftabAlam Istekhar Chaudhri,Motherhub_SAI_4,FM BRSNR,GoregaonMPHub_MUM_PL,PH-B2-MUMSAI-26891388,expected,OPENED,27-09-2026 03:22,Ashwarya Singh
27-09-2026,FMPC6533129140,FortHub_MUM_PL,GLOBAL ENTERPRISES +919120047198,318eed5daea549d8,dispatched_to_mh,West,TRUEFLEX,1414268,TRUEFLEX,#N/A,Motherhub_SAI_5,FM BRSNR,FortHub_MUM_PL,PH-B6-MUMSAI5-1639482,expected,OPENED,27-09-2026 02:23,Ashwarya Singh
27-09-2026,FMPC6530166768,GoregaonMPHub_MUM_PL,A M ENTERPRISES +919867753967,e0ae8643ff8b4ef8,received_at_mh,West,LMA,1.00E+11,WERCATALYST VENTURES PVT LTD,Sachin DattaMaske,Motherhub_SAI_4,FM BRSNR,GoregaonMPHub_MUM_PL,PH-B2-MUMSAI-26807004,expected,OPENED,27-09-2026 03:38,Ashwarya Singh
27-09-2026,FMPC6532448046,GariaHub_KOL_PL,Hike Haven +919433823882,cb5d0655ebc44b33,dispatched_to_mh,East,LMA,1.00E+11,WERCATALYST VENTURES PVT LTD,SumonDas,Motherhub_HRN,FM BRSNR,GariaHub_KOL_PL,PH-B3-KOLHRN-7549085,expected,OPENED,27-09-2026 01:40,Somnath G
27-09-2026,FMPC6531033731,GoregaonMPHub_MUM_PL,LIMRA ENTERPRISES +918169033844,616e1c1f54234278,dispatched_to_mh,West,TRUEFLEX,3898844,TRUEFLEX,#N/A,Motherhub_SAI_5,FM BRSNR,GoregaonMPHub_MUM_PL,PH-B1-MUMSAI5-1537480,expected,OPENED,27-09-2026 00:43,Ashwarya Singh
27-09-2026,FMPC6532082912,FortHub_MUM_PL,VERATHIX +917039000908,0a8c2b5606b4434a,dispatched_to_mh,West,TRUEFLEX,588330,TRUEFLEX,Vitthal GangaramJankar,Motherhub_SAI_5,FM BRSNR,FortHub_MUM_PL,PH-B1-MUMSAI5-1636020,expected,OPENED,27-09-2026 01:30,Ashwarya Singh
27-09-2026,FMPC6531182028,GoregaonMPHub_MUM_PL,Fashion Bazaar +918169146643,81a5c74ba84c4f3f,dispatched_to_mh,West,TRUEFLEX,1360638,TRUEFLEX,FahidAbdul Hamid Rathod,Motherhub_SAI_5,FM BRSNR,GoregaonMPHub_MUM_PL,PH-B1-MUMSAI5-1646525,expected,OPENED,27-09-2026 01:37,Ashwarya Singh
27-09-2026,FMPC6530163627,GoregaonMPHub_MUM_PL,A M ENTERPRISES +919867753967,e0ae8643ff8b4ef8,received_at_mh,West,LMA,1.00E+11,WERCATALYST VENTURES PVT LTD,Sachin DattaMaske,Motherhub_SAI_4,FM BRSNR,GoregaonMPHub_MUM_PL,PH-B2-MUMSAI-26807004,expected,OPENED,27-09-2026 03:38,Ashwarya Singh
27-09-2026,FMPC6530152559,GoregaonMPHub_MUM_PL,TITLIYA +918407942617,386ed027ff1948be,dispatched_to_mh,West,TRUEFLEX,1023369,TRUEFLEX,ThakkarYogesh Chandrakant,Motherhub_SAI_4,FM BRSNR,GoregaonMPHub_MUM_PL,PH-B4-MUMSAI-26892509,expected,OPENED,27-09-2026 04:09,Ashwarya Singh
27-09-2026,FMPC6530163816,GoregaonMPHub_MUM_PL,A M ENTERPRISES +919867753967,e0ae8643ff8b4ef8,received_at_mh,West,LMA,1.00E+11,WERCATALYST VENTURES PVT LTD,Sachin DattaMaske,Motherhub_SAI_4,FM BRSNR,GoregaonMPHub_MUM_PL,PH-B2-MUMSAI-26807004,expected,OPENED,27-09-2026 03:38,Ashwarya Singh
27-09-2026,FMPP4299065410,HawamahalHub_JAI_PL,POOJA JEWELLERS +919928736974,28a9ff60b4414d0a,dispatched_to_mh,North,LMA,1.00E+11,#N/A,#N/A,Motherhub_JAI_BTS,FM BRSNR,HawamahalHub_JAI_PL,PH-B2-JAIBTS-24017027,expected,OPENED,27-09-2026 00:46,Akash Sharma
27-09-2026,FMPC6532947423,GariaHub_KOL_PL,M/S ALFARIYA FASHION ENTERPRISE +919804616015,b1149c50ca5a4b44,dispatched_to_mh,East,LMA,1.00E+11,WERCATALYST VENTURES PVT LTD,SumonDas,Motherhub_HRN,FM BRSNR,GariaHub_KOL_PL,PH-B3-KOLHRN-7549085,expected,OPENED,27-09-2026 01:40,Somnath G
27-09-2026,FMPC6532507982,FortHub_MUM_PL,Paradise +919833155959,b62ac89aa3704105,dispatched_to_mh,West,LMA,1.00E+11,ZS LOGISTICS,Arman Anwar HussainMalik,Motherhub_SAI_5,FM BRSNR,FortHub_MUM_PL,PH-B1-MUMSAI5-1642352,expected,OPENED,27-09-2026 03:52,Ashwarya Singh
27-09-2026,FMPP4299424213,FortHub_MUM_PL,ROYAL LEATHER WORKS +919987732673,18938cef86b34db6,dispatched_to_mh,West,EKART,4162195,EKART,,Motherhub_SAI_5,FM BRSNR,FortHub_MUM_PL,PH-B6-MUMSAI5-1636114,expected,OPENED,26-09-2026 22:42,Ashwarya Singh
27-09-2026,FMPC6531740214,HawamahalHub_JAI_PL,US MORATO FASHION +919166491277,e01aa3c461b043ae,dispatched_to_mh,North,LMA,1.00E+11,WHEELEY,RehanKhan,Motherhub_JAI_BTS,FM BRSNR,HawamahalHub_JAI_PL,PH-B2-JAIBTS-24016443,expected,OPENED,27-09-2026 00:22,Akash Sharma
27-09-2026,FMPC6531739261,FortHub_MUM_PL,verora traders +918976143961,f1412c3175484c1e,dispatched_to_mh,West,TRUEFLEX,588330,TRUEFLEX,Vitthal GangaramJankar,Motherhub_SAI_5,FM BRSNR,FortHub_MUM_PL,PH-B1-MUMSAI5-1636020,expected,OPENED,27-09-2026 01:30,Ashwarya Singh
27-09-2026,FMPC6530496780,GoregaonMPHub_MUM_PL,A M ENTERPRISES +919867753967,e0ae8643ff8b4ef8,received_at_mh,West,LMA,1.00E+11,WERCATALYST VENTURES PVT LTD,Sachin DattaMaske,Motherhub_SAI_4,FM BRSNR,GoregaonMPHub_MUM_PL,PH-B2-MUMSAI-26807004,expected,OPENED,27-09-2026 03:38,Ashwarya Singh
27-09-2026,FMPP4300433601,FortHub_MUM_PL,Sky Industries +919082521737,b4b693e55e5f4db7,dispatched_to_mh,West,TRUEFLEX,1414268,TRUEFLEX,#N/A,Motherhub_SAI_5,FM BRSNR,FortHub_MUM_PL,PH-B1-MUMSAI5-1639344,expected,OPENED,27-09-2026 03:24,Ashwarya Singh
27-09-2026,FMPP4301285737,HawamahalHub_JAI_PL,JEWEL CRAFT +916350204467,baf4b9670b40439a,received_at_mh,North,LMA,1.00E+11,Fastbeetle service,Trilok ChandSanwariya,Motherhub_JAI_BTS,FM BRSNR,HawamahalHub_JAI_PL,PH-B3-JAIBTS-24015693,expected,OPENED,27-09-2026 01:01,Akash Sharma
27-09-2026,FMPC6532531718,FortHub_MUM_PL,Saizen Merchandise +918693070954,10c9f3499aa14864,dispatched_to_mh,West,TRUEFLEX,1403901,TRUEFLEX,#N/A,Motherhub_SAI_5,FM BRSNR,FortHub_MUM_PL,PH-B3-MUMSAI5-1635931,expected,OPENED,27-09-2026 01:16,Ashwarya Singh
27-09-2026,FMPP4300576863,FortHub_MUM_PL,FMI ENTERPRISE +918097271971,7ff9947327c84d22,dispatched_to_mh,West,TRUEFLEX,1225835,TRUEFLEX,KaranKumar Gautam,Motherhub_SAI_4,FM BRSNR,FortHub_MUM_PL,PH-B2-MUMSAI-26890124,expected,OPENED,27-09-2026 01:14,Ashwarya Singh
27-09-2026,FMPC6532185904,FortHub_MUM_PL,ECHO BOOMERS GIFTS & MORE LLP +919323214791,9ecb20f5c1eb4e98,dispatched_to_mh,West,EKART,3940303,EKART,,Motherhub_SAI_5,FM BRSNR,FortHub_MUM_PL,PH-B3-MUMSAI5-1640562,expected,OPENED,27-09-2026 02:15,Ashwarya Singh
27-09-2026,FMPP4300606397,FortHub_MUM_PL,EFLICK +918104600770,2df71be872aa4ba8,dispatched_to_mh,West,TRUEFLEX,592311,TRUEFLEX,Harish LaxmanShinde,Motherhub_SAI_5,FM BRSNR,FortHub_MUM_PL,PH-B6-MUMSAI5-1636007,expected,OPENED,27-09-2026 03:50,Ashwarya Singh
27-09-2026,FMPP4300415565,FortHub_MUM_PL,SMB TRADERS +918451929062,fa5d256c463448c7,dispatched_to_mh,West,TRUEFLEX,588330,TRUEFLEX,Vitthal GangaramJankar,Motherhub_SAI_5,FM BRSNR,FortHub_MUM_PL,PH-B1-MUMSAI5-1636018,expected,OPENED,27-09-2026 01:28,Ashwarya Singh
27-09-2026,FMPP4299164046,HawamahalHub_JAI_PL,A V FASHION INDIA +918529194354,2f96981475514baf,received_at_mh,North,LMA,1.00E+11,WHEELEY,Moshid,Motherhub_JAI_BTS,FM BRSNR,HawamahalHub_JAI_PL,PH-B2-JAIBTS-24015270,expected,OPENED,27-09-2026 00:23,Akash Sharma
27-09-2026,FMPC6528826408,GoregaonMPHub_MUM_PL,PREMIER HANGER MART +918655974514,4186a60bd9b04f4d,received_at_mh,West,TRUEFLEX,1026800,TRUEFLEX,AftabAlam Istekhar Chaudhri,Motherhub_SAI_5,FM BRSNR,GoregaonMPHub_MUM_PL,PH-B1-MUMSAI5-1611953,expected,OPENED,27-09-2026 02:18,Ashwarya Singh
27-09-2026,FMPC6530840136,FortHub_MUM_PL,KARDIFF +918454940436,fd5c6f83d98d447b,dispatched_to_mh,West,TRUEFLEX,592311,TRUEFLEX,Harish LaxmanShinde,Motherhub_SAI_5,FM BRSNR,FortHub_MUM_PL,PH-B6-MUMSAI5-1636005,expected,OPENED,27-09-2026 03:50,Ashwarya Singh
27-09-2026,FMPP4299965447,GoregaonMPHub_MUM_PL,PREMIER HANGER MART +918655974514,4186a60bd9b04f4d,received_at_mh,West,TRUEFLEX,1026800,TRUEFLEX,AftabAlam Istekhar Chaudhri,Motherhub_SAI_5,FM BRSNR,GoregaonMPHub_MUM_PL,PH-B6-MUMSAI5-1612172,expected,OPENED,27-09-2026 02:17,Ashwarya Singh
27-09-2026,FMPC6530163620,GoregaonMPHub_MUM_PL,A M ENTERPRISES +919867753967,e0ae8643ff8b4ef8,received_at_mh,West,LMA,1.00E+11,WERCATALYST VENTURES PVT LTD,Sachin DattaMaske,Motherhub_SAI_4,FM BRSNR,GoregaonMPHub_MUM_PL,PH-B2-MUMSAI-26807004,expected,OPENED,27-09-2026 03:38,Ashwarya Singh
27-09-2026,FMPC6532981174,GariaHub_KOL_PL,Hike Haven +919433823882,cb5d0655ebc44b33,dispatched_to_mh,East,LMA,1.00E+11,WERCATALYST VENTURES PVT LTD,SumonDas,Motherhub_HRN,FM BRSNR,GariaHub_KOL_PL,PH-B3-KOLHRN-7549085,expected,OPENED,27-09-2026 01:40,Somnath G
27-09-2026,FMPP4299884453,FortHub_MUM_PL,GENESIS +917021520934,7e0d57d4235a41e3,dispatched_to_mh,West,EKART,3086522,EKART,,Motherhub_SAI_5,FM BRSNR,FortHub_MUM_PL,PH-B6-MUMSAI5-1606584,expected,OPENED,27-09-2026 00:37,Ashwarya Singh
27-09-2026,FMPC6530460238,GoregaonMPHub_MUM_PL,LIMRA ENTERPRISES +918169033844,616e1c1f54234278,dispatched_to_mh,West,TRUEFLEX,3898844,TRUEFLEX,#N/A,Motherhub_SAI_5,FM BRSNR,GoregaonMPHub_MUM_PL,PH-B1-MUMSAI5-1537493,expected,OPENED,27-09-2026 00:43,Ashwarya Singh
27-09-2026,FMPP4299289887,GoregaonMPHub_MUM_PL,ZYN +919702791718,f27af63680b24780,dispatched_to_mh,West,TRUEFLEX,3898844,TRUEFLEX,#N/A,Motherhub_SAI_5,FM BRSNR,GoregaonMPHub_MUM_PL,PH-B6-MUMSAI-26766758,expected,OPENED,27-09-2026 00:41,Ashwarya Singh
27-09-2026,FMPP4296801169,FortHub_MUM_PL,GENESIS +917021520934,7e0d57d4235a41e3,dispatched_to_mh,West,EKART,3086522,EKART,,Motherhub_SAI_5,FM BRSNR,FortHub_MUM_PL,PH-B6-MUMSAI5-1606584,expected,OPENED,27-09-2026 00:37,Ashwarya Singh
27-09-2026,FMPP4299155302,GoregaonMPHub_MUM_PL,LIMRA ENTERPRISES +918169033844,616e1c1f54234278,dispatched_to_mh,West,TRUEFLEX,3898844,TRUEFLEX,#N/A,Motherhub_SAI_5,FM BRSNR,GoregaonMPHub_MUM_PL,PH-B1-MUMSAI5-1537489,expected,OPENED,27-09-2026 00:45,Ashwarya Singh
27-09-2026,FMPP4299284759,FortHub_MUM_PL,NA'AMA ENTERPRISES +918779013357,8c2766c07849491e,dispatched_to_mh,West,TRUEFLEX,1333538,TRUEFLEX,MohdAshfaque Shubrati Idrisi,Motherhub_SAI_4,FM BRSNR,FortHub_MUM_PL,PH-B2-MUMSAI-26917395,expected,OPENED,27-09-2026 01:32,Ashwarya Singh
27-09-2026,FMPC6531723428,FortHub_MUM_PL,VERATHIX +917039000908,0a8c2b5606b4434a,dispatched_to_mh,West,TRUEFLEX,588330,TRUEFLEX,Vitthal GangaramJankar,Motherhub_SAI_5,FM BRSNR,FortHub_MUM_PL,PH-B1-MUMSAI5-1636020,expected,OPENED,27-09-2026 01:30,Ashwarya Singh
27-09-2026,FMPP4300829174,FortHub_MUM_PL,kreative kraft +919082911128,dabbb8e3b9e74ee9,dispatched_to_mh,West,LMA,1.00E+11,Vxpress,TarjanKumar,Motherhub_SAI_5,FM BRSNR,FortHub_MUM_PL,PH-B3-MUMSAI5-1641118,expected,OPENED,27-09-2026 01:15,Ashwarya Singh
27-09-2026,FMPP4300576687,FortHub_MUM_PL,FMI ENTERPRISE +918097271971,7ff9947327c84d22,dispatched_to_mh,West,TRUEFLEX,1225835,TRUEFLEX,KaranKumar Gautam,Motherhub_SAI_4,FM BRSNR,FortHub_MUM_PL,PH-B2-MUMSAI-26890124,expected,OPENED,27-09-2026 01:14,Ashwarya Singh
27-09-2026,FMPC6530166832,GoregaonMPHub_MUM_PL,A M ENTERPRISES +919867753967,e0ae8643ff8b4ef8,received_at_mh,West,LMA,1.00E+11,WERCATALYST VENTURES PVT LTD,Sachin DattaMaske,Motherhub_SAI_4,FM BRSNR,GoregaonMPHub_MUM_PL,PH-B2-MUMSAI-26807004,expected,OPENED,27-09-2026 03:38,Ashwarya Singh
27-09-2026,FMPC6532115916,HawamahalHub_JAI_PL,RAJESH KUMAR GUPTA (HUF) +919610718870,e41e5fed2ed349ef,dispatched_to_mh,North,LMA,1.00E+11,K AND K LOGISTICS,PradeepTinkar,Motherhub_JAI_BTS,FM BRSNR,HawamahalHub_JAI_PL,PH-B4-JAIBTS-24015636,expected,OPENED,26-09-2026 23:40,Akash Sharma
27-09-2026,FMPC6532707760,FortHub_MUM_PL,EFLICK +918104600770,2df71be872aa4ba8,dispatched_to_mh,West,TRUEFLEX,592311,TRUEFLEX,Harish LaxmanShinde,Motherhub_SAI_5,FM BRSNR,FortHub_MUM_PL,PH-B1-MUMSAI5-1635979,expected,OPENED,27-09-2026 03:51,Ashwarya Singh
27-09-2026,FMPP4299686947,GoregaonMPHub_MUM_PL,LIMRA ENTERPRISES +918169033844,616e1c1f54234278,dispatched_to_mh,West,TRUEFLEX,3898844,TRUEFLEX,#N/A,Motherhub_SAI_5,FM BRSNR,GoregaonMPHub_MUM_PL,PH-B1-MUMSAI5-1537489,expected,OPENED,27-09-2026 00:45,Ashwarya Singh
27-09-2026,FMPP4299111661,FortHub_MUM_PL,VERO FORZA INDIA LLP +919820220528,3f9d4c53aa4440be,dispatched_to_mh,West,EKART,4162195,EKART,,Motherhub_SAI_4,FM BRSNR,FortHub_MUM_PL,PH-B2-MUMSAI-26915246,expected,OPENED,27-09-2026 01:23,Ashwarya Singh
27-09-2026,FMPP4300639560,FortHub_MUM_PL,TMA ENTERPRISE +919594598063,ccea7c1ddb7142a6,dispatched_to_mh,West,LMA,1.00E+11,Vxpress,TarjanKumar,Motherhub_SAI_4,FM BRSNR,FortHub_MUM_PL,PH-B4-MUMSAI-26920092,expected,OPENED,27-09-2026 01:02,Ashwarya Singh
27-09-2026,FMPC6531948435,GoregaonMPHub_MUM_PL,ARDINI JEWELLERYS +919324248492,c6d37f270e014e50,dispatched_to_mh,West,TRUEFLEX,1023269,TRUEFLEX,SwapnilBandhu Bhoire,Motherhub_SAI_4,FM BRSNR,GoregaonMPHub_MUM_PL,PH-B2-MUMSAI-26924497,expected,OPENED,27-09-2026 04:11,Ashwarya Singh
27-09-2026,FMPP4300377843,GoregaonMPHub_MUM_PL,INFINITY DEAL +919326430760,917063bc4a564ee9,dispatched_to_mh,West,TRUEFLEX,998146,TRUEFLEX,#N/A,Motherhub_SAI_5,FM BRSNR,GoregaonMPHub_MUM_PL,PH-B3-MUMSAI5-1602331,expected,OPENED,27-09-2026 03:17,Ashwarya Singh
27-09-2026,FMPP4300984517,GoregaonMPHub_MUM_PL,E- Trend Furniture +918454826173,6e86ce2499274476,received_at_mh,West,LMA,1.00E+11,WERCATALYST VENTURES PVT LTD,Sachin DattaMaske,Motherhub_SAI_4,FM BRSNR,GoregaonMPHub_MUM_PL,PH-B2-MUMSAI-26912577,expected,OPENED,27-09-2026 03:40,Ashwarya Singh
27-09-2026,FMPP4300649572,FortHub_MUM_PL,TMA ENTERPRISE +919594598063,ccea7c1ddb7142a6,dispatched_to_mh,West,LMA,1.00E+11,Vxpress,TarjanKumar,Motherhub_SAI_4,FM BRSNR,FortHub_MUM_PL,PH-B2-MUMSAI-26920065,expected,OPENED,27-09-2026 00:59,Ashwarya Singh
27-09-2026,FMPC6530249138,FortHub_MUM_PL,RAVECHI COMPUTER +919892768999,7c50d11fded34829,dispatched_to_mh,West,EKART,4365562,EKART,,Motherhub_SAI_5,FM BRSNR,FortHub_MUM_PL,PH-B3-MUMSAI5-1639410,expected,OPENED,27-09-2026 01:50,Ashwarya Singh
27-09-2026,FMPC6530174412,FortHub_MUM_PL,BOMBAY SUPPLIERS +919321302727,849f9d12c7944287,dispatched_to_mh,West,EKART,3430496,EKART,,Motherhub_SAI_5,FM BRSNR,FortHub_MUM_PL,PH-B1-MUMSAI5-1640568,expected,OPENED,27-09-2026 01:41,Ashwarya Singh
27-09-2026,FMPC6533486505,FortHub_MUM_PL,Cube +918291582253,f1229a083ef146a2,dispatched_to_mh,West,TRUEFLEX,1403901,TRUEFLEX,#N/A,Motherhub_SAI_5,FM BRSNR,FortHub_MUM_PL,PH-B1-MUMSAI5-1635904,expected,OPENED,27-09-2026 00:42,Ashwarya Singh
27-09-2026,FMPC6532154816,FortHub_MUM_PL,Cube +918291582253,f1229a083ef146a2,dispatched_to_mh,West,TRUEFLEX,1403901,TRUEFLEX,#N/A,Motherhub_SAI_5,FM BRSNR,FortHub_MUM_PL,PH-B1-MUMSAI5-1635904,expected,OPENED,27-09-2026 00:42,Ashwarya Singh
27-09-2026,FMPP4299388718,FortHub_MUM_PL,ROYAL LEATHER WORKS +919987732673,18938cef86b34db6,dispatched_to_mh,West,EKART,4162195,EKART,,Motherhub_SAI_5,FM BRSNR,FortHub_MUM_PL,PH-B6-MUMSAI5-1636114,expected,OPENED,26-09-2026 22:42,Ashwarya Singh
27-09-2026,FMPP4299267708,GoregaonMPHub_MUM_PL,LIMRA ENTERPRISES +918169033844,616e1c1f54234278,dispatched_to_mh,West,TRUEFLEX,3898844,TRUEFLEX,#N/A,Motherhub_SAI_5,FM BRSNR,GoregaonMPHub_MUM_PL,PH-B1-MUMSAI5-1537493,expected,OPENED,27-09-2026 00:43,Ashwarya Singh
27-09-2026,FMPP4300496699,FortHub_MUM_PL,BANQLYN Enterprises +918169859009,93532645a25c429d,dispatched_to_mh,West,TRUEFLEX,1333538,TRUEFLEX,MohdAshfaque Shubrati Idrisi,Motherhub_SAI_5,FM BRSNR,FortHub_MUM_PL,PH-B1-MUMSAI5-1638202,expected,OPENED,26-09-2026 22:56,Ashwarya Singh
27-09-2026,FMPP4300541951,FortHub_MUM_PL,KARDIFF +918454940436,fd5c6f83d98d447b,dispatched_to_mh,West,TRUEFLEX,592311,TRUEFLEX,Harish LaxmanShinde,Motherhub_SAI_5,FM BRSNR,FortHub_MUM_PL,PH-B1-MUMSAI5-1635981,expected,OPENED,27-09-2026 03:54,Ashwarya Singh
27-09-2026,FMPC6530479779,GoregaonMPHub_MUM_PL,S.N.ENTERPRISE +919820633868,8e1f1a313d074766,dispatched_to_mh,West,TRUEFLEX,1139936,TRUEFLEX,SumitArjun Radye,Motherhub_SAI_4,FM BRSNR,GoregaonMPHub_MUM_PL,PH-B2-MUMSAI-26915643,expected,OPENED,27-09-2026 03:22,Ashwarya Singh
27-09-2026,FMPC6532757161,FortHub_MUM_PL,KARDIFF +918454940436,fd5c6f83d98d447b,dispatched_to_mh,West,TRUEFLEX,592311,TRUEFLEX,Harish LaxmanShinde,Motherhub_SAI_5,FM BRSNR,FortHub_MUM_PL,PH-B6-MUMSAI5-1636005,expected,OPENED,27-09-2026 03:50,Ashwarya Singh
27-09-2026,FMPP4301126349,FortHub_MUM_PL,RAJDWEEP ENTERPRISES +919372218990,7a3527e26f93420c,received_at_mh,West,EKART,3391271,EKART,,Motherhub_SAI_5,FM BRSNR,FortHub_MUM_PL,PH-B1-MUMSAI5-1640648,sorted,OPENED,27-09-2026 01:30,Ashwarya Singh
27-09-2026,FMPC6528823628,GoregaonMPHub_MUM_PL,PREMIER HANGER MART +918655974514,4186a60bd9b04f4d,received_at_mh,West,TRUEFLEX,1026800,TRUEFLEX,AftabAlam Istekhar Chaudhri,Motherhub_SAI_5,FM BRSNR,GoregaonMPHub_MUM_PL,PH-B6-MUMSAI5-1612172,expected,OPENED,27-09-2026 02:17,Ashwarya Singh
27-09-2026,FMPP4300257049,FortHub_MUM_PL,Aprameya.co +919372530117,53cf6eaed7ee4bf4,dispatched_to_mh,West,TRUEFLEX,1341155,TRUEFLEX,TousheerKais Ahmed Khan,Motherhub_SAI_5,FM BRSNR,FortHub_MUM_PL,PH-B6-MUMSAI5-1641641,expected,OPENED,27-09-2026 01:32,Ashwarya Singh
27-09-2026,FMPP4295988501,FortHub_MUM_PL,Getset Wear Clothing +917977469760,979ad1b8a7b543e3,dispatched_to_mh,West,TRUEFLEX,656327,TRUEFLEX,Gaurav RajaramGurav,Motherhub_SAI_5,FM BRSNR,FortHub_MUM_PL,PH-B1-MUMSAI5-1642656,expected,OPENED,27-09-2026 00:41,Ashwarya Singh
27-09-2026,FMPC6531553040,FortHub_MUM_PL,LAHAMBA INDUSTRIES +918709687040,467f85eb57d74475,dispatched_to_mh,West,LMA,1.00E+11,Vxpress,Parvej Alam Hashmi,Motherhub_SAI_5,FM BRSNR,FortHub_MUM_PL,PH-B1-MUMSAI5-1636052,expected,OPENED,26-09-2026 22:37,Ashwarya Singh
27-09-2026,FMPC6531946586,FortHub_MUM_PL,Truevibe +917400420924,64bcc25753aa45b7,dispatched_to_mh,West,TRUEFLEX,656327,TRUEFLEX,Gaurav RajaramGurav,Motherhub_SAI_5,FM BRSNR,FortHub_MUM_PL,PH-B6-MUMSAI5-1642672,expected,OPENED,27-09-2026 00:49,Ashwarya Singh
27-09-2026,FMPC6532209231,FortHub_MUM_PL,Spendry +919833788339,4e46e3e45f7a4952,dispatched_to_mh,West,TRUEFLEX,1414268,TRUEFLEX,#N/A,Motherhub_SAI_5,FM BRSNR,FortHub_MUM_PL,PH-B3-MUMSAI5-1639408,expected,OPENED,27-09-2026 03:39,Ashwarya Singh
27-09-2026,FMPC6532161234,GoregaonMPHub_MUM_PL,YASH ENTERPRISE +919820741617,dfc18f1cee2f4ede,dispatched_to_mh,West,TRUEFLEX,3898844,TRUEFLEX,#N/A,Motherhub_SAI_5,FM BRSNR,GoregaonMPHub_MUM_PL,PH-B6-MUMSAI5-1632761,expected,OPENED,27-09-2026 01:04,Ashwarya Singh
27-09-2026,FMPC6530133461,GariaHub_KOL_PL,FASHION WORLD +918336061387,77af2922fb2545fe,dispatched_to_mh,East,LMA,1.00E+11,WERCATALYST VENTURES PVT LTD,SumonDas,Motherhub_HRN,FM BRSNR,GariaHub_KOL_PL,PH-B3-KOLHRN-7549085,expected,OPENED,27-09-2026 01:40,Somnath G
27-09-2026,FMPC6532306432,GoregaonMPHub_MUM_PL,D2Fashion +919987578228,3c32439cac5d4657,dispatched_to_mh,West,TRUEFLEX,1026800,TRUEFLEX,AftabAlam Istekhar Chaudhri,Motherhub_SAI_5,FM BRSNR,GoregaonMPHub_MUM_PL,PH-B1-MUMSAI5-1646201,expected,OPENED,27-09-2026 02:10,Ashwarya Singh
27-09-2026,FMPP4299207290,GoregaonMPHub_MUM_PL,IQRAIN ENTERPRISES +919987508800,d8b55e3356534832,received_at_mh,West,LMA,1.00E+11,WERCATALYST VENTURES PVT LTD,Sachin DattaMaske,Motherhub_SAI_4,FM BRSNR,GoregaonMPHub_MUM_PL,PH-B2-MUMSAI-26807004,expected,OPENED,27-09-2026 03:38,Ashwarya Singh
27-09-2026,FMPC6531251309,FortHub_MUM_PL,HAM ENTERPRISES +918271960498,aad34023202243fd,dispatched_to_mh,West,LMA,1.00E+11,Vxpress,Parvej Alam Hashmi,Motherhub_SAI_5,FM BRSNR,FortHub_MUM_PL,PH-B1-MUMSAI5-1636052,expected,OPENED,26-09-2026 22:37,Ashwarya Singh
27-09-2026,FMPP4300327512,GoregaonMPHub_MUM_PL,Sooperbuy Private Limited +917777047713,ce1906a41ab64895,dispatched_to_mh,West,TRUEFLEX,955262,TRUEFLEX,#N/A,Motherhub_SAI_5,FM BRSNR,GoregaonMPHub_MUM_PL,PH-B1-MUMSAI5-1646011,expected,OPENED,27-09-2026 01:23,Ashwarya Singh
27-09-2026,FMPC6530415960,GoregaonMPHub_MUM_PL,PREMIER HANGER MART +918655974514,4186a60bd9b04f4d,received_at_mh,West,TRUEFLEX,1026800,TRUEFLEX,AftabAlam Istekhar Chaudhri,Motherhub_SAI_4,FM BRSNR,GoregaonMPHub_MUM_PL,PH-B4-MUMSAI-26891429,expected,OPENED,27-09-2026 03:24,Ashwarya Singh
27-09-2026,FMPC6532406681,FortHub_MUM_PL,Sky Industries +919082521737,b4b693e55e5f4db7,dispatched_to_mh,West,TRUEFLEX,1414268,TRUEFLEX,#N/A,Motherhub_SAI_5,FM BRSNR,FortHub_MUM_PL,PH-B3-MUMSAI5-1639408,expected,OPENED,27-09-2026 03:39,Ashwarya Singh
27-09-2026,FMPC6531531335,FortHub_MUM_PL,TMA ENTERPRISE +919594598063,ccea7c1ddb7142a6,dispatched_to_mh,West,LMA,1.00E+11,Vxpress,TarjanKumar,Motherhub_SAI_5,FM BRSNR,FortHub_MUM_PL,PH-B6-MUMSAI5-1641169,expected,OPENED,27-09-2026 01:35,Ashwarya Singh
27-09-2026,FMPC6532171334,FortHub_MUM_PL,Cube +918291582253,f1229a083ef146a2,dispatched_to_mh,West,TRUEFLEX,1403901,TRUEFLEX,#N/A,Motherhub_SAI_5,FM BRSNR,FortHub_MUM_PL,PH-B1-MUMSAI5-1635904,expected,OPENED,27-09-2026 00:42,Ashwarya Singh
27-09-2026,FMPP4295306279,FortHub_MUM_PL,Getset Wear Clothing +917977469760,979ad1b8a7b543e3,dispatched_to_mh,West,TRUEFLEX,656327,TRUEFLEX,Gaurav RajaramGurav,Motherhub_SAI_5,FM BRSNR,FortHub_MUM_PL,PH-B3-MUMSAI5-1642660,expected,OPENED,27-09-2026 00:43,Ashwarya Singh
27-09-2026,FMPC6530736761,GoregaonMPHub_MUM_PL,A M ENTERPRISES +919867753967,e0ae8643ff8b4ef8,received_at_mh,West,LMA,1.00E+11,WERCATALYST VENTURES PVT LTD,Sachin DattaMaske,Motherhub_SAI_4,FM BRSNR,GoregaonMPHub_MUM_PL,PH-B2-MUMSAI-26807004,expected,OPENED,27-09-2026 03:38,Ashwarya Singh
27-09-2026,FMPC6528482149,GoregaonMPHub_MUM_PL,GARGISH +917738355110,fa02425af1dc458c,dispatched_to_mh,West,TRUEFLEX,3898844,TRUEFLEX,#N/A,Motherhub_SAI_5,FM BRSNR,GoregaonMPHub_MUM_PL,PH-B1-MUMSAI5-1632731,expected,OPENED,27-09-2026 01:06,Ashwarya Singh
27-09-2026,FMPC6533717751,FortHub_MUM_PL,ONESQUARE TRADERS +918286725753,23f3763319e84fca,dispatched_to_mh,West,TRUEFLEX,1333538,TRUEFLEX,MohdAshfaque Shubrati Idrisi,Motherhub_SAI_5,FM BRSNR,FortHub_MUM_PL,PH-B3-MUMSAI5-1638206,expected,OPENED,27-09-2026 01:21,Ashwarya Singh
27-09-2026,FMPC6532686318,HawamahalHub_JAI_PL,SAI PALKI +917850823042,98ea0a1ff1a0496c,dispatched_to_mh,North,LMA,1.00E+11,K AND K LOGISTICS,ZeeshanKhan,Motherhub_JAI_BTS,FM BRSNR,HawamahalHub_JAI_PL,PH-B3-JAIBTS-24016062,expected,OPENED,27-09-2026 00:59,Akash Sharma
27-09-2026,FMPC6532637141,HawamahalHub_JAI_PL,SHIVRYX ECOM +918000147351,ec0a10ce0a75478a,dispatched_to_mh,North,LMA,1.00E+11,Fastbeetle service,Trilok ChandSanwariya,Motherhub_JAI_BTS,FM BRSNR,HawamahalHub_JAI_PL,PH-B2-JAIBTS-23827683,expected,OPENED,27-09-2026 01:02,Akash Sharma
27-09-2026,FMPC6532397179,GoregaonMPHub_MUM_PL,S.N.ENTERPRISE +919820633868,8e1f1a313d074766,dispatched_to_mh,West,TRUEFLEX,1139936,TRUEFLEX,SumitArjun Radye,Motherhub_SAI_4,FM BRSNR,GoregaonMPHub_MUM_PL,PH-B2-MUMSAI-26915643,expected,OPENED,27-09-2026 03:22,Ashwarya Singh
27-09-2026,FMPC6531361196,GoregaonMPHub_MUM_PL,Central E-commerce +919586063522,f14ef6a88d78442a,dispatched_to_mh,West,TRUEFLEX,998146,TRUEFLEX,#N/A,Motherhub_SAI_5,FM BRSNR,GoregaonMPHub_MUM_PL,PH-B3-MUMSAI5-1602331,expected,OPENED,27-09-2026 03:17,Ashwarya Singh
27-09-2026,FMPC6531123615,HowrahHub_KOL_PL,Honasa Consumer Ltd 7070864721,d98f0b7bc7b345b1,dispatched_to_mh,East,LMA,1.00E+11,SAS,SubhankarMondal,Motherhub_HRN,FM BRSNR,HowrahHub_KOL_PL,PH-B3-KOLHRN-8028294,expected,OPENED,27-09-2026 03:25,Somnath G
27-09-2026,FMPP4299574309,JaipurHub_JAI_PL,NEELKANTH CREATIONS +917688988102,1c121a48a3a24b27,received_at_mh,North,LMA,1.00E+11,#N/A,#N/A,Motherhub_JAI_BTS,FM BRSNR,JaipurHub_JAI_PL,PH-B4-JAIBTS-24013412,expected,OPENED,26-09-2026 23:52,Akash Sharma
27-09-2026,FMPP4300330462,JaipurHub_JAI_PL,SARAH +919636311677,444a55141f544e5e,received_at_mh,North,LMA,1.00E+11,#N/A,#N/A,Motherhub_JAI_BTS,FM BRSNR,JaipurHub_JAI_PL,PH-B1-JAIBTS-23928410,expected,OPENED,26-09-2026 23:45,Akash Sharma
27-09-2026,FMPP4299023142,KalyanHub_MUM_PL,Kore Tech +917507620232,dfc27a3fb563469a,dispatched_to_mh,West,TRUEFLEX,4192981,TRUEFLEX,#N/A,Motherhub_SAI_4,FM BRSNR,KalyanHub_MUM_PL,PH-B6-MUMSAI-26917859,expected,OPENED,26-09-2026 23:32,Ashwarya Singh
27-09-2026,FMPP4301196915,HowrahHub_KOL_PL,Honasa Consumer Ltd 7070864721,d98f0b7bc7b345b1,dispatched_to_mh,East,LMA,1.00E+11,SAS,SubhankarMondal,Motherhub_HRN,FM BRSNR,HowrahHub_KOL_PL,PH-B3-KOLHRN-8028300,expected,OPENED,27-09-2026 03:19,Somnath G
27-09-2026,FMPC6531185228,JaipurHub_JAI_PL,SHIV EXPORTS +917891429111,c8698b624af846e6,received_at_mh,North,TRUEFLEX,606213,TRUEFLEX,AakashMahajan,Motherhub_JAI_BTS,FM BRSNR,JaipurHub_JAI_PL,PH-B1-JAIBTS-24012264,expected,OPENED,27-09-2026 01:47,Akash Sharma
27-09-2026,FMPC6530939536,JaipurHub_JAI_PL,RKS DISTRIBUTOR +919549546417,1e31ddd0679449df,dispatched_to_mh,North,LMA,1.00E+11,Greenteck Logistics and Mobility Pvt Ltd,Manish KumarMeena,Motherhub_JAI_BTS,FM BRSNR,JaipurHub_JAI_PL,PH-B3-JAIBTS-24008565,expected,OPENED,26-09-2026 21:17,Akash Sharma
27-09-2026,FMPC6533598839,JaipurHub_JAI_PL,YASHODA LINING STORE +918440023322,44f68c0ea46142de,dispatched_to_mh,North,LMA,1.00E+11,We Innovate Business Solutions Pvt Ltd,VikramMahawar,Motherhub_JAI_BTS,FM BRSNR,JaipurHub_JAI_PL,PH-ZO-JAIBTS-23720789,expected,OPENED,26-09-2026 23:45,Akash Sharma
27-09-2026,FMPP4301236744,JaipurHub_JAI_PL,DAISY +919875078210,8b6bd268376d408f,dispatched_to_mh,North,LMA,1.00E+11,#N/A,#N/A,Motherhub_JAI_BTS,FM BRSNR,JaipurHub_JAI_PL,PH-ZO-JAIBTS-24013513,expected,OPENED,26-09-2026 20:33,Akash Sharma
27-09-2026,FMPC6533826162,JaipurHub_JAI_PL,Neelkanth Enterprises +918955506563,296b35c4a47140e8,received_at_mh,North,LMA,1.00E+11,Greenteck Logistics and Mobility Pvt Ltd,VishalSaini,Motherhub_JAI_BTS,FM BRSNR,JaipurHub_JAI_PL,PH-B1-JAIBTS-24010455,expected,OPENED,27-09-2026 00:20,Akash Sharma
27-09-2026,FMPC6530998213,JaipurHub_JAI_PL,SHRI SHYAM KRIPA +917300011144,c0a152544a9e4f4c,dispatched_to_mh,North,LMA,1.00E+11,Greenteck Logistics and Mobility Pvt Ltd,VisharamGurjar,Motherhub_JAI_BTS,FM BRSNR,JaipurHub_JAI_PL,PH-B1-JAIBTS-23847551,expected,OPENED,27-09-2026 00:16,Akash Sharma
27-09-2026,FMPC6532626008,HowrahHub_KOL_PL,Honasa Consumer Ltd 7070864721,d98f0b7bc7b345b1,dispatched_to_mh,East,LMA,1.00E+11,SAS,SubhankarMondal,Motherhub_HRN,FM BRSNR,HowrahHub_KOL_PL,PH-B3-KOLHRN-8028300,expected,OPENED,27-09-2026 03:19,Somnath G
27-09-2026,FMPP4300605516,JaipurHub_JAI_PL,TANU CREATIONS +919782732440,6fe51cb26a934d75,dispatched_to_mh,North,LMA,1.00E+11,WHEELEY,VijendraBairwa,Motherhub_JAI_BTS,FM BRSNR,JaipurHub_JAI_PL,PH-B1-JAIBTS-23891817,expected,OPENED,27-09-2026 00:16,Akash Sharma
27-09-2026,FMPP4299563585,JaipurHub_JAI_PL,L.N. Creations +917792040802,5c4725a89aca4cf1,dispatched_to_mh,North,LMA,1.00E+11,Vxpress,Dinesh KumarNayak,Motherhub_JAI_BTS,FM BRSNR,JaipurHub_JAI_PL,PH-B2-JAIBTS-24009893,expected,OPENED,26-09-2026 23:15,Akash Sharma
27-09-2026,FMPP4298918829,JaipurHub_JAI_PL,RS Enterprises +919119359146,93439dcfbb2945a3,received_at_mh,North,LMA,1.00E+11,#N/A,#N/A,Motherhub_JAI_BTS,FM BRSNR,JaipurHub_JAI_PL,PH-B1-JAIBTS-23928410,expected,OPENED,26-09-2026 23:45,Akash Sharma
27-09-2026,FMPC6532205604,HowrahHub_KOL_PL,DOWARI ENTERPRISE +919163846717,6ee4d21fbec04dec,dispatched_to_mh,East,LMA,1.00E+11,#N/A,#N/A,Motherhub_HRN,FM BRSNR,HowrahHub_KOL_PL,PH-B3-KOLHRN-7282002,expected,OPENED,27-09-2026 05:38,Somnath G
27-09-2026,FMPC6533584513,JaipurHub_JAI_PL,JAI BHAWANI TEXTILE +916378886935,626fe06c586d452b,received_at_mh,North,LMA,1.00E+11,Vxpress,Sodan SinghKothyari,Motherhub_JAI_BTS,FM BRSNR,JaipurHub_JAI_PL,PH-B4-JAIBTS-23695232,expected,OPENED,26-09-2026 23:25,Akash Sharma
27-09-2026,FMPC6533040499,HowrahHub_KOL_PL,NEW GEN +916291745320,17b9bf4d36d641f2,received_at_mh,East,LMA,1.00E+11,WHEELEY,Md JiyarulMunsi,Motherhub_HRN,FM BRSNR,HowrahHub_KOL_PL,PH-B3-KOLHRN-8037129,expected,OPENED,27-09-2026 07:47,Somnath G
27-09-2026,FMPC6530216911,KalyanHub_MUM_PL,XILA CREATION +918104619538,510808e09a5b44f7,received_at_mh,West,LMA,3807684,#N/A,#N/A,Motherhub_SAI_4,FM BRSNR,KalyanHub_MUM_PL,PH-B1-MUMSAI-26868476,expected,OPENED,26-09-2026 23:35,Ashwarya Singh
27-09-2026,FMPC6533841669,JaipurHub_JAI_PL,SIDHARTH SALES CORPORATION +917340481653,72df26a396a349c3,received_at_mh,North,LMA,1.00E+11,#N/A,#N/A,Motherhub_JAI_BTS,FM BRSNR,JaipurHub_JAI_PL,PH-B1-JAIBTS-23991642,expected,OPENED,26-09-2026 23:50,Akash Sharma
27-09-2026,FMPC6532276234,JaipurHub_JAI_PL,PAHAL ENTERPRISES +916350376370,4010c9e4c6264c30,received_at_mh,North,LMA,1.00E+11,Transwide Express,KeshavSharma,Motherhub_JAI_BTS,FM BRSNR,JaipurHub_JAI_PL,PH-B4-JAIBTS-24017520,expected,OPENED,26-09-2026 20:25,Akash Sharma
27-09-2026,FMPC6531039963,JaipurHub_JAI_PL,RADHIKA ENTERPRISES +918005866432,a5ec203cf7f24157,dispatched_to_mh,North,LMA,1.00E+11,Vxpress,KanaramJatwa,Motherhub_JAI_BTS,FM BRSNR,JaipurHub_JAI_PL,PH-B1-JAIBTS-23716994,expected,OPENED,27-09-2026 00:26,Akash Sharma
27-09-2026,FMPC6530726638,HowrahHub_KOL_PL,Honasa Consumer Ltd 7070864721,d98f0b7bc7b345b1,dispatched_to_mh,East,LMA,1.00E+11,SAS,SubhankarMondal,Motherhub_HRN,FM BRSNR,HowrahHub_KOL_PL,PH-B3-KOLHRN-8028294,expected,OPENED,27-09-2026 03:25,Somnath G
27-09-2026,FMPP4299360479,HowrahHub_KOL_PL,Honasa Consumer Ltd 7070864721,d98f0b7bc7b345b1,dispatched_to_mh,East,LMA,1.00E+11,SAS,SubhankarMondal,Motherhub_HRN,FM BRSNR,HowrahHub_KOL_PL,PH-B3-KOLHRN-8028294,expected,OPENED,27-09-2026 03:25,Somnath G
27-09-2026,FMPC6530248125,KalyanHub_MUM_PL,EKGHARA TRADERS +918454948831,60f4733fa2ab45fb,received_at_mh,West,LMA,1.00E+11,SUSAH SUPPLY CHAIN AND NETWORK PRIVATE LIMITED,Khan Mohammed SadiqueRiyazuddin,Motherhub_SAI_4,FM BRSNR,KalyanHub_MUM_PL,PH-B1-MUMSAI-26901392,expected,OPENED,26-09-2026 23:25,Ashwarya Singh
27-09-2026,FMPC6532600431,HowrahHub_KOL_PL,Honasa Consumer Ltd 7070864721,d98f0b7bc7b345b1,dispatched_to_mh,East,LMA,1.00E+11,SAS,SubhankarMondal,Motherhub_HRN,FM BRSNR,HowrahHub_KOL_PL,PH-B3-KOLHRN-8028294,expected,OPENED,27-09-2026 03:25,Somnath G
27-09-2026,FMPP4299023172,KalyanHub_MUM_PL,Kore Tech +917507620232,dfc27a3fb563469a,dispatched_to_mh,West,TRUEFLEX,4192981,TRUEFLEX,#N/A,Motherhub_SAI_4,FM BRSNR,KalyanHub_MUM_PL,PH-B6-MUMSAI-26917859,expected,OPENED,26-09-2026 23:32,Ashwarya Singh
27-09-2026,FMPC6530351023,KalyanHub_MUM_PL,NUTAN CLOTHING CO +919767380618,8dc5025681d54e50,received_at_mh,West,TRUEFLEX,1412309,TRUEFLEX,#N/A,Motherhub_SAI_4,FM BRSNR,KalyanHub_MUM_PL,PH-B6-MUMSAI-26916204,expected,OPENED,26-09-2026 23:52,Ashwarya Singh
27-09-2026,FMPP4299702234,JaipurHub_JAI_PL,SARAH +919636311677,444a55141f544e5e,received_at_mh,North,LMA,1.00E+11,#N/A,#N/A,Motherhub_JAI_BTS,FM BRSNR,JaipurHub_JAI_PL,PH-B1-JAIBTS-23928410,expected,OPENED,26-09-2026 23:45,Akash Sharma
27-09-2026,FMPC6532573740,HowrahHub_KOL_PL,Honasa Consumer Ltd 7070864721,d98f0b7bc7b345b1,dispatched_to_mh,East,LMA,1.00E+11,SAS,SubhankarMondal,Motherhub_HRN,FM BRSNR,HowrahHub_KOL_PL,PH-B3-KOLHRN-8028300,expected,OPENED,27-09-2026 03:19,Somnath G
27-09-2026,FMPC6533694965,HowrahHub_KOL_PL,Honasa Consumer Ltd 7070864721,d98f0b7bc7b345b1,dispatched_to_mh,East,LMA,1.00E+11,SAS,SubhankarMondal,Motherhub_HRN,FM BRSNR,HowrahHub_KOL_PL,PH-B3-KOLHRN-8028300,expected,OPENED,27-09-2026 03:19,Somnath G
27-09-2026,FMPP4301273939,HowrahHub_KOL_PL,Honasa Consumer Ltd 7070864721,d98f0b7bc7b345b1,dispatched_to_mh,East,LMA,1.00E+11,SAS,SubhankarMondal,Motherhub_HRN,FM BRSNR,HowrahHub_KOL_PL,PH-B3-KOLHRN-8028294,expected,OPENED,27-09-2026 03:25,Somnath G
27-09-2026,FMPC6532111988,JaipurHub_JAI_PL,S G GARMENT +918104653033,d917ac15c2384310,dispatched_to_mh,North,LMA,1.00E+11,Vxpress,Dinesh KumarNayak,Motherhub_JAI_BTS,FM BRSNR,JaipurHub_JAI_PL,PH-B3-JAIBTS-24009905,expected,OPENED,26-09-2026 23:18,Akash Sharma
27-09-2026,FMPC6532844181,JaipurHub_JAI_PL,Neelkanth Enterprises +918955506563,296b35c4a47140e8,received_at_mh,North,LMA,1.00E+11,Greenteck Logistics and Mobility Pvt Ltd,VishalSaini,Motherhub_JAI_BTS,FM BRSNR,JaipurHub_JAI_PL,PH-B3-JAIBTS-24010475,sorted,TERMINATED,26-09-2026 20:54,Akash Sharma
27-09-2026,FMPP4299353499,KalyanHub_MUM_PL,Taily Affairs +918879447447,f5492b7af19a4ac9,dispatched_to_mh,West,TRUEFLEX,1412309,TRUEFLEX,#N/A,Motherhub_SAI_4,FM BRSNR,KalyanHub_MUM_PL,PH-B1-MUMSAI-26915985,expected,OPENED,26-09-2026 23:14,Ashwarya Singh
27-09-2026,FMPC6533739971,JaipurHub_JAI_PL,TANU CREATIONS +919782732440,6fe51cb26a934d75,dispatched_to_mh,North,LMA,1.00E+11,WHEELEY,VijendraBairwa,Motherhub_JAI_BTS,FM BRSNR,JaipurHub_JAI_PL,PH-B1-JAIBTS-23891817,expected,OPENED,27-09-2026 00:16,Akash Sharma
27-09-2026,FMPC6530676797,KalyanHub_MUM_PL,NexAura +917039607272,2154a838221b4e52,dispatched_to_mh,West,LMA,1.00E+11,SUSAH SUPPLY CHAIN AND NETWORK PRIVATE LIMITED,Sunil GaneshChavan,Motherhub_SAI_4,FM BRSNR,KalyanHub_MUM_PL,PH-B2-MUMSAI-26862476,expected,OPENED,27-09-2026 00:06,Ashwarya Singh
27-09-2026,FMPP4300599922,HowrahHub_KOL_PL,Honasa Consumer Ltd 7070864721,d98f0b7bc7b345b1,dispatched_to_mh,East,LMA,1.00E+11,SAS,SubhankarMondal,Motherhub_HRN,FM BRSNR,HowrahHub_KOL_PL,PH-B3-KOLHRN-8028294,expected,OPENED,27-09-2026 03:25,Somnath G
27-09-2026,FMPC6533493169,HowrahHub_KOL_PL,Honasa Consumer Ltd 7070864721,d98f0b7bc7b345b1,dispatched_to_mh,East,LMA,1.00E+11,SAS,SubhankarMondal,Motherhub_HRN,FM BRSNR,HowrahHub_KOL_PL,PH-B3-KOLHRN-8028300,expected,OPENED,27-09-2026 03:19,Somnath G
27-09-2026,FMPC6530976790,JaipurHub_JAI_PL,BDREE ENTERPRISES +919887076848,3de44db2c96d44f8,dispatched_to_mh,North,LMA,1.00E+11,Watsoo,RAJESHMEENA,Motherhub_JAI_BTS,FM BRSNR,JaipurHub_JAI_PL,PH-B2-JAIBTS-23987403,expected,OPENED,26-09-2026 23:21,Akash Sharma
27-09-2026,FMPC6533747259,JaipurHub_JAI_PL,TANU CREATIONS +919782732440,6fe51cb26a934d75,dispatched_to_mh,North,LMA,1.00E+11,WHEELEY,VijendraBairwa,Motherhub_JAI_BTS,FM BRSNR,JaipurHub_JAI_PL,PH-B3-JAIBTS-23891826,expected,OPENED,27-09-2026 00:15,Akash Sharma
27-09-2026,FMPP4299810256,JaipurHub_JAI_PL,SAYY +919649641685,a635a11b72504a0c,dispatched_to_mh,North,LMA,1.00E+11,Greenteck Logistics and Mobility Pvt Ltd,VisharamGurjar,Motherhub_JAI_BTS,FM BRSNR,JaipurHub_JAI_PL,PH-B4-JAIBTS-23980769,expected,OPENED,27-09-2026 00:17,Akash Sharma
27-09-2026,FMPC6532398720,HowrahHub_KOL_PL,Honasa Consumer Ltd 7070864721,d98f0b7bc7b345b1,dispatched_to_mh,East,LMA,1.00E+11,SAS,SubhankarMondal,Motherhub_HRN,FM BRSNR,HowrahHub_KOL_PL,PH-B3-KOLHRN-8028300,expected,OPENED,27-09-2026 03:19,Somnath G
27-09-2026,FMPP4300700542,JaipurHub_JAI_PL,SHANKAR KRISHI SEWA KENDRA +919588825455,909fe0c77c214ee2,dispatched_to_mh,North,TRUEFLEX,606213,TRUEFLEX,AakashMahajan,Motherhub_JAI_BTS,FM BRSNR,JaipurHub_JAI_PL,PH-B3-JAIBTS-23596844,expected,OPENED,26-09-2026 23:45,Akash Sharma
27-09-2026,FMPC6532846488,HowrahHub_KOL_PL,Honasa Consumer Ltd 7070864721,d98f0b7bc7b345b1,dispatched_to_mh,East,LMA,1.00E+11,SAS,SubhankarMondal,Motherhub_HRN,FM BRSNR,HowrahHub_KOL_PL,PH-B3-KOLHRN-8028294,expected,OPENED,27-09-2026 03:25,Somnath G
27-09-2026,FMPC6530368093,KalyanHub_MUM_PL,DecoreDream +918850961717,5f06bd4ef7cb4ede,received_at_mh,West,LMA,3807684,#N/A,#N/A,Motherhub_SAI_4,FM BRSNR,KalyanHub_MUM_PL,PH-B3-MUMSAI-26868528,expected,OPENED,26-09-2026 23:34,Ashwarya Singh
27-09-2026,FMPP4299023303,KalyanHub_MUM_PL,Kore Tech +917507620232,dfc27a3fb563469a,dispatched_to_mh,West,TRUEFLEX,4192981,TRUEFLEX,#N/A,Motherhub_SAI_4,FM BRSNR,KalyanHub_MUM_PL,PH-B1-MUMSAI-26917525,expected,OPENED,26-09-2026 23:31,Ashwarya Singh
27-09-2026,FMPC6532600332,HowrahHub_KOL_PL,Honasa Consumer Ltd 7070864721,d98f0b7bc7b345b1,dispatched_to_mh,East,LMA,1.00E+11,SAS,SubhankarMondal,Motherhub_HRN,FM BRSNR,HowrahHub_KOL_PL,PH-B3-KOLHRN-8028294,expected,OPENED,27-09-2026 03:25,Somnath G
27-09-2026,FMPP4301301854,JaipurHub_JAI_PL,TANU CREATIONS +919782732440,6fe51cb26a934d75,dispatched_to_mh,North,LMA,1.00E+11,WHEELEY,VijendraBairwa,Motherhub_JAI_BTS,FM BRSNR,JaipurHub_JAI_PL,PH-ZO-JAIBTS-22507318,expected,OPENED,27-09-2026 00:14,Akash Sharma
27-09-2026,FMPP4298026756,KalyanHub_MUM_PL,ARKONNECT VENTURES SERVICES LLP +918108874079,3d989c439f06426a,dispatched_to_mh,West,LMA,3807684,#N/A,#N/A,Motherhub_SAI_4,FM BRSNR,KalyanHub_MUM_PL,PH-B6-MUMSAI-26918060,expected,OPENED,26-09-2026 23:48,Ashwarya Singh
27-09-2026,FMPC6533566348,HowrahHub_KOL_PL,Honasa Consumer Ltd 7070864721,d98f0b7bc7b345b1,dispatched_to_mh,East,LMA,1.00E+11,SAS,SubhankarMondal,Motherhub_HRN,FM BRSNR,HowrahHub_KOL_PL,PH-B3-KOLHRN-8028294,expected,OPENED,27-09-2026 03:25,Somnath G
27-09-2026,FMPC6530716271,JaipurHub_JAI_PL,Aj INCORPORATION +919649223399,34b633fe84fa4138,dispatched_to_mh,North,LMA,1.00E+11,We Innovate Business Solutions Pvt Ltd,VikramMahawar,Motherhub_JAI_BTS,FM BRSNR,JaipurHub_JAI_PL,PH-ZO-JAIBTS-24011974,expected,OPENED,26-09-2026 23:49,Akash Sharma
27-09-2026,FMPP4298912336,KalyanHub_MUM_PL,Smart Batteries +917350620232,adb5ccbe9d7443a4,dispatched_to_mh,West,TRUEFLEX,4192981,TRUEFLEX,#N/A,Motherhub_SAI_4,FM BRSNR,KalyanHub_MUM_PL,PH-B3-MUMSAI-26917608,expected,OPENED,26-09-2026 23:32,Ashwarya Singh
27-09-2026,FMPC6530488196,JaipurHub_JAI_PL,Maruti Enterprises +919079903849,8fc4d837f83b4f84,dispatched_to_mh,North,LMA,4113832,#N/A,#N/A,Motherhub_JAI_BTS,FM BRSNR,JaipurHub_JAI_PL,PH-B2-JAIBTS-23979587,expected,OPENED,26-09-2026 23:59,Akash Sharma
27-09-2026,FMPC6531721001,KalyanHub_MUM_PL,ARKONNECT VENTURES SERVICES LLP +918108874079,3d989c439f06426a,dispatched_to_mh,West,LMA,3807684,#N/A,#N/A,Motherhub_SAI_4,FM BRSNR,KalyanHub_MUM_PL,PH-B1-MUMSAI-26917969,expected,OPENED,26-09-2026 23:38,Ashwarya Singh
27-09-2026,FMPP4300592869,HowrahHub_KOL_PL,Honasa Consumer Ltd 7070864721,d98f0b7bc7b345b1,dispatched_to_mh,East,LMA,1.00E+11,SAS,SubhankarMondal,Motherhub_HRN,FM BRSNR,HowrahHub_KOL_PL,PH-B3-KOLHRN-8028294,expected,OPENED,27-09-2026 03:25,Somnath G
27-09-2026,FMPC6532282447,JaipurHub_JAI_PL,TANU CREATIONS +919782732440,6fe51cb26a934d75,dispatched_to_mh,North,LMA,1.00E+11,WHEELEY,VijendraBairwa,Motherhub_JAI_BTS,FM BRSNR,JaipurHub_JAI_PL,PH-B1-JAIBTS-23891817,expected,OPENED,27-09-2026 00:16,Akash Sharma
27-09-2026,FMPP4300582950,HowrahHub_KOL_PL,Honasa Consumer Ltd 7070864721,d98f0b7bc7b345b1,dispatched_to_mh,East,LMA,1.00E+11,SAS,SubhankarMondal,Motherhub_HRN,FM BRSNR,HowrahHub_KOL_PL,PH-B3-KOLHRN-8028294,expected,OPENED,27-09-2026 03:25,Somnath G
27-09-2026,FMPC6533034413,JaipurHub_JAI_PL,Neelkanth Enterprises +918955506563,296b35c4a47140e8,received_at_mh,North,LMA,1.00E+11,Greenteck Logistics and Mobility Pvt Ltd,VishalSaini,Motherhub_JAI_BTS,FM BRSNR,JaipurHub_JAI_PL,PH-B1-JAIBTS-24010455,expected,OPENED,27-09-2026 00:20,Akash Sharma
27-09-2026,FMPP4297678725,JaipurHub_JAI_PL,RECLAIM LIFE CORPORATION +917014780450,baa437c0a17542e8,dispatched_to_mh,North,LMA,1.00E+11,#N/A,#N/A,Motherhub_JAI_BTS,FM BRSNR,JaipurHub_JAI_PL,PH-B2-JAIBTS-23807501,expected,OPENED,26-09-2026 23:48,Akash Sharma
27-09-2026,FMPP4298882854,KalyanHub_MUM_PL,Smart Batteries +917350620232,adb5ccbe9d7443a4,dispatched_to_mh,West,TRUEFLEX,4192981,TRUEFLEX,#N/A,Motherhub_SAI_4,FM BRSNR,KalyanHub_MUM_PL,PH-B6-MUMSAI-26917859,expected,OPENED,26-09-2026 23:32,Ashwarya Singh
27-09-2026,FMPC6530399361,JaipurHub_JAI_PL,K P Garments +918387934095,a316402bbe26472b,dispatched_to_mh,North,LMA,1.00E+11,#N/A,#N/A,Motherhub_JAI_BTS,FM BRSNR,JaipurHub_JAI_PL,PH-B1-JAIBTS-24011363,expected,OPENED,26-09-2026 23:22,Akash Sharma
27-09-2026,FMPP4299228333,KalyanHub_MUM_PL,Smart Batteries +917350620232,adb5ccbe9d7443a4,dispatched_to_mh,West,TRUEFLEX,4192981,TRUEFLEX,#N/A,Motherhub_SAI_4,FM BRSNR,KalyanHub_MUM_PL,PH-B1-MUMSAI-26917525,expected,OPENED,26-09-2026 23:31,Ashwarya Singh
27-09-2026,FMPP4300755441,JaipurHub_JAI_PL,SHANKAR KRISHI SEWA KENDRA +919588825455,909fe0c77c214ee2,received_at_mh,North,TRUEFLEX,606213,TRUEFLEX,AakashMahajan,Motherhub_JAI_BTS,FM BRSNR,JaipurHub_JAI_PL,PH-B3-JAIBTS-23812537,expected,OPENED,26-09-2026 23:45,Akash Sharma
27-09-2026,FMPC6533430316,JaipurHub_JAI_PL,REFOLLIUM +919079293245,95496561ab614ccf,dispatched_to_mh,North,LMA,1.00E+11,#N/A,#N/A,Motherhub_JAI_BTS,FM BRSNR,JaipurHub_JAI_PL,PH-B4-JAIBTS-23863687,expected,OPENED,26-09-2026 21:16,Akash Sharma
27-09-2026,FMPC6532253860,HowrahHub_KOL_PL,Honasa Consumer Ltd 7070864721,d98f0b7bc7b345b1,dispatched_to_mh,East,LMA,1.00E+11,SAS,SubhankarMondal,Motherhub_HRN,FM BRSNR,HowrahHub_KOL_PL,PH-B3-KOLHRN-8028294,expected,OPENED,27-09-2026 03:25,Somnath G
27-09-2026,FMPP4301196899,HowrahHub_KOL_PL,Honasa Consumer Ltd 7070864721,d98f0b7bc7b345b1,dispatched_to_mh,East,LMA,1.00E+11,SAS,SubhankarMondal,Motherhub_HRN,FM BRSNR,HowrahHub_KOL_PL,PH-B3-KOLHRN-8028294,expected,OPENED,27-09-2026 03:25,Somnath G
27-09-2026,FMPP4299342810,KalyanHub_MUM_PL,J P ENTERPRISES +919356399602,e7c8fe1ddd354e49,dispatched_to_mh,West,EKART,4316986,EKART,,Motherhub_SAI_4,FM BRSNR,KalyanHub_MUM_PL,PH-B2-MUMSAI-26874817,expected,OPENED,26-09-2026 23:25,Ashwarya Singh
27-09-2026,FMPC6533553145,JaipurHub_JAI_PL,P.K. Fashion's +917014850071,f13d9062d45b450b,dispatched_to_mh,North,LMA,1.00E+11,#N/A,#N/A,Motherhub_JAI_BTS,FM BRSNR,JaipurHub_JAI_PL,PH-B1-JAIBTS-24007341,expected,OPENED,26-09-2026 23:50,Akash Sharma
27-09-2026,FMPC6533745594,JaipurHub_JAI_PL,SHRI SHYAM KRIPA +917300011144,c0a152544a9e4f4c,dispatched_to_mh,North,LMA,1.00E+11,Greenteck Logistics and Mobility Pvt Ltd,VisharamGurjar,Motherhub_JAI_BTS,FM BRSNR,JaipurHub_JAI_PL,PH-B1-JAIBTS-23847551,expected,OPENED,27-09-2026 00:16,Akash Sharma
27-09-2026,FMPC6531743346,HowrahHub_KOL_PL,Honasa Consumer Ltd 7070864721,d98f0b7bc7b345b1,dispatched_to_mh,East,LMA,1.00E+11,SAS,SubhankarMondal,Motherhub_HRN,FM BRSNR,HowrahHub_KOL_PL,PH-B3-KOLHRN-8028294,expected,OPENED,27-09-2026 03:25,Somnath G
27-09-2026,FMPC6530981797,JaipurHub_JAI_PL,NEELKANTH CREATIONS +917688988102,1c121a48a3a24b27,received_at_mh,North,LMA,1.00E+11,#N/A,#N/A,Motherhub_JAI_BTS,FM BRSNR,JaipurHub_JAI_PL,PH-B1-JAIBTS-24013352,expected,OPENED,26-09-2026 23:37,Akash Sharma
27-09-2026,FMPC6530248460,KalyanHub_MUM_PL,EKGHARA TRADERS +918454948831,60f4733fa2ab45fb,dispatched_to_mh,West,LMA,1.00E+11,SUSAH SUPPLY CHAIN AND NETWORK PRIVATE LIMITED,Khan Mohammed SadiqueRiyazuddin,Motherhub_SAI_4,FM BRSNR,KalyanHub_MUM_PL,PH-B3-MUMSAI-26901419,expected,OPENED,26-09-2026 23:24,Ashwarya Singh
27-09-2026,FMPC6533729441,JaipurHub_JAI_PL,NADHYA CREATION +918005926767,e0cf79eed8714e99,dispatched_to_mh,North,LMA,1.00E+11,Vxpress,Sodan SinghKothyari,Motherhub_JAI_BTS,FM BRSNR,JaipurHub_JAI_PL,PH-B4-JAIBTS-23695231,expected,OPENED,26-09-2026 23:23,Akash Sharma
27-09-2026,FMPP4298882821,KalyanHub_MUM_PL,Smart Batteries +917350620232,adb5ccbe9d7443a4,dispatched_to_mh,West,TRUEFLEX,4192981,TRUEFLEX,#N/A,Motherhub_SAI_4,FM BRSNR,KalyanHub_MUM_PL,PH-B1-MUMSAI-26917525,expected,OPENED,26-09-2026 23:31,Ashwarya Singh
27-09-2026,FMPC6532950639,HowrahHub_KOL_PL,Honasa Consumer Ltd 7070864721,d98f0b7bc7b345b1,dispatched_to_mh,East,LMA,1.00E+11,SAS,SubhankarMondal,Motherhub_HRN,FM BRSNR,HowrahHub_KOL_PL,PH-B3-KOLHRN-8028294,expected,OPENED,27-09-2026 03:25,Somnath G
27-09-2026,FMPC6532229166,JaipurHub_JAI_PL,TANU CREATIONS +919782732440,6fe51cb26a934d75,dispatched_to_mh,North,LMA,1.00E+11,WHEELEY,VijendraBairwa,Motherhub_JAI_BTS,FM BRSNR,JaipurHub_JAI_PL,PH-ZO-JAIBTS-22507318,expected,OPENED,27-09-2026 00:14,Akash Sharma
27-09-2026,FMPP4299840556,JaipurHub_JAI_PL,BARBARIK BABA FASHION +919351666430,dd1ad1283ef74484,received_at_mh,North,LMA,1.00E+11,#N/A,#N/A,Motherhub_JAI_BTS,FM BRSNR,JaipurHub_JAI_PL,PH-B3-JAIBTS-23928482,expected,OPENED,26-09-2026 23:54,Akash Sharma
27-09-2026,FMPP4301144270,JaipurHub_JAI_PL,NEELKANTH CREATIONS +917688988102,1c121a48a3a24b27,received_at_mh,North,LMA,1.00E+11,#N/A,#N/A,Motherhub_JAI_BTS,FM BRSNR,JaipurHub_JAI_PL,PH-B3-JAIBTS-23989546,expected,OPENED,26-09-2026 23:44,Akash Sharma
27-09-2026,FMPP4298882800,KalyanHub_MUM_PL,Smart Batteries +917350620232,adb5ccbe9d7443a4,dispatched_to_mh,West,TRUEFLEX,4192981,TRUEFLEX,#N/A,Motherhub_SAI_4,FM BRSNR,KalyanHub_MUM_PL,PH-B1-MUMSAI-26917525,expected,OPENED,26-09-2026 23:31,Ashwarya Singh
27-09-2026,FMPC6533122205,JaipurHub_JAI_PL,KUHU INDUSTRIES +919529287812,374e2fc4626a4877,dispatched_to_mh,North,LMA,1.00E+11,#N/A,#N/A,Motherhub_JAI_BTS,FM BRSNR,JaipurHub_JAI_PL,PH-B1-JAIBTS-24013351,expected,OPENED,26-09-2026 23:49,Akash Sharma
27-09-2026,FMPP4298882791,KalyanHub_MUM_PL,Smart Batteries +917350620232,adb5ccbe9d7443a4,dispatched_to_mh,West,TRUEFLEX,4192981,TRUEFLEX,#N/A,Motherhub_SAI_4,FM BRSNR,KalyanHub_MUM_PL,PH-B6-MUMSAI-26917859,expected,OPENED,26-09-2026 23:32,Ashwarya Singh
27-09-2026,FMPC6531380692,JaipurHub_JAI_PL,ZURASTYLE +919166143533,a9c1b3fd79274202,received_at_mh,North,LMA,1.00E+11,Transwide Express,DashrathIndoriya,Motherhub_JAI_BTS,FM BRSNR,JaipurHub_JAI_PL,PH-B1-JAIBTS-23994050,expected,OPENED,26-09-2026 19:17,Akash Sharma
27-09-2026,FMPC6530248261,KalyanHub_MUM_PL,EKGHARA TRADERS +918454948831,60f4733fa2ab45fb,dispatched_to_mh,West,LMA,1.00E+11,SUSAH SUPPLY CHAIN AND NETWORK PRIVATE LIMITED,Khan Mohammed SadiqueRiyazuddin,Motherhub_SAI_4,FM BRSNR,KalyanHub_MUM_PL,PH-B6-MUMSAI-26901489,expected,OPENED,26-09-2026 23:20,Ashwarya Singh
27-09-2026,FMPP4301430737,HowrahHub_KOL_PL,Honasa Consumer Ltd 7070864721,d98f0b7bc7b345b1,dispatched_to_mh,East,LMA,1.00E+11,SAS,SubhankarMondal,Motherhub_HRN,FM BRSNR,HowrahHub_KOL_PL,PH-B3-KOLHRN-8028300,expected,OPENED,27-09-2026 03:19,Somnath G
27-09-2026,FMPC6530248200,KalyanHub_MUM_PL,EKGHARA TRADERS +918454948831,60f4733fa2ab45fb,received_at_mh,West,LMA,1.00E+11,SUSAH SUPPLY CHAIN AND NETWORK PRIVATE LIMITED,Khan Mohammed SadiqueRiyazuddin,Motherhub_SAI_4,FM BRSNR,KalyanHub_MUM_PL,PH-B1-MUMSAI-26901392,expected,OPENED,26-09-2026 23:25,Ashwarya Singh
27-09-2026,FMPP4299188867,JaipurHub_JAI_PL,SAYY +919649641685,a635a11b72504a0c,dispatched_to_mh,North,LMA,1.00E+11,Greenteck Logistics and Mobility Pvt Ltd,VisharamGurjar,Motherhub_JAI_BTS,FM BRSNR,JaipurHub_JAI_PL,PH-B4-JAIBTS-23980769,expected,OPENED,27-09-2026 00:17,Akash Sharma
27-09-2026,FMPC6533745203,JaipurHub_JAI_PL,TANU CREATIONS +919782732440,6fe51cb26a934d75,dispatched_to_mh,North,LMA,1.00E+11,WHEELEY,VijendraBairwa,Motherhub_JAI_BTS,FM BRSNR,JaipurHub_JAI_PL,PH-B1-JAIBTS-23891817,expected,OPENED,27-09-2026 00:16,Akash Sharma
27-09-2026,FMPC6533755976,JaipurHub_JAI_PL,Neelkanth Enterprises +918955506563,296b35c4a47140e8,received_at_mh,North,LMA,1.00E+11,Greenteck Logistics and Mobility Pvt Ltd,VishalSaini,Motherhub_JAI_BTS,FM BRSNR,JaipurHub_JAI_PL,PH-B1-JAIBTS-24010455,expected,OPENED,27-09-2026 00:20,Akash Sharma
27-09-2026,FMPC6530822424,HowrahHub_KOL_PL,Honasa Consumer Ltd 7070864721,d98f0b7bc7b345b1,dispatched_to_mh,East,LMA,1.00E+11,SAS,SubhankarMondal,Motherhub_HRN,FM BRSNR,HowrahHub_KOL_PL,PH-B3-KOLHRN-8028300,expected,OPENED,27-09-2026 03:19,Somnath G
27-09-2026,FMPC6533720722,JaipurHub_JAI_PL,C R TRADERS +919610621470,85e4a7196e344206,received_at_mh,North,TRUEFLEX,606213,TRUEFLEX,AakashMahajan,Motherhub_JAI_BTS,FM BRSNR,JaipurHub_JAI_PL,PH-B1-JAIBTS-23857868,expected,OPENED,26-09-2026 23:45,Akash Sharma
27-09-2026,FMPC6532176446,HowrahHub_KOL_PL,DOWARI ENTERPRISE +919163846717,6ee4d21fbec04dec,dispatched_to_mh,East,LMA,1.00E+11,#N/A,#N/A,Motherhub_HRN,FM BRSNR,HowrahHub_KOL_PL,PH-B3-KOLHRN-7282002,expected,OPENED,27-09-2026 05:38,Somnath G
27-09-2026,FMPC6530417067,KalyanHub_MUM_PL,amazing shop +918080341888,eecbc190409f4006,received_at_mh,West,LMA,3807684,#N/A,#N/A,Motherhub_SAI_4,FM BRSNR,KalyanHub_MUM_PL,PH-B1-MUMSAI-26868476,expected,OPENED,26-09-2026 23:35,Ashwarya Singh
27-09-2026,FMPP4298995986,KalyanHub_MUM_PL,EKGHARA TRADERS +918454948831,60f4733fa2ab45fb,received_at_mh,West,LMA,1.00E+11,SUSAH SUPPLY CHAIN AND NETWORK PRIVATE LIMITED,Khan Mohammed SadiqueRiyazuddin,Motherhub_SAI_4,FM BRSNR,KalyanHub_MUM_PL,PH-B2-MUMSAI-26901399,expected,OPENED,26-09-2026 23:20,Ashwarya Singh
27-09-2026,FMPP4299188547,KalyanHub_MUM_PL,Smart Batteries +917350620232,adb5ccbe9d7443a4,dispatched_to_mh,West,TRUEFLEX,4192981,TRUEFLEX,#N/A,Motherhub_SAI_4,FM BRSNR,KalyanHub_MUM_PL,PH-B2-MUMSAI-26917540,expected,OPENED,26-09-2026 23:20,Ashwarya Singh
27-09-2026,FMPP4300954889,JaipurHub_JAI_PL,PALLIN ENTERPRISES 8005501684,dffd38ca94244faf,dispatched_to_mh,North,LMA,1.00E+11,Greenteck Logistics and Mobility Pvt Ltd,MeghrajKushwah,Motherhub_JAI_BTS,FM BRSNR,JaipurHub_JAI_PL,PH-B1-JAIBTS-23975830,expected,OPENED,26-09-2026 20:39,Akash Sharma
27-09-2026,FMPC6533493207,HowrahHub_KOL_PL,Honasa Consumer Ltd 7070864721,d98f0b7bc7b345b1,dispatched_to_mh,East,LMA,1.00E+11,SAS,SubhankarMondal,Motherhub_HRN,FM BRSNR,HowrahHub_KOL_PL,PH-B3-KOLHRN-8028300,expected,OPENED,27-09-2026 03:19,Somnath G
27-09-2026,FMPP4299048428,KalyanHub_MUM_PL,Kore Tech +917507620232,dfc27a3fb563469a,dispatched_to_mh,West,TRUEFLEX,4192981,TRUEFLEX,#N/A,Motherhub_SAI_4,FM BRSNR,KalyanHub_MUM_PL,PH-B1-MUMSAI-26917525,expected,OPENED,26-09-2026 23:31,Ashwarya Singh
27-09-2026,FMPP4299946939,JaipurHub_JAI_PL,MAHALAXMI GIFTS +919351116393,ea7d1f4339ab4028,dispatched_to_mh,North,LMA,1.00E+11,Transwide Express,DashrathIndoriya,Motherhub_JAI_BTS,FM BRSNR,JaipurHub_JAI_PL,PH-B1-JAIBTS-23884078,expected,OPENED,26-09-2026 19:18,Akash Sharma
27-09-2026,FMPC6533652252,HowrahHub_KOL_PL,Honasa Consumer Ltd 7070864721,d98f0b7bc7b345b1,dispatched_to_mh,East,LMA,1.00E+11,SAS,SubhankarMondal,Motherhub_HRN,FM BRSNR,HowrahHub_KOL_PL,PH-B3-KOLHRN-8028294,expected,OPENED,27-09-2026 03:25,Somnath G
27-09-2026,FMPC6533880529,JaipurHub_JAI_PL,SHRI SHYAM KRIPA +917300011144,c0a152544a9e4f4c,dispatched_to_mh,North,LMA,1.00E+11,Greenteck Logistics and Mobility Pvt Ltd,VisharamGurjar,Motherhub_JAI_BTS,FM BRSNR,JaipurHub_JAI_PL,PH-B4-JAIBTS-23847597,expected,OPENED,27-09-2026 00:17,Akash Sharma
27-09-2026,FMPC6530248097,KalyanHub_MUM_PL,EKGHARA TRADERS +918454948831,60f4733fa2ab45fb,received_at_mh,West,LMA,1.00E+11,SUSAH SUPPLY CHAIN AND NETWORK PRIVATE LIMITED,Khan Mohammed SadiqueRiyazuddin,Motherhub_SAI_4,FM BRSNR,KalyanHub_MUM_PL,PH-B3-MUMSAI-26901419,expected,OPENED,26-09-2026 23:24,Ashwarya Singh
27-09-2026,FMPP4300827217,JaipurHub_JAI_PL,G.L.TEXTILE +919660322623,3ca9a8c57be44e9f,dispatched_to_mh,North,LMA,1.00E+11,Greenteck Logistics and Mobility Pvt Ltd,VishalSaini,Motherhub_JAI_BTS,FM BRSNR,JaipurHub_JAI_PL,PH-B4-JAIBTS-24010484,expected,OPENED,26-09-2026 23:18,Akash Sharma
27-09-2026,FMPC6528060399,HowrahHub_KOL_PL,MOBILE CARE +918621976749,7cbd0ce7a01e4001,dispatched_to_mh,East,LMA,1.00E+11,#N/A,#N/A,Motherhub_HRN,FM BRSNR,HowrahHub_KOL_PL,PH-B3-KOLHRN-8023179,expected,OPENED,27-09-2026 02:44,Somnath G
27-09-2026,FMPP4300284316,HowrahHub_KOL_PL,Honasa Consumer Ltd 7070864721,d98f0b7bc7b345b1,dispatched_to_mh,East,LMA,1.00E+11,SAS,SubhankarMondal,Motherhub_HRN,FM BRSNR,HowrahHub_KOL_PL,PH-B3-KOLHRN-8028300,expected,OPENED,27-09-2026 03:19,Somnath G
27-09-2026,FMPP4301326715,JaipurHub_JAI_PL,NADHYA CREATION +918005926767,e0cf79eed8714e99,dispatched_to_mh,North,LMA,1.00E+11,Vxpress,Sodan SinghKothyari,Motherhub_JAI_BTS,FM BRSNR,JaipurHub_JAI_PL,PH-ZO-JAIBTS-23200401,expected,OPENED,26-09-2026 23:23,Akash Sharma
27-09-2026,FMPP4298821541,JaipurHub_JAI_PL,honey fashion hub +919782894214,6720dc111b48427e,received_at_mh,North,LMA,1.00E+11,#N/A,#N/A,Motherhub_JAI_BTS,FM BRSNR,JaipurHub_JAI_PL,PH-B1-JAIBTS-23928410,expected,OPENED,26-09-2026 23:45,Akash Sharma
27-09-2026,FMPP4300585222,JaipurHub_JAI_PL,VASTRA CREATION +919680508873,628daed7c5fe421a,dispatched_to_mh,North,LMA,1.00E+11,Greenteck Logistics and Mobility Pvt Ltd,GaffarKhan,Motherhub_JAI_BTS,FM BRSNR,JaipurHub_JAI_PL,PH-B2-JAIBTS-23695968,expected,OPENED,26-09-2026 21:06,Akash Sharma
27-09-2026,FMPC6533581112,JaipurHub_JAI_PL,SHRI RADHEY EXPORTS +919928386747,b7c054b5a8464d75,dispatched_to_mh,North,LMA,1.00E+11,Greenteck Logistics and Mobility Pvt Ltd,RANJEET SINGHKUSHWAHA,Motherhub_JAI_BTS,FM BRSNR,JaipurHub_JAI_PL,PH-ZO-JAIBTS-23695886,expected,OPENED,26-09-2026 21:09,Akash Sharma
27-09-2026,FMPC6532876358,JaipurHub_JAI_PL,SHYAM LAL GAUD +919785949345,5b5907408b2541a4,received_at_mh,North,LMA,1.00E+11,Greenteck Logistics and Mobility Pvt Ltd,Manish KumarMeena,Motherhub_JAI_BTS,FM BRSNR,JaipurHub_JAI_PL,PH-B4-JAIBTS-24008581,expected,OPENED,26-09-2026 23:05,Akash Sharma
27-09-2026,FMPC6533771781,JaipurHub_JAI_PL,SHRI SHYAM KRIPA +917300011144,c0a152544a9e4f4c,dispatched_to_mh,North,LMA,1.00E+11,Greenteck Logistics and Mobility Pvt Ltd,VisharamGurjar,Motherhub_JAI_BTS,FM BRSNR,JaipurHub_JAI_PL,PH-B2-JAIBTS-23847571,expected,OPENED,27-09-2026 00:19,Akash Sharma
27-09-2026,FMPP4298882827,KalyanHub_MUM_PL,Smart Batteries +917350620232,adb5ccbe9d7443a4,dispatched_to_mh,West,TRUEFLEX,4192981,TRUEFLEX,#N/A,Motherhub_SAI_4,FM BRSNR,KalyanHub_MUM_PL,PH-B1-MUMSAI-26917525,expected,OPENED,26-09-2026 23:31,Ashwarya Singh
27-09-2026,FMPC6532787219,HowrahHub_KOL_PL,Honasa Consumer Ltd 7070864721,d98f0b7bc7b345b1,dispatched_to_mh,East,LMA,1.00E+11,SAS,SubhankarMondal,Motherhub_HRN,FM BRSNR,HowrahHub_KOL_PL,PH-B3-KOLHRN-8028300,expected,OPENED,27-09-2026 03:19,Somnath G
27-09-2026,FMPP4300827345,JaipurHub_JAI_PL,TANU CREATIONS +919782732440,6fe51cb26a934d75,dispatched_to_mh,North,LMA,1.00E+11,WHEELEY,VijendraBairwa,Motherhub_JAI_BTS,FM BRSNR,JaipurHub_JAI_PL,PH-B4-JAIBTS-23921861,expected,OPENED,27-09-2026 00:13,Akash Sharma
27-09-2026,FMPC6533711137,HowrahHub_KOL_PL,Honasa Consumer Ltd 7070864721,d98f0b7bc7b345b1,dispatched_to_mh,East,LMA,1.00E+11,SAS,SubhankarMondal,Motherhub_HRN,FM BRSNR,HowrahHub_KOL_PL,PH-B3-KOLHRN-8028300,expected,OPENED,27-09-2026 03:19,Somnath G
27-09-2026,FMPP4298882843,KalyanHub_MUM_PL,Smart Batteries +917350620232,adb5ccbe9d7443a4,dispatched_to_mh,West,TRUEFLEX,4192981,TRUEFLEX,#N/A,Motherhub_SAI_4,FM BRSNR,KalyanHub_MUM_PL,PH-B3-MUMSAI-26917608,expected,OPENED,26-09-2026 23:32,Ashwarya Singh
27-09-2026,FMPP4300101806,KalyanHub_MUM_PL,ARKONNECT VENTURES SERVICES LLP +918108874079,3d989c439f06426a,dispatched_to_mh,West,LMA,3807684,#N/A,#N/A,Motherhub_SAI_4,FM BRSNR,KalyanHub_MUM_PL,PH-B6-MUMSAI-26918060,expected,OPENED,26-09-2026 23:48,Ashwarya Singh
27-09-2026,FMPP4299518814,JaipurHub_JAI_PL,TANU CREATIONS +919782732440,6fe51cb26a934d75,dispatched_to_mh,North,LMA,1.00E+11,WHEELEY,VijendraBairwa,Motherhub_JAI_BTS,FM BRSNR,JaipurHub_JAI_PL,PH-B3-JAIBTS-23891826,expected,OPENED,27-09-2026 00:15,Akash Sharma
27-09-2026,FMPP4299827039,JaipurHub_JAI_PL,SARAH +919636311677,444a55141f544e5e,received_at_mh,North,LMA,1.00E+11,#N/A,#N/A,Motherhub_JAI_BTS,FM BRSNR,JaipurHub_JAI_PL,PH-B1-JAIBTS-23928410,expected,OPENED,26-09-2026 23:45,Akash Sharma
27-09-2026,FMPC6533205209,JaipurHub_JAI_PL,MOHINI CREATIONS +918302134853,3830f761390e4001,received_at_mh,North,LMA,4137564,#N/A,#N/A,Motherhub_JAI_BTS,FM BRSNR,JaipurHub_JAI_PL,PH-B1-JAIBTS-23978632,expected,OPENED,26-09-2026 23:15,Akash Sharma
27-09-2026,FMPC6532197319,JaipurHub_JAI_PL,SWADHI +918306754599,b4cc3a840d7b4eef,dispatched_to_mh,North,LMA,1.00E+11,WHEELEY,RamchandraChoudhary,Motherhub_JAI_BTS,FM BRSNR,JaipurHub_JAI_PL,PH-B2-JAIBTS-24013156,expected,OPENED,27-09-2026 00:44,Akash Sharma
27-09-2026,FMPC6530095186,KalyanHub_MUM_PL,Bhoomika Enterprises +917756002296,6ae305a05b254bdb,received_at_mh,West,LMA,1.00E+11,SUSAH SUPPLY CHAIN AND NETWORK PRIVATE LIMITED,Khan Mohammed SadiqueRiyazuddin,Motherhub_SAI_4,FM BRSNR,KalyanHub_MUM_PL,PH-B6-MUMSAI-26901489,expected,OPENED,26-09-2026 23:20,Ashwarya Singh
27-09-2026,FMPP4299173676,KalyanHub_MUM_PL,EKGHARA TRADERS +918454948831,60f4733fa2ab45fb,dispatched_to_mh,West,LMA,1.00E+11,SUSAH SUPPLY CHAIN AND NETWORK PRIVATE LIMITED,Khan Mohammed SadiqueRiyazuddin,Motherhub_SAI_4,FM BRSNR,KalyanHub_MUM_PL,PH-B1-MUMSAI-26901392,expected,OPENED,26-09-2026 23:25,Ashwarya Singh
27-09-2026,FMPP4299976112,JaipurHub_JAI_PL,HG ENTERPRISES +919784111237,13a05de17a374434,dispatched_to_mh,North,LMA,1.00E+11,We Innovate Business Solutions Pvt Ltd,VikashMali,Motherhub_JAI_BTS,FM BRSNR,JaipurHub_JAI_PL,PH-B2-JAIBTS-24010100,expected,OPENED,26-09-2026 23:04,Akash Sharma
27-09-2026,FMPC6532825874,JaipurHub_JAI_PL,COLOR SPLASH +919314050661,4c759aa9e2ad4ad5,dispatched_to_mh,North,LMA,1.00E+11,#N/A,#N/A,Motherhub_JAI_BTS,FM BRSNR,JaipurHub_JAI_PL,PH-B1-JAIBTS-24007649,expected,OPENED,26-09-2026 23:03,Akash Sharma
27-09-2026,FMPP4298882872,KalyanHub_MUM_PL,Smart Batteries +917350620232,adb5ccbe9d7443a4,dispatched_to_mh,West,TRUEFLEX,4192981,TRUEFLEX,#N/A,Motherhub_SAI_4,FM BRSNR,KalyanHub_MUM_PL,PH-B6-MUMSAI-26917859,expected,OPENED,26-09-2026 23:32,Ashwarya Singh
27-09-2026,FMPC6532617225,HowrahHub_KOL_PL,Honasa Consumer Ltd 7070864721,d98f0b7bc7b345b1,dispatched_to_mh,East,LMA,1.00E+11,SAS,SubhankarMondal,Motherhub_HRN,FM BRSNR,HowrahHub_KOL_PL,PH-B3-KOLHRN-8028294,expected,OPENED,27-09-2026 03:25,Somnath G
27-09-2026,FMPP4299617264,JaipurHub_JAI_PL,honey fashion hub +919782894214,6720dc111b48427e,received_at_mh,North,LMA,1.00E+11,#N/A,#N/A,Motherhub_JAI_BTS,FM BRSNR,JaipurHub_JAI_PL,PH-B3-JAIBTS-23928482,added_to_container,OPENED,26-09-2026 23:54,Akash Sharma
27-09-2026,FMPC6531018599,JaipurHub_JAI_PL,DAVADOST PHARMA PRIVATE LIMITED +919887662289,45ed5d4ccdf54f48,dispatched_to_mh,North,LMA,1.00E+11,Greenteck Logistics and Mobility Pvt Ltd,Ganesh LalGurjar,Motherhub_JAI_BTS,FM BRSNR,JaipurHub_JAI_PL,PH-B1-JAIBTS-23993939,expected,OPENED,26-09-2026 23:51,Akash Sharma
27-09-2026,FMPC6533727484,HowrahHub_KOL_PL,Honasa Consumer Ltd 7070864721,d98f0b7bc7b345b1,dispatched_to_mh,East,LMA,1.00E+11,SAS,SubhankarMondal,Motherhub_HRN,FM BRSNR,HowrahHub_KOL_PL,PH-B3-KOLHRN-8028300,expected,OPENED,27-09-2026 03:19,Somnath G
27-09-2026,FMPP4299224698,HowrahHub_KOL_PL,Honasa Consumer Ltd 7070864721,d98f0b7bc7b345b1,dispatched_to_mh,East,LMA,1.00E+11,SAS,SubhankarMondal,Motherhub_HRN,FM BRSNR,HowrahHub_KOL_PL,PH-B3-KOLHRN-8028300,expected,OPENED,27-09-2026 03:19,Somnath G
27-09-2026,FMPP4300082529,JaipurHub_JAI_PL,ANAILA +918696387171,02edb71913bb40b3,received_at_mh,North,LMA,1.00E+11,#N/A,#N/A,Motherhub_JAI_BTS,FM BRSNR,JaipurHub_JAI_PL,PH-B1-JAIBTS-23928410,expected,OPENED,26-09-2026 23:45,Akash Sharma
27-09-2026,FMPC6533679334,HowrahHub_KOL_PL,Honasa Consumer Ltd 7070864721,d98f0b7bc7b345b1,dispatched_to_mh,East,LMA,1.00E+11,SAS,SubhankarMondal,Motherhub_HRN,FM BRSNR,HowrahHub_KOL_PL,PH-B3-KOLHRN-8028300,expected,OPENED,27-09-2026 03:19,Somnath G
27-09-2026,FMPC6533745030,JaipurHub_JAI_PL,TANU CREATIONS +919782732440,6fe51cb26a934d75,dispatched_to_mh,North,LMA,1.00E+11,WHEELEY,VijendraBairwa,Motherhub_JAI_BTS,FM BRSNR,JaipurHub_JAI_PL,PH-B4-JAIBTS-23921861,expected,OPENED,27-09-2026 00:13,Akash Sharma
27-09-2026,FMPP4301139443,HowrahHub_KOL_PL,Honasa Consumer Ltd 7070864721,d98f0b7bc7b345b1,dispatched_to_mh,East,LMA,1.00E+11,SAS,SubhankarMondal,Motherhub_HRN,FM BRSNR,HowrahHub_KOL_PL,PH-B3-KOLHRN-8028294,expected,OPENED,27-09-2026 03:25,Somnath G
27-09-2026,FMPC6533860341,JaipurHub_JAI_PL,SHRI SHYAM KRIPA +917300011144,c0a152544a9e4f4c,dispatched_to_mh,North,LMA,1.00E+11,Greenteck Logistics and Mobility Pvt Ltd,VisharamGurjar,Motherhub_JAI_BTS,FM BRSNR,JaipurHub_JAI_PL,PH-B4-JAIBTS-23847597,expected,OPENED,27-09-2026 00:17,Akash Sharma
27-09-2026,FMPC6532662709,HowrahHub_KOL_PL,Honasa Consumer Ltd 7070864721,d98f0b7bc7b345b1,dispatched_to_mh,East,LMA,1.00E+11,SAS,SubhankarMondal,Motherhub_HRN,FM BRSNR,HowrahHub_KOL_PL,PH-B3-KOLHRN-8028294,expected,OPENED,27-09-2026 03:25,Somnath G
27-09-2026,FMPC6533858352,HowrahHub_KOL_PL,Honasa Consumer Ltd 7070864721,d98f0b7bc7b345b1,dispatched_to_mh,East,LMA,1.00E+11,SAS,SubhankarMondal,Motherhub_HRN,FM BRSNR,HowrahHub_KOL_PL,PH-B3-KOLHRN-8028294,expected,OPENED,27-09-2026 03:25,Somnath G
27-09-2026,FMPC6532780658,HowrahHub_KOL_PL,Honasa Consumer Ltd 7070864721,d98f0b7bc7b345b1,dispatched_to_mh,East,LMA,1.00E+11,SAS,SubhankarMondal,Motherhub_HRN,FM BRSNR,HowrahHub_KOL_PL,PH-B3-KOLHRN-8028294,expected,OPENED,27-09-2026 03:25,Somnath G
27-09-2026,FMPC6530792985,KalyanHub_MUM_PL,Taily Affairs +918879447447,f5492b7af19a4ac9,dispatched_to_mh,West,TRUEFLEX,1412309,TRUEFLEX,#N/A,Motherhub_SAI_4,FM BRSNR,KalyanHub_MUM_PL,PH-B1-MUMSAI-26915993,expected,OPENED,26-09-2026 23:10,Ashwarya Singh
27-09-2026,FMPP4300492882,JaipurHub_JAI_PL,SRI BALAJEE ENTERPRISES +918905648837,bf1ee6216635462b,dispatched_to_mh,North,LMA,1.00E+11,Greenteck Logistics and Mobility Pvt Ltd,RANJEET SINGHKUSHWAHA,Motherhub_JAI_BTS,FM BRSNR,JaipurHub_JAI_PL,PH-B1-JAIBTS-23817944,expected,OPENED,26-09-2026 21:12,Akash Sharma
27-09-2026,FMPC6530307787,KalyanHub_MUM_PL,EKGHARA TRADERS +918454948831,60f4733fa2ab45fb,dispatched_to_mh,West,LMA,1.00E+11,SUSAH SUPPLY CHAIN AND NETWORK PRIVATE LIMITED,Khan Mohammed SadiqueRiyazuddin,Motherhub_SAI_4,FM BRSNR,KalyanHub_MUM_PL,PH-B3-MUMSAI-26901419,expected,OPENED,26-09-2026 23:24,Ashwarya Singh
27-09-2026,FMPC6531295852,KalyanHub_MUM_PL,STRETLY ENTERPRISES +917447711744,320df85d33194e50,dispatched_to_mh,West,TRUEFLEX,1415974,TRUEFLEX,#N/A,Motherhub_SAI_4,FM BRSNR,KalyanHub_MUM_PL,PH-B4-MUMSAI-26917209,expected,OPENED,27-09-2026 00:16,Ashwarya Singh
27-09-2026,FMPC6533493183,HowrahHub_KOL_PL,Honasa Consumer Ltd 7070864721,d98f0b7bc7b345b1,dispatched_to_mh,East,LMA,1.00E+11,SAS,SubhankarMondal,Motherhub_HRN,FM BRSNR,HowrahHub_KOL_PL,PH-B3-KOLHRN-8028294,expected,OPENED,27-09-2026 03:25,Somnath G
27-09-2026,FMPP4299150006,JaipurHub_JAI_PL,SARAH +919636311677,444a55141f544e5e,received_at_mh,North,LMA,1.00E+11,#N/A,#N/A,Motherhub_JAI_BTS,FM BRSNR,JaipurHub_JAI_PL,PH-B3-JAIBTS-23928482,expected,OPENED,26-09-2026 23:54,Akash Sharma
27-09-2026,FMPP4301399676,JaipurHub_JAI_PL,RADHIKA FASHION +917727808177,6ab31154ba4e4207,dispatched_to_mh,North,LMA,1.00E+11,Greenteck Logistics and Mobility Pvt Ltd,DharmendraKushwaha,Motherhub_JAI_BTS,FM BRSNR,JaipurHub_JAI_PL,PH-B1-JAIBTS-23412202,expected,OPENED,26-09-2026 19:13,Akash Sharma
27-09-2026,FMPC6533604832,HowrahHub_KOL_PL,Honasa Consumer Ltd 7070864721,d98f0b7bc7b345b1,dispatched_to_mh,East,LMA,1.00E+11,SAS,SubhankarMondal,Motherhub_HRN,FM BRSNR,HowrahHub_KOL_PL,PH-B3-KOLHRN-8028300,expected,OPENED,27-09-2026 03:19,Somnath G
27-09-2026,FMPP4301428994,HowrahHub_KOL_PL,CONNEDIT BUSINESS SOLUTIONS PRIVATE LIMITED 9953504527,05296f248e0047f4,dispatched_to_mh,East,LMA,1.00E+11,#N/A,#N/A,Motherhub_HRN,FM BRSNR,HowrahHub_KOL_PL,PH-B3-KOLHRN-7093111,expected,OPENED,27-09-2026 05:36,Somnath G
27-09-2026,FMPC6531415484,JaipurHub_JAI_PL,BALAJI PREMIUM COLLECTION +917891999029,1bedc593972c4ab3,dispatched_to_mh,North,LMA,1.00E+11,We Innovate Business Solutions Pvt Ltd,ShubhkeshMeena,Motherhub_JAI_BTS,FM BRSNR,JaipurHub_JAI_PL,PH-ZO-JAIBTS-23980437,expected,OPENED,26-09-2026 23:31,Akash Sharma
27-09-2026,FMPC6533742237,JaipurHub_JAI_PL,SUDHIR LINING +919587166111,7e92155732db42af,dispatched_to_mh,North,LMA,1.00E+11,Watsoo,Dilip SinghBairwa,Motherhub_JAI_BTS,FM BRSNR,JaipurHub_JAI_PL,PH-B4-JAIBTS-24009133,expected,OPENED,26-09-2026 23:54,Akash Sharma
27-09-2026,FMPC6530381897,KalyanHub_MUM_PL,CARGOINN +919833151515,a62bd052e40447c0,received_at_mh,West,LMA,1.00E+11,SUSAH SUPPLY CHAIN AND NETWORK PRIVATE LIMITED,Khan Mohammed SadiqueRiyazuddin,Motherhub_SAI_4,FM BRSNR,KalyanHub_MUM_PL,PH-B3-MUMSAI-26901419,expected,OPENED,26-09-2026 23:24,Ashwarya Singh
27-09-2026,FMPC6531624704,JaipurHub_JAI_PL,TANU CREATIONS +919782732440,6fe51cb26a934d75,dispatched_to_mh,North,LMA,1.00E+11,WHEELEY,VijendraBairwa,Motherhub_JAI_BTS,FM BRSNR,JaipurHub_JAI_PL,PH-B4-JAIBTS-23921861,expected,OPENED,27-09-2026 00:13,Akash Sharma
27-09-2026,FMPC6533675727,HowrahHub_KOL_PL,Honasa Consumer Ltd 7070864721,d98f0b7bc7b345b1,dispatched_to_mh,East,LMA,1.00E+11,SAS,SubhankarMondal,Motherhub_HRN,FM BRSNR,HowrahHub_KOL_PL,PH-B3-KOLHRN-8028294,expected,OPENED,27-09-2026 03:25,Somnath G
27-09-2026,FMPP4299023050,KalyanHub_MUM_PL,Kore Tech +917507620232,dfc27a3fb563469a,dispatched_to_mh,West,TRUEFLEX,4192981,TRUEFLEX,#N/A,Motherhub_SAI_4,FM BRSNR,KalyanHub_MUM_PL,PH-B3-MUMSAI-26917608,expected,OPENED,26-09-2026 23:32,Ashwarya Singh
27-09-2026,FMPP4299591946,KalyanHub_MUM_PL,ANKITA ENTERPRISES +919821505188,c7993579eb3c46d1,dispatched_to_mh,West,TRUEFLEX,4192981,TRUEFLEX,#N/A,Motherhub_SAI_4,FM BRSNR,KalyanHub_MUM_PL,PH-B1-MUMSAI-26917524,expected,OPENED,26-09-2026 23:31,Ashwarya Singh
27-09-2026,FMPP4300369840,JaipurHub_JAI_PL,SONISHQ ELEGANCE +918529373179,5b31c16ea4d149ea,dispatched_to_mh,North,LMA,1.00E+11,We Innovate Business Solutions Pvt Ltd,Girraj PrasadMeena,Motherhub_JAI_BTS,FM BRSNR,JaipurHub_JAI_PL,PH-B4-JAIBTS-24015304,expected,OPENED,26-09-2026 23:46,Akash Sharma
27-09-2026,FMPP4299414846,JaipurHub_JAI_PL,Shivanshkirti +919571458814,7e9f89b64f1e4049,dispatched_to_mh,North,LMA,1.00E+11,Vxpress,Dinesh KumarNayak,Motherhub_JAI_BTS,FM BRSNR,JaipurHub_JAI_PL,PH-B3-JAIBTS-24009903,expected,OPENED,26-09-2026 23:20,Akash Sharma
27-09-2026,FMPC6523828998,JaipurHub_JAI_PL,DK creation +919314244447,b11f2d88da3f4762,dispatched_to_mh,North,LMA,1.00E+11,#N/A,#N/A,Motherhub_JAI_BTS,FM BRSNR,JaipurHub_JAI_PL,PH-B2-JAIBTS-24013386,expected,OPENED,27-09-2026 01:07,Akash Sharma
27-09-2026,FMPP4301329791,JaipurHub_JAI_PL,PREMOKAR CREATION +919782668205,8c5182b775644fd5,dispatched_to_mh,North,LMA,1.00E+11,WHEELEY,AmanKushvaha,Motherhub_JAI_BTS,FM BRSNR,JaipurHub_JAI_PL,PH-B3-JAIBTS-23808114,expected,OPENED,26-09-2026 20:36,Akash Sharma
27-09-2026,FMPC6532765275,HowrahHub_KOL_PL,Honasa Consumer Ltd 7070864721,d98f0b7bc7b345b1,dispatched_to_mh,East,LMA,1.00E+11,SAS,SubhankarMondal,Motherhub_HRN,FM BRSNR,HowrahHub_KOL_PL,PH-B3-KOLHRN-8028300,expected,OPENED,27-09-2026 03:19,Somnath G
27-09-2026,FMPC6530248347,KalyanHub_MUM_PL,EKGHARA TRADERS +918454948831,60f4733fa2ab45fb,received_at_mh,West,LMA,1.00E+11,SUSAH SUPPLY CHAIN AND NETWORK PRIVATE LIMITED,Khan Mohammed SadiqueRiyazuddin,Motherhub_SAI_4,FM BRSNR,KalyanHub_MUM_PL,PH-B3-MUMSAI-26901419,expected,OPENED,26-09-2026 23:24,Ashwarya Singh
27-09-2026,FMPP4299489600,HowrahHub_KOL_PL,Honasa Consumer Ltd 7070864721,d98f0b7bc7b345b1,dispatched_to_mh,East,LMA,1.00E+11,SAS,SubhankarMondal,Motherhub_HRN,FM BRSNR,HowrahHub_KOL_PL,PH-B3-KOLHRN-8028294,expected,OPENED,27-09-2026 03:25,Somnath G
27-09-2026,FMPC6531471101,HowrahHub_KOL_PL,Honasa Consumer Ltd 7070864721,d98f0b7bc7b345b1,dispatched_to_mh,East,LMA,1.00E+11,SAS,SubhankarMondal,Motherhub_HRN,FM BRSNR,HowrahHub_KOL_PL,PH-B3-KOLHRN-8028294,expected,OPENED,27-09-2026 03:25,Somnath G
27-09-2026,FMPC6531354066,JaipurHub_JAI_PL,K.Y. COLLECTIONS +917976555507,0e54eb3cfe0845e2,dispatched_to_mh,North,LMA,1.00E+11,#N/A,#N/A,Motherhub_JAI_BTS,FM BRSNR,JaipurHub_JAI_PL,PH-B3-JAIBTS-24007661,expected,OPENED,26-09-2026 23:04,Akash Sharma
27-09-2026,FMPC6533765584,JaipurHub_JAI_PL,Neelkanth Enterprises +918955506563,296b35c4a47140e8,received_at_mh,North,LMA,1.00E+11,Greenteck Logistics and Mobility Pvt Ltd,VishalSaini,Motherhub_JAI_BTS,FM BRSNR,JaipurHub_JAI_PL,PH-B3-JAIBTS-24010475,sorted,TERMINATED,26-09-2026 20:54,Akash Sharma
27-09-2026,FMPC6533008530,JaipurHub_JAI_PL,Aj INCORPORATION +919649223399,34b633fe84fa4138,dispatched_to_mh,North,LMA,1.00E+11,We Innovate Business Solutions Pvt Ltd,VikramMahawar,Motherhub_JAI_BTS,FM BRSNR,JaipurHub_JAI_PL,PH-ZO-JAIBTS-24011974,expected,OPENED,26-09-2026 23:49,Akash Sharma
27-09-2026,FMPP4300476776,HowrahHub_KOL_PL,Honasa Consumer Ltd 7070864721,d98f0b7bc7b345b1,dispatched_to_mh,East,LMA,1.00E+11,SAS,SubhankarMondal,Motherhub_HRN,FM BRSNR,HowrahHub_KOL_PL,PH-B3-KOLHRN-8028294,expected,OPENED,27-09-2026 03:25,Somnath G
27-09-2026,FMPC6530539909,JaipurHub_JAI_PL,JAI BHAWANI TEXTILE +916378886935,626fe06c586d452b,received_at_mh,North,LMA,1.00E+11,Vxpress,Sodan SinghKothyari,Motherhub_JAI_BTS,FM BRSNR,JaipurHub_JAI_PL,PH-B2-JAIBTS-23695179,expected,OPENED,26-09-2026 23:24,Akash Sharma
27-09-2026,FMPC6533654223,JaipurHub_JAI_PL,HOUSE OF DADHIMATI ARTISTRY +919610713366,e9f4bf6efbba46b9,dispatched_to_mh,North,LMA,1.00E+11,We Innovate Business Solutions Pvt Ltd,VikramMahawar,Motherhub_JAI_BTS,FM BRSNR,JaipurHub_JAI_PL,PH-B1-JAIBTS-24011863,expected,OPENED,26-09-2026 23:44,Akash Sharma
27-09-2026,FMPC6533122042,JaipurHub_JAI_PL,Kiyara sales +918079034504,30473511dea84305,dispatched_to_mh,North,LMA,1.00E+11,#N/A,#N/A,Motherhub_JAI_BTS,FM BRSNR,JaipurHub_JAI_PL,PH-B1-JAIBTS-23784670,expected,OPENED,26-09-2026 23:48,Akash Sharma
27-09-2026,FMPP4298025146,KalyanHub_MUM_PL,ARKONNECT VENTURES SERVICES LLP +918108874079,3d989c439f06426a,dispatched_to_mh,West,LMA,3807684,#N/A,#N/A,Motherhub_SAI_4,FM BRSNR,KalyanHub_MUM_PL,PH-B1-MUMSAI-26917969,expected,OPENED,26-09-2026 23:38,Ashwarya Singh
27-09-2026,FMPC6530635237,JaipurHub_JAI_PL,PAAVALI ENTERPRISES +917014671405,586554dfe1b7485b,received_at_mh,North,LMA,4137564,#N/A,#N/A,Motherhub_JAI_BTS,FM BRSNR,JaipurHub_JAI_PL,PH-B3-JAIBTS-23978687,expected,OPENED,26-09-2026 23:15,Akash Sharma
27-09-2026,FMPC6531728305,KalyanHub_MUM_PL,ARKONNECT VENTURES SERVICES LLP +918108874079,3d989c439f06426a,dispatched_to_mh,West,LMA,3807684,#N/A,#N/A,Motherhub_SAI_4,FM BRSNR,KalyanHub_MUM_PL,PH-B2-MUMSAI-26918002,expected,OPENED,26-09-2026 23:37,Ashwarya Singh
27-09-2026,FMPP4301301618,JaipurHub_JAI_PL,TANU CREATIONS +919782732440,6fe51cb26a934d75,dispatched_to_mh,North,LMA,1.00E+11,WHEELEY,VijendraBairwa,Motherhub_JAI_BTS,FM BRSNR,JaipurHub_JAI_PL,PH-B2-JAIBTS-23921842,expected,OPENED,27-09-2026 00:13,Akash Sharma
27-09-2026,FMPC6533748009,HowrahHub_KOL_PL,Honasa Consumer Ltd 7070864721,d98f0b7bc7b345b1,dispatched_to_mh,East,LMA,1.00E+11,SAS,SubhankarMondal,Motherhub_HRN,FM BRSNR,HowrahHub_KOL_PL,PH-B3-KOLHRN-8028300,expected,OPENED,27-09-2026 03:19,Somnath G
27-09-2026,FMPC6531362897,HowrahHub_KOL_PL,Honasa Consumer Ltd 7070864721,d98f0b7bc7b345b1,dispatched_to_mh,East,LMA,1.00E+11,SAS,SubhankarMondal,Motherhub_HRN,FM BRSNR,HowrahHub_KOL_PL,PH-B3-KOLHRN-8028294,expected,OPENED,27-09-2026 03:25,Somnath G
27-09-2026,FMPC6530806150,HowrahHub_KOL_PL,Honasa Consumer Ltd 7070864721,d98f0b7bc7b345b1,dispatched_to_mh,East,LMA,1.00E+11,SAS,SubhankarMondal,Motherhub_HRN,FM BRSNR,HowrahHub_KOL_PL,PH-B3-KOLHRN-8028300,expected,OPENED,27-09-2026 03:19,Somnath G
27-09-2026,FMPP4298882852,KalyanHub_MUM_PL,Smart Batteries +917350620232,adb5ccbe9d7443a4,dispatched_to_mh,West,TRUEFLEX,4192981,TRUEFLEX,#N/A,Motherhub_SAI_4,FM BRSNR,KalyanHub_MUM_PL,PH-B6-MUMSAI-26917859,expected,OPENED,26-09-2026 23:32,Ashwarya Singh
27-09-2026,FMPP4301177115,JaipurHub_JAI_PL,ZORA TECHNOLOGIES +919726109659,8da6ff245db947ad,dispatched_to_mh,North,LMA,4130587,#N/A,#N/A,Motherhub_JAI_BTS,FM BRSNR,JaipurHub_JAI_PL,PH-B4-JAIBTS-23989953,expected,OPENED,26-09-2026 20:16,Akash Sharma
27-09-2026,FMPC6531211841,JaipurHub_JAI_PL,TRUSTin.ONLINE +917073998855,b39119b0051e48ff,dispatched_to_mh,North,LMA,1.00E+11,#N/A,#N/A,Motherhub_JAI_BTS,FM BRSNR,JaipurHub_JAI_PL,PH-B1-JAIBTS-23944484,expected,OPENED,26-09-2026 23:57,Akash Sharma
27-09-2026,FMPP4300863704,HowrahHub_KOL_PL,Honasa Consumer Ltd 7070864721,d98f0b7bc7b345b1,dispatched_to_mh,East,LMA,1.00E+11,SAS,SubhankarMondal,Motherhub_HRN,FM BRSNR,HowrahHub_KOL_PL,PH-B3-KOLHRN-8028300,expected,OPENED,27-09-2026 03:19,Somnath G
27-09-2026,FMPC6532303664,JaipurHub_JAI_PL,MobAcce +919351103027,d2490574b53f4279,received_at_mh,North,LMA,4130587,#N/A,#N/A,Motherhub_JAI_BTS,FM BRSNR,JaipurHub_JAI_PL,PH-B3-JAIBTS-24011605,expected,OPENED,27-09-2026 01:06,Akash Sharma
27-09-2026,FMPC6533468454,JaipurHub_JAI_PL,MAHALAXMI CREATION +918306727200,799ba74c687b44e4,dispatched_to_mh,North,LMA,1.00E+11,Transwide Express,DashrathIndoriya,Motherhub_JAI_BTS,FM BRSNR,JaipurHub_JAI_PL,PH-B1-JAIBTS-23884078,expected,OPENED,26-09-2026 19:18,Akash Sharma
27-09-2026,FMPC6532850101,JaipurHub_JAI_PL,JAI AMBEY ENTERPRISES +919024107022,0f9eceedc20749fb,dispatched_to_mh,North,LMA,1.00E+11,#N/A,#N/A,Motherhub_JAI_BTS,FM BRSNR,JaipurHub_JAI_PL,PH-B1-JAIBTS-23944482,expected,OPENED,26-09-2026 23:55,Akash Sharma
27-09-2026,FMPC6531836507,HowrahHub_KOL_PL,Honasa Consumer Ltd 7070864721,d98f0b7bc7b345b1,dispatched_to_mh,East,LMA,1.00E+11,SAS,SubhankarMondal,Motherhub_HRN,FM BRSNR,HowrahHub_KOL_PL,PH-B3-KOLHRN-8028300,expected,OPENED,27-09-2026 03:19,Somnath G
27-09-2026,FMPP4299932976,MiraRoadHub_MUM_PL,ZULFIKAR +917208398974,2bb38401cbbb4fcf,dispatched_to_mh,West,TRUEFLEX,1312339,TRUEFLEX,SurajDnyaneshwer Shinde,Motherhub_SAI_5,FM BRSNR,MiraRoadHub_MUM_PL,PH-B1-MUMSAI5-1644604,expected,OPENED,27-09-2026 01:33,Ashwarya Singh
27-09-2026,FMPP4299958624,MiraRoadHub_MUM_PL,Saafco Products +918356867611,629f32476d51489d,dispatched_to_mh,West,EKART,2130993,EKART,,Motherhub_SAI_5,FM BRSNR,MiraRoadHub_MUM_PL,PH-B6-MUMSAI5-1646104,expected,OPENED,27-09-2026 02:26,Ashwarya Singh
27-09-2026,FMPC6532439432,MiraRoadHub_MUM_PL,SABA ENTERPRISES +918692842125,cdec555a6b494fed,dispatched_to_mh,West,TRUEFLEX,1027516,TRUEFLEX,AakashArvind Govari,Motherhub_SAI_5,FM BRSNR,MiraRoadHub_MUM_PL,PH-B1-MUMSAI5-1537125,expected,OPENED,27-09-2026 01:46,Ashwarya Singh
27-09-2026,FMPC6532483244,MiraRoadHub_MUM_PL,P G Trading +919321786968,402e9e51885a44c1,dispatched_to_mh,West,TRUEFLEX,1297471,TRUEFLEX,SuhelShaikh,Motherhub_SAI_5,FM BRSNR,MiraRoadHub_MUM_PL,PH-B3-MUMSAI5-1623419,expected,OPENED,27-09-2026 01:29,Ashwarya Singh
27-09-2026,FMPC6533878274,MalviyaNagarhub_JAI_PL,A S DEALS +918824282860,21a24706963645b5,dispatched_to_mh,North,LMA,1.00E+11,#N/A,#N/A,Motherhub_JAI_BTS,FM BRSNR,MalviyaNagarhub_JAI_PL,PH-B1-JAIBTS-23992526,expected,OPENED,27-09-2026 01:18,Akash Sharma
27-09-2026,FMPC6531155539,MiraRoadHub_MUM_PL,VIDHI TRADELINK +919820600434,b592e3da80a04e00,dispatched_to_mh,West,TRUEFLEX,1297471,TRUEFLEX,SuhelShaikh,Motherhub_SAI_5,FM BRSNR,MiraRoadHub_MUM_PL,PH-B6-MUMSAI5-1623482,expected,OPENED,27-09-2026 01:29,Ashwarya Singh
27-09-2026,FMPC6533252804,MalviyaNagarhub_JAI_PL,SUKAGO ENTERPRISES +916378351983,6314f591cc1242b5,dispatched_to_mh,North,LMA,1.00E+11,K AND K LOGISTICS,MohammedNazim,Motherhub_JAI_BTS,FM BRSNR,MalviyaNagarhub_JAI_PL,PH-B1-JAIBTS-23855238,expected,OPENED,27-09-2026 01:28,Akash Sharma
27-09-2026,FMPC6532688639,MiraRoadHub_MUM_PL,AKASH S METAL +918097617157,b5f06764683b40c3,dispatched_to_mh,West,TRUEFLEX,970463,TRUEFLEX,#N/A,Motherhub_SAI_5,FM BRSNR,MiraRoadHub_MUM_PL,PH-B1-MUMSAI5-1641905,expected,OPENED,27-09-2026 02:29,Ashwarya Singh
27-09-2026,FMPC6532216242,MiraRoadHub_MUM_PL,VIDHI TRADELINK +919820600434,b592e3da80a04e00,dispatched_to_mh,West,TRUEFLEX,1297471,TRUEFLEX,SuhelShaikh,Motherhub_SAI_5,FM BRSNR,MiraRoadHub_MUM_PL,PH-B6-MUMSAI5-1623482,expected,OPENED,27-09-2026 01:29,Ashwarya Singh
27-09-2026,FMPP4301160534,MalviyaNagarhub_JAI_PL,kavita corporation +919828784424,d602716ef5e84db1,dispatched_to_mh,North,LMA,1.00E+11,#N/A,#N/A,Motherhub_JAI_BTS,FM BRSNR,MalviyaNagarhub_JAI_PL,PH-ZO-JAIBTS-23991617,expected,OPENED,27-09-2026 01:41,Akash Sharma
27-09-2026,FMPC6532810367,MalviyaNagarhub_JAI_PL,LAKSHAY KID'S COLLECTION +916376035910,369ee33102114cf3,dispatched_to_mh,North,LMA,1.00E+11,#N/A,#N/A,Motherhub_JAI_BTS,FM BRSNR,MalviyaNagarhub_JAI_PL,PH-B4-JAIBTS-23855524,expected,OPENED,27-09-2026 02:12,Akash Sharma
27-09-2026,FMPC6532803263,MiraRoadHub_MUM_PL,VIKAS METAL +919819341970,b4153477d2834fa6,dispatched_to_mh,West,TRUEFLEX,970463,TRUEFLEX,#N/A,Motherhub_SAI_5,FM BRSNR,MiraRoadHub_MUM_PL,PH-B1-MUMSAI5-1641911,expected,OPENED,27-09-2026 02:48,Ashwarya Singh
27-09-2026,FMPC6531869803,MiraRoadHub_MUM_PL,M G TRADING +919152969339,951c02cf242641b0,dispatched_to_mh,West,TRUEFLEX,1297471,TRUEFLEX,SuhelShaikh,Motherhub_SAI_5,FM BRSNR,MiraRoadHub_MUM_PL,PH-B1-MUMSAI5-1623404,expected,OPENED,27-09-2026 01:27,Ashwarya Singh
27-09-2026,FMPC6533719874,MiraRoadHub_MUM_PL,TUNGSTEN INC +918850107419,cd2dc1efa42148cf,dispatched_to_mh,West,EKART,3813556,EKART,,Motherhub_SAI_4,FM BRSNR,MiraRoadHub_MUM_PL,PH-B2-MUMSAI-26923322,expected,OPENED,27-09-2026 03:44,Ashwarya Singh
27-09-2026,FMPC6528450786,MiraRoadHub_MUM_PL,M G TRADING +919152969339,951c02cf242641b0,dispatched_to_mh,West,TRUEFLEX,1297471,TRUEFLEX,SuhelShaikh,Motherhub_SAI_5,FM BRSNR,MiraRoadHub_MUM_PL,PH-B6-MUMSAI5-1623482,expected,OPENED,27-09-2026 01:29,Ashwarya Singh
27-09-2026,FMPC6530519173,MiraRoadHub_MUM_PL,A S ENTERPRISES +918652179229,d61b24667ffa4950,dispatched_to_mh,West,TRUEFLEX,1312339,TRUEFLEX,SurajDnyaneshwer Shinde,Motherhub_SAI_4,FM BRSNR,MiraRoadHub_MUM_PL,PH-B2-MUMSAI-26911660,expected,OPENED,27-09-2026 03:37,Ashwarya Singh
27-09-2026,FMPC6532190843,MiraRoadHub_MUM_PL,Winsome Babies +918104733272,c1c7d5ac33bf417e,dispatched_to_mh,West,TRUEFLEX,1297471,TRUEFLEX,SuhelShaikh,Motherhub_SAI_5,FM BRSNR,MiraRoadHub_MUM_PL,PH-B6-MUMSAI5-1645054,expected,OPENED,27-09-2026 01:33,Ashwarya Singh
27-09-2026,FMPC6532775777,MalviyaNagarhub_JAI_PL,A S DEALS +918824282860,21a24706963645b5,dispatched_to_mh,North,LMA,1.00E+11,#N/A,#N/A,Motherhub_JAI_BTS,FM BRSNR,MalviyaNagarhub_JAI_PL,PH-B2-JAIBTS-23992559,expected,OPENED,27-09-2026 01:16,Akash Sharma
27-09-2026,FMPP4300622718,MiraRoadHub_MUM_PL,SHRI KORJAI GRAPHICS +919594368510,730786fd9e6a4f4a,dispatched_to_mh,West,TRUEFLEX,1312339,TRUEFLEX,SurajDnyaneshwer Shinde,Motherhub_SAI_4,FM BRSNR,MiraRoadHub_MUM_PL,PH-B2-MUMSAI-26903205,expected,OPENED,27-09-2026 03:38,Ashwarya Singh
27-09-2026,FMPC6531858876,MiraRoadHub_MUM_PL,ZULFIKAR +917208398974,2bb38401cbbb4fcf,dispatched_to_mh,West,TRUEFLEX,1312339,TRUEFLEX,SurajDnyaneshwer Shinde,Motherhub_SAI_4,FM BRSNR,MiraRoadHub_MUM_PL,PH-B2-MUMSAI-26922906,expected,OPENED,27-09-2026 03:35,Ashwarya Singh
27-09-2026,FMPC6523725507,MalviyaNagarhub_JAI_PL,LAKSHAY KID'S COLLECTION +916376035910,369ee33102114cf3,dispatched_to_mh,North,LMA,1.00E+11,#N/A,#N/A,Motherhub_JAI_BTS,FM BRSNR,MalviyaNagarhub_JAI_PL,PH-B4-JAIBTS-23855524,expected,OPENED,27-09-2026 02:12,Akash Sharma
27-09-2026,FMPP4298036552,MiraRoadHub_MUM_PL,COPPERKING HOMEE INDIA PRIVATE LIMITED +917977074833,4ecbdccdab36438c,dispatched_to_mh,West,EKART,3422728,EKART,,Motherhub_SAI_5,FM BRSNR,MiraRoadHub_MUM_PL,PH-B3-MUMSAI5-1646467,expected,OPENED,27-09-2026 02:45,Ashwarya Singh
27-09-2026,FMPP4300516556,MiraRoadHub_MUM_PL,SHRI KORJAI GRAPHICS +919594368510,730786fd9e6a4f4a,received_at_mh,West,TRUEFLEX,1312339,TRUEFLEX,SurajDnyaneshwer Shinde,Motherhub_SAI_4,FM BRSNR,MiraRoadHub_MUM_PL,PH-B2-MUMSAI-26903205,expected,OPENED,27-09-2026 03:38,Ashwarya Singh
27-09-2026,FMPP4300343987,MiraRoadHub_MUM_PL,Khrisha Enterprises +919930266406,61814a35eef14046,dispatched_to_mh,West,TRUEFLEX,970463,TRUEFLEX,#N/A,Motherhub_SAI_4,FM BRSNR,MiraRoadHub_MUM_PL,PH-B4-MUMSAI-26921303,expected,OPENED,27-09-2026 02:23,Ashwarya Singh
27-09-2026,FMPP4300090959,MalviyaNagarhub_JAI_PL,SSC ENTERPRISE +919636562407,a269aaf0b0794c92,dispatched_to_mh,North,LMA,1.00E+11,K AND K LOGISTICS,Mohan LalBairwa,Motherhub_JAI_BTS,FM BRSNR,MalviyaNagarhub_JAI_PL,PH-ZO-JAIBTS-24010889,expected,OPENED,27-09-2026 02:08,Akash Sharma
27-09-2026,FMPC6532013487,MiraRoadHub_MUM_PL,M G TRADING +919152969339,951c02cf242641b0,dispatched_to_mh,West,TRUEFLEX,1297471,TRUEFLEX,SuhelShaikh,Motherhub_SAI_5,FM BRSNR,MiraRoadHub_MUM_PL,PH-B6-MUMSAI5-1623482,expected,OPENED,27-09-2026 01:29,Ashwarya Singh
27-09-2026,FMPC6533898376,MalviyaNagarhub_JAI_PL,HER VASTRAM +919314470704,fbdc24c6b62a4d35,dispatched_to_mh,North,LMA,1.00E+11,K AND K LOGISTICS,Mohan LalBairwa,Motherhub_JAI_BTS,FM BRSNR,MalviyaNagarhub_JAI_PL,PH-B4-JAIBTS-24010812,expected,OPENED,27-09-2026 02:08,Akash Sharma
27-09-2026,FMPC6532277933,MiraRoadHub_MUM_PL,ANYA VENTURES +917304609693,05fb2264e07e4e2e,dispatched_to_mh,West,EKART,2553550,EKART,,Motherhub_SAI_5,FM BRSNR,MiraRoadHub_MUM_PL,PH-B6-MUMSAI5-1646941,expected,OPENED,27-09-2026 01:55,Ashwarya Singh
27-09-2026,FMPC6532479417,MiraRoadHub_MUM_PL,Vidhi Enterprises +919820600434,4213b5728e9c45c3,dispatched_to_mh,West,TRUEFLEX,1297471,TRUEFLEX,SuhelShaikh,Motherhub_SAI_5,FM BRSNR,MiraRoadHub_MUM_PL,PH-B1-MUMSAI5-1623404,expected,OPENED,27-09-2026 01:27,Ashwarya Singh
27-09-2026,FMPC6528322993,MiraRoadHub_MUM_PL,VIDHI TRADELINK +919820600434,b592e3da80a04e00,dispatched_to_mh,West,TRUEFLEX,1297471,TRUEFLEX,SuhelShaikh,Motherhub_SAI_5,FM BRSNR,MiraRoadHub_MUM_PL,PH-B6-MUMSAI5-1623482,expected,OPENED,27-09-2026 01:29,Ashwarya Singh
27-09-2026,FMPP4300346639,MiraRoadHub_MUM_PL,P G Trading +919321786968,402e9e51885a44c1,dispatched_to_mh,West,TRUEFLEX,1297471,TRUEFLEX,SuhelShaikh,Motherhub_SAI_5,FM BRSNR,MiraRoadHub_MUM_PL,PH-B6-MUMSAI5-1623482,expected,OPENED,27-09-2026 01:29,Ashwarya Singh
27-09-2026,FMPP4300276270,MiraRoadHub_MUM_PL,VIDHI TRADELINK +919820600434,b592e3da80a04e00,dispatched_to_mh,West,TRUEFLEX,1297471,TRUEFLEX,SuhelShaikh,Motherhub_SAI_5,FM BRSNR,MiraRoadHub_MUM_PL,PH-B3-MUMSAI5-1623419,expected,OPENED,27-09-2026 01:29,Ashwarya Singh
27-09-2026,FMPP4301024031,MalviyaNagarhub_JAI_PL,DYNAMIC DECOR +919828028172,e61fc12898b84238,dispatched_to_mh,North,LMA,1.00E+11,#N/A,#N/A,Motherhub_JAI_BTS,FM BRSNR,MalviyaNagarhub_JAI_PL,PH-ZO-JAIBTS-23710853,expected,OPENED,27-09-2026 01:41,Akash Sharma
27-09-2026,FMPP4301429053,MalviyaNagarhub_JAI_PL,A S DEALS +918824282860,21a24706963645b5,dispatched_to_mh,North,LMA,1.00E+11,#N/A,#N/A,Motherhub_JAI_BTS,FM BRSNR,MalviyaNagarhub_JAI_PL,PH-B1-JAIBTS-23992526,expected,OPENED,27-09-2026 01:18,Akash Sharma
27-09-2026,FMPC6533677990,MalviyaNagarhub_JAI_PL,LAKSHAY KID'S COLLECTION +916376035910,369ee33102114cf3,dispatched_to_mh,North,LMA,1.00E+11,#N/A,#N/A,Motherhub_JAI_BTS,FM BRSNR,MalviyaNagarhub_JAI_PL,PH-B4-JAIBTS-23855524,expected,OPENED,27-09-2026 02:12,Akash Sharma
27-09-2026,FMPP4300098227,MiraRoadHub_MUM_PL,ZULFIKAR +917208398974,2bb38401cbbb4fcf,dispatched_to_mh,West,TRUEFLEX,1312339,TRUEFLEX,SurajDnyaneshwer Shinde,Motherhub_SAI_4,FM BRSNR,MiraRoadHub_MUM_PL,PH-B2-MUMSAI-26922906,expected,OPENED,27-09-2026 03:35,Ashwarya Singh
27-09-2026,FMPP4299975334,MiraRoadHub_MUM_PL,ZULFIKAR +917208398974,2bb38401cbbb4fcf,received_at_mh,West,TRUEFLEX,1312339,TRUEFLEX,SurajDnyaneshwer Shinde,Motherhub_SAI_4,FM BRSNR,MiraRoadHub_MUM_PL,PH-B2-MUMSAI-26922906,expected,OPENED,27-09-2026 03:35,Ashwarya Singh
27-09-2026,FMPC6531116345,MiraRoadHub_MUM_PL,ZULFIKAR +917208398974,2bb38401cbbb4fcf,dispatched_to_mh,West,TRUEFLEX,1312339,TRUEFLEX,SurajDnyaneshwer Shinde,Motherhub_SAI_5,FM BRSNR,MiraRoadHub_MUM_PL,PH-B6-MUMSAI5-1624798,expected,OPENED,27-09-2026 01:34,Ashwarya Singh
27-09-2026,FMPP4299912802,MiraRoadHub_MUM_PL,Hamilton Housewares Private Limited 9325815022,085052d3acd84963,dispatched_to_mh,West,EKART,3813556,EKART,,Motherhub_SAI_5,FM BRSNR,MiraRoadHub_MUM_PL,PH-B6-MUMSAI5-1602951,expected,OPENED,27-09-2026 02:19,Ashwarya Singh
27-09-2026,FMPC6532346244,MiraRoadHub_MUM_PL,RAMESH ENTERPRISES +917977625991,ac75873fcbce45d0,dispatched_to_mh,West,TRUEFLEX,970463,TRUEFLEX,#N/A,Motherhub_SAI_5,FM BRSNR,MiraRoadHub_MUM_PL,PH-B3-MUMSAI5-1643069,expected,OPENED,27-09-2026 02:30,Ashwarya Singh
27-09-2026,FMPP4297180603,MiraRoadHub_MUM_PL,Sneha Trading Company +919920484438,e6229179648a4f9f,dispatched_to_mh,West,EKART,3391316,EKART,,Motherhub_SAI_4,FM BRSNR,MiraRoadHub_MUM_PL,PH-B2-MUMSAI-26925096,expected,OPENED,27-09-2026 02:37,Ashwarya Singh
27-09-2026,FMPC6531366898,MiraRoadHub_MUM_PL,Sarthi Enterprise +917666660789,6543c62b7f17469a,dispatched_to_mh,West,TRUEFLEX,1312339,TRUEFLEX,SurajDnyaneshwer Shinde,Motherhub_SAI_5,FM BRSNR,MiraRoadHub_MUM_PL,PH-B1-MUMSAI5-1632270,expected,OPENED,27-09-2026 01:43,Ashwarya Singh
27-09-2026,FMPC6531891533,MiraRoadHub_MUM_PL,ZULFIKAR +917208398974,2bb38401cbbb4fcf,dispatched_to_mh,West,TRUEFLEX,1312339,TRUEFLEX,SurajDnyaneshwer Shinde,Motherhub_SAI_5,FM BRSNR,MiraRoadHub_MUM_PL,PH-B6-MUMSAI5-1624798,expected,OPENED,27-09-2026 01:34,Ashwarya Singh
27-09-2026,FMPC6530741496,MiraRoadHub_MUM_PL,KERAV +918655295232,b4840dfdfd224cef,received_at_mh,West,TRUEFLEX,1312339,TRUEFLEX,SurajDnyaneshwer Shinde,Motherhub_SAI_4,FM BRSNR,MiraRoadHub_MUM_PL,PH-B2-MUMSAI-26911680,expected,OPENED,27-09-2026 03:30,Ashwarya Singh
27-09-2026,FMPP4297736007,MiraRoadHub_MUM_PL,M G TRADING +919152969339,951c02cf242641b0,dispatched_to_mh,West,TRUEFLEX,1297471,TRUEFLEX,SuhelShaikh,Motherhub_SAI_5,FM BRSNR,MiraRoadHub_MUM_PL,PH-B6-MUMSAI5-1623482,expected,OPENED,27-09-2026 01:29,Ashwarya Singh
27-09-2026,FMPP4299693482,MiraRoadHub_MUM_PL,ZULFIKAR +917208398974,2bb38401cbbb4fcf,dispatched_to_mh,West,TRUEFLEX,1312339,TRUEFLEX,SurajDnyaneshwer Shinde,Motherhub_SAI_5,FM BRSNR,MiraRoadHub_MUM_PL,PH-B6-MUMSAI5-1624798,expected,OPENED,27-09-2026 01:34,Ashwarya Singh
27-09-2026,FMPP4300244639,MiraRoadHub_MUM_PL,JewelleryZe.Com +919076330747,9de81cc1b5134849,received_at_mh,West,TRUEFLEX,970463,TRUEFLEX,#N/A,Motherhub_SAI_5,FM BRSNR,MiraRoadHub_MUM_PL,PH-B1-MUMSAI5-1641920,expected,OPENED,27-09-2026 02:54,Ashwarya Singh
27-09-2026,FMPP4301041102,MiraRoadHub_MUM_PL,Vidhi Enterprises +919820600434,4213b5728e9c45c3,dispatched_to_mh,West,TRUEFLEX,1297471,TRUEFLEX,SuhelShaikh,Motherhub_SAI_4,FM BRSNR,MiraRoadHub_MUM_PL,PH-B4-MUMSAI-26923149,expected,OPENED,27-09-2026 02:28,Ashwarya Singh
27-09-2026,FMPP4299581852,MiraRoadHub_MUM_PL,SHRI KORJAI GRAPHICS +919594368510,730786fd9e6a4f4a,received_at_mh,West,TRUEFLEX,1312339,TRUEFLEX,SurajDnyaneshwer Shinde,Motherhub_SAI_5,FM BRSNR,MiraRoadHub_MUM_PL,PH-B1-MUMSAI5-1644602,expected,OPENED,27-09-2026 01:31,Ashwarya Singh
27-09-2026,FMPC6533097556,MiraRoadHub_MUM_PL,RAMESH ENTERPRISES +917977625991,ac75873fcbce45d0,dispatched_to_mh,West,TRUEFLEX,970463,TRUEFLEX,#N/A,Motherhub_SAI_4,FM BRSNR,MiraRoadHub_MUM_PL,PH-B2-MUMSAI-26903042,expected,OPENED,27-09-2026 02:21,Ashwarya Singh
27-09-2026,FMPP4300487901,MiraRoadHub_MUM_PL,SHRI KORJAI GRAPHICS +919594368510,730786fd9e6a4f4a,dispatched_to_mh,West,TRUEFLEX,1312339,TRUEFLEX,SurajDnyaneshwer Shinde,Motherhub_SAI_5,FM BRSNR,MiraRoadHub_MUM_PL,PH-B3-MUMSAI5-1644662,expected,OPENED,27-09-2026 01:29,Ashwarya Singh
27-09-2026,FMPC6532278436,MiraRoadHub_MUM_PL,Vidhi Enterprises +919820600434,4213b5728e9c45c3,dispatched_to_mh,West,TRUEFLEX,1297471,TRUEFLEX,SuhelShaikh,Motherhub_SAI_5,FM BRSNR,MiraRoadHub_MUM_PL,PH-B3-MUMSAI5-1623419,expected,OPENED,27-09-2026 01:29,Ashwarya Singh
27-09-2026,FMPP4300055836,MiraRoadHub_MUM_PL,ZULFIKAR +917208398974,2bb38401cbbb4fcf,dispatched_to_mh,West,TRUEFLEX,1312339,TRUEFLEX,SurajDnyaneshwer Shinde,Motherhub_SAI_5,FM BRSNR,MiraRoadHub_MUM_PL,PH-B6-MUMSAI5-1624798,expected,OPENED,27-09-2026 01:34,Ashwarya Singh
27-09-2026,FMPP4295130611,MiraRoadHub_MUM_PL,Afreen Garment +919930512978,5f6a7134f2134ae6,dispatched_to_mh,West,TRUEFLEX,1297471,TRUEFLEX,SuhelShaikh,Motherhub_SAI_5,FM BRSNR,MiraRoadHub_MUM_PL,PH-B3-MUMSAI5-1645014,expected,OPENED,27-09-2026 01:26,Ashwarya Singh
27-09-2026,FMPC6531276626,MalviyaNagarhub_JAI_PL,BHARAT INFOTECH +919929191655,a09993fd16614621,dispatched_to_mh,North,LMA,1.00E+11,K AND K LOGISTICS,MohammedNazim,Motherhub_JAI_BTS,FM BRSNR,MalviyaNagarhub_JAI_PL,PH-B2-JAIBTS-23855270,expected,OPENED,27-09-2026 01:28,Akash Sharma
27-09-2026,FMPC6532510249,MiraRoadHub_MUM_PL,SHRI KORJAI GRAPHICS +919594368510,730786fd9e6a4f4a,dispatched_to_mh,West,TRUEFLEX,1312339,TRUEFLEX,SurajDnyaneshwer Shinde,Motherhub_SAI_4,FM BRSNR,MiraRoadHub_MUM_PL,PH-B2-MUMSAI-26903205,expected,OPENED,27-09-2026 03:38,Ashwarya Singh
27-09-2026,FMPC6532129770,MiraRoadHub_MUM_PL,VIDHI TRADELINK +919820600434,b592e3da80a04e00,dispatched_to_mh,West,TRUEFLEX,1297471,TRUEFLEX,SuhelShaikh,Motherhub_SAI_5,FM BRSNR,MiraRoadHub_MUM_PL,PH-B1-MUMSAI5-1623404,expected,OPENED,27-09-2026 01:27,Ashwarya Singh
27-09-2026,FMPP4300690052,MalviyaNagarhub_JAI_PL,LAKSHAY KID'S COLLECTION +916376035910,369ee33102114cf3,dispatched_to_mh,North,LMA,1.00E+11,#N/A,#N/A,Motherhub_JAI_BTS,FM BRSNR,MalviyaNagarhub_JAI_PL,PH-B1-JAIBTS-23779717,expected,OPENED,27-09-2026 02:11,Akash Sharma
27-09-2026,FMPC6531729771,MiraRoadHub_MUM_PL,ZULFIKAR +917208398974,2bb38401cbbb4fcf,dispatched_to_mh,West,TRUEFLEX,1312339,TRUEFLEX,SurajDnyaneshwer Shinde,Motherhub_SAI_4,FM BRSNR,MiraRoadHub_MUM_PL,PH-B2-MUMSAI-26922906,expected,OPENED,27-09-2026 03:35,Ashwarya Singh
27-09-2026,FMPP4300264913,MiraRoadHub_MUM_PL,NAKODA GOLD & SILVER +918828367298,12eb0847696d4b8a,dispatched_to_mh,West,EKART,3394160,EKART,,Motherhub_SAI_5,FM BRSNR,MiraRoadHub_MUM_PL,PH-B1-MUMSAI5-1646933,expected,OPENED,27-09-2026 01:59,Ashwarya Singh
27-09-2026,FMPC6531296418,MiraRoadHub_MUM_PL,ZULFIKAR +917208398974,2bb38401cbbb4fcf,dispatched_to_mh,West,TRUEFLEX,1312339,TRUEFLEX,SurajDnyaneshwer Shinde,Motherhub_SAI_5,FM BRSNR,MiraRoadHub_MUM_PL,PH-B6-MUMSAI5-1624798,expected,OPENED,27-09-2026 01:34,Ashwarya Singh
27-09-2026,FMPC6532356406,MiraRoadHub_MUM_PL,VIDHI TRADELINK +919820600434,b592e3da80a04e00,dispatched_to_mh,West,TRUEFLEX,1297471,TRUEFLEX,SuhelShaikh,Motherhub_SAI_5,FM BRSNR,MiraRoadHub_MUM_PL,PH-B3-MUMSAI5-1623419,expected,OPENED,27-09-2026 01:29,Ashwarya Singh
27-09-2026,FMPP4301103851,MalviyaNagarhub_JAI_PL,Shri Shyam Enterprises +917791983008,b1bdd8fb95a2448d,dispatched_to_mh,North,LMA,1.00E+11,Vxpress,Lakhan LalMahawar,Motherhub_JAI_BTS,FM BRSNR,MalviyaNagarhub_JAI_PL,PH-B1-JAIBTS-23840972,expected,OPENED,27-09-2026 02:31,Akash Sharma
27-09-2026,FMPP4301006851,MalviyaNagarhub_JAI_PL,SSC ENTERPRISE +919636562407,a269aaf0b0794c92,dispatched_to_mh,North,LMA,1.00E+11,K AND K LOGISTICS,Mohan LalBairwa,Motherhub_JAI_BTS,FM BRSNR,MalviyaNagarhub_JAI_PL,PH-B4-JAIBTS-24010812,expected,OPENED,27-09-2026 02:08,Akash Sharma
27-09-2026,FMPC6532665859,MiraRoadHub_MUM_PL,VIKAS METAL +919819341970,b4153477d2834fa6,dispatched_to_mh,West,TRUEFLEX,970463,TRUEFLEX,#N/A,Motherhub_SAI_5,FM BRSNR,MiraRoadHub_MUM_PL,PH-B6-MUMSAI5-1646103,expected,OPENED,27-09-2026 02:26,Ashwarya Singh
27-09-2026,FMPP4300100469,MiraRoadHub_MUM_PL,ZULFIKAR +917208398974,2bb38401cbbb4fcf,dispatched_to_mh,West,TRUEFLEX,1312339,TRUEFLEX,SurajDnyaneshwer Shinde,Motherhub_SAI_5,FM BRSNR,MiraRoadHub_MUM_PL,PH-B3-MUMSAI5-1632471,expected,OPENED,27-09-2026 01:30,Ashwarya Singh
27-09-2026,FMPC6533897388,MalviyaNagarhub_JAI_PL,RAS TRADERS +917877777665,ca892644fb5b4c44,dispatched_to_mh,North,LMA,1.00E+11,K AND K LOGISTICS,Mohan LalBairwa,Motherhub_JAI_BTS,FM BRSNR,MalviyaNagarhub_JAI_PL,PH-B4-JAIBTS-24010812,expected,OPENED,27-09-2026 02:08,Akash Sharma
27-09-2026,FMPC6531788339,SakinakaHub_MUM_PL,SANA ENTERPRISES +918689861521,b4e5a22d05a546e5,received_at_mh,West,TRUEFLEX,3768050,TRUEFLEX,#N/A,Motherhub_SAI_5,FM BRSNR,SakinakaHub_MUM_PL,PH-B1-MUMSAI5-1526843,expected,OPENED,27-09-2026 01:02,Ashwarya Singh
27-09-2026,FMPC6532036977,SakinakaHub_MUM_PL,SANA ENTERPRISES +918689861521,b4e5a22d05a546e5,dispatched_to_mh,West,TRUEFLEX,3768050,TRUEFLEX,#N/A,Motherhub_SAI_5,FM BRSNR,SakinakaHub_MUM_PL,PH-B1-MUMSAI5-1526843,expected,OPENED,27-09-2026 01:02,Ashwarya Singh
27-09-2026,FMPC6531618941,SakinakaHub_MUM_PL,THERYCO HEALTHCARE SOLUTIONS PRIVATE LIMITED 9220032879,7010bcaaaa0c4ec8,received_at_mh,West,TRUEFLEX,3768050,TRUEFLEX,#N/A,Motherhub_SAI_5,FM BRSNR,SakinakaHub_MUM_PL,PH-B6-MUMSAI5-1564917,expected,OPENED,27-09-2026 01:12,Ashwarya Singh
27-09-2026,FMPP4300458305,SakinakaHub_MUM_PL,JULIANA DREAM +919167694956,f15396b4c5d140e2,dispatched_to_mh,West,EKART,3489649,EKART,,Motherhub_SAI_4,FM BRSNR,SakinakaHub_MUM_PL,PH-B2-MUMSAI-26895109,expected,OPENED,27-09-2026 02:18,Ashwarya Singh
27-09-2026,FMPP4299299142,SakinakaHub_MUM_PL,GYANCHOR +918286858253,06a967f6011840df,dispatched_to_mh,West,TRUEFLEX,4347934,TRUEFLEX,#N/A,Motherhub_SAI_5,FM BRSNR,SakinakaHub_MUM_PL,PH-B1-MUMSAI5-1624945,expected,OPENED,27-09-2026 02:40,Ashwarya Singh
27-09-2026,FMPC6530409563,SakinakaHub_MUM_PL,SANA ENTERPRISES +918689861521,b4e5a22d05a546e5,received_at_mh,West,TRUEFLEX,3768050,TRUEFLEX,#N/A,Motherhub_SAI_5,FM BRSNR,SakinakaHub_MUM_PL,PH-B1-MUMSAI5-1526843,expected,OPENED,27-09-2026 01:02,Ashwarya Singh
27-09-2026,FMPC6531671009,SakinakaHub_MUM_PL,SANA ENTERPRISES +918689861521,b4e5a22d05a546e5,received_at_mh,West,TRUEFLEX,3768050,TRUEFLEX,#N/A,Motherhub_SAI_4,FM BRSNR,SakinakaHub_MUM_PL,PH-B4-MUMSAI-26849770,expected,OPENED,27-09-2026 00:47,Ashwarya Singh
27-09-2026,FMPC6530524951,SakinakaHub_MUM_PL,THE BLACK TECH +918879135589,f0d8e421f58647d8,received_at_mh,West,EKART,2083250,EKART,,Motherhub_SAI_5,FM BRSNR,SakinakaHub_MUM_PL,PH-B1-MUMSAI5-1621986,expected,OPENED,27-09-2026 02:41,Ashwarya Singh
27-09-2026,FMPP4298953502,SakinakaHub_MUM_PL,Dreamy nails +918451872033,933594bee0cc4a4c,dispatched_to_mh,West,EKART,4343486,EKART,,Motherhub_SAI_5,FM BRSNR,SakinakaHub_MUM_PL,PH-B6-MUMSAI5-1544359,expected,OPENED,27-09-2026 01:55,Ashwarya Singh
27-09-2026,FMPC6530154619,SakinakaHub_MUM_PL,Dreamy nails +918451872033,933594bee0cc4a4c,dispatched_to_mh,West,EKART,4343486,EKART,,Motherhub_SAI_5,FM BRSNR,SakinakaHub_MUM_PL,PH-B6-MUMSAI5-1544359,expected,OPENED,27-09-2026 01:55,Ashwarya Singh
27-09-2026,FMPC6532446590,SakinakaHub_MUM_PL,COLORS COS +918424844660,0e84f07407ab4c43,received_at_mh,West,TRUEFLEX,1401326,TRUEFLEX,#N/A,Motherhub_SAI_5,FM BRSNR,SakinakaHub_MUM_PL,PH-B3-MUMSAI5-1616063,expected,OPENED,27-09-2026 02:42,Ashwarya Singh
27-09-2026,FMPC6533745813,SectorVHub_KOL_PL,BEKAR TO SOKAR +919874586531,f5d273204b1b4e52,dispatched_to_mh,East,LMA,4117941,#N/A,#N/A,Motherhub_HRN,FM BRSNR,SectorVHub_KOL_PL,PH-B3-KOLHRN-7743230,expected,OPENED,27-09-2026 02:13,Somnath G
27-09-2026,FMPC6532417171,SakinakaHub_MUM_PL,ON LINE BECHO SOLUTION INDIA PRIVATE LIMITED +919372753400,b3bb1dbab2514641,dispatched_to_mh,West,LMA,1.00E+11,ZS LOGISTICS,VaniSachinbhai,Motherhub_SAI_5,FM BRSNR,SakinakaHub_MUM_PL,PH-B3-MUMSAI5-1622513,expected,OPENED,27-09-2026 02:56,Ashwarya Singh
27-09-2026,FMPP4300637940,SakinakaHub_MUM_PL,PRAKASH BOOKS INDIA PRIVATE LIMITED 8851064373,2a905740c7b2432d,dispatched_to_mh,West,EKART,4100984,EKART,,Motherhub_SAI_4,FM BRSNR,SakinakaHub_MUM_PL,PH-B2-MUMSAI-26901277,expected,OPENED,27-09-2026 00:54,Ashwarya Singh
27-09-2026,FMPC6530806414,SectorVHub_KOL_PL,BARDHAMAN AGRO PRODUCTS I PRIVATE LIMITED +916292307530,9975fe6d963947cb,dispatched_to_mh,East,LMA,1.00E+11,WERCATALYST VENTURES PVT LTD,ChandanBhuiya,Motherhub_HRN,FM BRSNR,SectorVHub_KOL_PL,PH-B3-KOLHRN-8027153,expected,OPENED,27-09-2026 02:17,Somnath G
27-09-2026,FMPC6532208944,Sewrihub_Mum_PL,KRISHNARAJ ENTERPRISES +919930038333,937bdcac30f1479d,dispatched_to_mh,West,EKART,3520442,EKART,,Motherhub_SAI_5,FM BRSNR,Sewrihub_Mum_PL,PH-B3-MUMSAI5-1608569,expected,OPENED,26-09-2026 23:42,Ashwarya Singh
27-09-2026,FMPC6534182896,Sewrihub_Mum_PL,YOUR DRIP +919769996072,447539198c3e4e76,dispatched_to_mh,West,LMA,1.00E+11,Loadshare,ABU Obaid,Motherhub_SAI_5,FM BRSNR,Sewrihub_Mum_PL,PH-B6-MUMSAI5-1637389,expected,OPENED,27-09-2026 02:22,Ashwarya Singh
27-09-2026,FMPP4300493219,Sewrihub_Mum_PL,Unique Traders +918828088928,5c791239d7364726,dispatched_to_mh,West,TRUEFLEX,1387121,TRUEFLEX,#N/A,Motherhub_SAI_5,FM BRSNR,Sewrihub_Mum_PL,PH-B6-MUMSAI5-1641784,expected,OPENED,27-09-2026 02:22,Ashwarya Singh
27-09-2026,FMPC6532504962,Sewrihub_Mum_PL,Unique Traders +918828088928,5c791239d7364726,dispatched_to_mh,West,TRUEFLEX,1387121,TRUEFLEX,#N/A,Motherhub_SAI_5,FM BRSNR,Sewrihub_Mum_PL,PH-B6-MUMSAI5-1641784,expected,OPENED,27-09-2026 02:22,Ashwarya Singh
27-09-2026,FMPC6530712280,Sewrihub_Mum_PL,S B STAR BAGS +919167870984,41ed94b055894396,received_at_mh,West,LMA,1.00E+11,Loadshare,MohammadAmir,Motherhub_SAI_5,FM BRSNR,Sewrihub_Mum_PL,PH-B1-MUMSAI5-1643501,expected,OPENED,26-09-2026 21:49,Ashwarya Singh
27-09-2026,FMPC6532545526,Sewrihub_Mum_PL,Unique Traders +918828088928,5c791239d7364726,dispatched_to_mh,West,TRUEFLEX,1387121,TRUEFLEX,#N/A,Motherhub_SAI_5,FM BRSNR,Sewrihub_Mum_PL,PH-B6-MUMSAI5-1641784,expected,OPENED,27-09-2026 02:22,Ashwarya Singh
27-09-2026,FMPC6532532132,Sewrihub_Mum_PL,UAM Technology +919619074817,3e1691f12ea9416e,received_at_mh,West,LMA,1.00E+11,Vxpress,KrishnaPaswan,Motherhub_SAI_5,FM BRSNR,Sewrihub_Mum_PL,PH-B1-MUMSAI5-1642926,expected,OPENED,27-09-2026 01:33,Ashwarya Singh
27-09-2026,FMPP4299584667,Sewrihub_Mum_PL,BESTWAY +918898331023,32a13053c1b64f23,received_at_mh,West,LMA,1.00E+11,ZS LOGISTICS,Asraf,Motherhub_SAI_5,FM BRSNR,Sewrihub_Mum_PL,PH-B6-MUMSAI5-1642585,expected,OPENED,26-09-2026 23:56,Ashwarya Singh
27-09-2026,FMPC6532565637,Sewrihub_Mum_PL,KAIROSE CONSUMERS PRIVATE LIMITED +916367132519,92e52510500d474c,dispatched_to_mh,West,TRUEFLEX,914489,TRUEFLEX,PratapPrajapati,Motherhub_SAI_5,FM BRSNR,Sewrihub_Mum_PL,PH-B6-MUMSAI5-1637726,expected,OPENED,27-09-2026 02:11,Ashwarya Singh
27-09-2026,FMPP4300485194,Sewrihub_Mum_PL,Unique Traders +918828088928,5c791239d7364726,dispatched_to_mh,West,TRUEFLEX,1387121,TRUEFLEX,#N/A,Motherhub_SAI_5,FM BRSNR,Sewrihub_Mum_PL,PH-B6-MUMSAI5-1641784,expected,OPENED,27-09-2026 02:22,Ashwarya Singh
27-09-2026,FMPC6527216887,Sewrihub_Mum_PL,AHTIJARA ENTERPRISES +919167337149,81785da61fbd498f,dispatched_to_mh,West,LMA,1.00E+11,Loadshare,Abusad,Motherhub_SAI_5,FM BRSNR,Sewrihub_Mum_PL,PH-B3-MUMSAI5-1642118,expected,OPENED,26-09-2026 21:24,Ashwarya Singh
27-09-2026,FMPP4300566450,Sewrihub_Mum_PL,KAIROSE CONSUMERS PRIVATE LIMITED +916367132519,92e52510500d474c,dispatched_to_mh,West,TRUEFLEX,914489,TRUEFLEX,PratapPrajapati,Motherhub_SAI_5,FM BRSNR,Sewrihub_Mum_PL,PH-B3-MUMSAI5-1637708,expected,OPENED,27-09-2026 02:08,Ashwarya Singh
27-09-2026,FMPC6532759158,Sewrihub_Mum_PL,Nagma Boutique +917039834271,32fd94952dae4b98,dispatched_to_mh,West,LMA,1.00E+11,Loadshare,Abusad,Motherhub_SAI_5,FM BRSNR,Sewrihub_Mum_PL,PH-B6-MUMSAI5-1641326,expected,OPENED,27-09-2026 02:56,Ashwarya Singh
27-09-2026,FMPC6532072932,Sewrihub_Mum_PL,ZDM BAG +917021698002,fede88ebc27c4f70,dispatched_to_mh,West,LMA,1.00E+11,Loadshare,Vinayak SuryakantSaklave,Motherhub_SAI_5,FM BRSNR,Sewrihub_Mum_PL,PH-B1-MUMSAI5-1636840,expected,OPENED,26-09-2026 22:02,Ashwarya Singh
27-09-2026,FMPC6532518844,Sewrihub_Mum_PL,KAIROSE CONSUMERS PRIVATE LIMITED +916367132519,92e52510500d474c,dispatched_to_mh,West,TRUEFLEX,914489,TRUEFLEX,PratapPrajapati,Motherhub_SAI_5,FM BRSNR,Sewrihub_Mum_PL,PH-B1-MUMSAI5-1637647,expected,OPENED,27-09-2026 02:58,Ashwarya Singh
27-09-2026,FMPC6532589551,Sewrihub_Mum_PL,KAIROSE CONSUMERS PRIVATE LIMITED +916367132519,92e52510500d474c,dispatched_to_mh,West,TRUEFLEX,914489,TRUEFLEX,PratapPrajapati,Motherhub_SAI_5,FM BRSNR,Sewrihub_Mum_PL,PH-B1-MUMSAI5-1637647,expected,OPENED,27-09-2026 02:58,Ashwarya Singh
27-09-2026,FMPC6530510655,Sewrihub_Mum_PL,AHTIJARA ENTERPRISES +919167337149,81785da61fbd498f,dispatched_to_mh,West,EKART,4266704,EKART,,Motherhub_SAI_5,FM BRSNR,Sewrihub_Mum_PL,PH-B1-MUMSAI5-1641572,expected,OPENED,26-09-2026 21:23,Ashwarya Singh
27-09-2026,FMPC6528829615,Sewrihub_Mum_PL,Mosajc Luxe +919594135449,1b1276df8c364a05,received_at_mh,West,LMA,1.00E+11,ZS LOGISTICS,Ubaidurrehman HabiburrehmanChaudhary,Motherhub_SAI_5,FM BRSNR,Sewrihub_Mum_PL,PH-B1-MUMSAI5-1642464,expected,OPENED,27-09-2026 01:33,Ashwarya Singh
27-09-2026,FMPC6530185548,Sewrihub_Mum_PL,ROYELIX +918452883173,5d2b84a660de485e,dispatched_to_mh,West,LMA,1.00E+11,#N/A,#N/A,Motherhub_SAI_5,FM BRSNR,Sewrihub_Mum_PL,PH-B1-MUMSAI5-1637653,expected,OPENED,26-09-2026 21:36,Ashwarya Singh
27-09-2026,FMPC6532529428,Sewrihub_Mum_PL,JHOLAWALA +919102347896,382e2701cfcc4103,received_at_mh,West,LMA,1.00E+11,ZS LOGISTICS,MdSalman,Motherhub_SAI_5,FM BRSNR,Sewrihub_Mum_PL,PH-B1-MUMSAI5-1638095,expected,OPENED,27-09-2026 02:40,Ashwarya Singh
27-09-2026,FMPC6531730872,Sewrihub_Mum_PL,RAMDEV BROOCH +919898999290,eec82afedbec4a19,dispatched_to_mh,West,LMA,1.00E+11,Loadshare,Shiva GangaramKasyap,Motherhub_SAI_5,FM BRSNR,Sewrihub_Mum_PL,PH-B6-MUMSAI5-1645880,expected,OPENED,27-09-2026 02:09,Ashwarya Singh
27-09-2026,FMPC6527216560,Sewrihub_Mum_PL,AHTIJARA ENTERPRISES +919167337149,81785da61fbd498f,dispatched_to_mh,West,LMA,1.00E+11,Loadshare,Abusad,Motherhub_SAI_5,FM BRSNR,Sewrihub_Mum_PL,PH-B6-MUMSAI5-1642178,expected,OPENED,26-09-2026 21:26,Ashwarya Singh
27-09-2026,FMPP4300515499,Sewrihub_Mum_PL,JHOLAWALA +919102347896,382e2701cfcc4103,received_at_mh,West,LMA,1.00E+11,ZS LOGISTICS,MdSalman,Motherhub_SAI_5,FM BRSNR,Sewrihub_Mum_PL,PH-B1-MUMSAI5-1638095,expected,OPENED,27-09-2026 02:40,Ashwarya Singh
27-09-2026,FMPC6532129576,Sewrihub_Mum_PL,SK FASHION +919076006175,f3eb6c4a35ed4b3f,dispatched_to_mh,West,EKART,4266704,EKART,,Motherhub_SAI_5,FM BRSNR,Sewrihub_Mum_PL,PH-B6-MUMSAI5-1642178,expected,OPENED,26-09-2026 21:26,Ashwarya Singh
27-09-2026,FMPC6531471065,Sewrihub_Mum_PL,UAM Technology +919619074817,3e1691f12ea9416e,received_at_mh,West,LMA,1.00E+11,Vxpress,KrishnaPaswan,Motherhub_SAI_5,FM BRSNR,Sewrihub_Mum_PL,PH-B6-MUMSAI5-1643022,expected,OPENED,27-09-2026 01:02,Ashwarya Singh
27-09-2026,FMPP4300486389,Sewrihub_Mum_PL,UAM Technology +919619074817,3e1691f12ea9416e,received_at_mh,West,LMA,1.00E+11,Vxpress,KrishnaPaswan,Motherhub_SAI_5,FM BRSNR,Sewrihub_Mum_PL,PH-B3-MUMSAI5-1642974,expected,OPENED,27-09-2026 00:58,Ashwarya Singh
27-09-2026,FMPP4300499642,Sewrihub_Mum_PL,Unique Traders +918828088928,5c791239d7364726,dispatched_to_mh,West,TRUEFLEX,1387121,TRUEFLEX,#N/A,Motherhub_SAI_5,FM BRSNR,Sewrihub_Mum_PL,PH-B6-MUMSAI5-1641784,expected,OPENED,27-09-2026 02:22,Ashwarya Singh
27-09-2026,FMPC6532805413,Sewrihub_Mum_PL,KAIROSE CONSUMERS PRIVATE LIMITED +916367132519,92e52510500d474c,dispatched_to_mh,West,TRUEFLEX,914489,TRUEFLEX,PratapPrajapati,Motherhub_SAI_5,FM BRSNR,Sewrihub_Mum_PL,PH-B1-MUMSAI5-1637647,expected,OPENED,27-09-2026 02:58,Ashwarya Singh
27-09-2026,FMPC6532486310,Sewrihub_Mum_PL,SASCO INDIA +919572717896,efdcdefd7e984c15,received_at_mh,West,LMA,1.00E+11,ZS LOGISTICS,MdSalman,Motherhub_SAI_5,FM BRSNR,Sewrihub_Mum_PL,PH-B1-MUMSAI5-1638086,expected,OPENED,27-09-2026 02:34,Ashwarya Singh
27-09-2026,FMPC6532533365,Sewrihub_Mum_PL,Unique Traders +918828088928,5c791239d7364726,dispatched_to_mh,West,TRUEFLEX,1387121,TRUEFLEX,#N/A,Motherhub_SAI_5,FM BRSNR,Sewrihub_Mum_PL,PH-B6-MUMSAI5-1641784,expected,OPENED,27-09-2026 02:22,Ashwarya Singh
27-09-2026,FMPC6532567508,Sewrihub_Mum_PL,KAIROSE CONSUMERS PRIVATE LIMITED +916367132519,92e52510500d474c,dispatched_to_mh,West,TRUEFLEX,914489,TRUEFLEX,PratapPrajapati,Motherhub_SAI_5,FM BRSNR,Sewrihub_Mum_PL,PH-B1-MUMSAI5-1637647,expected,OPENED,27-09-2026 02:58,Ashwarya Singh
27-09-2026,FMPC6530711544,Sewrihub_Mum_PL,S B STAR BAGS +919167870984,41ed94b055894396,received_at_mh,West,LMA,1.00E+11,Loadshare,MohammadAmir,Motherhub_SAI_5,FM BRSNR,Sewrihub_Mum_PL,PH-B1-MUMSAI5-1643501,expected,OPENED,26-09-2026 21:49,Ashwarya Singh
27-09-2026,FMPP4300633223,Sewrihub_Mum_PL,KAIROSE CONSUMERS PRIVATE LIMITED +916367132519,92e52510500d474c,dispatched_to_mh,West,TRUEFLEX,914489,TRUEFLEX,PratapPrajapati,Motherhub_SAI_5,FM BRSNR,Sewrihub_Mum_PL,PH-B1-MUMSAI5-1637647,expected,OPENED,27-09-2026 02:58,Ashwarya Singh
27-09-2026,FMPC6532690939,Sewrihub_Mum_PL,KAIROSE CONSUMERS PRIVATE LIMITED +916367132519,92e52510500d474c,dispatched_to_mh,West,TRUEFLEX,914489,TRUEFLEX,PratapPrajapati,Motherhub_SAI_5,FM BRSNR,Sewrihub_Mum_PL,PH-B1-MUMSAI5-1637647,expected,OPENED,27-09-2026 02:58,Ashwarya Singh
27-09-2026,FMPC6530364323,Sewrihub_Mum_PL,R I ENTERPRISES +919137831703,8b956b768d944ac4,received_at_mh,West,LMA,1.00E+11,Loadshare,ABU Obaid,Motherhub_SAI_5,FM BRSNR,Sewrihub_Mum_PL,PH-B3-MUMSAI5-1637332,expected,OPENED,27-09-2026 01:37,Ashwarya Singh
27-09-2026,FMPC6532582604,Sewrihub_Mum_PL,KAIROSE CONSUMERS PRIVATE LIMITED +916367132519,92e52510500d474c,dispatched_to_mh,West,TRUEFLEX,914489,TRUEFLEX,PratapPrajapati,Motherhub_SAI_5,FM BRSNR,Sewrihub_Mum_PL,PH-B1-MUMSAI5-1637647,expected,OPENED,27-09-2026 02:58,Ashwarya Singh
27-09-2026,FMPC6533040548,SitapuraHub_JAI_PL,A.K ENTERPRISES +917014038382,c5ad940682504d3e,received_at_mh,North,LMA,1.00E+11,#N/A,#N/A,Motherhub_JAI_BTS,FM BRSNR,SitapuraHub_JAI_PL,PH-B2-JAIBTS-23995757,expected,OPENED,27-09-2026 08:47,Akash Sharma
27-09-2026,FMPP4301268647,SitapuraHub_JAI_PL,KURTI BAZAR +918209369391,27521444208646eb,received_at_mh,North,LMA,1.00E+11,#N/A,#N/A,Motherhub_JAI_BTS,FM BRSNR,SitapuraHub_JAI_PL,PH-B2-JAIBTS-23995757,expected,OPENED,27-09-2026 08:47,Akash Sharma
27-09-2026,FMPC6532447352,SitapuraHub_JAI_PL,A.K ENTERPRISES +917014038382,c5ad940682504d3e,received_at_mh,North,LMA,1.00E+11,#N/A,#N/A,Motherhub_JAI_BTS,FM BRSNR,SitapuraHub_JAI_PL,PH-B2-JAIBTS-23995757,expected,OPENED,27-09-2026 08:47,Akash Sharma
27-09-2026,FMPC6532740489,SitapuraHub_JAI_PL,S.K. ENTERPRISES +916377671540,3a03e6bdbf0f4a1a,received_at_mh,North,LMA,1.00E+11,#N/A,#N/A,Motherhub_JAI_BTS,FM BRSNR,SitapuraHub_JAI_PL,PH-B2-JAIBTS-23995757,expected,OPENED,27-09-2026 08:47,Akash Sharma
27-09-2026,FMPP4300926636,SitapuraHub_JAI_PL,S.K. ENTERPRISES +916377671540,3a03e6bdbf0f4a1a,received_at_ph,North,LMA,1.00E+11,#N/A,#N/A,Motherhub_JAI_BTS,FM BRSNR,SitapuraHub_JAI_PL,PH-B2-JAIBTS-23995757,expected,OPENED,27-09-2026 08:47,Akash Sharma
27-09-2026,FMPP4300573447,SitapuraHub_JAI_PL,S.K. ENTERPRISES +916377671540,3a03e6bdbf0f4a1a,received_at_mh,North,LMA,1.00E+11,#N/A,#N/A,Motherhub_JAI_BTS,FM BRSNR,SitapuraHub_JAI_PL,PH-B2-JAIBTS-23995757,expected,OPENED,27-09-2026 08:47,Akash Sharma
27-09-2026,FMPC6532957356,SitapuraHub_JAI_PL,S.K. ENTERPRISES +916377671540,3a03e6bdbf0f4a1a,received_at_mh,North,LMA,1.00E+11,#N/A,#N/A,Motherhub_JAI_BTS,FM BRSNR,SitapuraHub_JAI_PL,PH-B2-JAIBTS-23995757,expected,OPENED,27-09-2026 08:47,Akash Sharma
27-09-2026,FMPP4299844978,SitapuraHub_JAI_PL,S.K. ENTERPRISES +916377671540,3a03e6bdbf0f4a1a,received_at_mh,North,LMA,1.00E+11,#N/A,#N/A,Motherhub_JAI_BTS,FM BRSNR,SitapuraHub_JAI_PL,PH-B2-JAIBTS-23995757,expected,OPENED,27-09-2026 08:47,Akash Sharma
27-09-2026,FMPC6533818748,SitapuraHub_JAI_PL,Laxmi Textile +919376926421,a3bfbb39c8f94ada,dispatched_to_mh,North,LMA,1.00E+11,Vxpress,AjayKumar,Motherhub_JAI_BTS,FM BRSNR,SitapuraHub_JAI_PL,PH-B4-JAIBTS-23952420,expected,OPENED,26-09-2026 22:07,Akash Sharma
27-09-2026,FMPC6532568528,SitapuraHub_JAI_PL,S.K. ENTERPRISES +916377671540,3a03e6bdbf0f4a1a,received_at_mh,North,LMA,1.00E+11,#N/A,#N/A,Motherhub_JAI_BTS,FM BRSNR,SitapuraHub_JAI_PL,PH-B2-JAIBTS-23995757,expected,OPENED,27-09-2026 08:47,Akash Sharma
27-09-2026,FMPP4299751180,SitapuraHub_JAI_PL,LAXMI CREATION & PRINT +919509740769,5731463dfa3b4d8a,dispatched_to_mh,North,LMA,1.00E+11,Vxpress,Netram,Motherhub_JAI_BTS,FM BRSNR,SitapuraHub_JAI_PL,PH-B1-JAIBTS-20743789,expected,OPENED,26-09-2026 22:06,Akash Sharma
27-09-2026,FMPP4301244050,SitapuraHub_JAI_PL,SHREE FAB +919636095496,d372c051cd784f7f,dispatched_to_mh,North,LMA,1.00E+11,RAMEZO ENTERPRISES,ShubhamSaini,Motherhub_JAI_BTS,FM BRSNR,SitapuraHub_JAI_PL,PH-B4-JAIBTS-23952305,expected,OPENED,26-09-2026 22:40,Akash Sharma
27-09-2026,FMPC6531990494,SitapuraHub_JAI_PL,SHREE SHYAM FABRICS +918209778093,2ae66e8583864b1e,received_at_mh,North,LMA,1.00E+11,#N/A,#N/A,Motherhub_JAI_BTS,FM BRSNR,SitapuraHub_JAI_PL,PH-B2-JAIBTS-23995757,expected,OPENED,27-09-2026 08:47,Akash Sharma
27-09-2026,FMPC6531920379,SitapuraHub_JAI_PL,SHREE SHYAM FABRICS +918209778093,2ae66e8583864b1e,received_at_mh,North,LMA,1.00E+11,#N/A,#N/A,Motherhub_JAI_BTS,FM BRSNR,SitapuraHub_JAI_PL,PH-B2-JAIBTS-23995757,expected,OPENED,27-09-2026 08:47,Akash Sharma
27-09-2026,FMPP4301349752,SitapuraHub_JAI_PL,S.K. ENTERPRISES +916377671540,3a03e6bdbf0f4a1a,received_at_mh,North,LMA,1.00E+11,#N/A,#N/A,Motherhub_JAI_BTS,FM BRSNR,SitapuraHub_JAI_PL,PH-B2-JAIBTS-23995757,expected,OPENED,27-09-2026 08:47,Akash Sharma
27-09-2026,FMPC6530772634,SitapuraHub_JAI_PL,A.K ENTERPRISES +917014038382,c5ad940682504d3e,received_at_mh,North,LMA,1.00E+11,#N/A,#N/A,Motherhub_JAI_BTS,FM BRSNR,SitapuraHub_JAI_PL,PH-B2-JAIBTS-23995757,expected,OPENED,27-09-2026 08:47,Akash Sharma
27-09-2026,FMPC6532051236,SitapuraHub_JAI_PL,NIHARIKA CREATION +917689001816,78e1a4337ebc4301,received_at_mh,North,LMA,1.00E+11,RAMEZO ENTERPRISES,ShubhamSaini,Motherhub_JAI_BTS,FM BRSNR,SitapuraHub_JAI_PL,PH-B1-JAIBTS-23952221,expected,OPENED,26-09-2026 22:37,Akash Sharma
27-09-2026,FMPC6532501594,SitapuraHub_JAI_PL,MISHTI FASHION +919414602041,6556ad36ad4840ea,received_at_mh,North,LMA,1.00E+11,#N/A,#N/A,Motherhub_JAI_BTS,FM BRSNR,SitapuraHub_JAI_PL,PH-B1-JAIBTS-23745618,expected,OPENED,27-09-2026 01:33,Akash Sharma
27-09-2026,FMPC6530830595,SitapuraHub_JAI_PL,S.K. ENTERPRISES +916377671540,3a03e6bdbf0f4a1a,received_at_mh,North,LMA,1.00E+11,#N/A,#N/A,Motherhub_JAI_BTS,FM BRSNR,SitapuraHub_JAI_PL,PH-B2-JAIBTS-23995757,expected,OPENED,27-09-2026 08:47,Akash Sharma
27-09-2026,FMPC6532953243,SitapuraHub_JAI_PL,KURTI BAZAR +918209369391,27521444208646eb,received_at_mh,North,LMA,1.00E+11,#N/A,#N/A,Motherhub_JAI_BTS,FM BRSNR,SitapuraHub_JAI_PL,PH-B2-JAIBTS-23995757,expected,OPENED,27-09-2026 08:47,Akash Sharma
27-09-2026,FMPP4300691969,SitapuraHub_JAI_PL,S.K. ENTERPRISES +916377671540,3a03e6bdbf0f4a1a,received_at_mh,North,LMA,1.00E+11,#N/A,#N/A,Motherhub_JAI_BTS,FM BRSNR,SitapuraHub_JAI_PL,PH-B2-JAIBTS-23995757,expected,OPENED,27-09-2026 08:47,Akash Sharma
27-09-2026,FMPP4299219425,SitapuraHub_JAI_PL,SHREE SHYAM FABRICS +918209778093,2ae66e8583864b1e,received_at_mh,North,LMA,1.00E+11,#N/A,#N/A,Motherhub_JAI_BTS,FM BRSNR,SitapuraHub_JAI_PL,PH-B2-JAIBTS-23995757,expected,OPENED,27-09-2026 08:47,Akash Sharma
27-09-2026,FMPC6533668366,SitapuraHub_JAI_PL,KURTI BAZAR +918209369391,27521444208646eb,received_at_mh,North,LMA,1.00E+11,#N/A,#N/A,Motherhub_JAI_BTS,FM BRSNR,SitapuraHub_JAI_PL,PH-B2-JAIBTS-23995757,expected,OPENED,27-09-2026 08:47,Akash Sharma
27-09-2026,FMPP4300458795,SitapuraHub_JAI_PL,JANAKDULARI FASHION +916378418687,3a87a92ff3d24ea2,received_at_mh,North,LMA,1.00E+11,#N/A,#N/A,Motherhub_JAI_BTS,FM BRSNR,SitapuraHub_JAI_PL,PH-B2-JAIBTS-23995757,expected,OPENED,27-09-2026 08:47,Akash Sharma
27-09-2026,FMPP4300359644,SitapuraHub_JAI_PL,KURTI BAZAR +918209369391,27521444208646eb,received_at_mh,North,LMA,1.00E+11,#N/A,#N/A,Motherhub_JAI_BTS,FM BRSNR,SitapuraHub_JAI_PL,PH-B2-JAIBTS-23995757,expected,OPENED,27-09-2026 08:47,Akash Sharma
27-09-2026,FMPP4301438442,SitapuraHub_JAI_PL,ROMANIYA FAB +919549264888,634786663f024685,received_at_mh,North,LMA,1.00E+11,#N/A,#N/A,Motherhub_JAI_BTS,FM BRSNR,SitapuraHub_JAI_PL,PH-B2-JAIBTS-23995757,expected,OPENED,27-09-2026 08:47,Akash Sharma
27-09-2026,FMPC6530398573,SitapuraHub_JAI_PL,KURTI BAZAR +918209369391,27521444208646eb,received_at_mh,North,LMA,1.00E+11,#N/A,#N/A,Motherhub_JAI_BTS,FM BRSNR,SitapuraHub_JAI_PL,PH-B2-JAIBTS-23995757,expected,OPENED,27-09-2026 08:47,Akash Sharma
27-09-2026,FMPP4298896055,SitapuraHub_JAI_PL,YASHIKA AGENCIES +919468972222,4786c039fffe4536,received_at_mh,North,LMA,1.00E+11,#N/A,#N/A,Motherhub_JAI_BTS,FM BRSNR,SitapuraHub_JAI_PL,PH-B2-JAIBTS-23995757,expected,OPENED,27-09-2026 08:47,Akash Sharma
27-09-2026,FMPP4300055721,SitapuraHub_JAI_PL,MANPREET FASHION +916375520291,45be2114b75f4080,dispatched_to_mh,North,LMA,1.00E+11,Greenteck Logistics and Mobility Pvt Ltd,Vishnu KumarKushwaha,Motherhub_JAI_BTS,FM BRSNR,SitapuraHub_JAI_PL,PH-B4-JAIBTS-23981504,expected,OPENED,27-09-2026 02:11,Akash Sharma
27-09-2026,FMPP4301097644,SitapuraHub_JAI_PL,SHREE FAB +919636095496,d372c051cd784f7f,dispatched_to_mh,North,LMA,1.00E+11,RAMEZO ENTERPRISES,ShubhamSaini,Motherhub_JAI_BTS,FM BRSNR,SitapuraHub_JAI_PL,PH-B2-JAIBTS-23952245,expected,OPENED,26-09-2026 22:40,Akash Sharma
27-09-2026,FMPC6533163061,SitapuraHub_JAI_PL,KURTI BAZAR +918209369391,27521444208646eb,received_at_ph,North,LMA,1.00E+11,#N/A,#N/A,Motherhub_JAI_BTS,FM BRSNR,SitapuraHub_JAI_PL,PH-B2-JAIBTS-23995757,expected,OPENED,27-09-2026 08:47,Akash Sharma
27-09-2026,FMPP4299540692,SitapuraHub_JAI_PL,KURTI BAZAR +918209369391,27521444208646eb,received_at_mh,North,LMA,1.00E+11,#N/A,#N/A,Motherhub_JAI_BTS,FM BRSNR,SitapuraHub_JAI_PL,PH-B2-JAIBTS-23995757,expected,OPENED,27-09-2026 08:47,Akash Sharma
27-09-2026,FMPC6531194169,SitapuraHub_JAI_PL,MANPREET FASHION +916375520291,45be2114b75f4080,dispatched_to_mh,North,LMA,1.00E+11,Greenteck Logistics and Mobility Pvt Ltd,Vishnu KumarKushwaha,Motherhub_JAI_BTS,FM BRSNR,SitapuraHub_JAI_PL,PH-B1-JAIBTS-23981543,expected,OPENED,27-09-2026 02:09,Akash Sharma
27-09-2026,FMPC6531066149,SitapuraHub_JAI_PL,A.K ENTERPRISES +917014038382,c5ad940682504d3e,received_at_mh,North,LMA,1.00E+11,#N/A,#N/A,Motherhub_JAI_BTS,FM BRSNR,SitapuraHub_JAI_PL,PH-B2-JAIBTS-23995757,expected,OPENED,27-09-2026 08:47,Akash Sharma
27-09-2026,FMPC6530919131,SitapuraHub_JAI_PL,KURTI BAZAR +918209369391,27521444208646eb,received_at_mh,North,LMA,1.00E+11,#N/A,#N/A,Motherhub_JAI_BTS,FM BRSNR,SitapuraHub_JAI_PL,PH-B2-JAIBTS-23995757,expected,OPENED,27-09-2026 08:47,Akash Sharma
27-09-2026,FMPP4298896518,SitapuraHub_JAI_PL,MAA NAGANHA FASHION +918690684834,3cc566a173d240ca,dispatched_to_mh,North,LMA,1.00E+11,Vxpress,AjayKumar,Motherhub_JAI_BTS,FM BRSNR,SitapuraHub_JAI_PL,PH-B2-JAIBTS-23952539,expected,OPENED,26-09-2026 22:08,Akash Sharma
27-09-2026,FMPP4301163923,SitapuraHub_JAI_PL,S.K. ENTERPRISES +916377671540,3a03e6bdbf0f4a1a,received_at_ph,North,LMA,1.00E+11,#N/A,#N/A,Motherhub_JAI_BTS,FM BRSNR,SitapuraHub_JAI_PL,PH-B2-JAIBTS-23995757,expected,OPENED,27-09-2026 08:47,Akash Sharma
27-09-2026,FMPC6533875082,SitapuraHub_JAI_PL,PAYAL FASHION +919057120348,d0a364fb64ff47b1,dispatched_to_mh,North,LMA,1.00E+11,RAMEZO ENTERPRISES,ShubhamSaini,Motherhub_JAI_BTS,FM BRSNR,SitapuraHub_JAI_PL,PH-B4-JAIBTS-23952305,expected,OPENED,26-09-2026 22:40,Akash Sharma
27-09-2026,FMPP4300617139,SitapuraHub_JAI_PL,S.K. ENTERPRISES +916377671540,3a03e6bdbf0f4a1a,received_at_mh,North,LMA,1.00E+11,#N/A,#N/A,Motherhub_JAI_BTS,FM BRSNR,SitapuraHub_JAI_PL,PH-B2-JAIBTS-23995757,expected,OPENED,27-09-2026 08:47,Akash Sharma
27-09-2026,FMPC6532307401,SitapuraHub_JAI_PL,KURTI BAZAR +918209369391,27521444208646eb,received_at_mh,North,LMA,1.00E+11,#N/A,#N/A,Motherhub_JAI_BTS,FM BRSNR,SitapuraHub_JAI_PL,PH-B2-JAIBTS-23995757,expected,OPENED,27-09-2026 08:47,Akash Sharma
27-09-2026,FMPC6533955845,SitapuraHub_JAI_PL,ROMANIYA FAB +919549264888,634786663f024685,received_at_mh,North,LMA,1.00E+11,#N/A,#N/A,Motherhub_JAI_BTS,FM BRSNR,SitapuraHub_JAI_PL,PH-B2-JAIBTS-23995757,expected,OPENED,27-09-2026 08:47,Akash Sharma
27-09-2026,FMPP4301163926,SitapuraHub_JAI_PL,S.K. ENTERPRISES +916377671540,3a03e6bdbf0f4a1a,received_at_ph,North,LMA,1.00E+11,#N/A,#N/A,Motherhub_JAI_BTS,FM BRSNR,SitapuraHub_JAI_PL,PH-B2-JAIBTS-23995757,expected,OPENED,27-09-2026 08:47,Akash Sharma
27-09-2026,FMPC6530439688,SitapuraHub_JAI_PL,TMC collection +919694944991,edc0f97f876444fc,received_at_mh,North,LMA,1.00E+11,#N/A,#N/A,Motherhub_JAI_BTS,FM BRSNR,SitapuraHub_JAI_PL,PH-B2-JAIBTS-23644093,expected,OPENED,26-09-2026 22:43,Akash Sharma
27-09-2026,FMPC6531934635,SitapuraHub_JAI_PL,NIHARIKA CREATION +917689001816,78e1a4337ebc4301,received_at_mh,North,LMA,1.00E+11,RAMEZO ENTERPRISES,ShubhamSaini,Motherhub_JAI_BTS,FM BRSNR,SitapuraHub_JAI_PL,PH-B1-JAIBTS-23952221,expected,OPENED,26-09-2026 22:37,Akash Sharma
27-09-2026,FMPP4300688355,SitapuraHub_JAI_PL,S.K. ENTERPRISES +916377671540,3a03e6bdbf0f4a1a,received_at_mh,North,LMA,1.00E+11,#N/A,#N/A,Motherhub_JAI_BTS,FM BRSNR,SitapuraHub_JAI_PL,PH-B2-JAIBTS-23995757,expected,OPENED,27-09-2026 08:47,Akash Sharma
27-09-2026,FMPC6531158220,SitapuraHub_JAI_PL,A.K ENTERPRISES +917014038382,c5ad940682504d3e,received_at_mh,North,LMA,1.00E+11,#N/A,#N/A,Motherhub_JAI_BTS,FM BRSNR,SitapuraHub_JAI_PL,PH-B2-JAIBTS-23995757,expected,OPENED,27-09-2026 08:47,Akash Sharma
27-09-2026,FMPC6533547736,SitapuraHub_JAI_PL,KURTI BAZAR +918209369391,27521444208646eb,received_at_mh,North,LMA,1.00E+11,#N/A,#N/A,Motherhub_JAI_BTS,FM BRSNR,SitapuraHub_JAI_PL,PH-B2-JAIBTS-23995757,expected,OPENED,27-09-2026 08:47,Akash Sharma
27-09-2026,FMPP4298997686,SitapuraHub_JAI_PL,Shree Traders +917014667033,da647bcc7747459a,dispatched_to_mh,North,LMA,1.00E+11,#N/A,#N/A,Motherhub_JAI_BTS,FM BRSNR,SitapuraHub_JAI_PL,PH-B4-JAIBTS-23549930,expected,OPENED,27-09-2026 01:19,Akash Sharma
27-09-2026,FMPP4301163908,SitapuraHub_JAI_PL,S.K. ENTERPRISES +916377671540,3a03e6bdbf0f4a1a,received_at_mh,North,LMA,1.00E+11,#N/A,#N/A,Motherhub_JAI_BTS,FM BRSNR,SitapuraHub_JAI_PL,PH-B2-JAIBTS-23995757,expected,OPENED,27-09-2026 08:47,Akash Sharma
27-09-2026,FMPC6531950615,SitapuraHub_JAI_PL,A.K ENTERPRISES +917014038382,c5ad940682504d3e,received_at_mh,North,LMA,1.00E+11,#N/A,#N/A,Motherhub_JAI_BTS,FM BRSNR,SitapuraHub_JAI_PL,PH-B2-JAIBTS-23995757,expected,OPENED,27-09-2026 08:47,Akash Sharma
27-09-2026,FMPC6530677443,SitapuraHub_JAI_PL,PAYAL FASHION +919057120348,d0a364fb64ff47b1,dispatched_to_mh,North,LMA,1.00E+11,RAMEZO ENTERPRISES,ShubhamSaini,Motherhub_JAI_BTS,FM BRSNR,SitapuraHub_JAI_PL,PH-B4-JAIBTS-23952305,expected,OPENED,26-09-2026 22:40,Akash Sharma
27-09-2026,FMPC6531755608,SitapuraHub_JAI_PL,SHREE SHYAM FABRICS +918209778093,2ae66e8583864b1e,received_at_mh,North,LMA,1.00E+11,#N/A,#N/A,Motherhub_JAI_BTS,FM BRSNR,SitapuraHub_JAI_PL,PH-B2-JAIBTS-23995757,expected,OPENED,27-09-2026 08:47,Akash Sharma
27-09-2026,FMPC6532122828,SitapuraHub_JAI_PL,LAXMI CREATION & PRINT +919509740769,5731463dfa3b4d8a,dispatched_to_mh,North,LMA,1.00E+11,Vxpress,Netram,Motherhub_JAI_BTS,FM BRSNR,SitapuraHub_JAI_PL,PH-B2-JAIBTS-20701513,expected,OPENED,26-09-2026 22:06,Akash Sharma
27-09-2026,FMPP4300385993,SitapuraHub_JAI_PL,THE COTTON CRAFT +918319783994,0fa69b730046460a,received_at_mh,North,LMA,1.00E+11,#N/A,#N/A,Motherhub_JAI_BTS,FM BRSNR,SitapuraHub_JAI_PL,PH-B2-JAIBTS-23995757,expected,OPENED,27-09-2026 08:47,Akash Sharma
27-09-2026,FMPP4299592336,SitapuraHub_JAI_PL,KURTI BAZAR +918209369391,27521444208646eb,received_at_mh,North,LMA,1.00E+11,#N/A,#N/A,Motherhub_JAI_BTS,FM BRSNR,SitapuraHub_JAI_PL,PH-B2-JAIBTS-23995757,expected,OPENED,27-09-2026 08:47,Akash Sharma
27-09-2026,FMPC6532109182,SitapuraHub_JAI_PL,SHREE SHYAM FABRICS +918209778093,2ae66e8583864b1e,received_at_mh,North,LMA,1.00E+11,#N/A,#N/A,Motherhub_JAI_BTS,FM BRSNR,SitapuraHub_JAI_PL,PH-B2-JAIBTS-23995757,expected,OPENED,27-09-2026 08:47,Akash Sharma
27-09-2026,FMPC6532229740,SitapuraHub_JAI_PL,A.K ENTERPRISES +917014038382,c5ad940682504d3e,received_at_mh,North,LMA,1.00E+11,#N/A,#N/A,Motherhub_JAI_BTS,FM BRSNR,SitapuraHub_JAI_PL,PH-B2-JAIBTS-23995757,expected,OPENED,27-09-2026 08:47,Akash Sharma
27-09-2026,FMPP4300326353,SitapuraHub_JAI_PL,KURTI BAZAR +918209369391,27521444208646eb,received_at_mh,North,LMA,1.00E+11,#N/A,#N/A,Motherhub_JAI_BTS,FM BRSNR,SitapuraHub_JAI_PL,PH-B2-JAIBTS-23995757,expected,OPENED,27-09-2026 08:47,Akash Sharma
27-09-2026,FMPP4300438476,SitapuraHub_JAI_PL,KURTI BAZAR +918209369391,27521444208646eb,received_at_mh,North,LMA,1.00E+11,#N/A,#N/A,Motherhub_JAI_BTS,FM BRSNR,SitapuraHub_JAI_PL,PH-B2-JAIBTS-23995757,expected,OPENED,27-09-2026 08:47,Akash Sharma
27-09-2026,FMPC6531926456,SitapuraHub_JAI_PL,BAANDI +917023427940,7270b16848c24d42,dispatched_to_mh,North,LMA,1.00E+11,Transwide Express,KaranSingh,Motherhub_JAI_BTS,FM BRSNR,SitapuraHub_JAI_PL,PH-B1-JAIBTS-23981735,expected,OPENED,26-09-2026 22:26,Akash Sharma
27-09-2026,FMPP4300533589,SitapuraHub_JAI_PL,S.K. ENTERPRISES +916377671540,3a03e6bdbf0f4a1a,received_at_mh,North,LMA,1.00E+11,#N/A,#N/A,Motherhub_JAI_BTS,FM BRSNR,SitapuraHub_JAI_PL,PH-B2-JAIBTS-23995757,expected,OPENED,27-09-2026 08:47,Akash Sharma
27-09-2026,FMPP4301345953,SitapuraHub_JAI_PL,S.K. ENTERPRISES +916377671540,3a03e6bdbf0f4a1a,received_at_mh,North,LMA,1.00E+11,#N/A,#N/A,Motherhub_JAI_BTS,FM BRSNR,SitapuraHub_JAI_PL,PH-B2-JAIBTS-23995757,expected,OPENED,27-09-2026 08:47,Akash Sharma
27-09-2026,FMPP4299205214,SitapuraHub_JAI_PL,A.K ENTERPRISES +917014038382,c5ad940682504d3e,received_at_mh,North,LMA,1.00E+11,#N/A,#N/A,Motherhub_JAI_BTS,FM BRSNR,SitapuraHub_JAI_PL,PH-B2-JAIBTS-23995757,expected,OPENED,27-09-2026 08:47,Akash Sharma
27-09-2026,FMPC6532425554,SitapuraHub_JAI_PL,KURTI BAZAR +918209369391,27521444208646eb,received_at_mh,North,LMA,1.00E+11,#N/A,#N/A,Motherhub_JAI_BTS,FM BRSNR,SitapuraHub_JAI_PL,PH-B2-JAIBTS-23995757,expected,OPENED,27-09-2026 08:47,Akash Sharma
27-09-2026,FMPC6530498648,SitapuraHub_JAI_PL,Mr. Vikas Yadav +918005645269,0949e64011d94fc8,dispatched_to_mh,North,LMA,1.00E+11,Greenteck Logistics and Mobility Pvt Ltd,Vishnu KumarKushwaha,Motherhub_JAI_BTS,FM BRSNR,SitapuraHub_JAI_PL,PH-B2-JAIBTS-23981520,expected,OPENED,27-09-2026 02:10,Akash Sharma
27-09-2026,FMPC6533667311,SitapuraHub_JAI_PL,S.K. ENTERPRISES +916377671540,3a03e6bdbf0f4a1a,received_at_mh,North,LMA,1.00E+11,#N/A,#N/A,Motherhub_JAI_BTS,FM BRSNR,SitapuraHub_JAI_PL,PH-B2-JAIBTS-23995757,expected,OPENED,27-09-2026 08:47,Akash Sharma
27-09-2026,FMPP4300592860,SitapuraHub_JAI_PL,JANAKDULARI FASHION +916378418687,3a87a92ff3d24ea2,received_at_mh,North,LMA,1.00E+11,#N/A,#N/A,Motherhub_JAI_BTS,FM BRSNR,SitapuraHub_JAI_PL,PH-B2-JAIBTS-23995757,expected,OPENED,27-09-2026 08:47,Akash Sharma
27-09-2026,FMPP4299952213,SitapuraHub_JAI_PL,SHREE SHYAM FABRICS +918209778093,2ae66e8583864b1e,received_at_mh,North,LMA,1.00E+11,#N/A,#N/A,Motherhub_JAI_BTS,FM BRSNR,SitapuraHub_JAI_PL,PH-B2-JAIBTS-23995757,expected,OPENED,27-09-2026 08:47,Akash Sharma
27-09-2026,FMPC6532670397,SitapuraHub_JAI_PL,S.K. ENTERPRISES +916377671540,3a03e6bdbf0f4a1a,received_at_mh,North,LMA,1.00E+11,#N/A,#N/A,Motherhub_JAI_BTS,FM BRSNR,SitapuraHub_JAI_PL,PH-B2-JAIBTS-23995757,expected,OPENED,27-09-2026 08:47,Akash Sharma
27-09-2026,FMPP4301078551,SitapuraHub_JAI_PL,S.V.CREATION +917727980928,053613ea7a4a4fc4,received_at_mh,North,LMA,1.00E+11,#N/A,#N/A,Motherhub_JAI_BTS,FM BRSNR,SitapuraHub_JAI_PL,PH-B2-JAIBTS-22165791,expected,OPENED,27-09-2026 01:47,Akash Sharma
27-09-2026,FMPP4300422577,SitapuraHub_JAI_PL,JANAKDULARI FASHION +916378418687,3a87a92ff3d24ea2,received_at_mh,North,LMA,1.00E+11,#N/A,#N/A,Motherhub_JAI_BTS,FM BRSNR,SitapuraHub_JAI_PL,PH-B2-JAIBTS-23995757,expected,OPENED,27-09-2026 08:47,Akash Sharma
27-09-2026,FMPC6531472371,SitapuraHub_JAI_PL,S.K. ENTERPRISES +916377671540,3a03e6bdbf0f4a1a,received_at_mh,North,LMA,1.00E+11,#N/A,#N/A,Motherhub_JAI_BTS,FM BRSNR,SitapuraHub_JAI_PL,PH-B2-JAIBTS-23995757,expected,OPENED,27-09-2026 08:47,Akash Sharma
27-09-2026,FMPP4300171865,SitapuraHub_JAI_PL,ROSHANI LIFE STYLE +918094720289,6121c68f65cf4c1d,dispatched_to_mh,North,LMA,1.00E+11,#N/A,#N/A,Motherhub_JAI_BTS,FM BRSNR,SitapuraHub_JAI_PL,PH-B1-JAIBTS-23644047,expected,OPENED,26-09-2026 22:42,Akash Sharma
27-09-2026,FMPC6531005567,SitapuraHub_JAI_PL,A.K ENTERPRISES +917014038382,c5ad940682504d3e,received_at_mh,North,LMA,1.00E+11,#N/A,#N/A,Motherhub_JAI_BTS,FM BRSNR,SitapuraHub_JAI_PL,PH-B2-JAIBTS-23995757,expected,OPENED,27-09-2026 08:47,Akash Sharma
27-09-2026,FMPC6534008732,SitapuraHub_JAI_PL,M/S M K ART +919928988661,c630dc064bab4738,dispatched_to_mh,North,LMA,1.00E+11,We Innovate Business Solutions Pvt Ltd,RAHUL,Motherhub_JAI_BTS,FM BRSNR,SitapuraHub_JAI_PL,PH-B4-JAIBTS-23995579,expected,OPENED,26-09-2026 23:34,Akash Sharma
27-09-2026,FMPP4300527642,SitapuraHub_JAI_PL,S.K. ENTERPRISES +916377671540,3a03e6bdbf0f4a1a,received_at_mh,North,LMA,1.00E+11,#N/A,#N/A,Motherhub_JAI_BTS,FM BRSNR,SitapuraHub_JAI_PL,PH-B2-JAIBTS-23995757,expected,OPENED,27-09-2026 08:47,Akash Sharma
27-09-2026,FMPC6532267979,SitapuraHub_JAI_PL,KURTI BAZAR +918209369391,27521444208646eb,received_at_mh,North,LMA,1.00E+11,#N/A,#N/A,Motherhub_JAI_BTS,FM BRSNR,SitapuraHub_JAI_PL,PH-B2-JAIBTS-23995757,expected,OPENED,27-09-2026 08:47,Akash Sharma
27-09-2026,FMPC6533950562,SitapuraHub_JAI_PL,M/s TRIBUVANESHWARI CREATION +918000798845,0113824e97ce40d7,dispatched_to_mh,North,LMA,1.00E+11,Vxpress,Netram,Motherhub_JAI_BTS,FM BRSNR,SitapuraHub_JAI_PL,PH-B1-JAIBTS-21112363,expected,OPENED,26-09-2026 22:02,Akash Sharma
27-09-2026,FMPC6531412734,SitapuraHub_JAI_PL,KURTI BAZAR +918209369391,27521444208646eb,received_at_mh,North,LMA,1.00E+11,#N/A,#N/A,Motherhub_JAI_BTS,FM BRSNR,SitapuraHub_JAI_PL,PH-B2-JAIBTS-23995757,expected,OPENED,27-09-2026 08:47,Akash Sharma
27-09-2026,FMPC6533668159,SitapuraHub_JAI_PL,KURTI BAZAR +918209369391,27521444208646eb,received_at_mh,North,LMA,1.00E+11,#N/A,#N/A,Motherhub_JAI_BTS,FM BRSNR,SitapuraHub_JAI_PL,PH-B2-JAIBTS-23995757,expected,OPENED,27-09-2026 08:47,Akash Sharma
27-09-2026,FMPC6533547820,SitapuraHub_JAI_PL,KURTI BAZAR +918209369391,27521444208646eb,received_at_mh,North,LMA,1.00E+11,#N/A,#N/A,Motherhub_JAI_BTS,FM BRSNR,SitapuraHub_JAI_PL,PH-B2-JAIBTS-23995757,expected,OPENED,27-09-2026 08:47,Akash Sharma
27-09-2026,FMPC6533667519,SitapuraHub_JAI_PL,S.K. ENTERPRISES +916377671540,3a03e6bdbf0f4a1a,received_at_mh,North,LMA,1.00E+11,#N/A,#N/A,Motherhub_JAI_BTS,FM BRSNR,SitapuraHub_JAI_PL,PH-B2-JAIBTS-23995757,expected,OPENED,27-09-2026 08:47,Akash Sharma
27-09-2026,FMPC6532667016,SitapuraHub_JAI_PL,S.K. ENTERPRISES +916377671540,3a03e6bdbf0f4a1a,received_at_mh,North,LMA,1.00E+11,#N/A,#N/A,Motherhub_JAI_BTS,FM BRSNR,SitapuraHub_JAI_PL,PH-B2-JAIBTS-23995757,expected,OPENED,27-09-2026 08:47,Akash Sharma
27-09-2026,FMPP4300756880,SitapuraHub_JAI_PL,KURTI BAZAR +918209369391,27521444208646eb,received_at_mh,North,LMA,1.00E+11,#N/A,#N/A,Motherhub_JAI_BTS,FM BRSNR,SitapuraHub_JAI_PL,PH-B2-JAIBTS-23995757,expected,OPENED,27-09-2026 08:47,Akash Sharma
27-09-2026,FMPC6532972450,SitapuraHub_JAI_PL,A.K ENTERPRISES +917014038382,c5ad940682504d3e,received_at_mh,North,LMA,1.00E+11,#N/A,#N/A,Motherhub_JAI_BTS,FM BRSNR,SitapuraHub_JAI_PL,PH-B2-JAIBTS-23995757,expected,OPENED,27-09-2026 08:47,Akash Sharma
27-09-2026,FMPP4300578740,SitapuraHub_JAI_PL,S.K. ENTERPRISES +916377671540,3a03e6bdbf0f4a1a,received_at_mh,North,LMA,1.00E+11,#N/A,#N/A,Motherhub_JAI_BTS,FM BRSNR,SitapuraHub_JAI_PL,PH-B2-JAIBTS-23995757,expected,OPENED,27-09-2026 08:47,Akash Sharma
27-09-2026,FMPC6530987240,SitapuraHub_JAI_PL,A.K ENTERPRISES +917014038382,c5ad940682504d3e,received_at_mh,North,LMA,1.00E+11,#N/A,#N/A,Motherhub_JAI_BTS,FM BRSNR,SitapuraHub_JAI_PL,PH-B2-JAIBTS-23995757,expected,OPENED,27-09-2026 08:47,Akash Sharma
27-09-2026,FMPC6531910870,SitapuraHub_JAI_PL,LAXMI CREATION & PRINT +919509740769,5731463dfa3b4d8a,dispatched_to_mh,North,LMA,1.00E+11,Vxpress,Netram,Motherhub_JAI_BTS,FM BRSNR,SitapuraHub_JAI_PL,PH-B2-JAIBTS-20701513,expected,OPENED,26-09-2026 22:06,Akash Sharma
27-09-2026,FMPC6533938057,SitapuraHub_JAI_PL,M/s TRIBUVANESHWARI CREATION +918000798845,0113824e97ce40d7,dispatched_to_mh,North,LMA,1.00E+11,Vxpress,Netram,Motherhub_JAI_BTS,FM BRSNR,SitapuraHub_JAI_PL,PH-B4-JAIBTS-23982628,expected,OPENED,26-09-2026 22:04,Akash Sharma
27-09-2026,FMPC6533013611,SitapuraHub_JAI_PL,S.K. ENTERPRISES +916377671540,3a03e6bdbf0f4a1a,received_at_mh,North,LMA,1.00E+11,#N/A,#N/A,Motherhub_JAI_BTS,FM BRSNR,SitapuraHub_JAI_PL,PH-B2-JAIBTS-23995757,expected,OPENED,27-09-2026 08:47,Akash Sharma
27-09-2026,FMPP4299546597,SitapuraHub_JAI_PL,KURTI BAZAR +918209369391,27521444208646eb,received_at_mh,North,LMA,1.00E+11,#N/A,#N/A,Motherhub_JAI_BTS,FM BRSNR,SitapuraHub_JAI_PL,PH-B2-JAIBTS-23995757,expected,OPENED,27-09-2026 08:47,Akash Sharma
27-09-2026,FMPC6531923451,SitapuraHub_JAI_PL,S.K. ENTERPRISES +916377671540,3a03e6bdbf0f4a1a,received_at_mh,North,LMA,1.00E+11,#N/A,#N/A,Motherhub_JAI_BTS,FM BRSNR,SitapuraHub_JAI_PL,PH-B2-JAIBTS-23995757,expected,OPENED,27-09-2026 08:47,Akash Sharma
27-09-2026,FMPC6532347418,SitapuraHub_JAI_PL,KURTI BAZAR +918209369391,27521444208646eb,received_at_mh,North,LMA,1.00E+11,#N/A,#N/A,Motherhub_JAI_BTS,FM BRSNR,SitapuraHub_JAI_PL,PH-B2-JAIBTS-23995757,expected,OPENED,27-09-2026 08:47,Akash Sharma
27-09-2026,FMPP4300577849,SitapuraHub_JAI_PL,S.K. ENTERPRISES +916377671540,3a03e6bdbf0f4a1a,received_at_mh,North,LMA,1.00E+11,#N/A,#N/A,Motherhub_JAI_BTS,FM BRSNR,SitapuraHub_JAI_PL,PH-B2-JAIBTS-23995757,expected,OPENED,27-09-2026 08:47,Akash Sharma
27-09-2026,FMPP4300392455,SitapuraHub_JAI_PL,JANAKDULARI FASHION +916378418687,3a87a92ff3d24ea2,received_at_mh,North,LMA,1.00E+11,#N/A,#N/A,Motherhub_JAI_BTS,FM BRSNR,SitapuraHub_JAI_PL,PH-B2-JAIBTS-23995757,expected,OPENED,27-09-2026 08:47,Akash Sharma
27-09-2026,FMPC6531076366,SitapuraHub_JAI_PL,SHREE FAB +919636095496,d372c051cd784f7f,dispatched_to_mh,North,LMA,1.00E+11,RAMEZO ENTERPRISES,ShubhamSaini,Motherhub_JAI_BTS,FM BRSNR,SitapuraHub_JAI_PL,PH-B1-JAIBTS-23952221,expected,OPENED,26-09-2026 22:37,Akash Sharma
27-09-2026,FMPC6530850205,ThaneHub_MUM_PL,KNM ENTERPRISE +919930766463,cdd24de93d79423a,dispatched_to_mh,West,EKART,3642173,EKART,,Motherhub_SAI_4,FM BRSNR,ThaneHub_MUM_PL,PH-B6-MUMSAI-26917546,expected,OPENED,26-09-2026 23:09,Ashwarya Singh
27-09-2026,FMPP4299514620,ThaneHub_MUM_PL,BHOOMI ENTERPRISES +919833203640,028248ad0c7743f5,dispatched_to_mh,West,EKART,4121134,EKART,,Motherhub_SAI_4,FM BRSNR,ThaneHub_MUM_PL,PH-B6-MUMSAI-26917547,expected,OPENED,26-09-2026 23:15,Ashwarya Singh
27-09-2026,FMPP4299373904,ThaneHub_MUM_PL,ACERS SPORTS INDIA +918657568404,6659a7e6aec04a2b,dispatched_to_mh,West,EKART,4121134,EKART,,Motherhub_SAI_4,FM BRSNR,ThaneHub_MUM_PL,PH-B6-MUMSAI-26917545,expected,OPENED,26-09-2026 23:20,Ashwarya Singh
27-09-2026,FMPC6530850424,ThaneHub_MUM_PL,KNM ENTERPRISE +919930766463,cdd24de93d79423a,dispatched_to_mh,West,EKART,3642173,EKART,,Motherhub_SAI_4,FM BRSNR,ThaneHub_MUM_PL,PH-B6-MUMSAI-26917546,expected,OPENED,26-09-2026 23:09,Ashwarya Singh
27-09-2026,FMPC6530069240,ThaneHub_MUM_PL,GAUTAM LABDHI MARKETING +918010000843,3c3be70c2917423d,dispatched_to_mh,West,EKART,3166261,EKART,,Motherhub_SAI_4,FM BRSNR,ThaneHub_MUM_PL,PH-B6-MUMSAI-26876620,expected,OPENED,26-09-2026 23:35,Ashwarya Singh
27-09-2026,FMPC6532386637,ThaneHub_MUM_PL,THE GIFTING TREE +919820690360,284280248c5347a5,dispatched_to_mh,West,EKART,3608756,EKART,,Motherhub_SAI_4,FM BRSNR,ThaneHub_MUM_PL,PH-B6-PAHQMH-3263,expected,OPENED,26-09-2026 23:19,Ashwarya Singh
27-09-2026,FMPC6531114085,ThaneHub_MUM_PL,BHOOMI ENTERPRISES +919833203640,028248ad0c7743f5,dispatched_to_mh,West,EKART,4121134,EKART,,Motherhub_SAI_4,FM BRSNR,ThaneHub_MUM_PL,PH-B6-MUMSAI-26917547,expected,OPENED,26-09-2026 23:15,Ashwarya Singh
27-09-2026,FMPP4299363538,ThaneHub_MUM_PL,KNM ENTERPRISE +919930766463,cdd24de93d79423a,dispatched_to_mh,West,EKART,3642173,EKART,,Motherhub_SAI_4,FM BRSNR,ThaneHub_MUM_PL,PH-B6-MUMSAI-26917546,expected,OPENED,26-09-2026 23:09,Ashwarya Singh
27-09-2026,FMPP4299363440,ThaneHub_MUM_PL,KNM ENTERPRISE +919930766463,cdd24de93d79423a,dispatched_to_mh,West,EKART,3642173,EKART,,Motherhub_SAI_4,FM BRSNR,ThaneHub_MUM_PL,PH-B6-MUMSAI-26917546,expected,OPENED,26-09-2026 23:09,Ashwarya Singh
27-09-2026,FMPP4300299610,ThaneHub_MUM_PL,B.R.ENTERPRISES +919326779916,403c168e30dc4ef5,dispatched_to_mh,West,EKART,3608756,EKART,,Motherhub_SAI_4,FM BRSNR,ThaneHub_MUM_PL,PH-B6-PAHQMH-3263,expected,OPENED,26-09-2026 23:19,Ashwarya Singh
27-09-2026,FMPC6531523128,VKIAHub_JAI_PL,YAKSHIT ENTERPRISES +919602526804,b6af167896fc4f99,dispatched_to_mh,North,LMA,1.00E+11,We Innovate Business Solutions Pvt Ltd,Govind SinghGour,Motherhub_JAI_BTS,FM BRSNR,VKIAHub_JAI_PL,PH-B4-JAIBTS-24004252,expected,OPENED,27-09-2026 00:22,Akash Sharma
27-09-2026,FMPP4299515196,VKIAHub_JAI_PL,M/s. Animated Jewellery +918193936165,b5c8eefa69104714,dispatched_to_mh,North,LMA,1.00E+11,Transwide Express,RakeshSevaliya,Motherhub_JAI_BTS,FM BRSNR,VKIAHub_JAI_PL,PH-B1-JAIBTS-22816059,expected,OPENED,26-09-2026 23:18,Akash Sharma
27-09-2026,FMPC6532989666,VKIAHub_JAI_PL,RKS TEXTILES +919351521852,308bbd7c45634229,dispatched_to_mh,North,LMA,1.00E+11,We Innovate Business Solutions Pvt Ltd,Surendra,Motherhub_JAI_BTS,FM BRSNR,VKIAHub_JAI_PL,PH-B1-JAIBTS-23586628,expected,OPENED,27-09-2026 02:13,Akash Sharma
27-09-2026,FMPP4299785369,VKIAHub_JAI_PL,M/S Ashutosh Enterprises 8955382970,479055a6d7e04928,dispatched_to_mh,North,LMA,1.00E+11,We Innovate Business Solutions Pvt Ltd,AbhishekJangid,Motherhub_JAI_BTS,FM BRSNR,VKIAHub_JAI_PL,PH-B1-JAIBTS-24004112,expected,OPENED,26-09-2026 20:17,Akash Sharma
27-09-2026,FMPP4296451440,VKIAHub_JAI_PL,MANYA CREATIONS +919001000481,a3ad7945167f433d,received_at_mh,North,LMA,1.00E+11,We Innovate Business Solutions Pvt Ltd,YogeshKumar,Motherhub_JAI_BTS,FM BRSNR,VKIAHub_JAI_PL,PH-B2-JAIBTS-24018453,expected,OPENED,27-09-2026 02:03,Akash Sharma
27-09-2026,FMPC6532500270,VKIAHub_JAI_PL,J&G COMPLEX +919680118035,2157487eb9d649f3,dispatched_to_mh,North,TRUEFLEX,1250593,TRUEFLEX,SurendraKumar Choudhary,Motherhub_JAI_BTS,FM BRSNR,VKIAHub_JAI_PL,PH-B1-JAIBTS-23605928,expected,OPENED,27-09-2026 01:04,Akash Sharma
27-09-2026,FMPP4300755631,VKIAHub_JAI_PL,AVI LIFESTYLES LIMITED +917426071812,03fe238a18cc4828,received_at_mh,North,LMA,1.00E+11,Vxpress,Sandeep KumarBidawat,Motherhub_JAI_BTS,FM BRSNR,VKIAHub_JAI_PL,PH-B2-JAIBTS-23740201,expected,OPENED,26-09-2026 22:12,Akash Sharma
27-09-2026,FMPC6532893025,VKIAHub_JAI_PL,M/S ENDLESS FASHION +917310590263,ab62e0fe580f4397,dispatched_to_mh,North,LMA,1.00E+11,Transwide Express,RakeshSevaliya,Motherhub_JAI_BTS,FM BRSNR,VKIAHub_JAI_PL,PH-B2-JAIBTS-22816176,expected,OPENED,26-09-2026 23:28,Akash Sharma
27-09-2026,FMPP4300628005,VashiHub_MUM_PL,A M Enterprises +917666866866,23fb8560a20d4c4b,dispatched_to_mh,West,EKART,4168283,EKART,,Motherhub_SAI_5,FM BRSNR,VashiHub_MUM_PL,PH-B1-MUMSAI5-1640819,expected,OPENED,27-09-2026 02:07,Ashwarya Singh
27-09-2026,FMPC6530276804,VKIAHub_JAI_PL,SHRI SANWARIYA TRADERS +919509556420,804266241f714958,dispatched_to_mh,North,LMA,1.00E+11,Transwide Express,VISHAL KUMARJONWAL,Motherhub_JAI_BTS,FM BRSNR,VKIAHub_JAI_PL,PH-B4-JAIBTS-23994520,expected,OPENED,26-09-2026 22:19,Akash Sharma
27-09-2026,FMPC6532993263,VashiHub_MUM_PL,A M Enterprises +917666866866,23fb8560a20d4c4b,received_at_mh,West,EKART,4168283,EKART,,Motherhub_SAI_5,FM BRSNR,VashiHub_MUM_PL,PH-B6-MUMSAI5-1640864,expected,OPENED,27-09-2026 02:12,Ashwarya Singh
27-09-2026,FMPP4299682866,VashiHub_MUM_PL,SHRI KAMAKHYA FASHION WORKS HUF +917678005380,ex9o111fgl11j3ky,dispatched_to_mh,West,EKART,3579259,EKART,,Motherhub_SAI_5,FM BRSNR,VashiHub_MUM_PL,PH-B1-MUMSAI5-1639152,expected,OPENED,27-09-2026 08:58,Ashwarya Singh
27-09-2026,FMPC6528543688,VKIAHub_JAI_PL,DEEPAK ENTERPRISES +918764228614,f15d2fb353b9477b,dispatched_to_mh,North,LMA,1.00E+11,We Innovate Business Solutions Pvt Ltd,Vishnu KumarSwarnkar,Motherhub_JAI_BTS,FM BRSNR,VKIAHub_JAI_PL,PH-B2-JAIBTS-24017424,expected,OPENED,27-09-2026 00:36,Akash Sharma
27-09-2026,FMPP4299246062,VashiHub_MUM_PL,MAHIKA ENTERPRISES +919967497122,3abe0c21b2e04b1b,received_at_mh,West,EKART,4168283,EKART,,Motherhub_SAI_5,FM BRSNR,VashiHub_MUM_PL,PH-B3-MUMSAI5-1640161,expected,OPENED,27-09-2026 02:34,Ashwarya Singh
27-09-2026,FMPC6527842574,VKIAHub_JAI_PL,Aurora by Akshita +917976029772,7f9dd535bafb4723,dispatched_to_mh,North,LMA,1.00E+11,#N/A,#N/A,Motherhub_JAI_BTS,FM BRSNR,VKIAHub_JAI_PL,PH-B1-JAIBTS-23137663,expected,OPENED,27-09-2026 00:15,Akash Sharma
27-09-2026,FMPC6530312325,VasaiHub_MUM_PL,VISHIWALA ENTERPRISES +918208593583,c877364bc54147a4,dispatched_to_mh,West,EKART,4125068,EKART,,Motherhub_SAI_5,FM BRSNR,VasaiHub_MUM_PL,PH-B1-MUMSAI5-1641347,expected,OPENED,27-09-2026 03:38,Ashwarya Singh
27-09-2026,FMPP4299618804,VKIAHub_JAI_PL,CAPIO ART 9929152222,deedbf7c9fcf44a7,dispatched_to_mh,North,TRUEFLEX,1284657,TRUEFLEX,RakeshKumar Saini,Motherhub_JAI_BTS,FM BRSNR,VKIAHub_JAI_PL,PH-B1-JAIBTS-23985361,expected,OPENED,27-09-2026 01:40,Akash Sharma
27-09-2026,FMPP4300916684,VKIAHub_JAI_PL,MEHTA BROTHERS +919351070240,d433170f233048bd,dispatched_to_mh,North,LMA,1.00E+11,Transwide Express,VISHAL KUMARJONWAL,Motherhub_JAI_BTS,FM BRSNR,VKIAHub_JAI_PL,PH-B4-JAIBTS-23994509,expected,OPENED,27-09-2026 02:35,Akash Sharma
27-09-2026,FMPP4300400477,VKIAHub_JAI_PL,Angel's Light +919376694041,a21aecbf2e444c41,dispatched_to_mh,North,LMA,1.00E+11,We Innovate Business Solutions Pvt Ltd,KamleshBairwa,Motherhub_JAI_BTS,FM BRSNR,VKIAHub_JAI_PL,PH-B2-JAIBTS-23981387,expected,OPENED,27-09-2026 01:12,Akash Sharma
27-09-2026,FMPP4299185140,VKIAHub_JAI_PL,SHRI SANWARIYA TRADERS +919509556420,804266241f714958,dispatched_to_mh,North,LMA,1.00E+11,Transwide Express,VISHAL KUMARJONWAL,Motherhub_JAI_BTS,FM BRSNR,VKIAHub_JAI_PL,PH-B1-JAIBTS-23995889,expected,OPENED,27-09-2026 02:35,Akash Sharma
27-09-2026,FMPP4300200492,VKIAHub_JAI_PL,NS ENTERPRISES +919057367283,0b41b3962cc54a25,dispatched_to_mh,North,LMA,1.00E+11,Vxpress,MohammadFarook,Motherhub_JAI_BTS,FM BRSNR,VKIAHub_JAI_PL,PH-B4-JAIBTS-23954925,expected,OPENED,27-09-2026 01:33,Akash Sharma
27-09-2026,FMPP4299141131,VashiHub_MUM_PL,PELSTRA MANUFACTURING COMPANY +917600949600,b212897d29944a63,dispatched_to_mh,West,EKART,3952572,EKART,,Motherhub_SAI_5,FM BRSNR,VashiHub_MUM_PL,PH-B1-MUMSAI5-1596452,expected,OPENED,27-09-2026 01:42,Ashwarya Singh
27-09-2026,FMPP4299980787,VashiHub_MUM_PL,Brownwall Food Products Private Limited +918657019168,71c8cb0a109a49bb,dispatched_to_mh,West,EKART,2172763,EKART,,Motherhub_SAI_5,FM BRSNR,VashiHub_MUM_PL,PH-B6-MUMSAI5-1643758,expected,OPENED,27-09-2026 01:37,Ashwarya Singh
27-09-2026,FMPC6531235254,VKIAHub_JAI_PL,NS ENTERPRISES +919057367283,0b41b3962cc54a25,dispatched_to_mh,North,LMA,1.00E+11,Vxpress,MohammadFarook,Motherhub_JAI_BTS,FM BRSNR,VKIAHub_JAI_PL,PH-B4-JAIBTS-23954925,expected,OPENED,27-09-2026 01:33,Akash Sharma
27-09-2026,FMPC6531003643,VKIAHub_JAI_PL,RKS TEXTILES +919351521852,308bbd7c45634229,dispatched_to_mh,North,LMA,1.00E+11,We Innovate Business Solutions Pvt Ltd,Surendra,Motherhub_JAI_BTS,FM BRSNR,VKIAHub_JAI_PL,PH-B2-JAIBTS-23879924,expected,OPENED,27-09-2026 02:17,Akash Sharma
27-09-2026,FMPP4300191816,VashiHub_MUM_PL,Brownwall Food Products Private Limited +918657019168,71c8cb0a109a49bb,received_at_mh,West,EKART,2172763,EKART,,Motherhub_SAI_5,FM BRSNR,VashiHub_MUM_PL,PH-B6-MUMSAI5-1643758,expected,OPENED,27-09-2026 01:37,Ashwarya Singh
27-09-2026,FMPP4299476167,VKIAHub_JAI_PL,M/S M A ENTERPRISES +919520539248,ed6cb8cdd93148e8,dispatched_to_mh,North,LMA,1.00E+11,Transwide Express,RakeshSevaliya,Motherhub_JAI_BTS,FM BRSNR,VKIAHub_JAI_PL,PH-B4-JAIBTS-22816351,expected,OPENED,26-09-2026 23:30,Akash Sharma
27-09-2026,FMPC6531038752,VKIAHub_JAI_PL,JSB Enterprises +918432746705,04fda3439f714e18,dispatched_to_mh,North,LMA,1.00E+11,#N/A,#N/A,Motherhub_JAI_BTS,FM BRSNR,VKIAHub_JAI_PL,PH-B4-JAIBTS-24017668,expected,OPENED,27-09-2026 02:08,Akash Sharma
27-09-2026,FMPP4294791862,VKIAHub_JAI_PL,MANYA CREATIONS +919001000481,a3ad7945167f433d,dispatched_to_mh,North,LMA,1.00E+11,We Innovate Business Solutions Pvt Ltd,YogeshKumar,Motherhub_JAI_BTS,FM BRSNR,VKIAHub_JAI_PL,PH-B4-JAIBTS-24018473,expected,OPENED,27-09-2026 02:04,Akash Sharma
27-09-2026,FMPP4301125442,VKIAHub_JAI_PL,SHRI SANWARIYA TRADERS +919509556420,804266241f714958,dispatched_to_mh,North,LMA,1.00E+11,Transwide Express,VISHAL KUMARJONWAL,Motherhub_JAI_BTS,FM BRSNR,VKIAHub_JAI_PL,PH-B4-JAIBTS-23994520,expected,OPENED,26-09-2026 22:19,Akash Sharma
27-09-2026,FMPC6533355471,VKIAHub_JAI_PL,RKS FABRICATION & SALES +919588939016,030e42e2b91e4df0,dispatched_to_mh,North,LMA,1.00E+11,We Innovate Business Solutions Pvt Ltd,Surendra,Motherhub_JAI_BTS,FM BRSNR,VKIAHub_JAI_PL,PH-B4-JAIBTS-23688643,expected,OPENED,27-09-2026 02:17,Akash Sharma
27-09-2026,FMPC6533706832,VashiHub_MUM_PL,AYSHA FANCY HOME +917219276941,d2eb2b7854474e51,dispatched_to_mh,West,EKART,4168283,EKART,,Motherhub_SAI_5,FM BRSNR,VashiHub_MUM_PL,PH-B1-MUMSAI5-1636977,expected,OPENED,27-09-2026 03:25,Ashwarya Singh
27-09-2026,FMPC6531048741,VKIAHub_JAI_PL,NS ENTERPRISES +919057367283,0b41b3962cc54a25,dispatched_to_mh,North,LMA,1.00E+11,Vxpress,MohammadFarook,Motherhub_JAI_BTS,FM BRSNR,VKIAHub_JAI_PL,PH-B4-JAIBTS-23954925,expected,OPENED,27-09-2026 01:33,Akash Sharma
27-09-2026,FMPP4299668931,VKIAHub_JAI_PL,M/S Ashutosh Enterprises 8955382970,479055a6d7e04928,dispatched_to_mh,North,LMA,1.00E+11,We Innovate Business Solutions Pvt Ltd,AbhishekJangid,Motherhub_JAI_BTS,FM BRSNR,VKIAHub_JAI_PL,PH-B4-JAIBTS-24003915,expected,OPENED,26-09-2026 20:16,Akash Sharma
27-09-2026,FMPC6533227900,VKIAHub_JAI_PL,M/s. Animated Jewellery +918193936165,b5c8eefa69104714,dispatched_to_mh,North,LMA,1.00E+11,Transwide Express,RakeshSevaliya,Motherhub_JAI_BTS,FM BRSNR,VKIAHub_JAI_PL,PH-B2-JAIBTS-22816176,expected,OPENED,26-09-2026 23:28,Akash Sharma
27-09-2026,FMPC6533153541,VashiHub_MUM_PL,DWEEP INDIA 9545707952,d7f1e785ae2c4637,received_at_mh,West,LMA,1.00E+11,Vxpress,Sagar KisanGaikwad,Motherhub_SAI_5,FM BRSNR,VashiHub_MUM_PL,PH-B6-MUMSAI5-1615312,expected,OPENED,27-09-2026 03:09,Ashwarya Singh
27-09-2026,FMPC6531003606,VKIAHub_JAI_PL,M/S ENDLESS FASHION +917310590263,ab62e0fe580f4397,dispatched_to_mh,North,LMA,1.00E+11,Transwide Express,RakeshSevaliya,Motherhub_JAI_BTS,FM BRSNR,VKIAHub_JAI_PL,PH-B4-JAIBTS-22816351,expected,OPENED,26-09-2026 23:30,Akash Sharma
27-09-2026,FMPC6533151198,VKIAHub_JAI_PL,ANSUDIP TRADING +918104646207,7aa33ff393f4428f,dispatched_to_mh,North,LMA,4092408,#N/A,#N/A,Motherhub_JAI_BTS,FM BRSNR,VKIAHub_JAI_PL,PH-B2-JAIBTS-23797486,expected,OPENED,26-09-2026 22:07,Akash Sharma
27-09-2026,FMPP4300337540,VKIAHub_JAI_PL,SHRI SANWARIYA TRADERS +919509556420,804266241f714958,dispatched_to_mh,North,LMA,1.00E+11,Transwide Express,VISHAL KUMARJONWAL,Motherhub_JAI_BTS,FM BRSNR,VKIAHub_JAI_PL,PH-B1-JAIBTS-23995889,expected,OPENED,27-09-2026 02:35,Akash Sharma
27-09-2026,FMPP4299058019,VKIAHub_JAI_PL,LORA TRADING +919636042955,618d8c6e05c54574,dispatched_to_mh,North,LMA,4092408,#N/A,#N/A,Motherhub_JAI_BTS,FM BRSNR,VKIAHub_JAI_PL,PH-B2-JAIBTS-23797487,expected,OPENED,26-09-2026 22:07,Akash Sharma
27-09-2026,FMPC6530474041,VKIAHub_JAI_PL,SHRI SANWARIYA TRADERS +919509556420,804266241f714958,dispatched_to_mh,North,LMA,1.00E+11,Transwide Express,VISHAL KUMARJONWAL,Motherhub_JAI_BTS,FM BRSNR,VKIAHub_JAI_PL,PH-B1-JAIBTS-23995889,expected,OPENED,27-09-2026 02:35,Akash Sharma
27-09-2026,FMPP4300719666,VKIAHub_JAI_PL,BS NATURAL MITTI POTTERIES +918058147017,c6ed2cd108c24c17,dispatched_to_mh,North,LMA,1.00E+11,We Innovate Business Solutions Pvt Ltd,KamleshBairwa,Motherhub_JAI_BTS,FM BRSNR,VKIAHub_JAI_PL,PH-B1-JAIBTS-23967440,expected,OPENED,27-09-2026 02:56,Akash Sharma
27-09-2026,FMPC6530355117,VKIAHub_JAI_PL,NS ENTERPRISES +919057367283,0b41b3962cc54a25,dispatched_to_mh,North,LMA,1.00E+11,Vxpress,MohammadFarook,Motherhub_JAI_BTS,FM BRSNR,VKIAHub_JAI_PL,PH-B4-JAIBTS-23954925,expected,OPENED,27-09-2026 01:33,Akash Sharma
27-09-2026,FMPP4301259978,VKIAHub_JAI_PL,M/S Ashutosh Enterprises 8955382970,479055a6d7e04928,dispatched_to_mh,North,LMA,1.00E+11,We Innovate Business Solutions Pvt Ltd,AbhishekJangid,Motherhub_JAI_BTS,FM BRSNR,VKIAHub_JAI_PL,PH-B2-JAIBTS-24003811,expected,OPENED,26-09-2026 20:17,Akash Sharma
27-09-2026,FMPP4300352219,VasaiHub_MUM_PL,aaKaR Enterprises +917977077929,69045c94e5ee4cb2,dispatched_to_mh,West,TRUEFLEX,1067044,TRUEFLEX,ShivamKumar,Motherhub_SAI_5,FM BRSNR,VasaiHub_MUM_PL,PH-B1-MUMSAI5-1646275,expected,OPENED,27-09-2026 04:22,Ashwarya Singh
27-09-2026,FMPC6533263255,VKIAHub_JAI_PL,OM PACKERS +919694752496,acd79bdd9c9b4d0c,dispatched_to_mh,North,LMA,1.00E+11,#N/A,#N/A,Motherhub_JAI_BTS,FM BRSNR,VKIAHub_JAI_PL,PH-B4-JAIBTS-24017668,expected,OPENED,27-09-2026 02:08,Akash Sharma
27-09-2026,FMPP4301121958,VKIAHub_JAI_PL,NS ENTERPRISES +919057367283,0b41b3962cc54a25,dispatched_to_mh,North,LMA,1.00E+11,Vxpress,MohammadFarook,Motherhub_JAI_BTS,FM BRSNR,VKIAHub_JAI_PL,PH-B4-JAIBTS-23954925,expected,OPENED,27-09-2026 01:33,Akash Sharma
27-09-2026,FMPC6533760378,VKIAHub_JAI_PL,SHRI SIDDH ENTERPRISES +917568851106,2423254eb632488f,dispatched_to_mh,North,LMA,4092408,#N/A,#N/A,Motherhub_JAI_BTS,FM BRSNR,VKIAHub_JAI_PL,PH-B1-JAIBTS-23915620,expected,OPENED,26-09-2026 22:07,Akash Sharma
27-09-2026,FMPC6530896749,VKIAHub_JAI_PL,Pratishtha Enterprises +918955467931,86958946e6c54b4a,dispatched_to_mh,North,TRUEFLEX,1281776,TRUEFLEX,DeepakDubey,Motherhub_JAI_BTS,FM BRSNR,VKIAHub_JAI_PL,PH-B4-JAIBTS-24004266,expected,OPENED,26-09-2026 22:20,Akash Sharma
27-09-2026,FMPP4301097348,VKIAHub_JAI_PL,V.R.ENTERPRISES +918619390721,a2ffcbf29fa4454b,dispatched_to_mh,North,LMA,1.00E+11,We Innovate Business Solutions Pvt Ltd,Surendra,Motherhub_JAI_BTS,FM BRSNR,VKIAHub_JAI_PL,PH-B2-JAIBTS-23985399,expected,OPENED,27-09-2026 00:47,Akash Sharma
27-09-2026,FMPC6533023122,VKIAHub_JAI_PL,RAPPERSSHOP +918107437603,2571e38e2dfd43e1,dispatched_to_mh,North,LMA,1.00E+11,#N/A,#N/A,Motherhub_JAI_BTS,FM BRSNR,VKIAHub_JAI_PL,PH-B4-JAIBTS-23826750,expected,OPENED,27-09-2026 00:36,Akash Sharma
27-09-2026,FMPP4300487079,VasaiHub_MUM_PL,MAA BANKYARANI ENTERPRISES +917972653299,286a18dab4d44a37,dispatched_to_mh,West,TRUEFLEX,1205500,TRUEFLEX,RiteshVenkatesh Lagshetty,Motherhub_SAI_5,FM BRSNR,VasaiHub_MUM_PL,PH-B3-MUMSAI5-1629667,expected,OPENED,27-09-2026 02:43,Ashwarya Singh
27-09-2026,FMPC6532286847,VKIAHub_JAI_PL,Shree Shyam Enterprises +919783888967,d77e3e04e2784ded,dispatched_to_mh,North,LMA,1.00E+11,Transwide Express,VISHAL KUMARJONWAL,Motherhub_JAI_BTS,FM BRSNR,VKIAHub_JAI_PL,PH-B2-JAIBTS-23995981,expected,OPENED,27-09-2026 02:35,Akash Sharma
27-09-2026,FMPP4299762567,VashiHub_MUM_PL,BODY SPORTS +919820527334,d658a798e2eb423e,dispatched_to_mh,West,LMA,1.00E+11,Vxpress,Sainath GungaPatil,Motherhub_SAI_5,FM BRSNR,VashiHub_MUM_PL,PH-B6-MUMSAI5-1640002,expected,OPENED,27-09-2026 02:41,Ashwarya Singh
27-09-2026,FMPC6532173159,VasaiHub_MUM_PL,Imagimake Play Solutions Pvt Ltd +919819788014,cr8vfxu6ad4xcpu3,dispatched_to_mh,West,TRUEFLEX,1265607,TRUEFLEX,SaurabhRajkumar Gupta,Motherhub_SAI_5,FM BRSNR,VasaiHub_MUM_PL,PH-B3-MUMSAI5-1644878,expected,OPENED,27-09-2026 03:11,Ashwarya Singh
27-09-2026,FMPP4300135814,VKIAHub_JAI_PL,PUJA SALES GROUP +919251202024,bfef13a25c804931,dispatched_to_mh,North,LMA,1.00E+11,Transwide Express,VISHAL KUMARJONWAL,Motherhub_JAI_BTS,FM BRSNR,VKIAHub_JAI_PL,PH-B2-JAIBTS-23995981,expected,OPENED,27-09-2026 02:35,Akash Sharma
27-09-2026,FMPP4301125425,VKIAHub_JAI_PL,SHRI SANWARIYA TRADERS +919509556420,804266241f714958,dispatched_to_mh,North,LMA,1.00E+11,Transwide Express,VISHAL KUMARJONWAL,Motherhub_JAI_BTS,FM BRSNR,VKIAHub_JAI_PL,PH-B4-JAIBTS-23994520,expected,OPENED,26-09-2026 22:19,Akash Sharma
27-09-2026,FMPP4300892147,VKIAHub_JAI_PL,DEEPAK ENTERPRISES +918764228614,f15d2fb353b9477b,dispatched_to_mh,North,LMA,4092408,#N/A,#N/A,Motherhub_JAI_BTS,FM BRSNR,VKIAHub_JAI_PL,PH-B4-JAIBTS-24017444,expected,OPENED,26-09-2026 23:16,Akash Sharma
27-09-2026,FMPP4299976380,VKIAHub_JAI_PL,MehtaBiz Enterprises +917610028804,cf245cbb0d154e60,dispatched_to_mh,North,TRUEFLEX,1263308,TRUEFLEX,MahipalGora,Motherhub_JAI_BTS,FM BRSNR,VKIAHub_JAI_PL,PH-B2-JAIBTS-24004161,expected,OPENED,26-09-2026 22:56,Akash Sharma
27-09-2026,FMPC6531071553,VKIAHub_JAI_PL,Mahienterprises +919785562491,e633568c7946450a,dispatched_to_mh,North,LMA,1.00E+11,#N/A,#N/A,Motherhub_JAI_BTS,FM BRSNR,VKIAHub_JAI_PL,PH-B1-JAIBTS-24003731,expected,OPENED,27-09-2026 00:37,Akash Sharma
27-09-2026,FMPC6531766928,VKIAHub_JAI_PL,NS ENTERPRISES +919057367283,0b41b3962cc54a25,dispatched_to_mh,North,LMA,1.00E+11,Vxpress,MohammadFarook,Motherhub_JAI_BTS,FM BRSNR,VKIAHub_JAI_PL,PH-B2-JAIBTS-23933552,expected,OPENED,27-09-2026 00:51,Akash Sharma
27-09-2026,FMPP4301219001,VKIAHub_JAI_PL,TitanX +916376664196,b8557e8669a54c03,dispatched_to_mh,North,LMA,1.00E+11,Vxpress,ManishKumar,Motherhub_JAI_BTS,FM BRSNR,VKIAHub_JAI_PL,PH-B2-JAIBTS-23763330,expected,OPENED,27-09-2026 00:17,Akash Sharma
27-09-2026,FMPC6531396000,VKIAHub_JAI_PL,Mahadev Creation +918824021444,75c79e2156d94073,dispatched_to_mh,North,TRUEFLEX,1263308,TRUEFLEX,MahipalGora,Motherhub_JAI_BTS,FM BRSNR,VKIAHub_JAI_PL,PH-B1-JAIBTS-24003771,expected,OPENED,26-09-2026 23:03,Akash Sharma
27-09-2026,FMPC6533258408,VKIAHub_JAI_PL,M/S M A ENTERPRISES +919520539248,ed6cb8cdd93148e8,dispatched_to_mh,North,LMA,1.00E+11,Transwide Express,RakeshSevaliya,Motherhub_JAI_BTS,FM BRSNR,VKIAHub_JAI_PL,PH-B4-JAIBTS-22816351,expected,OPENED,26-09-2026 23:30,Akash Sharma
27-09-2026,FMPC6530930294,VKIAHub_JAI_PL,Radha Sales +919145880638,0c49882fdf614e6e,dispatched_to_mh,North,LMA,1.00E+11,#N/A,#N/A,Motherhub_JAI_BTS,FM BRSNR,VKIAHub_JAI_PL,PH-B4-JAIBTS-24017676,expected,OPENED,27-09-2026 02:10,Akash Sharma
27-09-2026,FMPC6531279752,VKIAHub_JAI_PL,SAGAR ENTERPRISES +919462628409,759a9b8109e54012,received_at_mh,North,LMA,1.00E+11,Transwide Express,VISHAL KUMARJONWAL,Motherhub_JAI_BTS,FM BRSNR,VKIAHub_JAI_PL,PH-B1-JAIBTS-23995889,expected,OPENED,27-09-2026 02:35,Akash Sharma
27-09-2026,FMPP4299728758,VKIAHub_JAI_PL,SHANTI ENTERPRISES +917357419074,4f01f0eae2d648dc,received_at_mh,North,LMA,1.00E+11,We Innovate Business Solutions Pvt Ltd,VINOD YADAV,Motherhub_JAI_BTS,FM BRSNR,VKIAHub_JAI_PL,PH-B1-JAIBTS-23985343,expected,OPENED,27-09-2026 02:03,Akash Sharma
27-09-2026,FMPC6530403741,VKIAHub_JAI_PL,BAJAJ AND COMPANY +918905483548,9908d382b9e9476e,dispatched_to_mh,North,LMA,1.00E+11,#N/A,#N/A,Motherhub_JAI_BTS,FM BRSNR,VKIAHub_JAI_PL,PH-B4-JAIBTS-23999234,expected,OPENED,26-09-2026 22:22,Akash Sharma
27-09-2026,FMPP4300385636,VashiHub_MUM_PL,SVD PINECHEM PRIVATE LIMITED +919619001762,f8076d7c4da04eae,received_at_mh,West,EKART,2172763,EKART,,Motherhub_SAI_5,FM BRSNR,VashiHub_MUM_PL,PH-B6-MUMSAI5-1643758,expected,OPENED,27-09-2026 01:37,Ashwarya Singh
27-09-2026,FMPC6533440255,VashiHub_MUM_PL,Radhe Enterprises +917021090279,bc80ffb88cbd46aa,dispatched_to_mh,West,EKART,3322849,EKART,,Motherhub_SAI_5,FM BRSNR,VashiHub_MUM_PL,PH-B6-MUMSAI5-1618912,expected,OPENED,27-09-2026 03:27,Ashwarya Singh
27-09-2026,FMPP4294921874,VashiHub_MUM_PL,VARSHA ENTERPRISES +919326300961,3dfca57bc7fe4979,dispatched_to_mh,West,EKART,3322909,EKART,,Motherhub_SAI_5,FM BRSNR,VashiHub_MUM_PL,PH-B6-MUMSAI-26612760,expected,OPENED,27-09-2026 02:56,Ashwarya Singh
27-09-2026,FMPC6531034608,VKIAHub_JAI_PL,Radha Sales +919145880638,0c49882fdf614e6e,dispatched_to_mh,North,LMA,1.00E+11,#N/A,#N/A,Motherhub_JAI_BTS,FM BRSNR,VKIAHub_JAI_PL,PH-B2-JAIBTS-24017653,expected,OPENED,27-09-2026 02:42,Akash Sharma
27-09-2026,FMPC6533153590,VashiHub_MUM_PL,DWEEP INDIA 9545707952,d7f1e785ae2c4637,received_at_mh,West,LMA,1.00E+11,Vxpress,Sagar KisanGaikwad,Motherhub_SAI_5,FM BRSNR,VashiHub_MUM_PL,PH-B6-MUMSAI5-1615312,expected,OPENED,27-09-2026 03:09,Ashwarya Singh
27-09-2026,FMPC6529903450,VKIAHub_JAI_PL,M/s. Animated Jewellery +918193936165,b5c8eefa69104714,dispatched_to_mh,North,LMA,1.00E+11,Transwide Express,RakeshSevaliya,Motherhub_JAI_BTS,FM BRSNR,VKIAHub_JAI_PL,PH-B1-JAIBTS-22816059,expected,OPENED,26-09-2026 23:18,Akash Sharma
27-09-2026,FMPC6533473303,VKIAHub_JAI_PL,SHRI SANWARIYA TRADERS +919509556420,804266241f714958,dispatched_to_mh,North,LMA,1.00E+11,Transwide Express,VISHAL KUMARJONWAL,Motherhub_JAI_BTS,FM BRSNR,VKIAHub_JAI_PL,PH-B1-JAIBTS-23995889,expected,OPENED,27-09-2026 02:35,Akash Sharma
27-09-2026,FMPC6533371826,VKIAHub_JAI_PL,Shree shyam jewellery +919694341958,c9e3efa311c44f1e,dispatched_to_mh,North,LMA,1.00E+11,#N/A,#N/A,Motherhub_JAI_BTS,FM BRSNR,VKIAHub_JAI_PL,PH-B1-JAIBTS-24017646,expected,OPENED,27-09-2026 08:15,Akash Sharma
27-09-2026,FMPC6530964352,VKIAHub_JAI_PL,M/s. Animated Jewellery +918193936165,b5c8eefa69104714,dispatched_to_mh,North,LMA,1.00E+11,Transwide Express,RakeshSevaliya,Motherhub_JAI_BTS,FM BRSNR,VKIAHub_JAI_PL,PH-B1-JAIBTS-22816059,expected,OPENED,26-09-2026 23:18,Akash Sharma
27-09-2026,FMPP4300111772,VashiHub_MUM_PL,Brownwall Food Products Private Limited +918657019168,71c8cb0a109a49bb,dispatched_to_mh,West,EKART,2172763,EKART,,Motherhub_SAI_5,FM BRSNR,VashiHub_MUM_PL,PH-B6-MUMSAI5-1643758,expected,OPENED,27-09-2026 01:37,Ashwarya Singh
27-09-2026,FMPP4299820637,VKIAHub_JAI_PL,SANJU-ENTERPRISES +919694296364,c92f052bc36f47e7,dispatched_to_mh,North,LMA,1.00E+11,Vxpress,Sandeep KumarBidawat,Motherhub_JAI_BTS,FM BRSNR,VKIAHub_JAI_PL,PH-B4-JAIBTS-23958473,expected,OPENED,27-09-2026 00:53,Akash Sharma
27-09-2026,FMPP4296997472,VasaiHub_MUM_PL,STORBIT +919769339232,53ca4707643e42ae,dispatched_to_mh,West,TRUEFLEX,1057937,TRUEFLEX,SATYAPRAKASHPANDEY,Motherhub_SAI_5,FM BRSNR,VasaiHub_MUM_PL,PH-B6-MUMSAI5-1629728,expected,OPENED,27-09-2026 02:46,Ashwarya Singh
27-09-2026,FMPC6533663842,VKIAHub_JAI_PL,AVI LIFESTYLES LIMITED +917426071812,03fe238a18cc4828,received_at_mh,North,LMA,1.00E+11,Vxpress,Sandeep KumarBidawat,Motherhub_JAI_BTS,FM BRSNR,VKIAHub_JAI_PL,PH-B2-JAIBTS-23740201,expected,OPENED,26-09-2026 22:12,Akash Sharma
27-09-2026,FMPP4299598290,VKIAHub_JAI_PL,NS ENTERPRISES +919057367283,0b41b3962cc54a25,dispatched_to_mh,North,LMA,1.00E+11,Vxpress,MohammadFarook,Motherhub_JAI_BTS,FM BRSNR,VKIAHub_JAI_PL,PH-B4-JAIBTS-23954925,expected,OPENED,27-09-2026 01:33,Akash Sharma
27-09-2026,FMPC6533225141,VKIAHub_JAI_PL,M/S J.S ENTERPRISES +917078590263,ab91e090cb54439f,dispatched_to_mh,North,LMA,1.00E+11,Transwide Express,RakeshSevaliya,Motherhub_JAI_BTS,FM BRSNR,VKIAHub_JAI_PL,PH-B4-JAIBTS-22816351,expected,OPENED,26-09-2026 23:30,Akash Sharma
27-09-2026,FMPC6532194626,VashiHub_MUM_PL,PARWATI ENTERPRISES +919702599646,1673094d7c1d484d,dispatched_to_mh,West,EKART,3687583,EKART,,Motherhub_SAI_5,FM BRSNR,VashiHub_MUM_PL,PH-B1-MUMSAI5-1544774,expected,OPENED,27-09-2026 03:52,Ashwarya Singh
27-09-2026,FMPC6532694930,VKIAHub_JAI_PL,TitanX +916376664196,b8557e8669a54c03,dispatched_to_mh,North,LMA,1.00E+11,Vxpress,ManishKumar,Motherhub_JAI_BTS,FM BRSNR,VKIAHub_JAI_PL,PH-B2-JAIBTS-23763330,expected,OPENED,27-09-2026 00:17,Akash Sharma
27-09-2026,FMPP4299054218,VKIAHub_JAI_PL,M/S MK BROTHERS +917340500937,5210d20e883b4053,dispatched_to_mh,North,LMA,4092408,#N/A,#N/A,Motherhub_JAI_BTS,FM BRSNR,VKIAHub_JAI_PL,PH-B4-JAIBTS-24017444,expected,OPENED,26-09-2026 23:16,Akash Sharma
27-09-2026,FMPP4299832279,VKIAHub_JAI_PL,Pratishtha Enterprises +918955467931,86958946e6c54b4a,dispatched_to_mh,North,TRUEFLEX,1281776,TRUEFLEX,DeepakDubey,Motherhub_JAI_BTS,FM BRSNR,VKIAHub_JAI_PL,PH-B4-JAIBTS-24004266,expected,OPENED,26-09-2026 22:20,Akash Sharma
27-09-2026,FMPP4301494658,VKIAHub_JAI_PL,ANURAG ENTERPRISES +919636960138,0d315da84c4c421a,dispatched_to_mh,North,LMA,1.00E+11,Transwide Express,VISHAL KUMARJONWAL,Motherhub_JAI_BTS,FM BRSNR,VKIAHub_JAI_PL,PH-B1-JAIBTS-23825216,expected,OPENED,26-09-2026 19:16,Akash Sharma
27-09-2026,FMPC6531047960,VKIAHub_JAI_PL,Radha Sales +919145880638,0c49882fdf614e6e,dispatched_to_mh,North,LMA,1.00E+11,#N/A,#N/A,Motherhub_JAI_BTS,FM BRSNR,VKIAHub_JAI_PL,PH-B4-JAIBTS-24017676,expected,OPENED,27-09-2026 02:10,Akash Sharma
27-09-2026,FMPC6531190876,VashiHub_MUM_PL,mumbai digital experts +919076342270,02b006719c9d4da5,received_at_mh,West,EKART,3322849,EKART,,Motherhub_SAI_5,FM BRSNR,VashiHub_MUM_PL,PH-B1-MUMSAI5-1618363,expected,OPENED,27-09-2026 03:12,Ashwarya Singh
27-09-2026,FMPC6530490445,VKIAHub_JAI_PL,JSB Enterprises +918432746705,04fda3439f714e18,dispatched_to_mh,North,LMA,1.00E+11,#N/A,#N/A,Motherhub_JAI_BTS,FM BRSNR,VKIAHub_JAI_PL,PH-B2-JAIBTS-24017649,expected,OPENED,27-09-2026 02:11,Akash Sharma
27-09-2026,FMPP4299548428,VKIAHub_JAI_PL,Radha Sales +919145880638,0c49882fdf614e6e,dispatched_to_mh,North,LMA,1.00E+11,#N/A,#N/A,Motherhub_JAI_BTS,FM BRSNR,VKIAHub_JAI_PL,PH-B1-JAIBTS-24017638,expected,OPENED,27-09-2026 02:32,Akash Sharma
27-09-2026,FMPC6526392417,VKIAHub_JAI_PL,MANYA CREATIONS +919001000481,a3ad7945167f433d,dispatched_to_mh,North,LMA,1.00E+11,We Innovate Business Solutions Pvt Ltd,YogeshKumar,Motherhub_JAI_BTS,FM BRSNR,VKIAHub_JAI_PL,PH-B4-JAIBTS-24018473,expected,OPENED,27-09-2026 02:04,Akash Sharma
27-09-2026,FMPC6533192741,VKIAHub_JAI_PL,KHANAK TRADERS +918947047769,2528df90dbcf4f1e,dispatched_to_mh,North,TRUEFLEX,1199571,TRUEFLEX,DipendrKumar Nitharwal,Motherhub_JAI_BTS,FM BRSNR,VKIAHub_JAI_PL,PH-B1-JAIBTS-23793353,expected,OPENED,27-09-2026 01:39,Akash Sharma
27-09-2026,FMPC6532095819,VashiHub_MUM_PL,Plutous Technology Solutions +919869208869,179adfc02d0946d9,dispatched_to_mh,West,EKART,3579259,EKART,,Motherhub_SAI_5,FM BRSNR,VashiHub_MUM_PL,PH-B3-MUMSAI5-1639265,expected,OPENED,27-09-2026 03:31,Ashwarya Singh
27-09-2026,FMPC6532928219,VKIAHub_JAI_PL,PIKA CRAFT N CREATIONS +919928548775,954b965d699943c9,dispatched_to_mh,North,TRUEFLEX,1199571,TRUEFLEX,DipendrKumar Nitharwal,Motherhub_JAI_BTS,FM BRSNR,VKIAHub_JAI_PL,PH-B4-JAIBTS-23957964,expected,OPENED,26-09-2026 22:56,Akash Sharma
27-09-2026,FMPC6532189189,VasaiHub_MUM_PL,BHOVAD LIFESTYLE +917350607457,3de1576367744fa7,dispatched_to_mh,West,EKART,3877750,EKART,,Motherhub_SAI_5,FM BRSNR,VasaiHub_MUM_PL,PH-B6-MUMSAI5-1636711,expected,OPENED,27-09-2026 04:19,Ashwarya Singh
27-09-2026,FMPC6533263250,VKIAHub_JAI_PL,OM PACKERS +919694752496,acd79bdd9c9b4d0c,dispatched_to_mh,North,LMA,1.00E+11,#N/A,#N/A,Motherhub_JAI_BTS,FM BRSNR,VKIAHub_JAI_PL,PH-B4-JAIBTS-24017668,expected,OPENED,27-09-2026 02:08,Akash Sharma
